customer_id,market,boutique_reference,acquisition_channel,first_purchase_date,tier,lifetime_transactions,lifetime_spend_eur,omnichannel,is_active_last_6m
CUST00001,Chine,Pékin,Événement privé,2025-05-22,Client fidèle,2,61625.48,True,False
CUST00002,Moyen-Orient,Dubaï Mall,Digital / en ligne,2026-02-18,Découverte,0,0.0,False,False
CUST00003,Chine,Pékin,Boutique (walk-in),2026-04-04,Découverte,0,0.0,False,False
CUST00004,France (siège),Paris Champs-Élysées,Recommandation VIC,2025-10-07,Découverte,1,15992.91,False,True
CUST00005,Japon,Osaka,Boutique (walk-in),2025-01-26,Client fidèle,3,23272.6,True,True
CUST00006,Japon,Osaka,Recommandation VIC,2024-12-06,Client fidèle,3,33441.89,True,True
CUST00007,Chine,Hong Kong,Recommandation VIC,2024-10-27,Client fidèle,3,30276.58,False,True
CUST00008,France (siège),Paris Champs-Élysées,Événement privé,2026-01-09,Découverte,1,13709.04,False,True
CUST00009,Chine,Pékin,Boutique (walk-in),2024-12-31,Découverte,1,882.46,False,False
CUST00010,Japon,Tokyo Ginza,Digital / en ligne,2025-03-09,Client fidèle,2,20986.49,True,True
CUST00011,Chine,Hong Kong,Recommandation VIC,2024-11-13,Client fidèle,3,40293.65,True,True
CUST00012,Chine,Pékin,Recommandation VIC,2025-09-16,Découverte,2,11958.03,False,True
CUST00013,France (siège),Paris Vendôme,Digital / en ligne,2025-03-11,VIC,1,103461.83,False,False
CUST00014,Japon,Osaka,Recommandation VIC,2025-10-14,Client fidèle,1,22518.47,False,True
CUST00015,Chine,Pékin,Boutique (walk-in),2025-05-01,VIC,3,66733.04,True,True
CUST00016,Japon,Osaka,Digital / en ligne,2026-01-23,Découverte,1,920.49,False,True
CUST00017,France (siège),Paris Vendôme,Événement privé,2024-12-11,VIC,4,70313.27,True,True
CUST00018,USA,New York 5th Ave,Recommandation VIC,2024-11-16,Découverte,3,10957.33,True,True
CUST00019,France (siège),Paris Champs-Élysées,Digital / en ligne,2026-04-23,Découverte,0,0.0,False,False
CUST00020,France (siège),Cannes,Boutique (walk-in),2025-12-11,Découverte,1,4442.77,False,True
CUST00021,Chine,Hong Kong,Digital / en ligne,2026-01-05,Découverte,1,597.23,False,True
CUST00022,France (siège),Paris Vendôme,Boutique (walk-in),2025-09-05,Découverte,2,1521.6,True,True
CUST00023,Japon,Tokyo Ginza,Boutique (walk-in),2024-11-11,Client fidèle,3,44429.0,False,True
CUST00024,Moyen-Orient,Abu Dhabi,Recommandation VIC,2025-11-15,VIC,1,88447.94,False,False
CUST00025,USA,New York 5th Ave,Boutique (walk-in),2025-11-20,Client fidèle,2,46916.38,True,True
CUST00026,Chine,Hong Kong,Boutique (walk-in),2026-04-18,Découverte,0,0.0,False,False
CUST00027,Japon,Osaka,Boutique (walk-in),2024-11-30,Client fidèle,2,39520.98,False,False
CUST00028,Moyen-Orient,Dubaï Mall,Événement privé,2025-06-30,Découverte,1,759.13,False,False
CUST00029,France (siège),Paris Vendôme,Événement privé,2025-10-20,Client fidèle,2,37255.31,True,True
CUST00030,Moyen-Orient,Abu Dhabi,Événement privé,2024-12-02,VIC,5,88506.46,False,True
CUST00031,Moyen-Orient,Abu Dhabi,Événement privé,2025-03-28,Client fidèle,3,29036.01,False,True
CUST00032,USA,New York 5th Ave,Recommandation VIC,2026-02-11,Découverte,1,15840.87,False,True
CUST00033,Chine,Shanghai,Boutique (walk-in),2025-02-27,VIC,3,70219.67,False,True
CUST00034,France (siège),Paris Champs-Élysées,Boutique (walk-in),2025-09-17,Découverte,2,14029.92,False,True
CUST00035,Chine,Shanghai,Boutique (walk-in),2025-11-21,Découverte,1,1040.55,False,False
CUST00036,France (siège),Paris Vendôme,Recommandation VIC,2024-11-06,Client fidèle,4,40666.79,False,True
CUST00037,Japon,Tokyo Ginza,Boutique (walk-in),2026-04-19,Découverte,0,0.0,False,False
CUST00038,Moyen-Orient,Dubaï Mall,Recommandation VIC,2025-07-19,VIC,2,70152.72,True,True
CUST00039,France (siège),Paris Vendôme,Recommandation VIC,2025-12-22,Client fidèle,1,19000.14,False,True
CUST00040,Moyen-Orient,Dubaï Mall,Recommandation VIC,2025-05-06,Découverte,3,2791.69,True,True
CUST00041,France (siège),Paris Vendôme,Digital / en ligne,2024-12-07,Client fidèle,3,33391.83,True,True
CUST00042,France (siège),Paris Vendôme,Digital / en ligne,2025-11-20,Découverte,1,7414.77,False,True
CUST00043,France (siège),Paris Champs-Élysées,Boutique (walk-in),2026-03-19,Découverte,0,0.0,False,False
CUST00044,USA,New York 5th Ave,Boutique (walk-in),2025-05-28,Découverte,2,12741.7,False,True
CUST00045,Moyen-Orient,Dubaï Mall,Recommandation VIC,2024-12-08,Client fidèle,3,27698.87,True,True
CUST00046,France (siège),Paris Champs-Élysées,Événement privé,2025-02-16,Découverte,3,10395.5,True,True
CUST00047,USA,Bal Harbour,Recommandation VIC,2025-11-18,Découverte,1,13302.24,False,True
CUST00048,Chine,Shanghai,Digital / en ligne,2025-03-03,Client fidèle,2,25714.39,False,True
CUST00049,Moyen-Orient,Abu Dhabi,Recommandation VIC,2025-05-23,Client fidèle,3,37721.83,True,True
CUST00050,France (siège),Paris Champs-Élysées,Événement privé,2026-01-03,Découverte,1,13012.48,False,True
CUST00051,Chine,Shanghai,Événement privé,2025-02-21,Découverte,3,14682.37,True,True
CUST00052,Chine,Hong Kong,Boutique (walk-in),2025-05-08,VIC,3,175307.98,True,True
CUST00053,USA,Beverly Hills,Digital / en ligne,2024-12-30,Client fidèle,4,44256.62,True,False
CUST00054,Chine,Hong Kong,Recommandation VIC,2024-12-04,Découverte,1,15741.3,False,False
CUST00055,Moyen-Orient,Dubaï Mall,Recommandation VIC,2025-06-09,Découverte,2,17629.69,False,True
CUST00056,Japon,Tokyo Ginza,Événement privé,2025-01-02,Client fidèle,3,18027.82,True,True
CUST00057,Japon,Tokyo Ginza,Recommandation VIC,2025-10-06,Client fidèle,2,42095.84,False,True
CUST00058,Chine,Shanghai,Boutique (walk-in),2025-07-13,Client fidèle,2,51421.99,True,True
CUST00059,USA,New York 5th Ave,Recommandation VIC,2024-10-05,Client fidèle,4,53778.21,True,True
CUST00060,Japon,Osaka,Recommandation VIC,2026-03-13,Découverte,0,0.0,False,False
CUST00061,USA,New York 5th Ave,Digital / en ligne,2025-05-07,Client fidèle,2,19176.79,False,True
CUST00062,Moyen-Orient,Dubaï Mall,Recommandation VIC,2025-10-30,Client fidèle,1,20965.42,False,True
CUST00063,Chine,Pékin,Boutique (walk-in),2026-03-21,Découverte,0,0.0,False,False
CUST00064,Chine,Hong Kong,Recommandation VIC,2025-06-17,Client fidèle,2,30711.01,False,True
CUST00065,France (siège),Paris Champs-Élysées,Boutique (walk-in),2024-12-02,Client fidèle,3,28422.88,True,True
CUST00066,France (siège),Cannes,Recommandation VIC,2025-07-16,VIC,2,77459.45,True,True
CUST00067,Moyen-Orient,Dubaï Mall,Recommandation VIC,2025-02-28,Découverte,3,2366.23,True,True
CUST00068,USA,Bal Harbour,Boutique (walk-in),2025-06-15,Découverte,1,561.52,False,False
CUST00069,Chine,Pékin,Boutique (walk-in),2025-03-23,Client fidèle,3,31696.57,True,True
CUST00070,USA,Beverly Hills,Recommandation VIC,2025-08-07,Client fidèle,2,28078.1,True,True
CUST00071,France (siège),Paris Champs-Élysées,Recommandation VIC,2026-03-24,Découverte,0,0.0,False,False
CUST00072,USA,Bal Harbour,Boutique (walk-in),2026-03-02,Découverte,1,10181.31,False,True
CUST00073,France (siège),Cannes,Recommandation VIC,2025-04-07,Client fidèle,3,23262.21,True,True
CUST00074,USA,New York 5th Ave,Événement privé,2025-12-22,Découverte,1,6706.71,False,True
CUST00075,Chine,Shanghai,Boutique (walk-in),2025-04-24,Découverte,2,1814.09,False,True
CUST00076,USA,New York 5th Ave,Recommandation VIC,2025-10-09,Client fidèle,1,21211.63,False,True
CUST00077,Moyen-Orient,Dubaï Mall,Recommandation VIC,2026-04-14,Découverte,0,0.0,False,False
CUST00078,Moyen-Orient,Dubaï Mall,Digital / en ligne,2025-02-18,Découverte,2,1445.65,False,False
CUST00079,France (siège),Paris Champs-Élysées,Boutique (walk-in),2025-11-24,Découverte,1,13138.45,False,True
CUST00080,Japon,Osaka,Recommandation VIC,2024-11-13,Client fidèle,4,28264.07,True,True
CUST00081,USA,New York 5th Ave,Boutique (walk-in),2025-11-28,Découverte,1,11725.56,False,True
CUST00082,Japon,Tokyo Ginza,Recommandation VIC,2025-02-21,VIC,4,78610.19,True,True
CUST00083,France (siège),Paris Vendôme,Boutique (walk-in),2024-10-28,Client fidèle,4,39002.73,True,True
CUST00084,Moyen-Orient,Dubaï Mall,Événement privé,2026-04-15,Découverte,0,0.0,False,False
CUST00085,Japon,Osaka,Recommandation VIC,2025-09-18,Very VIP,2,950403.82,False,True
CUST00086,USA,Bal Harbour,Boutique (walk-in),2025-05-24,Client fidèle,2,31741.42,False,True
CUST00087,Chine,Pékin,Recommandation VIC,2024-09-12,Découverte,1,16501.23,False,False
CUST00088,USA,New York 5th Ave,Recommandation VIC,2024-10-20,VIC,3,94345.67,True,True
CUST00089,Japon,Osaka,Événement privé,2025-03-07,VIC,3,155455.63,True,True
CUST00090,Chine,Hong Kong,Recommandation VIC,2025-12-25,VIC,1,104262.7,False,True
CUST00091,USA,Beverly Hills,Recommandation VIC,2024-09-20,Client fidèle,3,22205.63,True,True
CUST00092,USA,Beverly Hills,Événement privé,2024-12-24,VIC,2,126989.68,False,False
CUST00093,USA,Bal Harbour,Boutique (walk-in),2025-05-07,Découverte,1,12156.13,False,False
CUST00094,USA,Beverly Hills,Digital / en ligne,2025-03-29,VIC,2,86472.43,True,True
CUST00095,Japon,Osaka,Boutique (walk-in),2025-07-17,Client fidèle,2,40903.2,False,True
CUST00096,Moyen-Orient,Dubaï Mall,Recommandation VIC,2025-06-30,Découverte,2,1751.99,True,True
CUST00097,Japon,Osaka,Boutique (walk-in),2026-01-28,Découverte,1,815.44,False,True
CUST00098,USA,Beverly Hills,Recommandation VIC,2024-09-30,VIC,5,65494.92,True,True
CUST00099,Japon,Osaka,Boutique (walk-in),2026-03-08,Découverte,0,0.0,False,False
CUST00100,France (siège),Paris Champs-Élysées,Boutique (walk-in),2026-02-22,Découverte,0,0.0,False,False
CUST00101,Chine,Pékin,Événement privé,2024-10-27,Découverte,1,13905.93,False,False
CUST00102,Chine,Shanghai,Recommandation VIC,2025-01-25,Client fidèle,3,33489.89,True,True
CUST00103,Chine,Pékin,Boutique (walk-in),2025-05-11,Découverte,2,17842.35,False,True
CUST00104,Chine,Shanghai,Recommandation VIC,2025-06-10,Client fidèle,2,28830.42,True,True
CUST00105,France (siège),Paris Vendôme,Événement privé,2025-02-05,Client fidèle,2,31168.36,True,True
CUST00106,Moyen-Orient,Abu Dhabi,Boutique (walk-in),2026-01-15,Découverte,1,13753.2,False,True
CUST00107,Moyen-Orient,Dubaï Mall,Digital / en ligne,2026-03-06,Découverte,0,0.0,False,False
CUST00108,USA,Bal Harbour,Boutique (walk-in),2025-12-04,Découverte,1,12971.01,False,True
CUST00109,Chine,Shanghai,Boutique (walk-in),2026-04-16,Découverte,0,0.0,False,False
CUST00110,France (siège),Paris Vendôme,Événement privé,2025-08-24,Découverte,1,492.64,False,True
CUST00111,USA,Beverly Hills,Événement privé,2025-07-21,VIC,1,108627.63,False,True
CUST00112,Moyen-Orient,Abu Dhabi,Boutique (walk-in),2025-11-10,Découverte,1,599.46,False,True
CUST00113,Chine,Pékin,Événement privé,2025-06-27,Client fidèle,2,37828.02,True,True
CUST00114,France (siège),Cannes,Recommandation VIC,2024-12-19,Découverte,3,8961.86,True,True
CUST00115,Moyen-Orient,Dubaï Mall,Boutique (walk-in),2025-04-30,VIC,2,126216.43,False,True
CUST00116,France (siège),Cannes,Digital / en ligne,2025-01-18,VIC,3,84365.34,True,True
CUST00117,Moyen-Orient,Dubaï Mall,Boutique (walk-in),2025-09-05,VIC,2,95561.65,False,True
CUST00118,Moyen-Orient,Dubaï Mall,Boutique (walk-in),2025-10-01,Découverte,1,723.3,False,True
CUST00119,France (siège),Paris Champs-Élysées,Boutique (walk-in),2025-05-26,Client fidèle,2,19697.95,True,True
CUST00120,Chine,Shanghai,Événement privé,2025-03-30,Client fidèle,2,18369.92,True,True
CUST00121,France (siège),Paris Champs-Élysées,Événement privé,2025-06-25,Découverte,2,2383.82,True,True
CUST00122,Moyen-Orient,Dubaï Mall,Recommandation VIC,2025-04-25,Découverte,2,10565.69,False,True
CUST00123,Chine,Shanghai,Digital / en ligne,2025-03-24,Client fidèle,3,61905.75,True,True
CUST00124,France (siège),Cannes,Recommandation VIC,2025-12-25,VIC,1,67328.01,False,True
CUST00125,France (siège),Paris Vendôme,Digital / en ligne,2025-11-19,Découverte,1,17250.88,False,True
CUST00126,Chine,Pékin,Boutique (walk-in),2025-01-06,Client fidèle,1,25022.28,False,False
CUST00127,Moyen-Orient,Abu Dhabi,Digital / en ligne,2025-10-25,Découverte,1,11386.94,False,False
CUST00128,France (siège),Cannes,Digital / en ligne,2025-01-10,Client fidèle,4,52280.56,False,False
CUST00129,France (siège),Paris Vendôme,Boutique (walk-in),2024-12-30,Découverte,3,11686.7,True,True
CUST00130,Chine,Pékin,Recommandation VIC,2025-05-18,Client fidèle,3,48924.31,True,True
CUST00131,USA,New York 5th Ave,Boutique (walk-in),2025-05-18,Découverte,1,16726.04,False,False
CUST00132,Japon,Tokyo Ginza,Boutique (walk-in),2025-01-12,Client fidèle,3,52471.35,True,False
CUST00133,France (siège),Paris Champs-Élysées,Boutique (walk-in),2025-02-01,Client fidèle,3,31414.94,False,True
CUST00134,USA,Beverly Hills,Événement privé,2025-12-24,Découverte,1,13784.41,False,True
CUST00135,Moyen-Orient,Abu Dhabi,Boutique (walk-in),2025-11-20,Découverte,1,967.4,False,True
CUST00136,Chine,Hong Kong,Digital / en ligne,2025-11-01,VIC,1,81840.55,False,False
CUST00137,USA,Bal Harbour,Recommandation VIC,2026-02-03,Découverte,0,0.0,False,False
CUST00138,Chine,Pékin,Recommandation VIC,2025-06-08,Découverte,1,15269.92,False,False
CUST00139,Chine,Pékin,Digital / en ligne,2025-02-15,VIC,3,184594.34,True,False
CUST00140,USA,Bal Harbour,Digital / en ligne,2025-01-05,Découverte,1,466.51,False,False
CUST00141,France (siège),Paris Champs-Élysées,Recommandation VIC,2025-02-09,Découverte,3,3032.73,True,True
CUST00142,Moyen-Orient,Dubaï Mall,Événement privé,2024-12-11,Client fidèle,4,54268.25,True,True
CUST00143,USA,Bal Harbour,Événement privé,2025-07-21,Découverte,2,16418.04,True,True
CUST00144,Japon,Tokyo Ginza,Recommandation VIC,2025-12-29,Découverte,1,760.88,False,True
CUST00145,Chine,Shanghai,Boutique (walk-in),2024-10-28,Very VIP,4,347716.82,True,True
CUST00146,Moyen-Orient,Abu Dhabi,Boutique (walk-in),2025-05-09,Client fidèle,2,27255.0,True,True
CUST00147,France (siège),Paris Vendôme,Recommandation VIC,2025-09-24,Client fidèle,2,32803.12,True,False
CUST00148,Japon,Tokyo Ginza,Recommandation VIC,2025-02-10,Découverte,1,773.06,False,False
CUST00149,France (siège),Paris Champs-Élysées,Boutique (walk-in),2026-04-11,Découverte,0,0.0,False,False
CUST00150,Chine,Hong Kong,Digital / en ligne,2025-07-31,Découverte,1,13692.23,False,False
CUST00151,France (siège),Paris Vendôme,Recommandation VIC,2025-05-19,VIC,2,66510.18,True,True
CUST00152,France (siège),Paris Vendôme,Événement privé,2026-03-15,Découverte,1,16316.65,False,False
CUST00153,Moyen-Orient,Abu Dhabi,Recommandation VIC,2024-10-26,Client fidèle,3,40789.05,False,True
CUST00154,Japon,Osaka,Digital / en ligne,2025-06-16,Client fidèle,2,23373.12,False,True
CUST00155,USA,New York 5th Ave,Événement privé,2026-02-02,Client fidèle,1,22678.43,False,True
CUST00156,Moyen-Orient,Dubaï Mall,Boutique (walk-in),2025-11-12,Découverte,1,678.25,False,True
CUST00157,France (siège),Cannes,Boutique (walk-in),2025-10-01,Découverte,1,896.21,False,True
CUST00158,Japon,Tokyo Ginza,Boutique (walk-in),2026-02-06,Client fidèle,1,22778.67,False,True
CUST00159,France (siège),Paris Vendôme,Recommandation VIC,2024-09-25,VIC,4,184700.5,True,True
CUST00160,Japon,Tokyo Ginza,Digital / en ligne,2025-05-24,Découverte,2,17003.03,True,True
CUST00161,France (siège),Paris Champs-Élysées,Digital / en ligne,2025-09-22,Découverte,1,950.28,False,True
CUST00162,Japon,Osaka,Digital / en ligne,2025-07-14,Client fidèle,3,63651.76,True,True
CUST00163,Moyen-Orient,Abu Dhabi,Boutique (walk-in),2025-07-29,Découverte,1,740.16,False,True
CUST00164,Chine,Shanghai,Événement privé,2024-09-10,Client fidèle,4,39857.5,True,True
CUST00165,Japon,Tokyo Ginza,Boutique (walk-in),2025-05-23,Client fidèle,2,57519.9,True,True
CUST00166,Chine,Pékin,Recommandation VIC,2024-11-25,Client fidèle,3,40724.82,True,True
CUST00167,France (siège),Cannes,Événement privé,2025-05-09,Découverte,2,14492.18,True,True
CUST00168,Chine,Shanghai,Recommandation VIC,2024-12-12,VIC,3,99315.24,True,True
CUST00169,Chine,Hong Kong,Digital / en ligne,2025-05-05,Client fidèle,3,31423.8,True,True
CUST00170,USA,Beverly Hills,Boutique (walk-in),2024-12-30,Découverte,3,2494.5,True,True
CUST00171,France (siège),Paris Champs-Élysées,Digital / en ligne,2024-11-02,Client fidèle,3,24281.18,True,True
CUST00172,Chine,Pékin,Digital / en ligne,2026-03-16,Découverte,0,0.0,False,False
CUST00173,USA,Bal Harbour,Boutique (walk-in),2025-05-15,Client fidèle,1,27348.99,False,False
CUST00174,Chine,Hong Kong,Recommandation VIC,2025-05-12,Découverte,1,16281.85,False,False
CUST00175,Japon,Tokyo Ginza,Recommandation VIC,2026-03-30,Découverte,0,0.0,False,False
CUST00176,USA,Bal Harbour,Recommandation VIC,2025-04-09,VIC,1,138971.95,False,False
CUST00177,USA,Bal Harbour,Recommandation VIC,2024-09-04,Découverte,1,9320.31,False,False
CUST00178,France (siège),Cannes,Digital / en ligne,2025-05-10,Découverte,2,16564.31,False,True
CUST00179,Chine,Hong Kong,Recommandation VIC,2025-10-28,Découverte,1,949.68,False,True
CUST00180,Chine,Pékin,Recommandation VIC,2025-06-21,Client fidèle,2,25105.73,True,True
CUST00181,France (siège),Paris Champs-Élysées,Boutique (walk-in),2026-01-05,Découverte,1,6495.18,False,True
CUST00182,France (siège),Paris Vendôme,Événement privé,2025-08-23,Client fidèle,2,47431.82,False,True
CUST00183,France (siège),Cannes,Digital / en ligne,2025-06-24,Découverte,1,7446.48,False,False
CUST00184,France (siège),Paris Champs-Élysées,Boutique (walk-in),2024-09-05,Client fidèle,3,43904.16,False,False
CUST00185,France (siège),Paris Vendôme,Boutique (walk-in),2025-11-07,Découverte,1,10793.12,False,True
CUST00186,France (siège),Paris Champs-Élysées,Recommandation VIC,2025-09-29,Découverte,2,12720.72,False,True
CUST00187,Moyen-Orient,Abu Dhabi,Recommandation VIC,2025-05-13,Découverte,2,11699.96,False,True
CUST00188,USA,Beverly Hills,Digital / en ligne,2024-11-04,Client fidèle,4,59063.4,True,True
CUST00189,USA,Beverly Hills,Recommandation VIC,2025-10-26,Découverte,1,902.64,False,True
CUST00190,Japon,Tokyo Ginza,Recommandation VIC,2024-09-13,Découverte,1,9071.32,False,False
CUST00191,USA,Bal Harbour,Recommandation VIC,2026-04-15,Découverte,0,0.0,False,False
CUST00192,Moyen-Orient,Dubaï Mall,Boutique (walk-in),2025-10-13,VIC,1,111628.69,False,True
CUST00193,Chine,Shanghai,Boutique (walk-in),2026-04-21,Découverte,0,0.0,False,False
CUST00194,Moyen-Orient,Dubaï Mall,Boutique (walk-in),2025-11-10,Découverte,1,14112.74,False,True
CUST00195,Japon,Osaka,Boutique (walk-in),2024-10-29,Client fidèle,4,48122.49,True,True
CUST00196,France (siège),Cannes,Recommandation VIC,2025-12-29,Découverte,1,7119.05,False,True
CUST00197,France (siège),Paris Vendôme,Recommandation VIC,2024-12-22,Client fidèle,4,54107.37,True,True
CUST00198,France (siège),Paris Vendôme,Recommandation VIC,2024-10-15,VIC,3,136540.15,True,True
CUST00199,Chine,Hong Kong,Recommandation VIC,2024-09-25,VIC,2,101896.91,True,False
CUST00200,Japon,Tokyo Ginza,Boutique (walk-in),2025-07-20,Découverte,2,12364.2,True,True
CUST00201,Japon,Osaka,Recommandation VIC,2025-05-22,Client fidèle,2,18719.35,False,True
CUST00202,France (siège),Cannes,Digital / en ligne,2024-11-28,Découverte,2,8835.78,False,False
CUST00203,France (siège),Cannes,Recommandation VIC,2025-09-24,Client fidèle,1,25415.89,False,False
CUST00204,Japon,Tokyo Ginza,Recommandation VIC,2025-01-16,Client fidèle,3,29908.01,True,True
CUST00205,Japon,Osaka,Boutique (walk-in),2025-10-14,Découverte,1,13722.57,False,True
CUST00206,Moyen-Orient,Abu Dhabi,Événement privé,2025-01-20,Client fidèle,3,19812.59,False,True
CUST00207,USA,Bal Harbour,Recommandation VIC,2025-12-17,Client fidèle,1,27304.22,False,True
CUST00208,USA,Bal Harbour,Digital / en ligne,2025-02-27,Découverte,2,15431.11,False,True
CUST00209,USA,Bal Harbour,Boutique (walk-in),2024-09-30,VIC,5,66933.58,True,True
CUST00210,Chine,Hong Kong,Recommandation VIC,2025-05-14,Découverte,3,2261.7,True,True
CUST00211,France (siège),Paris Champs-Élysées,Recommandation VIC,2025-07-27,Découverte,1,548.69,False,False
CUST00212,USA,New York 5th Ave,Boutique (walk-in),2025-07-18,VIC,2,123466.5,True,True
CUST00213,Moyen-Orient,Dubaï Mall,Événement privé,2024-11-06,Client fidèle,4,47806.33,True,True
CUST00214,USA,Beverly Hills,Recommandation VIC,2025-01-21,VIC,3,91174.15,True,True
CUST00215,USA,New York 5th Ave,Recommandation VIC,2025-08-30,VIC,1,89262.96,False,True
CUST00216,Chine,Shanghai,Boutique (walk-in),2025-07-28,VIC,2,128244.09,True,True
CUST00217,Japon,Osaka,Recommandation VIC,2025-10-11,Découverte,1,10295.05,False,True
CUST00218,France (siège),Cannes,Digital / en ligne,2025-02-13,Découverte,3,2705.77,False,False
CUST00219,USA,Beverly Hills,Recommandation VIC,2024-12-17,Client fidèle,3,43126.23,True,True
CUST00220,France (siège),Paris Vendôme,Recommandation VIC,2026-02-10,Découverte,1,1347.29,False,True
CUST00221,Moyen-Orient,Dubaï Mall,Recommandation VIC,2025-10-18,Découverte,1,9747.6,False,True
CUST00222,USA,Beverly Hills,Digital / en ligne,2025-01-25,Client fidèle,3,44247.05,False,True
CUST00223,Chine,Shanghai,Recommandation VIC,2025-03-24,VIC,4,146993.17,True,True
CUST00224,Moyen-Orient,Dubaï Mall,Recommandation VIC,2025-07-30,Découverte,2,10059.55,False,True
CUST00225,USA,New York 5th Ave,Boutique (walk-in),2025-09-06,Client fidèle,2,23071.16,False,True
CUST00226,France (siège),Cannes,Événement privé,2025-02-08,Client fidèle,3,23679.68,True,True
CUST00227,Moyen-Orient,Dubaï Mall,Événement privé,2026-01-17,VIC,1,75385.03,False,True
CUST00228,France (siège),Paris Champs-Élysées,Événement privé,2025-12-05,Découverte,1,973.28,False,True
CUST00229,Moyen-Orient,Abu Dhabi,Recommandation VIC,2025-01-14,VIC,3,109363.02,False,True
CUST00230,Japon,Osaka,Recommandation VIC,2025-04-04,Découverte,3,16629.31,True,True
CUST00231,France (siège),Paris Champs-Élysées,Digital / en ligne,2025-09-03,Client fidèle,1,22713.18,False,False
CUST00232,Japon,Osaka,Boutique (walk-in),2025-09-22,VIC,2,81251.8,False,True
CUST00233,Moyen-Orient,Abu Dhabi,Boutique (walk-in),2024-10-01,Découverte,3,8335.89,True,True
CUST00234,France (siège),Paris Champs-Élysées,Recommandation VIC,2024-09-03,VIC,1,90958.86,False,False
CUST00235,Chine,Pékin,Boutique (walk-in),2024-12-09,Client fidèle,4,53259.57,False,False
CUST00236,USA,New York 5th Ave,Digital / en ligne,2024-09-12,VIC,4,93832.37,True,True
CUST00237,Japon,Osaka,Événement privé,2025-09-30,Découverte,1,767.9,False,True
CUST00238,France (siège),Paris Vendôme,Recommandation VIC,2025-12-15,Client fidèle,1,19308.98,False,True
CUST00239,Japon,Tokyo Ginza,Digital / en ligne,2025-07-15,Client fidèle,2,29945.19,False,True
CUST00240,Japon,Tokyo Ginza,Événement privé,2025-12-06,Découverte,1,574.45,False,True
CUST00241,France (siège),Paris Champs-Élysées,Recommandation VIC,2026-02-04,Client fidèle,1,33563.43,False,True
CUST00242,USA,Bal Harbour,Recommandation VIC,2025-02-20,Découverte,3,16440.12,True,True
CUST00243,USA,New York 5th Ave,Recommandation VIC,2026-03-13,Découverte,1,1054.99,False,True
CUST00244,Japon,Tokyo Ginza,Digital / en ligne,2025-07-01,Découverte,2,10550.38,False,True
CUST00245,Moyen-Orient,Abu Dhabi,Digital / en ligne,2025-09-23,Découverte,1,611.75,False,True
CUST00246,Chine,Shanghai,Événement privé,2025-11-18,Découverte,1,731.62,False,False
CUST00247,France (siège),Paris Champs-Élysées,Boutique (walk-in),2025-09-20,Découverte,1,11393.96,False,True
CUST00248,Chine,Shanghai,Boutique (walk-in),2024-11-16,Client fidèle,3,18402.6,True,False
CUST00249,USA,Bal Harbour,Boutique (walk-in),2025-06-13,Découverte,2,11843.94,False,True
CUST00250,France (siège),Cannes,Événement privé,2026-02-13,VIC,1,76068.67,False,True
CUST00251,USA,New York 5th Ave,Recommandation VIC,2026-04-06,Découverte,0,0.0,False,False
CUST00252,France (siège),Paris Vendôme,Événement privé,2025-10-03,Découverte,1,11925.11,False,True
CUST00253,France (siège),Paris Vendôme,Boutique (walk-in),2025-10-17,Découverte,1,705.36,False,True
CUST00254,Moyen-Orient,Dubaï Mall,Boutique (walk-in),2025-08-08,Découverte,1,16799.74,False,False
CUST00255,Japon,Osaka,Recommandation VIC,2025-05-05,Découverte,2,17778.0,True,True
CUST00256,USA,Beverly Hills,Boutique (walk-in),2025-07-25,Découverte,1,7288.64,False,False
CUST00257,France (siège),Paris Champs-Élysées,Boutique (walk-in),2025-10-07,Client fidèle,1,32588.26,False,True
CUST00258,USA,New York 5th Ave,Recommandation VIC,2024-12-23,VIC,3,149018.51,True,True
CUST00259,France (siège),Cannes,Recommandation VIC,2025-08-17,Découverte,1,17968.14,False,True
CUST00260,Moyen-Orient,Dubaï Mall,Événement privé,2025-08-21,Découverte,2,2338.01,False,True
CUST00261,France (siège),Cannes,Digital / en ligne,2025-03-18,Client fidèle,3,22990.63,True,True
CUST00262,France (siège),Cannes,Digital / en ligne,2025-04-18,Découverte,2,17335.5,False,True
CUST00263,Japon,Tokyo Ginza,Boutique (walk-in),2025-01-13,Découverte,4,3826.14,True,True
CUST00264,Chine,Pékin,Recommandation VIC,2025-11-04,Découverte,1,1202.56,False,True
CUST00265,Japon,Osaka,Digital / en ligne,2025-04-23,Découverte,3,15815.52,True,True
CUST00266,France (siège),Paris Vendôme,Digital / en ligne,2025-09-23,Découverte,1,6604.9,False,True
CUST00267,France (siège),Paris Champs-Élysées,Digital / en ligne,2026-04-13,Découverte,0,0.0,False,False
CUST00268,France (siège),Paris Vendôme,Boutique (walk-in),2025-06-15,VIC,2,105547.52,True,False
CUST00269,Chine,Pékin,Boutique (walk-in),2025-12-05,Découverte,1,544.47,False,True
CUST00270,France (siège),Paris Vendôme,Boutique (walk-in),2025-11-23,Découverte,1,14020.32,False,False
CUST00271,USA,Beverly Hills,Recommandation VIC,2025-09-17,Client fidèle,1,63731.3,False,False
CUST00272,USA,New York 5th Ave,Recommandation VIC,2025-06-01,VIC,2,93753.58,True,True
CUST00273,Moyen-Orient,Dubaï Mall,Boutique (walk-in),2026-04-05,Découverte,0,0.0,False,False
CUST00274,Japon,Tokyo Ginza,Boutique (walk-in),2026-01-10,Découverte,1,687.28,False,True
CUST00275,Chine,Pékin,Événement privé,2025-04-03,VIC,2,80081.85,True,True
CUST00276,Moyen-Orient,Abu Dhabi,Boutique (walk-in),2025-09-22,Client fidèle,1,18180.01,False,True
CUST00277,France (siège),Cannes,Recommandation VIC,2025-05-14,Client fidèle,2,42449.19,False,False
CUST00278,Chine,Hong Kong,Boutique (walk-in),2025-04-30,VIC,3,77706.48,True,False
CUST00279,Chine,Shanghai,Recommandation VIC,2024-12-15,Découverte,3,10659.8,True,True
CUST00280,USA,Bal Harbour,Boutique (walk-in),2024-10-10,VIC,5,98461.25,True,True
CUST00281,Moyen-Orient,Dubaï Mall,Recommandation VIC,2025-08-04,VIC,2,98237.36,True,True
CUST00282,France (siège),Paris Vendôme,Recommandation VIC,2025-06-11,Client fidèle,2,44649.89,True,True
CUST00283,Japon,Tokyo Ginza,Boutique (walk-in),2025-08-06,Client fidèle,2,23373.07,True,True
CUST00284,Moyen-Orient,Dubaï Mall,Événement privé,2025-04-01,Découverte,2,2277.08,True,True
CUST00285,France (siège),Cannes,Recommandation VIC,2024-10-11,VIC,4,152652.15,True,True
CUST00286,Chine,Hong Kong,Digital / en ligne,2024-10-11,Client fidèle,3,38388.44,True,True
CUST00287,USA,Beverly Hills,Boutique (walk-in),2025-03-22,Découverte,3,15134.64,True,True
CUST00288,Moyen-Orient,Abu Dhabi,Digital / en ligne,2026-01-19,Découverte,1,903.27,False,True
CUST00289,USA,New York 5th Ave,Événement privé,2024-11-17,Client fidèle,3,33338.56,True,True
CUST00290,France (siège),Paris Vendôme,Événement privé,2025-09-04,Découverte,1,12221.05,False,False
CUST00291,France (siège),Paris Champs-Élysées,Recommandation VIC,2026-03-04,Découverte,0,0.0,False,False
CUST00292,Japon,Osaka,Digital / en ligne,2026-03-01,Découverte,0,0.0,False,False
CUST00293,Chine,Pékin,Boutique (walk-in),2025-12-01,Client fidèle,1,30625.4,False,True
CUST00294,Moyen-Orient,Dubaï Mall,Boutique (walk-in),2026-01-30,VIC,1,204394.62,False,True
CUST00295,Moyen-Orient,Abu Dhabi,Événement privé,2025-11-15,Découverte,1,1038.13,False,True
CUST00296,Japon,Tokyo Ginza,Recommandation VIC,2025-01-19,VIC,1,75431.49,False,False
CUST00297,France (siège),Cannes,Digital / en ligne,2024-12-17,Client fidèle,3,53711.13,True,True
CUST00298,USA,Bal Harbour,Événement privé,2025-11-05,Découverte,1,8591.03,False,True
CUST00299,Moyen-Orient,Abu Dhabi,Événement privé,2024-11-26,VIC,4,91227.54,True,True
CUST00300,France (siège),Paris Vendôme,Boutique (walk-in),2025-04-25,Client fidèle,3,52976.04,False,True
CUST00301,France (siège),Paris Champs-Élysées,Digital / en ligne,2025-10-03,Client fidèle,2,18346.55,True,True
CUST00302,Japon,Osaka,Recommandation VIC,2026-03-05,Découverte,0,0.0,False,False
CUST00303,Moyen-Orient,Dubaï Mall,Boutique (walk-in),2026-01-09,Découverte,1,14809.49,False,True
CUST00304,Moyen-Orient,Abu Dhabi,Recommandation VIC,2024-09-22,VIC,5,89165.33,True,True
CUST00305,USA,Beverly Hills,Recommandation VIC,2024-10-13,VIC,3,74876.91,True,False
CUST00306,Chine,Shanghai,Boutique (walk-in),2024-09-11,VIC,4,154363.78,True,True
CUST00307,Moyen-Orient,Dubaï Mall,Boutique (walk-in),2025-04-13,Client fidèle,3,63903.77,True,True
CUST00308,Moyen-Orient,Dubaï Mall,Digital / en ligne,2026-04-13,Découverte,0,0.0,False,False
CUST00309,Moyen-Orient,Abu Dhabi,Recommandation VIC,2024-10-25,VIC,6,187313.06,True,True
CUST00310,France (siège),Paris Vendôme,Boutique (walk-in),2026-02-09,Client fidèle,1,40915.11,False,True
CUST00311,France (siège),Paris Vendôme,Événement privé,2024-11-14,VIC,4,84796.34,True,True
CUST00312,Chine,Hong Kong,Digital / en ligne,2025-08-11,Découverte,1,12007.19,False,True
CUST00313,Chine,Pékin,Digital / en ligne,2026-04-09,Découverte,0,0.0,False,False
CUST00314,Chine,Hong Kong,Recommandation VIC,2025-02-07,Découverte,3,11120.35,True,True
CUST00315,Chine,Hong Kong,Recommandation VIC,2025-03-10,Client fidèle,2,18245.27,True,True
CUST00316,Chine,Shanghai,Boutique (walk-in),2024-10-03,Client fidèle,3,53475.97,True,False
CUST00317,Chine,Shanghai,Événement privé,2025-01-11,Client fidèle,3,29052.92,False,False
CUST00318,USA,New York 5th Ave,Digital / en ligne,2025-10-30,Découverte,1,10337.64,False,True
CUST00319,Chine,Shanghai,Digital / en ligne,2025-01-06,Découverte,2,16951.7,True,False
CUST00320,Japon,Osaka,Boutique (walk-in),2025-05-22,Découverte,2,1392.21,True,False
CUST00321,USA,Bal Harbour,Recommandation VIC,2025-05-18,Client fidèle,2,30767.26,False,True
CUST00322,Moyen-Orient,Abu Dhabi,Recommandation VIC,2026-02-28,Client fidèle,1,23474.62,False,True
CUST00323,Japon,Tokyo Ginza,Recommandation VIC,2024-09-14,Découverte,2,10413.64,True,False
CUST00324,USA,Bal Harbour,Recommandation VIC,2025-07-30,Client fidèle,2,45217.77,False,False
CUST00325,Japon,Osaka,Boutique (walk-in),2026-01-03,Client fidèle,1,20288.74,False,True
CUST00326,USA,New York 5th Ave,Boutique (walk-in),2025-12-06,Client fidèle,1,20968.43,False,True
CUST00327,Japon,Osaka,Événement privé,2026-04-16,Découverte,0,0.0,False,False
CUST00328,Moyen-Orient,Dubaï Mall,Recommandation VIC,2025-09-02,Client fidèle,1,24493.62,False,True
CUST00329,USA,Beverly Hills,Événement privé,2025-08-22,Découverte,2,13340.76,True,True
CUST00330,Chine,Hong Kong,Événement privé,2025-09-20,Client fidèle,1,18153.66,False,True
CUST00331,USA,Beverly Hills,Recommandation VIC,2025-02-16,Very VIP,4,263183.55,False,True
CUST00332,France (siège),Paris Vendôme,Boutique (walk-in),2024-09-23,Client fidèle,4,45314.84,True,True
CUST00333,France (siège),Paris Champs-Élysées,Boutique (walk-in),2024-09-21,Client fidèle,2,41774.94,True,False
CUST00334,Chine,Hong Kong,Recommandation VIC,2024-10-28,Découverte,1,15879.28,False,False
CUST00335,France (siège),Cannes,Recommandation VIC,2026-04-23,Découverte,0,0.0,False,False
CUST00336,USA,Bal Harbour,Boutique (walk-in),2025-06-13,Découverte,2,16945.53,False,True
CUST00337,Chine,Hong Kong,Recommandation VIC,2024-12-13,Client fidèle,3,30287.52,True,True
CUST00338,Moyen-Orient,Dubaï Mall,Digital / en ligne,2026-04-23,Découverte,0,0.0,False,False
CUST00339,Chine,Pékin,Recommandation VIC,2024-09-15,VIC,3,87280.77,True,False
CUST00340,Chine,Shanghai,Digital / en ligne,2025-11-04,Découverte,1,12672.68,False,True
CUST00341,USA,New York 5th Ave,Événement privé,2025-09-25,Découverte,1,1028.09,False,False
CUST00342,USA,Bal Harbour,Boutique (walk-in),2025-09-07,VIC,2,180961.97,True,False
CUST00343,USA,New York 5th Ave,Boutique (walk-in),2025-10-16,Client fidèle,2,22640.28,False,True
CUST00344,Japon,Osaka,Événement privé,2024-09-10,Client fidèle,3,45551.96,True,False
CUST00345,France (siège),Cannes,Événement privé,2025-06-26,Client fidèle,2,43151.41,True,True
CUST00346,USA,New York 5th Ave,Digital / en ligne,2026-04-18,Découverte,0,0.0,False,False
CUST00347,Chine,Pékin,Événement privé,2025-07-05,Découverte,2,12970.52,True,False
CUST00348,France (siège),Paris Vendôme,Recommandation VIC,2025-05-13,Découverte,1,14211.49,False,False
CUST00349,France (siège),Paris Champs-Élysées,Recommandation VIC,2025-08-11,Client fidèle,2,59434.47,False,True
CUST00350,Chine,Pékin,Recommandation VIC,2024-11-29,Very VIP,5,681677.06,True,True
CUST00351,France (siège),Paris Champs-Élysées,Digital / en ligne,2025-10-30,Découverte,1,16996.26,False,True
CUST00352,Chine,Shanghai,Digital / en ligne,2024-10-04,Client fidèle,3,47974.12,True,True
CUST00353,USA,Beverly Hills,Boutique (walk-in),2026-04-16,Découverte,0,0.0,False,False
CUST00354,Chine,Pékin,Digital / en ligne,2024-10-25,Client fidèle,3,20161.5,True,True
CUST00355,Japon,Osaka,Boutique (walk-in),2025-10-25,Découverte,1,5771.6,False,False
CUST00356,France (siège),Paris Vendôme,Digital / en ligne,2025-09-24,Client fidèle,2,24854.76,False,True
CUST00357,Moyen-Orient,Abu Dhabi,Recommandation VIC,2025-03-03,VIC,4,204429.83,True,True
CUST00358,Chine,Hong Kong,Recommandation VIC,2024-12-10,Client fidèle,4,27529.67,True,False
CUST00359,Moyen-Orient,Dubaï Mall,Recommandation VIC,2025-05-25,Découverte,2,10022.71,True,True
CUST00360,France (siège),Cannes,Digital / en ligne,2025-12-10,Découverte,1,9836.69,False,True
CUST00361,Chine,Hong Kong,Boutique (walk-in),2025-08-14,Client fidèle,2,25342.45,True,True
CUST00362,France (siège),Paris Vendôme,Recommandation VIC,2025-08-23,Découverte,2,15868.49,True,True
CUST00363,Chine,Shanghai,Événement privé,2025-04-13,Client fidèle,3,19048.59,True,True
CUST00364,USA,Bal Harbour,Boutique (walk-in),2026-04-18,Découverte,0,0.0,False,False
CUST00365,France (siège),Cannes,Digital / en ligne,2024-12-17,VIC,4,146712.66,True,True
CUST00366,USA,Bal Harbour,Recommandation VIC,2025-08-29,Découverte,2,13227.98,False,True
CUST00367,Chine,Pékin,Boutique (walk-in),2026-04-09,Découverte,0,0.0,False,False
CUST00368,France (siège),Cannes,Recommandation VIC,2026-02-19,Découverte,0,0.0,False,False
CUST00369,Japon,Tokyo Ginza,Recommandation VIC,2024-09-21,Client fidèle,3,29282.49,True,True
CUST00370,Chine,Pékin,Recommandation VIC,2025-01-18,Client fidèle,3,30491.54,True,True
CUST00371,USA,Bal Harbour,Événement privé,2024-10-06,Découverte,1,13900.48,False,False
CUST00372,Chine,Shanghai,Boutique (walk-in),2025-10-04,Découverte,1,944.55,False,True
CUST00373,Moyen-Orient,Abu Dhabi,Boutique (walk-in),2025-11-10,Découverte,1,11449.4,False,True
CUST00374,USA,Beverly Hills,Boutique (walk-in),2026-04-12,Découverte,0,0.0,False,False
CUST00375,Chine,Hong Kong,Boutique (walk-in),2026-03-17,Découverte,0,0.0,False,False
CUST00376,Chine,Shanghai,Boutique (walk-in),2025-05-31,Découverte,1,16210.5,False,False
CUST00377,USA,Bal Harbour,Recommandation VIC,2024-09-22,Découverte,3,9451.33,True,True
CUST00378,France (siège),Paris Champs-Élysées,Boutique (walk-in),2025-10-30,Découverte,1,833.01,False,True
CUST00379,Japon,Osaka,Boutique (walk-in),2026-04-12,Découverte,0,0.0,False,False
CUST00380,France (siège),Cannes,Recommandation VIC,2025-05-02,Client fidèle,2,19786.13,False,True
CUST00381,Japon,Osaka,Événement privé,2025-11-29,Découverte,1,8522.17,False,True
CUST00382,USA,Beverly Hills,Boutique (walk-in),2025-02-23,VIC,3,137511.18,True,True
CUST00383,France (siège),Paris Vendôme,Digital / en ligne,2025-05-19,Découverte,1,711.8,False,False
CUST00384,Chine,Pékin,Digital / en ligne,2025-08-13,Very VIP,2,239640.78,True,True
CUST00385,Moyen-Orient,Abu Dhabi,Boutique (walk-in),2025-02-24,Client fidèle,3,40064.93,False,True
CUST00386,Japon,Osaka,Boutique (walk-in),2026-03-12,Découverte,1,1293.29,False,True
CUST00387,Chine,Hong Kong,Boutique (walk-in),2026-03-02,Découverte,0,0.0,False,False
CUST00388,France (siège),Paris Vendôme,Boutique (walk-in),2024-10-13,Découverte,4,16139.82,True,True
CUST00389,France (siège),Cannes,Boutique (walk-in),2025-02-16,Client fidèle,2,44924.12,True,False
CUST00390,Chine,Pékin,Recommandation VIC,2024-10-07,Découverte,3,14833.22,False,True
CUST00391,Moyen-Orient,Dubaï Mall,Recommandation VIC,2025-07-03,VIC,2,128282.98,True,True
CUST00392,Moyen-Orient,Abu Dhabi,Boutique (walk-in),2026-04-11,Découverte,0,0.0,False,False
CUST00393,USA,New York 5th Ave,Boutique (walk-in),2025-02-11,VIC,4,138347.83,True,True
CUST00394,France (siège),Paris Champs-Élysées,Boutique (walk-in),2025-04-04,VIC,3,126864.76,True,True
CUST00395,USA,Beverly Hills,Boutique (walk-in),2024-09-13,Client fidèle,3,28876.21,True,True
CUST00396,USA,New York 5th Ave,Recommandation VIC,2024-12-25,Client fidèle,3,30517.05,True,True
CUST00397,Moyen-Orient,Dubaï Mall,Événement privé,2024-12-15,VIC,3,143928.96,False,True
CUST00398,Moyen-Orient,Dubaï Mall,Recommandation VIC,2025-04-19,Découverte,2,1157.41,True,False
CUST00399,France (siège),Paris Champs-Élysées,Recommandation VIC,2024-11-28,Client fidèle,3,41314.86,False,False
CUST00400,France (siège),Cannes,Boutique (walk-in),2026-04-10,Découverte,0,0.0,False,False
CUST00401,Chine,Hong Kong,Boutique (walk-in),2024-11-27,Client fidèle,4,32367.39,True,True
CUST00402,Chine,Hong Kong,Boutique (walk-in),2024-10-15,Very VIP,4,245852.28,True,True
CUST00403,Chine,Pékin,Boutique (walk-in),2026-04-11,Découverte,0,0.0,False,False
CUST00404,USA,Beverly Hills,Événement privé,2025-12-06,Découverte,1,794.1,False,False
CUST00405,Japon,Tokyo Ginza,Digital / en ligne,2025-09-19,Découverte,1,12747.26,False,True
CUST00406,Moyen-Orient,Abu Dhabi,Recommandation VIC,2025-11-11,Découverte,1,1123.27,False,True
CUST00407,Moyen-Orient,Dubaï Mall,Digital / en ligne,2026-01-20,Découverte,0,0.0,False,False
CUST00408,Moyen-Orient,Dubaï Mall,Digital / en ligne,2025-06-19,VIC,2,82649.96,True,True
CUST00409,Japon,Tokyo Ginza,Boutique (walk-in),2025-03-04,Client fidèle,4,27288.79,True,True
CUST00410,USA,Bal Harbour,Boutique (walk-in),2024-11-10,Client fidèle,3,54412.38,True,True
CUST00411,USA,Beverly Hills,Digital / en ligne,2024-11-28,Very VIP,4,234336.55,True,True
CUST00412,USA,Beverly Hills,Recommandation VIC,2025-10-19,Client fidèle,2,42296.17,False,True
CUST00413,Moyen-Orient,Dubaï Mall,Événement privé,2024-11-07,Client fidèle,4,31770.08,True,True
CUST00414,France (siège),Cannes,Boutique (walk-in),2024-11-07,Découverte,1,744.24,False,False
CUST00415,USA,Bal Harbour,Digital / en ligne,2024-10-10,Client fidèle,3,29061.63,True,True
CUST00416,Moyen-Orient,Dubaï Mall,Boutique (walk-in),2025-11-13,VIC,1,87253.54,False,True
CUST00417,Moyen-Orient,Dubaï Mall,Boutique (walk-in),2024-09-28,VIC,5,96473.09,True,True
CUST00418,Japon,Tokyo Ginza,Recommandation VIC,2025-06-07,VIC,3,186716.56,True,False
CUST00419,Moyen-Orient,Dubaï Mall,Recommandation VIC,2025-09-25,Client fidèle,2,30783.27,False,True
CUST00420,France (siège),Cannes,Recommandation VIC,2025-06-06,VIC,3,154139.27,True,True
CUST00421,Chine,Pékin,Recommandation VIC,2025-10-04,Very VIP,3,248034.78,True,True
CUST00422,France (siège),Paris Vendôme,Événement privé,2025-08-04,Découverte,1,14668.82,False,True
CUST00423,Japon,Osaka,Boutique (walk-in),2025-08-22,Découverte,2,2097.54,False,True
CUST00424,Moyen-Orient,Dubaï Mall,Recommandation VIC,2026-02-16,Client fidèle,1,19124.65,False,True
CUST00425,Moyen-Orient,Dubaï Mall,Recommandation VIC,2026-02-13,Découverte,0,0.0,False,False
CUST00426,France (siège),Paris Champs-Élysées,Recommandation VIC,2025-10-20,Découverte,1,9379.44,False,True
CUST00427,France (siège),Paris Vendôme,Événement privé,2026-01-08,Découverte,1,7990.75,False,False
CUST00428,USA,Beverly Hills,Recommandation VIC,2025-07-22,Client fidèle,2,42925.72,False,True
CUST00429,France (siège),Paris Champs-Élysées,Boutique (walk-in),2024-11-27,Client fidèle,2,28289.59,True,False
CUST00430,Japon,Osaka,Digital / en ligne,2024-11-26,Very VIP,9,717885.8,True,True
CUST00431,France (siège),Cannes,Digital / en ligne,2024-09-13,Client fidèle,3,19488.84,True,True
CUST00432,USA,Beverly Hills,Boutique (walk-in),2024-11-24,VIC,4,116941.53,True,False
CUST00433,Moyen-Orient,Dubaï Mall,Recommandation VIC,2025-06-17,Découverte,2,12971.4,True,True
CUST00434,Chine,Shanghai,Digital / en ligne,2025-12-20,Client fidèle,1,19234.47,False,True
CUST00435,France (siège),Paris Vendôme,Digital / en ligne,2026-03-13,Découverte,0,0.0,False,False
CUST00436,France (siège),Paris Vendôme,Recommandation VIC,2025-08-06,Découverte,1,568.24,False,True
CUST00437,Chine,Pékin,Recommandation VIC,2025-01-07,Client fidèle,1,22879.15,False,False
CUST00438,USA,New York 5th Ave,Boutique (walk-in),2025-07-22,Découverte,1,1019.62,False,False
CUST00439,France (siège),Paris Champs-Élysées,Boutique (walk-in),2026-04-04,Découverte,0,0.0,False,False
CUST00440,Moyen-Orient,Abu Dhabi,Recommandation VIC,2025-07-18,Client fidèle,2,56253.92,True,True
CUST00441,France (siège),Paris Vendôme,Recommandation VIC,2026-04-14,Découverte,0,0.0,False,False
CUST00442,USA,Bal Harbour,Boutique (walk-in),2025-06-11,VIC,2,120917.18,True,False
CUST00443,France (siège),Paris Vendôme,Recommandation VIC,2024-11-30,Client fidèle,2,26758.08,False,False
CUST00444,Moyen-Orient,Abu Dhabi,Boutique (walk-in),2025-03-27,Découverte,2,6965.79,False,True
CUST00445,France (siège),Paris Vendôme,Recommandation VIC,2025-07-28,Client fidèle,2,35350.9,False,True
CUST00446,Japon,Tokyo Ginza,Boutique (walk-in),2024-12-29,Client fidèle,3,58232.76,True,True
CUST00447,Moyen-Orient,Abu Dhabi,Recommandation VIC,2025-03-22,Découverte,2,2340.39,False,True
CUST00448,France (siège),Paris Vendôme,Recommandation VIC,2025-04-13,Découverte,2,13421.8,True,True
CUST00449,France (siège),Cannes,Boutique (walk-in),2025-02-18,Client fidèle,3,55941.85,True,True
CUST00450,Chine,Shanghai,Recommandation VIC,2025-12-30,Découverte,1,640.93,False,True
CUST00451,France (siège),Paris Vendôme,Recommandation VIC,2024-11-03,Client fidèle,4,43634.25,True,True
CUST00452,Chine,Shanghai,Boutique (walk-in),2025-02-18,VIC,2,127371.88,True,False
CUST00453,France (siège),Paris Vendôme,Boutique (walk-in),2026-03-25,Découverte,0,0.0,False,False
CUST00454,Japon,Tokyo Ginza,Digital / en ligne,2025-01-05,VIC,3,153118.77,True,True
CUST00455,France (siège),Paris Champs-Élysées,Événement privé,2026-01-16,Découverte,1,11869.51,False,True
CUST00456,Moyen-Orient,Dubaï Mall,Boutique (walk-in),2025-09-01,Découverte,1,1185.36,False,True
CUST00457,France (siège),Paris Vendôme,Digital / en ligne,2026-04-21,Découverte,0,0.0,False,False
CUST00458,Chine,Pékin,Recommandation VIC,2024-09-24,Découverte,1,869.79,False,False
CUST00459,France (siège),Paris Vendôme,Digital / en ligne,2025-10-25,VIC,1,143583.28,False,True
CUST00460,Chine,Pékin,Boutique (walk-in),2025-09-09,Client fidèle,2,28883.38,True,True
CUST00461,USA,Bal Harbour,Événement privé,2025-08-10,Découverte,2,2369.9,False,True
CUST00462,USA,Bal Harbour,Événement privé,2025-08-28,Découverte,2,13803.0,True,True
CUST00463,Japon,Osaka,Recommandation VIC,2025-05-14,Client fidèle,3,36836.98,False,True
CUST00464,France (siège),Paris Champs-Élysées,Recommandation VIC,2026-03-13,Découverte,1,7000.78,False,False
CUST00465,Chine,Pékin,Boutique (walk-in),2025-04-13,Découverte,2,1697.6,True,False
CUST00466,USA,Bal Harbour,Boutique (walk-in),2025-07-27,Client fidèle,2,38916.04,False,True
CUST00467,Japon,Osaka,Recommandation VIC,2025-08-22,VIC,2,85383.11,False,True
CUST00468,Moyen-Orient,Abu Dhabi,Recommandation VIC,2025-10-08,Découverte,1,7309.89,False,True
CUST00469,Japon,Tokyo Ginza,Recommandation VIC,2024-09-03,Client fidèle,2,19724.52,True,False
CUST00470,Moyen-Orient,Dubaï Mall,Boutique (walk-in),2025-12-19,Découverte,1,863.61,False,True
CUST00471,France (siège),Cannes,Recommandation VIC,2025-10-19,Découverte,1,7457.69,False,False
CUST00472,Moyen-Orient,Dubaï Mall,Digital / en ligne,2024-10-02,Découverte,3,11809.87,True,True
CUST00473,Japon,Tokyo Ginza,Digital / en ligne,2025-01-11,Découverte,3,1873.43,True,True
CUST00474,Japon,Osaka,Digital / en ligne,2024-12-06,Client fidèle,4,46053.8,True,True
CUST00475,Chine,Hong Kong,Recommandation VIC,2025-05-08,VIC,2,185706.13,False,True
CUST00476,USA,Bal Harbour,Recommandation VIC,2024-11-11,Client fidèle,3,55370.65,True,False
CUST00477,France (siège),Paris Champs-Élysées,Événement privé,2024-10-20,Client fidèle,3,29121.37,False,True
CUST00478,France (siège),Paris Vendôme,Boutique (walk-in),2024-12-17,Client fidèle,3,43834.28,True,True
CUST00479,Chine,Hong Kong,Recommandation VIC,2025-02-16,Client fidèle,2,30691.72,True,True
CUST00480,USA,Beverly Hills,Boutique (walk-in),2026-02-16,Découverte,0,0.0,False,False
CUST00481,France (siège),Paris Vendôme,Digital / en ligne,2026-03-31,Découverte,0,0.0,False,False
CUST00482,USA,Bal Harbour,Événement privé,2026-03-09,Découverte,0,0.0,False,False
CUST00483,Chine,Hong Kong,Recommandation VIC,2025-04-21,Découverte,2,9168.83,True,True
CUST00484,Chine,Shanghai,Digital / en ligne,2025-01-12,Découverte,3,2192.37,False,True
CUST00485,USA,New York 5th Ave,Événement privé,2026-03-19,Découverte,0,0.0,False,False
CUST00486,Japon,Tokyo Ginza,Boutique (walk-in),2025-02-22,Client fidèle,3,53397.04,False,True
CUST00487,Chine,Shanghai,Boutique (walk-in),2024-10-21,VIC,2,79009.9,True,False
CUST00488,Chine,Pékin,Événement privé,2025-01-11,Client fidèle,2,20131.31,True,False
CUST00489,Japon,Osaka,Boutique (walk-in),2025-12-05,Découverte,1,17997.78,False,True
CUST00490,USA,New York 5th Ave,Événement privé,2025-01-24,Découverte,1,13687.97,False,False
CUST00491,Chine,Shanghai,Boutique (walk-in),2025-12-19,Découverte,1,4659.75,False,True
CUST00492,Chine,Pékin,Boutique (walk-in),2025-04-10,Découverte,3,14996.58,False,True
CUST00493,Chine,Hong Kong,Événement privé,2026-02-05,Découverte,0,0.0,False,False
CUST00494,France (siège),Cannes,Événement privé,2025-03-04,Client fidèle,3,39147.16,True,True
CUST00495,Moyen-Orient,Dubaï Mall,Boutique (walk-in),2026-01-10,Découverte,1,561.6,False,True
CUST00496,Japon,Tokyo Ginza,Événement privé,2025-12-06,Découverte,1,15206.99,False,True
CUST00497,France (siège),Cannes,Recommandation VIC,2026-01-09,Client fidèle,1,23732.2,False,True
CUST00498,USA,Bal Harbour,Digital / en ligne,2024-10-15,VIC,5,91797.8,True,True
CUST00499,USA,Bal Harbour,Digital / en ligne,2026-04-23,Découverte,0,0.0,False,False
CUST00500,Chine,Hong Kong,Boutique (walk-in),2025-04-13,Client fidèle,3,30214.52,False,True
CUST00501,Moyen-Orient,Abu Dhabi,Boutique (walk-in),2024-12-01,Client fidèle,4,42702.57,True,True
CUST00502,Chine,Shanghai,Boutique (walk-in),2025-12-29,Découverte,1,812.51,False,True
CUST00503,Chine,Shanghai,Recommandation VIC,2026-03-07,Découverte,0,0.0,False,False
CUST00504,USA,New York 5th Ave,Recommandation VIC,2026-03-19,VIC,1,87949.21,False,True
CUST00505,Chine,Hong Kong,Boutique (walk-in),2025-04-04,VIC,2,65213.36,True,True
CUST00506,France (siège),Paris Vendôme,Boutique (walk-in),2024-11-02,Découverte,1,861.19,False,False
CUST00507,Chine,Hong Kong,Boutique (walk-in),2025-11-18,Client fidèle,2,36079.17,False,True
CUST00508,Japon,Osaka,Recommandation VIC,2026-02-10,Découverte,1,16843.1,False,False
CUST00509,France (siège),Paris Vendôme,Recommandation VIC,2025-12-14,Découverte,1,923.07,False,True
CUST00510,USA,New York 5th Ave,Digital / en ligne,2025-01-16,Client fidèle,3,47771.5,True,True
CUST00511,USA,Bal Harbour,Boutique (walk-in),2026-02-17,Client fidèle,1,50252.61,False,True
CUST00512,France (siège),Paris Vendôme,Recommandation VIC,2025-01-25,VIC,2,133712.48,True,False
CUST00513,Japon,Tokyo Ginza,Boutique (walk-in),2026-03-08,Client fidèle,1,21701.64,False,True
CUST00514,France (siège),Paris Vendôme,Événement privé,2026-01-20,Découverte,1,9031.65,False,True
CUST00515,France (siège),Cannes,Boutique (walk-in),2025-10-29,Client fidèle,2,29859.58,True,True
CUST00516,France (siège),Paris Vendôme,Digital / en ligne,2024-10-16,Client fidèle,2,27725.75,False,False
CUST00517,Japon,Tokyo Ginza,Boutique (walk-in),2025-03-22,VIC,1,90233.24,False,False
CUST00518,Moyen-Orient,Abu Dhabi,Recommandation VIC,2025-03-16,Découverte,2,1314.54,False,True
CUST00519,France (siège),Paris Champs-Élysées,Boutique (walk-in),2025-04-17,Client fidèle,3,29394.48,True,False
CUST00520,Japon,Osaka,Boutique (walk-in),2026-02-14,Découverte,1,9541.34,False,True
CUST00521,USA,New York 5th Ave,Boutique (walk-in),2026-04-09,Découverte,0,0.0,False,False
CUST00522,Chine,Hong Kong,Recommandation VIC,2025-07-12,Client fidèle,3,26540.38,False,True
CUST00523,Chine,Hong Kong,Digital / en ligne,2025-08-22,VIC,2,83691.87,False,True
CUST00524,Chine,Hong Kong,Recommandation VIC,2025-03-19,Client fidèle,3,25046.56,True,False
CUST00525,Moyen-Orient,Abu Dhabi,Boutique (walk-in),2026-02-27,Découverte,0,0.0,False,False
CUST00526,Japon,Tokyo Ginza,Digital / en ligne,2024-09-17,Client fidèle,4,42407.83,True,True
CUST00527,USA,Bal Harbour,Boutique (walk-in),2026-02-01,Client fidèle,1,28645.22,False,True
CUST00528,USA,New York 5th Ave,Recommandation VIC,2026-03-22,Découverte,0,0.0,False,False
CUST00529,Chine,Pékin,Boutique (walk-in),2026-01-18,Découverte,1,10692.65,False,True
CUST00530,Chine,Hong Kong,Boutique (walk-in),2026-04-01,Découverte,0,0.0,False,False
CUST00531,Chine,Pékin,Recommandation VIC,2026-02-24,Découverte,1,712.97,False,True
CUST00532,USA,Beverly Hills,Boutique (walk-in),2024-09-29,VIC,5,95936.6,True,True
CUST00533,France (siège),Cannes,Recommandation VIC,2024-12-31,Client fidèle,3,38224.97,True,True
CUST00534,USA,Bal Harbour,Boutique (walk-in),2024-12-09,Client fidèle,3,22155.47,True,True
CUST00535,France (siège),Paris Vendôme,Recommandation VIC,2024-10-24,Découverte,1,765.95,False,False
CUST00536,Japon,Osaka,Recommandation VIC,2025-12-06,Client fidèle,1,19710.02,False,True
CUST00537,Moyen-Orient,Abu Dhabi,Digital / en ligne,2026-02-22,Découverte,0,0.0,False,False
CUST00538,France (siège),Cannes,Boutique (walk-in),2025-01-13,Client fidèle,1,27340.22,False,False
CUST00539,Moyen-Orient,Abu Dhabi,Recommandation VIC,2025-03-08,Client fidèle,4,52428.26,True,True
CUST00540,Chine,Hong Kong,Boutique (walk-in),2025-11-25,Découverte,1,12811.01,False,True
CUST00541,Chine,Hong Kong,Recommandation VIC,2025-09-22,VIC,2,65519.39,False,True
CUST00542,USA,New York 5th Ave,Boutique (walk-in),2025-05-04,Client fidèle,2,21138.95,True,True
CUST00543,France (siège),Paris Champs-Élysées,Boutique (walk-in),2025-02-22,Client fidèle,3,44413.94,True,True
CUST00544,France (siège),Paris Champs-Élysées,Boutique (walk-in),2025-04-23,Client fidèle,1,33802.63,False,False
CUST00545,Japon,Tokyo Ginza,Boutique (walk-in),2025-05-08,VIC,3,66022.92,True,False
CUST00546,USA,Beverly Hills,Boutique (walk-in),2025-07-03,Client fidèle,2,20854.65,True,True
CUST00547,Moyen-Orient,Dubaï Mall,Digital / en ligne,2025-03-14,Découverte,3,13503.66,False,True
CUST00548,USA,New York 5th Ave,Recommandation VIC,2025-10-21,Découverte,1,13121.25,False,False
CUST00549,USA,New York 5th Ave,Boutique (walk-in),2025-10-04,Découverte,1,9399.05,False,True
CUST00550,Chine,Hong Kong,Événement privé,2024-10-03,Découverte,2,1336.98,True,False
CUST00551,Chine,Shanghai,Boutique (walk-in),2025-12-22,Découverte,1,788.26,False,True
CUST00552,Moyen-Orient,Abu Dhabi,Recommandation VIC,2025-03-19,Client fidèle,2,29103.04,False,False
CUST00553,Japon,Osaka,Événement privé,2025-11-29,Découverte,1,14276.55,False,True
CUST00554,France (siège),Cannes,Recommandation VIC,2025-06-26,Découverte,1,11798.41,False,True
CUST00555,Japon,Osaka,Boutique (walk-in),2026-03-10,Découverte,0,0.0,False,False
CUST00556,Moyen-Orient,Dubaï Mall,Digital / en ligne,2025-12-04,VIC,2,71398.25,True,True
CUST00557,USA,Beverly Hills,Digital / en ligne,2024-12-31,VIC,3,103315.92,True,True
CUST00558,Chine,Shanghai,Digital / en ligne,2025-06-23,Découverte,2,10897.01,False,True
CUST00559,Japon,Osaka,Événement privé,2025-07-02,Client fidèle,2,19799.3,False,True
CUST00560,France (siège),Paris Champs-Élysées,Événement privé,2025-08-14,VIC,2,127873.05,True,True
CUST00561,Moyen-Orient,Abu Dhabi,Événement privé,2025-12-14,Découverte,1,8869.38,False,False
CUST00562,Chine,Pékin,Digital / en ligne,2025-01-31,Client fidèle,2,27889.45,False,False
CUST00563,Chine,Shanghai,Événement privé,2025-04-26,Découverte,2,11229.9,False,False
CUST00564,USA,Bal Harbour,Digital / en ligne,2024-09-18,Découverte,1,732.33,False,False
CUST00565,Chine,Pékin,Recommandation VIC,2025-06-04,Découverte,2,17420.82,False,True
CUST00566,France (siège),Paris Champs-Élysées,Digital / en ligne,2025-09-07,VIC,2,128752.32,True,True
CUST00567,Moyen-Orient,Dubaï Mall,Boutique (walk-in),2025-06-23,Client fidèle,2,46658.0,True,True
CUST00568,France (siège),Cannes,Boutique (walk-in),2025-06-16,Découverte,1,14067.55,False,False
CUST00569,USA,New York 5th Ave,Boutique (walk-in),2025-10-05,Client fidèle,2,48394.28,False,True
CUST00570,Moyen-Orient,Dubaï Mall,Boutique (walk-in),2024-12-29,Client fidèle,3,60250.87,True,True
CUST00571,Japon,Osaka,Boutique (walk-in),2025-01-25,Client fidèle,3,19423.07,True,True
CUST00572,Chine,Hong Kong,Boutique (walk-in),2024-12-27,VIC,4,207039.2,True,True
CUST00573,France (siège),Paris Champs-Élysées,Boutique (walk-in),2025-12-01,Découverte,1,633.37,False,True
CUST00574,France (siège),Paris Vendôme,Digital / en ligne,2024-12-31,Client fidèle,3,40795.46,True,True
CUST00575,Chine,Hong Kong,Recommandation VIC,2025-12-08,Client fidèle,1,21000.24,False,True
CUST00576,Chine,Pékin,Recommandation VIC,2025-09-29,VIC,1,141306.75,False,True
CUST00577,USA,Bal Harbour,Événement privé,2025-09-25,Découverte,1,11267.29,False,True
CUST00578,France (siège),Paris Champs-Élysées,Événement privé,2026-04-13,Découverte,0,0.0,False,False
CUST00579,France (siège),Paris Champs-Élysées,Événement privé,2024-10-24,VIC,3,141593.19,False,False
CUST00580,Japon,Osaka,Recommandation VIC,2025-06-30,Découverte,2,13666.54,True,True
CUST00581,France (siège),Paris Vendôme,Événement privé,2026-03-11,Découverte,0,0.0,False,False
CUST00582,USA,Bal Harbour,Recommandation VIC,2025-01-03,Découverte,1,1244.52,False,False
CUST00583,France (siège),Cannes,Recommandation VIC,2025-11-18,Découverte,1,1040.73,False,True
CUST00584,France (siège),Paris Champs-Élysées,Recommandation VIC,2025-07-19,Découverte,2,1169.5,False,True
CUST00585,Moyen-Orient,Dubaï Mall,Digital / en ligne,2025-02-07,Client fidèle,2,37885.44,True,False
CUST00586,USA,Beverly Hills,Événement privé,2025-01-20,VIC,4,74400.27,True,True
CUST00587,France (siège),Cannes,Boutique (walk-in),2025-09-16,Client fidèle,2,18182.81,True,True
CUST00588,USA,Beverly Hills,Recommandation VIC,2026-01-20,Découverte,1,592.84,False,True
CUST00589,Chine,Pékin,Recommandation VIC,2025-09-29,Découverte,2,14327.22,True,True
CUST00590,France (siège),Paris Vendôme,Recommandation VIC,2025-10-11,Client fidèle,2,54687.11,True,True
CUST00591,USA,Beverly Hills,Boutique (walk-in),2025-11-26,Découverte,1,16249.71,False,True
CUST00592,Japon,Tokyo Ginza,Boutique (walk-in),2025-01-25,Client fidèle,3,29885.48,True,True
CUST00593,USA,New York 5th Ave,Recommandation VIC,2025-02-10,VIC,2,148827.65,True,True
CUST00594,Moyen-Orient,Abu Dhabi,Recommandation VIC,2025-05-03,VIC,2,92260.86,True,True
CUST00595,USA,New York 5th Ave,Digital / en ligne,2024-11-28,Découverte,1,13135.56,False,False
CUST00596,Japon,Osaka,Boutique (walk-in),2025-09-13,Client fidèle,2,39140.71,True,True
CUST00597,France (siège),Cannes,Digital / en ligne,2024-12-20,Découverte,3,11837.49,True,True
CUST00598,France (siège),Paris Vendôme,Digital / en ligne,2024-11-25,Client fidèle,3,24484.09,False,True
CUST00599,USA,Beverly Hills,Recommandation VIC,2025-05-11,Découverte,2,13818.33,True,True
CUST00600,France (siège),Paris Vendôme,Recommandation VIC,2025-11-15,Découverte,2,15442.08,True,True
CUST00601,USA,New York 5th Ave,Digital / en ligne,2025-01-27,Client fidèle,3,58107.67,True,True
CUST00602,USA,New York 5th Ave,Événement privé,2025-10-04,Découverte,1,8284.1,False,True
CUST00603,Chine,Pékin,Événement privé,2026-02-19,Client fidèle,1,31613.03,False,True
CUST00604,USA,New York 5th Ave,Boutique (walk-in),2025-05-15,VIC,3,114702.66,False,False
CUST00605,Chine,Shanghai,Recommandation VIC,2025-12-14,Découverte,1,9272.56,False,True
CUST00606,USA,New York 5th Ave,Événement privé,2025-07-13,VIC,1,70201.38,False,False
CUST00607,France (siège),Cannes,Digital / en ligne,2025-11-20,Client fidèle,2,19691.45,False,True
CUST00608,Chine,Pékin,Recommandation VIC,2024-10-16,Client fidèle,4,53031.24,True,True
CUST00609,France (siège),Paris Vendôme,Digital / en ligne,2025-04-27,Client fidèle,1,39636.48,False,False
CUST00610,Japon,Tokyo Ginza,Boutique (walk-in),2024-10-13,Client fidèle,3,38237.23,True,True
CUST00611,Moyen-Orient,Dubaï Mall,Boutique (walk-in),2025-03-28,Client fidèle,3,34463.53,False,True
CUST00612,USA,New York 5th Ave,Boutique (walk-in),2024-09-28,Découverte,2,2121.35,False,False
CUST00613,Moyen-Orient,Abu Dhabi,Boutique (walk-in),2026-02-14,Client fidèle,1,20035.81,False,True
CUST00614,France (siège),Paris Champs-Élysées,Événement privé,2025-07-15,Client fidèle,2,39316.02,True,True
CUST00615,Moyen-Orient,Abu Dhabi,Boutique (walk-in),2026-01-28,Découverte,1,747.39,False,True
CUST00616,Chine,Shanghai,Boutique (walk-in),2025-08-09,VIC,4,173662.43,True,True
CUST00617,France (siège),Cannes,Digital / en ligne,2025-06-21,Client fidèle,2,36528.33,False,True
CUST00618,France (siège),Paris Champs-Élysées,Événement privé,2025-03-09,Client fidèle,2,22465.24,True,True
CUST00619,USA,Bal Harbour,Recommandation VIC,2026-01-10,Découverte,1,12989.36,False,True
CUST00620,Chine,Shanghai,Boutique (walk-in),2024-11-06,Client fidèle,1,41080.82,False,False
CUST00621,France (siège),Cannes,Recommandation VIC,2026-03-25,Découverte,0,0.0,False,False
CUST00622,Chine,Hong Kong,Boutique (walk-in),2024-11-10,Client fidèle,4,58012.05,True,True
CUST00623,USA,Bal Harbour,Événement privé,2026-01-28,Découverte,1,1004.9,False,True
CUST00624,Moyen-Orient,Abu Dhabi,Recommandation VIC,2025-04-26,Client fidèle,2,22403.14,False,True
CUST00625,USA,Beverly Hills,Boutique (walk-in),2025-09-17,Client fidèle,1,23286.3,False,False
CUST00626,Japon,Tokyo Ginza,Événement privé,2025-05-09,Client fidèle,2,23100.61,False,True
CUST00627,France (siège),Paris Champs-Élysées,Boutique (walk-in),2026-03-11,Découverte,0,0.0,False,False
CUST00628,USA,New York 5th Ave,Recommandation VIC,2024-11-17,Découverte,1,12373.14,False,False
CUST00629,Japon,Osaka,Recommandation VIC,2025-02-09,Client fidèle,3,28048.11,True,True
CUST00630,Japon,Osaka,Recommandation VIC,2025-07-11,Client fidèle,2,18236.74,True,True
CUST00631,France (siège),Paris Champs-Élysées,Événement privé,2026-02-15,Découverte,0,0.0,False,False
CUST00632,Moyen-Orient,Dubaï Mall,Boutique (walk-in),2026-03-18,Découverte,0,0.0,False,False
CUST00633,Chine,Hong Kong,Recommandation VIC,2025-05-25,VIC,3,71885.1,True,True
CUST00634,Moyen-Orient,Abu Dhabi,Événement privé,2026-01-14,Découverte,1,748.19,False,True
CUST00635,France (siège),Paris Champs-Élysées,Digital / en ligne,2026-01-07,Découverte,1,919.71,False,True
CUST00636,Moyen-Orient,Abu Dhabi,Boutique (walk-in),2025-04-15,Client fidèle,2,27279.65,True,True
CUST00637,Moyen-Orient,Dubaï Mall,Événement privé,2025-09-16,Client fidèle,2,55431.6,False,True
CUST00638,USA,Bal Harbour,Recommandation VIC,2025-06-14,Découverte,2,1470.07,True,False
CUST00639,Japon,Tokyo Ginza,Boutique (walk-in),2025-04-14,VIC,3,73794.24,False,True
CUST00640,France (siège),Paris Vendôme,Recommandation VIC,2025-02-23,Client fidèle,3,38989.01,False,True
CUST00641,USA,Bal Harbour,Boutique (walk-in),2025-06-13,Client fidèle,2,27948.3,True,True
CUST00642,Chine,Shanghai,Recommandation VIC,2025-12-20,Découverte,1,545.69,False,True
CUST00643,Moyen-Orient,Abu Dhabi,Recommandation VIC,2025-07-04,VIC,4,99803.52,True,True
CUST00644,Moyen-Orient,Dubaï Mall,Recommandation VIC,2025-08-09,VIC,2,89574.41,True,True
CUST00645,USA,Bal Harbour,Boutique (walk-in),2025-01-30,VIC,3,68591.31,False,True
CUST00646,Chine,Pékin,Événement privé,2024-09-10,VIC,4,74881.29,False,True
CUST00647,Moyen-Orient,Dubaï Mall,Événement privé,2025-05-14,Client fidèle,2,25040.96,True,True
CUST00648,Chine,Hong Kong,Recommandation VIC,2025-09-08,Client fidèle,1,21555.84,False,True
CUST00649,France (siège),Paris Vendôme,Boutique (walk-in),2025-05-06,Découverte,2,17156.94,False,True
CUST00650,France (siège),Paris Vendôme,Recommandation VIC,2025-09-13,Découverte,1,844.85,False,True
CUST00651,Moyen-Orient,Abu Dhabi,Boutique (walk-in),2024-11-13,Découverte,2,10711.67,True,False
CUST00652,France (siège),Paris Champs-Élysées,Boutique (walk-in),2025-09-30,Découverte,1,877.38,False,True
CUST00653,France (siège),Paris Champs-Élysées,Digital / en ligne,2026-04-17,Découverte,1,8431.59,False,True
CUST00654,USA,Bal Harbour,Digital / en ligne,2025-10-19,Découverte,1,12647.09,False,True
CUST00655,USA,New York 5th Ave,Digital / en ligne,2025-08-27,Découverte,1,13732.39,False,True
CUST00656,Japon,Osaka,Boutique (walk-in),2025-09-30,VIC,1,105069.91,False,True
CUST00657,Chine,Hong Kong,Boutique (walk-in),2025-10-17,Découverte,1,595.54,False,True
CUST00658,Moyen-Orient,Dubaï Mall,Boutique (walk-in),2026-02-18,Découverte,1,17568.56,False,True
CUST00659,France (siège),Cannes,Recommandation VIC,2026-01-24,VIC,1,156503.8,False,True
CUST00660,Chine,Shanghai,Recommandation VIC,2026-04-02,Découverte,0,0.0,False,False
CUST00661,France (siège),Cannes,Boutique (walk-in),2025-08-16,Découverte,2,11283.45,True,False
CUST00662,Japon,Osaka,Boutique (walk-in),2025-10-10,Découverte,1,634.49,False,True
CUST00663,Moyen-Orient,Dubaï Mall,Événement privé,2025-08-19,Découverte,1,10761.37,False,False
CUST00664,Japon,Tokyo Ginza,Digital / en ligne,2025-09-29,Découverte,2,2114.12,True,True
CUST00665,Moyen-Orient,Abu Dhabi,Boutique (walk-in),2026-01-23,Découverte,0,0.0,False,False
CUST00666,USA,Bal Harbour,Digital / en ligne,2025-02-21,VIC,3,125259.79,False,True
CUST00667,Moyen-Orient,Abu Dhabi,Boutique (walk-in),2025-03-25,VIC,3,71717.49,True,True
CUST00668,Chine,Hong Kong,Recommandation VIC,2024-11-16,Very VIP,4,824488.43,True,True
CUST00669,USA,Beverly Hills,Boutique (walk-in),2026-02-09,Découverte,0,0.0,False,False
CUST00670,France (siège),Cannes,Recommandation VIC,2026-03-24,Client fidèle,1,21999.32,False,True
CUST00671,Japon,Osaka,Événement privé,2026-01-11,Découverte,1,636.74,False,True
CUST00672,USA,Bal Harbour,Recommandation VIC,2025-04-15,Découverte,2,12686.64,False,True
CUST00673,France (siège),Paris Vendôme,Événement privé,2025-05-08,VIC,2,159896.12,False,True
CUST00674,Japon,Tokyo Ginza,Événement privé,2024-09-04,VIC,4,68119.4,True,False
CUST00675,France (siège),Cannes,Boutique (walk-in),2025-05-23,Client fidèle,2,32122.56,False,True
CUST00676,Moyen-Orient,Dubaï Mall,Recommandation VIC,2026-02-04,Découverte,1,614.72,False,True
CUST00677,Japon,Osaka,Digital / en ligne,2025-06-21,Client fidèle,2,61629.38,True,True
CUST00678,France (siège),Paris Champs-Élysées,Boutique (walk-in),2025-10-13,Découverte,1,14567.83,False,True
CUST00679,USA,New York 5th Ave,Digital / en ligne,2024-12-29,VIC,5,138351.4,True,True
CUST00680,Chine,Hong Kong,Boutique (walk-in),2025-05-12,Client fidèle,2,43659.03,False,True
CUST00681,France (siège),Cannes,Boutique (walk-in),2025-11-19,Découverte,1,865.29,False,True
CUST00682,Chine,Hong Kong,Événement privé,2025-05-20,Découverte,2,8772.74,False,True
CUST00683,Moyen-Orient,Abu Dhabi,Recommandation VIC,2024-10-04,Client fidèle,3,52205.13,True,False
CUST00684,Chine,Hong Kong,Boutique (walk-in),2026-04-03,Découverte,0,0.0,False,False
CUST00685,Chine,Pékin,Recommandation VIC,2025-10-12,Découverte,1,1042.41,False,True
CUST00686,Chine,Hong Kong,Digital / en ligne,2025-01-06,VIC,3,81420.03,True,False
CUST00687,France (siège),Paris Champs-Élysées,Digital / en ligne,2025-08-10,Découverte,2,13628.0,True,True
CUST00688,France (siège),Paris Champs-Élysées,Événement privé,2025-04-26,Découverte,2,9587.12,False,True
CUST00689,USA,New York 5th Ave,Digital / en ligne,2025-10-26,Découverte,1,11043.65,False,True
CUST00690,Japon,Tokyo Ginza,Digital / en ligne,2024-09-24,Client fidèle,2,19657.11,False,False
CUST00691,Chine,Shanghai,Événement privé,2025-09-23,Découverte,1,9040.09,False,True
CUST00692,France (siège),Paris Vendôme,Recommandation VIC,2025-10-12,Découverte,1,805.91,False,True
CUST00693,Chine,Pékin,Boutique (walk-in),2025-11-14,Client fidèle,1,20225.7,False,True
CUST00694,France (siège),Cannes,Boutique (walk-in),2025-02-15,VIC,2,115667.58,True,False
CUST00695,Moyen-Orient,Abu Dhabi,Événement privé,2026-02-19,Découverte,1,1076.32,False,True
CUST00696,Moyen-Orient,Abu Dhabi,Boutique (walk-in),2024-12-23,VIC,4,65397.73,True,True
CUST00697,USA,Bal Harbour,Recommandation VIC,2024-09-10,Client fidèle,3,42708.18,False,False
CUST00698,Chine,Hong Kong,Événement privé,2025-11-12,Découverte,1,1097.67,False,True
CUST00699,USA,New York 5th Ave,Événement privé,2025-02-13,Client fidèle,3,64696.36,True,True
CUST00700,Moyen-Orient,Dubaï Mall,Digital / en ligne,2024-10-10,Very VIP,6,332037.0,True,True
CUST00701,France (siège),Paris Vendôme,Boutique (walk-in),2025-01-01,VIC,3,111179.91,True,True
CUST00702,Chine,Shanghai,Boutique (walk-in),2025-06-16,Client fidèle,3,45556.29,True,True
CUST00703,USA,New York 5th Ave,Recommandation VIC,2025-12-23,Client fidèle,1,29601.37,False,True
CUST00704,Japon,Osaka,Boutique (walk-in),2025-04-22,VIC,2,129228.62,True,True
CUST00705,Japon,Osaka,Digital / en ligne,2025-07-07,Client fidèle,2,29038.27,True,False
CUST00706,France (siège),Paris Champs-Élysées,Boutique (walk-in),2025-07-06,VIC,2,147879.12,False,True
CUST00707,France (siège),Paris Vendôme,Recommandation VIC,2025-07-29,VIC,2,133995.88,True,True
CUST00708,Chine,Hong Kong,Recommandation VIC,2025-03-25,VIC,3,135337.73,True,True
CUST00709,Chine,Hong Kong,Digital / en ligne,2025-10-13,Découverte,1,385.92,False,True
CUST00710,France (siège),Paris Champs-Élysées,Boutique (walk-in),2025-08-16,Découverte,1,14822.86,False,False
CUST00711,Moyen-Orient,Abu Dhabi,Boutique (walk-in),2024-10-22,Découverte,1,14635.19,False,False
CUST00712,Chine,Shanghai,Recommandation VIC,2026-04-10,Découverte,0,0.0,False,False
CUST00713,USA,New York 5th Ave,Recommandation VIC,2025-09-26,VIC,4,152970.67,True,True
CUST00714,Chine,Pékin,Recommandation VIC,2024-11-24,Découverte,2,15593.51,True,False
CUST00715,France (siège),Cannes,Recommandation VIC,2025-02-08,VIC,3,150087.79,True,False
CUST00716,USA,Beverly Hills,Digital / en ligne,2026-04-16,Découverte,0,0.0,False,False
CUST00717,Chine,Shanghai,Boutique (walk-in),2025-09-10,Découverte,1,1465.86,False,False
CUST00718,Chine,Pékin,Recommandation VIC,2026-03-28,Découverte,0,0.0,False,False
CUST00719,Japon,Osaka,Boutique (walk-in),2025-12-31,Découverte,1,11072.39,False,True
CUST00720,Moyen-Orient,Abu Dhabi,Boutique (walk-in),2025-03-29,Découverte,1,365.08,False,False
CUST00721,Moyen-Orient,Dubaï Mall,Digital / en ligne,2024-12-07,VIC,4,102307.28,True,True
CUST00722,USA,Beverly Hills,Digital / en ligne,2024-09-19,Client fidèle,3,27405.83,True,True
CUST00723,France (siège),Cannes,Boutique (walk-in),2026-03-28,Découverte,0,0.0,False,False
CUST00724,USA,Bal Harbour,Boutique (walk-in),2025-09-23,Découverte,1,17274.99,False,True
CUST00725,Chine,Hong Kong,Boutique (walk-in),2025-05-06,Client fidèle,2,24855.28,True,True
CUST00726,France (siège),Paris Champs-Élysées,Événement privé,2025-07-09,VIC,2,174007.31,False,True
CUST00727,Chine,Hong Kong,Recommandation VIC,2025-11-27,Découverte,1,8431.16,False,True
CUST00728,France (siège),Cannes,Digital / en ligne,2024-09-02,Client fidèle,2,20542.03,True,False
CUST00729,France (siège),Paris Vendôme,Recommandation VIC,2026-03-31,Découverte,0,0.0,False,False
CUST00730,USA,New York 5th Ave,Digital / en ligne,2026-02-23,Découverte,1,964.66,False,True
CUST00731,USA,Beverly Hills,Événement privé,2025-05-27,Client fidèle,3,21586.52,False,True
CUST00732,Moyen-Orient,Abu Dhabi,Recommandation VIC,2025-03-03,Client fidèle,3,28790.87,True,True
CUST00733,USA,Bal Harbour,Recommandation VIC,2025-05-29,Client fidèle,2,21045.52,True,True
CUST00734,France (siège),Paris Vendôme,Recommandation VIC,2025-08-29,Découverte,2,17727.07,True,True
CUST00735,Chine,Shanghai,Digital / en ligne,2024-11-16,Découverte,1,17424.97,False,False
CUST00736,USA,Beverly Hills,Événement privé,2024-10-03,Client fidèle,3,46427.83,True,False
CUST00737,Japon,Tokyo Ginza,Recommandation VIC,2024-12-29,Découverte,3,14587.19,False,True
CUST00738,USA,New York 5th Ave,Boutique (walk-in),2024-10-13,Découverte,1,826.15,False,False
CUST00739,France (siège),Paris Champs-Élysées,Digital / en ligne,2024-10-11,VIC,3,99079.1,True,True
CUST00740,USA,Bal Harbour,Digital / en ligne,2024-12-24,Client fidèle,4,44655.37,True,True
CUST00741,Moyen-Orient,Dubaï Mall,Boutique (walk-in),2025-06-28,Découverte,1,513.96,False,False
CUST00742,Japon,Tokyo Ginza,Boutique (walk-in),2024-10-01,Client fidèle,3,42070.94,True,True
CUST00743,Moyen-Orient,Dubaï Mall,Recommandation VIC,2024-10-22,Client fidèle,3,24191.76,True,True
CUST00744,Chine,Shanghai,Événement privé,2025-06-26,VIC,2,113241.4,True,False
CUST00745,Chine,Shanghai,Recommandation VIC,2025-03-31,Client fidèle,3,31164.15,True,True
CUST00746,USA,Bal Harbour,Recommandation VIC,2025-02-13,Découverte,3,2987.24,False,False
CUST00747,Moyen-Orient,Abu Dhabi,Boutique (walk-in),2025-04-06,Client fidèle,2,40314.08,False,True
CUST00748,France (siège),Paris Champs-Élysées,Digital / en ligne,2026-03-29,Découverte,0,0.0,False,False
CUST00749,France (siège),Paris Vendôme,Recommandation VIC,2025-10-20,Découverte,1,5253.94,False,True
CUST00750,Moyen-Orient,Dubaï Mall,Recommandation VIC,2026-03-11,Découverte,0,0.0,False,False
CUST00751,Chine,Shanghai,Événement privé,2025-11-30,Découverte,1,10395.04,False,False
CUST00752,Japon,Tokyo Ginza,Événement privé,2025-08-11,Découverte,2,7774.58,False,True
CUST00753,Moyen-Orient,Abu Dhabi,Digital / en ligne,2025-04-22,Client fidèle,3,55537.45,True,True
CUST00754,Chine,Shanghai,Recommandation VIC,2025-10-23,VIC,1,90445.27,False,True
CUST00755,Japon,Tokyo Ginza,Recommandation VIC,2024-11-24,Client fidèle,4,26091.43,True,True
CUST00756,Japon,Tokyo Ginza,Événement privé,2024-11-10,Client fidèle,4,53535.94,True,True
CUST00757,Japon,Tokyo Ginza,Boutique (walk-in),2025-07-08,Découverte,2,16865.45,True,True
CUST00758,Moyen-Orient,Dubaï Mall,Digital / en ligne,2025-03-18,Découverte,3,15981.28,True,True
CUST00759,Moyen-Orient,Dubaï Mall,Boutique (walk-in),2026-04-19,Découverte,0,0.0,False,False
CUST00760,Moyen-Orient,Abu Dhabi,Recommandation VIC,2024-11-26,VIC,3,118799.04,True,True
CUST00761,France (siège),Paris Champs-Élysées,Digital / en ligne,2026-02-16,Découverte,1,1017.01,False,True
CUST00762,Moyen-Orient,Dubaï Mall,Événement privé,2024-12-06,Client fidèle,3,42599.89,False,True
CUST00763,USA,New York 5th Ave,Digital / en ligne,2025-09-07,Découverte,2,9342.33,False,True
CUST00764,Japon,Osaka,Événement privé,2025-06-12,Client fidèle,2,39002.98,True,False
CUST00765,France (siège),Paris Vendôme,Digital / en ligne,2025-04-19,Découverte,3,13969.99,True,True
CUST00766,Moyen-Orient,Abu Dhabi,Boutique (walk-in),2026-04-01,Client fidèle,1,25461.26,False,True
CUST00767,Moyen-Orient,Abu Dhabi,Recommandation VIC,2025-07-22,Découverte,2,2181.73,True,True
CUST00768,Japon,Tokyo Ginza,Digital / en ligne,2025-04-08,Client fidèle,3,18796.73,True,True
CUST00769,USA,Bal Harbour,Événement privé,2024-09-12,VIC,4,92610.22,True,True
CUST00770,Japon,Tokyo Ginza,Recommandation VIC,2025-07-23,VIC,2,120267.3,True,True
CUST00771,France (siège),Paris Champs-Élysées,Événement privé,2026-01-10,Découverte,1,15327.98,False,True
CUST00772,Moyen-Orient,Dubaï Mall,Boutique (walk-in),2025-07-05,Découverte,2,12580.2,False,True
CUST00773,France (siège),Cannes,Événement privé,2024-11-05,VIC,5,105123.59,True,True
CUST00774,France (siège),Cannes,Boutique (walk-in),2026-02-07,Découverte,0,0.0,False,False
CUST00775,USA,New York 5th Ave,Boutique (walk-in),2025-01-21,Client fidèle,4,31317.01,True,False
CUST00776,USA,Bal Harbour,Boutique (walk-in),2026-04-06,Découverte,0,0.0,False,False
CUST00777,France (siège),Paris Vendôme,Recommandation VIC,2026-02-03,Découverte,1,7303.95,False,True
CUST00778,Chine,Shanghai,Recommandation VIC,2026-04-04,Découverte,0,0.0,False,False
CUST00779,USA,Bal Harbour,Digital / en ligne,2025-03-25,VIC,4,120500.63,True,True
CUST00780,Japon,Tokyo Ginza,Recommandation VIC,2025-06-15,Client fidèle,2,44867.59,True,True
CUST00781,USA,Bal Harbour,Boutique (walk-in),2024-12-09,VIC,3,138005.99,True,False
CUST00782,Moyen-Orient,Abu Dhabi,Événement privé,2025-03-10,Découverte,2,1314.59,True,False
CUST00783,Chine,Hong Kong,Boutique (walk-in),2025-07-01,Découverte,1,820.94,False,False
CUST00784,USA,Beverly Hills,Boutique (walk-in),2024-12-23,Client fidèle,1,28617.18,False,False
CUST00785,Moyen-Orient,Abu Dhabi,Recommandation VIC,2025-08-17,VIC,1,86886.16,False,False
CUST00786,Japon,Osaka,Recommandation VIC,2025-09-06,Découverte,2,17846.93,True,True
CUST00787,Chine,Shanghai,Boutique (walk-in),2025-01-06,Découverte,3,15268.05,False,True
CUST00788,USA,Beverly Hills,Boutique (walk-in),2024-12-19,VIC,4,69666.17,True,True
CUST00789,France (siège),Cannes,Boutique (walk-in),2026-04-01,Découverte,0,0.0,False,False
CUST00790,Chine,Hong Kong,Recommandation VIC,2025-08-02,Découverte,1,13996.73,False,False
CUST00791,France (siège),Cannes,Recommandation VIC,2025-06-09,Client fidèle,2,48045.97,True,True
CUST00792,USA,Beverly Hills,Recommandation VIC,2025-06-28,Découverte,2,16935.82,True,True
CUST00793,Japon,Osaka,Digital / en ligne,2026-01-28,Client fidèle,1,31174.75,False,True
CUST00794,France (siège),Cannes,Événement privé,2024-10-06,VIC,4,74653.12,False,True
CUST00795,France (siège),Paris Champs-Élysées,Événement privé,2025-08-01,Client fidèle,2,43610.46,False,True
CUST00796,Chine,Shanghai,Boutique (walk-in),2026-03-06,Découverte,0,0.0,False,False
CUST00797,Chine,Shanghai,Digital / en ligne,2026-04-06,Découverte,0,0.0,False,False
CUST00798,Chine,Pékin,Événement privé,2024-12-17,Client fidèle,2,51267.7,False,False
CUST00799,Japon,Tokyo Ginza,Boutique (walk-in),2025-04-20,Client fidèle,3,42314.47,False,True
CUST00800,USA,Beverly Hills,Digital / en ligne,2025-11-16,Découverte,1,9731.84,False,True
CUST00801,France (siège),Paris Vendôme,Recommandation VIC,2026-01-06,Client fidèle,1,30382.12,False,True
CUST00802,USA,Beverly Hills,Digital / en ligne,2024-12-19,Client fidèle,3,43313.94,True,True
CUST00803,USA,Beverly Hills,Boutique (walk-in),2026-03-22,Découverte,0,0.0,False,False
CUST00804,France (siège),Paris Champs-Élysées,Recommandation VIC,2025-09-13,VIC,2,128712.38,False,True
CUST00805,Japon,Osaka,Recommandation VIC,2025-01-11,Découverte,3,2468.43,True,True
CUST00806,Chine,Hong Kong,Boutique (walk-in),2026-02-11,Découverte,0,0.0,False,False
CUST00807,Japon,Tokyo Ginza,Événement privé,2025-01-08,Client fidèle,3,54480.18,True,True
CUST00808,Chine,Shanghai,Digital / en ligne,2025-02-23,Découverte,1,1441.53,False,False
CUST00809,Chine,Hong Kong,Événement privé,2025-11-06,Découverte,1,9786.85,False,True
CUST00810,Japon,Tokyo Ginza,Digital / en ligne,2025-12-26,Découverte,1,1163.67,False,True
CUST00811,Japon,Osaka,Recommandation VIC,2025-04-16,Découverte,2,13187.48,True,True
CUST00812,Japon,Osaka,Événement privé,2026-03-05,Découverte,0,0.0,False,False
CUST00813,France (siège),Paris Champs-Élysées,Événement privé,2025-05-09,VIC,2,162358.67,False,True
CUST00814,Moyen-Orient,Dubaï Mall,Boutique (walk-in),2025-02-26,Client fidèle,2,21412.95,True,True
CUST00815,Moyen-Orient,Abu Dhabi,Recommandation VIC,2026-03-11,Découverte,0,0.0,False,False
CUST00816,Chine,Hong Kong,Événement privé,2026-02-03,Découverte,1,1131.66,False,True
CUST00817,Moyen-Orient,Abu Dhabi,Événement privé,2025-04-05,Découverte,2,11025.56,False,True
CUST00818,Japon,Tokyo Ginza,Recommandation VIC,2024-12-15,Client fidèle,4,42057.4,False,True
CUST00819,France (siège),Cannes,Recommandation VIC,2026-02-02,Découverte,1,562.17,False,True
CUST00820,USA,Beverly Hills,Recommandation VIC,2026-02-18,Découverte,1,15301.49,False,True
CUST00821,Chine,Shanghai,Boutique (walk-in),2025-09-14,Découverte,1,12320.54,False,True
CUST00822,France (siège),Paris Vendôme,Recommandation VIC,2025-10-10,Client fidèle,2,41576.83,False,True
CUST00823,Japon,Osaka,Boutique (walk-in),2025-01-01,Client fidèle,3,47697.32,False,True
CUST00824,USA,Bal Harbour,Digital / en ligne,2025-12-16,Découverte,1,847.06,False,True
CUST00825,France (siège),Cannes,Boutique (walk-in),2025-12-05,Client fidèle,1,26357.55,False,True
CUST00826,Moyen-Orient,Abu Dhabi,Boutique (walk-in),2024-10-31,VIC,4,114453.81,True,True
CUST00827,France (siège),Paris Vendôme,Digital / en ligne,2025-03-22,VIC,4,75606.83,True,True
CUST00828,USA,Bal Harbour,Boutique (walk-in),2025-05-21,Client fidèle,2,26751.23,True,True
CUST00829,Moyen-Orient,Dubaï Mall,Recommandation VIC,2025-06-19,Client fidèle,2,32961.36,True,True
CUST00830,Japon,Tokyo Ginza,Boutique (walk-in),2025-01-03,Client fidèle,4,40018.16,True,True
CUST00831,Chine,Shanghai,Recommandation VIC,2025-08-07,Client fidèle,2,49185.52,False,True
CUST00832,France (siège),Paris Champs-Élysées,Digital / en ligne,2025-07-22,Client fidèle,2,39011.9,False,False
CUST00833,USA,Beverly Hills,Recommandation VIC,2026-02-25,Découverte,0,0.0,False,False
CUST00834,Chine,Hong Kong,Recommandation VIC,2025-04-13,Client fidèle,1,37124.37,False,False
CUST00835,Moyen-Orient,Dubaï Mall,Boutique (walk-in),2025-03-09,VIC,3,100757.58,True,True
CUST00836,USA,New York 5th Ave,Événement privé,2024-11-22,VIC,3,74187.41,True,True
CUST00837,USA,New York 5th Ave,Recommandation VIC,2025-06-18,Client fidèle,2,38603.97,True,True
CUST00838,Chine,Hong Kong,Digital / en ligne,2026-04-12,Découverte,0,0.0,False,False
CUST00839,Moyen-Orient,Abu Dhabi,Boutique (walk-in),2025-08-11,VIC,2,192080.32,True,True
CUST00840,USA,New York 5th Ave,Boutique (walk-in),2024-12-11,Découverte,3,16327.66,True,True
CUST00841,Japon,Osaka,Recommandation VIC,2025-08-27,Client fidèle,1,27794.46,False,True
CUST00842,USA,New York 5th Ave,Boutique (walk-in),2025-04-23,Découverte,1,14334.55,False,False
CUST00843,France (siège),Paris Vendôme,Boutique (walk-in),2025-03-09,Découverte,2,1729.78,False,True
CUST00844,Chine,Shanghai,Digital / en ligne,2024-12-22,Découverte,3,4830.36,True,False
CUST00845,France (siège),Cannes,Boutique (walk-in),2024-09-06,VIC,5,188466.35,True,True
CUST00846,Japon,Osaka,Digital / en ligne,2025-06-20,VIC,2,128336.61,True,True
CUST00847,France (siège),Paris Vendôme,Événement privé,2024-12-05,Very VIP,3,322483.22,True,False
CUST00848,Moyen-Orient,Dubaï Mall,Recommandation VIC,2025-08-09,Découverte,1,827.01,False,False
CUST00849,France (siège),Paris Vendôme,Boutique (walk-in),2025-07-13,VIC,2,109573.72,True,True
CUST00850,France (siège),Cannes,Boutique (walk-in),2025-02-25,VIC,4,72965.54,True,True
CUST00851,Chine,Shanghai,Recommandation VIC,2026-01-18,Découverte,1,724.23,False,True
CUST00852,Japon,Osaka,Boutique (walk-in),2025-12-21,Découverte,1,1221.48,False,True
CUST00853,Chine,Pékin,Digital / en ligne,2025-10-27,Découverte,1,922.69,False,True
CUST00854,Chine,Shanghai,Boutique (walk-in),2025-06-15,VIC,3,147650.27,False,False
CUST00855,Moyen-Orient,Abu Dhabi,Recommandation VIC,2026-04-17,Découverte,0,0.0,False,False
CUST00856,Chine,Hong Kong,Boutique (walk-in),2024-10-01,Client fidèle,4,51371.97,True,True
CUST00857,Chine,Hong Kong,Boutique (walk-in),2025-10-15,Découverte,1,611.13,False,False
CUST00858,USA,Bal Harbour,Boutique (walk-in),2024-09-30,VIC,4,188832.46,False,True
CUST00859,Chine,Pékin,Recommandation VIC,2024-09-01,Client fidèle,1,21455.55,False,False
CUST00860,Chine,Pékin,Recommandation VIC,2024-12-23,Very VIP,5,250638.95,True,True
CUST00861,USA,Beverly Hills,Digital / en ligne,2024-11-21,Découverte,2,11637.74,False,False
CUST00862,France (siège),Cannes,Digital / en ligne,2025-04-26,VIC,2,65361.59,False,False
CUST00863,France (siège),Paris Vendôme,Digital / en ligne,2026-02-05,VIC,1,77820.74,False,True
CUST00864,USA,Beverly Hills,Événement privé,2025-01-04,Découverte,3,10212.65,True,True
CUST00865,France (siège),Paris Champs-Élysées,Recommandation VIC,2026-04-14,Découverte,0,0.0,False,False
CUST00866,Japon,Osaka,Digital / en ligne,2026-02-22,Découverte,1,15729.42,False,True
CUST00867,Chine,Hong Kong,Digital / en ligne,2024-11-27,Client fidèle,3,22069.12,True,True
CUST00868,Moyen-Orient,Abu Dhabi,Digital / en ligne,2024-10-23,VIC,4,92289.32,True,True
CUST00869,France (siège),Cannes,Boutique (walk-in),2024-10-26,VIC,3,185402.39,False,True
CUST00870,France (siège),Cannes,Recommandation VIC,2024-09-14,VIC,4,136169.01,False,True
CUST00871,Chine,Shanghai,Boutique (walk-in),2025-05-20,Découverte,2,13889.95,True,True
CUST00872,France (siège),Paris Champs-Élysées,Événement privé,2025-12-21,Découverte,1,10898.63,False,True
CUST00873,France (siège),Cannes,Boutique (walk-in),2026-02-20,Découverte,1,1147.73,False,True
CUST00874,USA,Beverly Hills,Événement privé,2026-02-19,Découverte,1,12172.57,False,True
CUST00875,USA,New York 5th Ave,Digital / en ligne,2024-12-10,Client fidèle,3,27181.61,True,True
CUST00876,USA,Beverly Hills,Recommandation VIC,2025-10-13,Découverte,1,11858.47,False,True
CUST00877,Moyen-Orient,Abu Dhabi,Recommandation VIC,2025-02-07,VIC,3,67386.07,False,True
CUST00878,France (siège),Cannes,Recommandation VIC,2026-01-03,Client fidèle,1,23710.06,False,True
CUST00879,Japon,Osaka,Boutique (walk-in),2025-12-25,Découverte,1,960.33,False,True
CUST00880,USA,Bal Harbour,Événement privé,2025-03-04,Very VIP,4,226552.64,True,True
CUST00881,USA,Beverly Hills,Recommandation VIC,2025-12-31,VIC,1,196281.51,False,True
CUST00882,Japon,Osaka,Recommandation VIC,2024-11-15,VIC,5,158659.48,True,True
CUST00883,France (siège),Paris Champs-Élysées,Boutique (walk-in),2026-04-23,Découverte,0,0.0,False,False
CUST00884,Japon,Tokyo Ginza,Recommandation VIC,2025-06-17,VIC,3,179842.68,True,True
CUST00885,Moyen-Orient,Abu Dhabi,Recommandation VIC,2025-01-27,VIC,3,119879.37,False,True
CUST00886,USA,Beverly Hills,Boutique (walk-in),2025-01-04,Client fidèle,3,27388.21,True,True
CUST00887,Japon,Osaka,Digital / en ligne,2025-04-28,VIC,2,97567.27,True,True
CUST00888,USA,New York 5th Ave,Digital / en ligne,2025-06-15,Client fidèle,3,46791.29,False,True
CUST00889,Chine,Pékin,Recommandation VIC,2025-09-20,Découverte,1,9912.78,False,True
CUST00890,Chine,Hong Kong,Recommandation VIC,2026-01-16,Client fidèle,1,24561.09,False,True
CUST00891,France (siège),Cannes,Boutique (walk-in),2025-03-01,Découverte,2,14784.68,False,True
CUST00892,Japon,Osaka,Recommandation VIC,2025-01-21,Client fidèle,3,26044.91,True,True
CUST00893,USA,Bal Harbour,Événement privé,2025-11-16,Client fidèle,2,41906.51,True,True
CUST00894,Chine,Hong Kong,Événement privé,2024-12-12,Very VIP,4,327454.85,False,True
CUST00895,France (siège),Paris Champs-Élysées,Recommandation VIC,2025-09-10,Client fidèle,1,18940.82,False,True
CUST00896,Moyen-Orient,Dubaï Mall,Boutique (walk-in),2025-09-07,Client fidèle,2,37364.05,True,True
CUST00897,Chine,Pékin,Recommandation VIC,2025-08-01,Client fidèle,2,28578.34,True,True
CUST00898,USA,Beverly Hills,Digital / en ligne,2026-02-24,VIC,1,166250.06,False,True
CUST00899,France (siège),Cannes,Recommandation VIC,2025-11-19,Client fidèle,1,19559.18,False,True
CUST00900,France (siège),Cannes,Digital / en ligne,2025-07-08,Client fidèle,2,46403.13,True,True
CUST00901,USA,Beverly Hills,Recommandation VIC,2025-09-18,Very VIP,2,221145.72,False,True
CUST00902,USA,Bal Harbour,Recommandation VIC,2024-12-16,VIC,4,189857.57,True,True
CUST00903,Chine,Hong Kong,Boutique (walk-in),2025-05-28,VIC,3,65588.98,False,True
CUST00904,Moyen-Orient,Abu Dhabi,Digital / en ligne,2024-09-14,VIC,4,172629.21,False,True
CUST00905,Chine,Shanghai,Boutique (walk-in),2026-01-21,Découverte,1,916.02,False,True
CUST00906,Moyen-Orient,Dubaï Mall,Boutique (walk-in),2025-04-11,Client fidèle,2,29714.27,True,True
CUST00907,Moyen-Orient,Dubaï Mall,Digital / en ligne,2024-11-09,VIC,3,78830.74,True,True
CUST00908,Moyen-Orient,Abu Dhabi,Digital / en ligne,2024-10-07,Client fidèle,3,53832.23,True,True
CUST00909,Chine,Hong Kong,Boutique (walk-in),2024-10-02,VIC,3,205575.02,True,False
CUST00910,France (siège),Paris Vendôme,Digital / en ligne,2024-12-01,VIC,3,126487.48,True,False
CUST00911,Moyen-Orient,Abu Dhabi,Recommandation VIC,2025-10-29,VIC,2,146874.42,False,True
CUST00912,Moyen-Orient,Dubaï Mall,Boutique (walk-in),2026-01-05,Découverte,1,15436.39,False,True
CUST00913,Chine,Shanghai,Événement privé,2025-11-07,Découverte,1,6551.96,False,False
CUST00914,France (siège),Cannes,Boutique (walk-in),2024-10-25,Client fidèle,3,18470.35,True,True
CUST00915,Japon,Tokyo Ginza,Événement privé,2025-01-29,VIC,3,171660.2,True,True
CUST00916,Chine,Shanghai,Boutique (walk-in),2026-02-27,Découverte,0,0.0,False,False
CUST00917,Chine,Shanghai,Digital / en ligne,2025-09-25,Client fidèle,2,39083.0,True,True
CUST00918,France (siège),Paris Vendôme,Recommandation VIC,2026-01-21,Découverte,1,733.5,False,True
CUST00919,USA,Beverly Hills,Boutique (walk-in),2025-11-09,Découverte,1,1098.59,False,True
CUST00920,USA,Bal Harbour,Recommandation VIC,2024-10-20,VIC,4,72080.45,True,False
CUST00921,France (siège),Paris Champs-Élysées,Événement privé,2026-03-31,Découverte,0,0.0,False,False
CUST00922,Japon,Osaka,Digital / en ligne,2025-12-19,Découverte,1,12371.89,False,True
CUST00923,France (siège),Paris Champs-Élysées,Recommandation VIC,2025-02-22,Découverte,2,13537.8,True,False
CUST00924,Japon,Osaka,Événement privé,2025-07-15,Client fidèle,2,30498.38,False,False
CUST00925,Chine,Shanghai,Boutique (walk-in),2025-02-25,Client fidèle,2,34192.85,True,True
CUST00926,USA,Beverly Hills,Boutique (walk-in),2026-01-17,Découverte,1,671.9,False,True
CUST00927,Chine,Hong Kong,Boutique (walk-in),2025-07-19,Client fidèle,2,28142.68,True,True
CUST00928,Chine,Pékin,Recommandation VIC,2025-11-30,Découverte,1,16422.63,False,True
CUST00929,Moyen-Orient,Dubaï Mall,Événement privé,2026-03-06,Découverte,0,0.0,False,False
CUST00930,France (siège),Cannes,Recommandation VIC,2025-05-13,Client fidèle,3,21849.08,True,True
CUST00931,Chine,Shanghai,Digital / en ligne,2026-01-17,Découverte,1,11065.37,False,True
CUST00932,France (siège),Paris Champs-Élysées,Recommandation VIC,2026-02-18,Découverte,1,826.48,False,True
CUST00933,Chine,Pékin,Recommandation VIC,2025-03-04,Client fidèle,4,51713.41,True,True
CUST00934,Japon,Osaka,Boutique (walk-in),2025-12-12,Client fidèle,1,18251.36,False,True
CUST00935,Japon,Tokyo Ginza,Événement privé,2025-12-15,Découverte,1,611.57,False,True
CUST00936,Moyen-Orient,Dubaï Mall,Boutique (walk-in),2024-09-26,Client fidèle,4,18741.74,True,False
CUST00937,France (siège),Cannes,Recommandation VIC,2025-02-19,Découverte,1,7441.89,False,False
CUST00938,France (siège),Paris Vendôme,Boutique (walk-in),2026-03-14,Découverte,0,0.0,False,False
CUST00939,Japon,Tokyo Ginza,Boutique (walk-in),2024-09-22,Client fidèle,4,55052.77,True,False
CUST00940,Chine,Pékin,Recommandation VIC,2024-11-12,Découverte,1,9706.39,False,False
CUST00941,Japon,Osaka,Boutique (walk-in),2025-06-05,Client fidèle,2,28616.13,False,True
CUST00942,Moyen-Orient,Dubaï Mall,Boutique (walk-in),2024-10-08,VIC,4,173400.31,True,True
CUST00943,France (siège),Cannes,Boutique (walk-in),2026-02-12,Découverte,1,15555.65,False,True
CUST00944,Moyen-Orient,Dubaï Mall,Recommandation VIC,2026-03-19,Découverte,1,1357.93,False,True
CUST00945,Chine,Pékin,Recommandation VIC,2025-07-14,Découverte,2,10473.35,True,True
CUST00946,USA,New York 5th Ave,Boutique (walk-in),2025-07-21,Découverte,1,805.81,False,False
CUST00947,USA,Bal Harbour,Recommandation VIC,2026-02-25,Découverte,0,0.0,False,False
CUST00948,Chine,Pékin,Événement privé,2025-04-21,Client fidèle,1,24926.16,False,False
CUST00949,USA,Beverly Hills,Digital / en ligne,2026-02-05,Découverte,1,1292.68,False,True
CUST00950,Moyen-Orient,Abu Dhabi,Digital / en ligne,2026-01-11,Découverte,1,9871.0,False,True
CUST00951,USA,New York 5th Ave,Recommandation VIC,2025-09-10,Client fidèle,1,26243.46,False,False
CUST00952,USA,Beverly Hills,Boutique (walk-in),2025-04-05,VIC,4,104103.44,True,True
CUST00953,Chine,Shanghai,Recommandation VIC,2025-10-19,VIC,1,109279.76,False,True
CUST00954,France (siège),Paris Vendôme,Boutique (walk-in),2025-07-21,Découverte,2,8548.06,False,False
CUST00955,France (siège),Cannes,Digital / en ligne,2025-10-25,Découverte,1,12030.02,False,True
CUST00956,France (siège),Paris Vendôme,Événement privé,2024-11-25,VIC,3,84836.84,True,True
CUST00957,Moyen-Orient,Dubaï Mall,Recommandation VIC,2025-05-01,VIC,4,82212.38,False,True
CUST00958,Japon,Tokyo Ginza,Recommandation VIC,2026-02-10,Client fidèle,1,22481.89,False,True
CUST00959,Japon,Osaka,Boutique (walk-in),2025-06-10,Découverte,2,1619.13,False,True
CUST00960,Chine,Hong Kong,Recommandation VIC,2024-10-22,Client fidèle,3,41395.15,True,True
CUST00961,Chine,Pékin,Boutique (walk-in),2024-11-07,VIC,3,69168.44,False,True
CUST00962,Chine,Hong Kong,Boutique (walk-in),2026-03-31,Découverte,0,0.0,False,False
CUST00963,France (siège),Paris Vendôme,Boutique (walk-in),2025-06-21,Client fidèle,1,24118.77,False,False
CUST00964,Chine,Hong Kong,Recommandation VIC,2025-12-07,Client fidèle,1,36174.23,False,True
CUST00965,France (siège),Paris Vendôme,Digital / en ligne,2025-04-10,VIC,2,74870.23,False,False
CUST00966,Japon,Osaka,Boutique (walk-in),2025-04-07,VIC,5,132029.48,True,True
CUST00967,Japon,Tokyo Ginza,Événement privé,2026-03-07,Découverte,0,0.0,False,False
CUST00968,Japon,Tokyo Ginza,Recommandation VIC,2025-02-07,Découverte,2,1458.08,True,True
CUST00969,USA,Bal Harbour,Digital / en ligne,2026-04-16,Découverte,0,0.0,False,False
CUST00970,Moyen-Orient,Abu Dhabi,Recommandation VIC,2025-01-28,Découverte,1,701.5,False,False
CUST00971,Moyen-Orient,Dubaï Mall,Recommandation VIC,2024-09-25,VIC,4,66061.88,True,True
CUST00972,France (siège),Cannes,Recommandation VIC,2025-05-27,Découverte,1,11611.05,False,False
CUST00973,Japon,Tokyo Ginza,Recommandation VIC,2026-02-14,Découverte,1,6568.45,False,True
CUST00974,France (siège),Paris Vendôme,Recommandation VIC,2024-09-26,Client fidèle,4,31763.7,False,True
CUST00975,Chine,Pékin,Recommandation VIC,2026-04-13,Découverte,0,0.0,False,False
CUST00976,Chine,Shanghai,Digital / en ligne,2025-05-07,Client fidèle,4,49351.92,True,True
CUST00977,Chine,Hong Kong,Boutique (walk-in),2024-12-25,Client fidèle,3,30814.6,True,True
CUST00978,USA,New York 5th Ave,Digital / en ligne,2024-09-07,Découverte,4,14392.18,True,True
CUST00979,USA,Beverly Hills,Boutique (walk-in),2025-04-02,VIC,5,174142.28,True,True
CUST00980,France (siège),Paris Champs-Élysées,Digital / en ligne,2024-12-04,Client fidèle,2,29259.42,False,False
CUST00981,Chine,Hong Kong,Boutique (walk-in),2025-12-21,Client fidèle,1,27053.46,False,True
CUST00982,France (siège),Paris Champs-Élysées,Boutique (walk-in),2025-01-15,Client fidèle,3,18242.48,True,True
CUST00983,Chine,Shanghai,Boutique (walk-in),2026-03-24,Découverte,0,0.0,False,False
CUST00984,USA,Bal Harbour,Boutique (walk-in),2025-08-19,Découverte,1,757.62,False,True
CUST00985,France (siège),Cannes,Digital / en ligne,2024-12-21,Client fidèle,3,32960.93,True,True
CUST00986,USA,Beverly Hills,Recommandation VIC,2026-03-12,Client fidèle,1,35803.39,False,False
CUST00987,Chine,Hong Kong,Recommandation VIC,2026-04-12,Découverte,0,0.0,False,False
CUST00988,France (siège),Paris Vendôme,Recommandation VIC,2024-11-07,VIC,4,133247.88,True,True
CUST00989,France (siège),Cannes,Boutique (walk-in),2024-10-06,Client fidèle,3,40142.96,False,True
CUST00990,Japon,Tokyo Ginza,Boutique (walk-in),2025-04-16,Client fidèle,2,41080.13,True,True
CUST00991,USA,Beverly Hills,Boutique (walk-in),2025-02-05,Découverte,3,11585.37,True,True
CUST00992,France (siège),Paris Champs-Élysées,Boutique (walk-in),2025-05-05,VIC,4,86090.39,True,True
CUST00993,Chine,Hong Kong,Recommandation VIC,2025-12-18,Découverte,1,1229.71,False,True
CUST00994,France (siège),Cannes,Recommandation VIC,2025-05-05,VIC,3,73652.26,True,True
CUST00995,USA,Bal Harbour,Boutique (walk-in),2025-01-19,Découverte,1,9836.91,False,False
CUST00996,Moyen-Orient,Abu Dhabi,Recommandation VIC,2025-03-01,Client fidèle,3,28371.2,False,False
CUST00997,France (siège),Paris Vendôme,Digital / en ligne,2026-01-04,VIC,1,127821.9,False,True
CUST00998,Chine,Hong Kong,Digital / en ligne,2024-12-10,Découverte,1,15300.93,False,False
CUST00999,Moyen-Orient,Abu Dhabi,Recommandation VIC,2025-11-29,Client fidèle,1,21522.69,False,False
CUST01000,USA,New York 5th Ave,Événement privé,2025-06-13,Client fidèle,2,21237.34,False,True
CUST01001,France (siège),Paris Champs-Élysées,Boutique (walk-in),2025-10-21,Découverte,1,894.96,False,False
CUST01002,Chine,Hong Kong,Recommandation VIC,2025-04-05,Découverte,3,12932.15,True,False
CUST01003,Chine,Hong Kong,Digital / en ligne,2024-10-02,Client fidèle,4,29943.44,True,False
CUST01004,France (siège),Cannes,Recommandation VIC,2025-08-17,VIC,2,173598.42,False,True
CUST01005,USA,New York 5th Ave,Boutique (walk-in),2026-04-02,Découverte,0,0.0,False,False
CUST01006,USA,Beverly Hills,Recommandation VIC,2025-06-09,Découverte,2,16774.42,False,True
CUST01007,Chine,Pékin,Digital / en ligne,2024-09-13,Client fidèle,4,21535.93,True,True
CUST01008,USA,Beverly Hills,Boutique (walk-in),2026-04-22,Découverte,0,0.0,False,False
CUST01009,France (siège),Paris Vendôme,Recommandation VIC,2026-04-04,Client fidèle,1,54430.89,False,True
CUST01010,Chine,Hong Kong,Boutique (walk-in),2024-09-22,Client fidèle,3,33582.87,True,True
CUST01011,Chine,Hong Kong,Recommandation VIC,2025-11-03,Découverte,1,385.38,False,True
CUST01012,USA,Bal Harbour,Recommandation VIC,2025-12-20,Client fidèle,1,48895.84,False,True
CUST01013,France (siège),Paris Champs-Élysées,Digital / en ligne,2024-11-08,VIC,3,161287.28,True,False
CUST01014,Chine,Pékin,Recommandation VIC,2025-06-18,VIC,2,89498.09,True,True
CUST01015,France (siège),Paris Champs-Élysées,Digital / en ligne,2025-07-13,Client fidèle,2,30681.17,True,True
CUST01016,Moyen-Orient,Abu Dhabi,Boutique (walk-in),2025-07-03,Client fidèle,2,25429.3,False,True
CUST01017,France (siège),Cannes,Digital / en ligne,2025-07-12,Découverte,2,1214.42,True,True
CUST01018,USA,New York 5th Ave,Recommandation VIC,2025-10-11,Découverte,1,16859.21,False,True
CUST01019,USA,Beverly Hills,Recommandation VIC,2025-04-27,VIC,2,66342.58,False,True
CUST01020,Chine,Shanghai,Digital / en ligne,2024-12-12,Client fidèle,3,36792.07,False,True
CUST01021,USA,Beverly Hills,Boutique (walk-in),2025-10-31,Découverte,1,6792.1,False,True
CUST01022,Japon,Tokyo Ginza,Boutique (walk-in),2024-12-18,Client fidèle,4,37079.99,True,True
CUST01023,USA,New York 5th Ave,Boutique (walk-in),2026-02-21,Découverte,1,769.61,False,True
CUST01024,USA,New York 5th Ave,Recommandation VIC,2025-11-08,Découverte,1,953.81,False,False
CUST01025,Moyen-Orient,Dubaï Mall,Boutique (walk-in),2026-04-01,Découverte,0,0.0,False,False
CUST01026,Chine,Pékin,Recommandation VIC,2025-09-22,Découverte,2,11894.25,False,True
CUST01027,Moyen-Orient,Abu Dhabi,Boutique (walk-in),2025-10-17,Découverte,1,977.75,False,True
CUST01028,USA,Beverly Hills,Recommandation VIC,2025-06-08,Découverte,2,1776.57,True,True
CUST01029,Chine,Shanghai,Digital / en ligne,2025-03-22,Client fidèle,2,32125.31,False,True
CUST01030,France (siège),Paris Champs-Élysées,Boutique (walk-in),2025-06-25,VIC,3,166278.2,True,True
CUST01031,USA,New York 5th Ave,Recommandation VIC,2025-11-17,Découverte,1,577.58,False,True
CUST01032,France (siège),Paris Champs-Élysées,Digital / en ligne,2025-08-09,Découverte,2,1800.82,True,True
CUST01033,USA,Beverly Hills,Recommandation VIC,2025-07-24,Découverte,2,2043.23,True,True
CUST01034,France (siège),Paris Vendôme,Recommandation VIC,2024-12-23,VIC,3,130057.8,False,True
CUST01035,USA,Beverly Hills,Digital / en ligne,2024-11-20,VIC,5,111241.71,True,True
CUST01036,Chine,Shanghai,Recommandation VIC,2024-12-28,Client fidèle,3,48952.98,True,True
CUST01037,France (siège),Paris Vendôme,Événement privé,2026-03-20,Découverte,0,0.0,False,False
CUST01038,Chine,Hong Kong,Digital / en ligne,2025-02-28,Client fidèle,3,37853.95,True,True
CUST01039,Chine,Hong Kong,Digital / en ligne,2025-11-26,Découverte,1,1300.23,False,True
CUST01040,USA,Bal Harbour,Digital / en ligne,2025-09-10,VIC,1,113995.65,False,True
CUST01041,USA,Bal Harbour,Recommandation VIC,2025-05-05,Client fidèle,2,27098.91,True,True
CUST01042,USA,New York 5th Ave,Digital / en ligne,2024-11-19,Découverte,1,17012.58,False,False
CUST01043,Japon,Tokyo Ginza,Digital / en ligne,2024-10-06,VIC,4,173433.28,True,True
CUST01044,USA,Beverly Hills,Digital / en ligne,2025-05-07,Client fidèle,3,50074.04,True,False
CUST01045,Moyen-Orient,Abu Dhabi,Digital / en ligne,2025-12-25,Découverte,1,13938.3,False,True
CUST01046,France (siège),Paris Vendôme,Boutique (walk-in),2025-08-17,Découverte,1,17480.68,False,True
CUST01047,Moyen-Orient,Dubaï Mall,Boutique (walk-in),2025-01-30,Client fidèle,3,27549.0,False,True
CUST01048,Moyen-Orient,Abu Dhabi,Digital / en ligne,2025-09-01,VIC,2,181469.53,True,True
CUST01049,France (siège),Paris Vendôme,Recommandation VIC,2026-04-02,Découverte,0,0.0,False,False
CUST01050,Moyen-Orient,Abu Dhabi,Digital / en ligne,2025-08-23,Découverte,2,16291.87,True,True
CUST01051,USA,Bal Harbour,Digital / en ligne,2026-02-28,Découverte,0,0.0,False,False
CUST01052,USA,Beverly Hills,Recommandation VIC,2025-09-02,Découverte,2,11428.2,True,True
CUST01053,France (siège),Paris Vendôme,Digital / en ligne,2024-12-07,Client fidèle,4,50263.07,False,True
CUST01054,USA,Bal Harbour,Recommandation VIC,2026-03-27,Découverte,0,0.0,False,False
CUST01055,Chine,Hong Kong,Recommandation VIC,2026-01-01,Client fidèle,1,23572.84,False,True
CUST01056,Moyen-Orient,Dubaï Mall,Boutique (walk-in),2026-04-07,Découverte,0,0.0,False,False
CUST01057,France (siège),Paris Champs-Élysées,Boutique (walk-in),2026-02-20,Découverte,1,1071.28,False,True
CUST01058,Chine,Pékin,Digital / en ligne,2024-12-05,Very VIP,4,1171141.33,True,False
CUST01059,Chine,Hong Kong,Événement privé,2025-02-08,VIC,3,146023.98,False,False
CUST01060,Chine,Hong Kong,Digital / en ligne,2024-09-29,Client fidèle,4,33745.96,True,True
CUST01061,Moyen-Orient,Abu Dhabi,Événement privé,2025-01-12,Client fidèle,2,34223.3,True,False
CUST01062,Moyen-Orient,Abu Dhabi,Boutique (walk-in),2024-12-31,Découverte,1,754.99,False,False
CUST01063,USA,Beverly Hills,Événement privé,2026-01-09,Découverte,1,15389.28,False,True
CUST01064,Chine,Hong Kong,Boutique (walk-in),2025-05-18,Client fidèle,2,18689.44,False,True
CUST01065,France (siège),Paris Champs-Élysées,Boutique (walk-in),2026-03-31,Découverte,0,0.0,False,False
CUST01066,France (siège),Cannes,Recommandation VIC,2025-10-28,Client fidèle,1,25964.75,False,True
CUST01067,Chine,Shanghai,Digital / en ligne,2025-04-20,Client fidèle,2,31619.15,False,True
CUST01068,Japon,Tokyo Ginza,Recommandation VIC,2026-01-10,Découverte,1,15009.04,False,True
CUST01069,Chine,Hong Kong,Boutique (walk-in),2026-04-11,Découverte,0,0.0,False,False
CUST01070,France (siège),Cannes,Digital / en ligne,2025-02-07,VIC,2,151522.32,False,False
CUST01071,France (siège),Paris Vendôme,Digital / en ligne,2025-04-15,VIC,3,78069.56,True,False
CUST01072,France (siège),Paris Champs-Élysées,Événement privé,2024-10-03,Client fidèle,3,51135.65,False,False
CUST01073,Japon,Tokyo Ginza,Digital / en ligne,2025-05-11,VIC,2,123089.37,False,True
CUST01074,Chine,Hong Kong,Boutique (walk-in),2026-04-18,Découverte,0,0.0,False,False
CUST01075,Chine,Hong Kong,Boutique (walk-in),2024-10-16,VIC,4,113726.43,True,True
CUST01076,Chine,Shanghai,Recommandation VIC,2026-01-15,Client fidèle,1,24391.88,False,True
CUST01077,Japon,Tokyo Ginza,Digital / en ligne,2024-09-22,Client fidèle,3,29805.09,False,True
CUST01078,Japon,Osaka,Boutique (walk-in),2025-09-07,Client fidèle,2,61957.17,True,True
CUST01079,USA,New York 5th Ave,Recommandation VIC,2025-09-03,Découverte,1,627.26,False,True
CUST01080,USA,Bal Harbour,Digital / en ligne,2025-06-30,Client fidèle,2,23415.27,False,True
CUST01081,France (siège),Cannes,Boutique (walk-in),2024-11-12,VIC,3,70187.61,True,True
CUST01082,France (siège),Paris Vendôme,Boutique (walk-in),2025-03-10,VIC,2,124525.79,False,True
CUST01083,France (siège),Cannes,Recommandation VIC,2025-11-17,Découverte,1,12343.61,False,True
CUST01084,USA,Beverly Hills,Recommandation VIC,2025-01-12,Client fidèle,3,38330.65,True,True
CUST01085,Chine,Shanghai,Boutique (walk-in),2024-11-10,Client fidèle,3,38203.17,True,False
CUST01086,Moyen-Orient,Dubaï Mall,Digital / en ligne,2025-08-10,Découverte,2,8018.02,True,True
CUST01087,France (siège),Paris Vendôme,Boutique (walk-in),2024-09-11,Client fidèle,4,48941.2,True,True
CUST01088,Moyen-Orient,Dubaï Mall,Recommandation VIC,2025-12-11,Client fidèle,1,28142.75,False,True
CUST01089,France (siège),Cannes,Recommandation VIC,2025-04-16,Client fidèle,2,30392.04,False,True
CUST01090,Chine,Shanghai,Digital / en ligne,2025-01-31,Client fidèle,3,61686.24,True,True
CUST01091,Moyen-Orient,Dubaï Mall,Boutique (walk-in),2025-10-17,Client fidèle,2,32057.64,False,True
CUST01092,France (siège),Paris Vendôme,Boutique (walk-in),2026-03-01,Découverte,0,0.0,False,False
CUST01093,Chine,Shanghai,Digital / en ligne,2024-11-20,VIC,5,73036.28,True,True
CUST01094,Moyen-Orient,Dubaï Mall,Boutique (walk-in),2026-04-10,Découverte,0,0.0,False,False
CUST01095,USA,New York 5th Ave,Recommandation VIC,2025-08-29,Découverte,2,1974.79,False,True
CUST01096,France (siège),Cannes,Boutique (walk-in),2026-01-22,Découverte,1,13309.33,False,False
CUST01097,Chine,Pékin,Boutique (walk-in),2025-03-24,VIC,2,111337.29,False,False
CUST01098,France (siège),Paris Vendôme,Digital / en ligne,2025-01-23,Client fidèle,3,43919.28,True,True
CUST01099,France (siège),Paris Champs-Élysées,Boutique (walk-in),2025-04-26,Découverte,3,13091.04,True,True
CUST01100,Moyen-Orient,Abu Dhabi,Recommandation VIC,2026-01-02,Découverte,1,1109.38,False,True
CUST01101,USA,New York 5th Ave,Boutique (walk-in),2025-04-04,Découverte,1,10883.04,False,False
CUST01102,France (siège),Paris Vendôme,Recommandation VIC,2025-10-30,Découverte,1,14912.72,False,True
CUST01103,Chine,Pékin,Digital / en ligne,2026-02-14,Client fidèle,1,19815.29,False,True
CUST01104,Japon,Tokyo Ginza,Recommandation VIC,2025-05-02,VIC,4,82386.32,True,True
CUST01105,France (siège),Paris Champs-Élysées,Digital / en ligne,2025-09-18,Découverte,2,14405.16,False,True
CUST01106,Japon,Tokyo Ginza,Événement privé,2025-10-27,Découverte,1,13434.08,False,True
CUST01107,USA,Beverly Hills,Boutique (walk-in),2024-12-06,Client fidèle,2,46616.89,True,False
CUST01108,France (siège),Paris Vendôme,Digital / en ligne,2025-10-28,Découverte,1,15053.94,False,True
CUST01109,Moyen-Orient,Abu Dhabi,Boutique (walk-in),2025-08-05,VIC,2,75435.11,True,True
CUST01110,France (siège),Paris Champs-Élysées,Digital / en ligne,2025-04-05,Client fidèle,3,39280.57,True,False
CUST01111,France (siège),Paris Vendôme,Boutique (walk-in),2025-11-10,Client fidèle,1,24873.1,False,True
CUST01112,Chine,Pékin,Recommandation VIC,2025-12-10,Découverte,1,13718.98,False,True
CUST01113,Chine,Pékin,Boutique (walk-in),2026-01-09,Client fidèle,1,26851.67,False,True
CUST01114,France (siège),Paris Vendôme,Recommandation VIC,2025-10-27,Découverte,1,935.2,False,False
CUST01115,France (siège),Cannes,Boutique (walk-in),2026-03-23,Découverte,0,0.0,False,False
CUST01116,Japon,Osaka,Événement privé,2024-10-06,Client fidèle,3,42670.07,True,True
CUST01117,France (siège),Paris Vendôme,Boutique (walk-in),2025-11-08,Découverte,1,9993.74,False,True
CUST01118,Moyen-Orient,Abu Dhabi,Digital / en ligne,2025-02-06,Découverte,2,17831.24,False,True
CUST01119,Chine,Hong Kong,Digital / en ligne,2024-09-05,VIC,5,74911.27,True,True
CUST01120,USA,Bal Harbour,Événement privé,2026-03-22,Découverte,0,0.0,False,False
CUST01121,France (siège),Cannes,Boutique (walk-in),2025-04-19,Client fidèle,1,20850.56,False,False
CUST01122,France (siège),Cannes,Digital / en ligne,2024-10-08,Découverte,1,9112.65,False,False
CUST01123,Japon,Tokyo Ginza,Digital / en ligne,2025-12-15,Découverte,1,711.94,False,False
CUST01124,France (siège),Paris Vendôme,Événement privé,2024-11-05,VIC,3,124655.25,True,True
CUST01125,USA,Beverly Hills,Recommandation VIC,2026-01-15,Découverte,1,908.21,False,True
CUST01126,USA,Bal Harbour,Recommandation VIC,2026-02-26,Découverte,0,0.0,False,False
CUST01127,Chine,Shanghai,Recommandation VIC,2025-03-22,VIC,2,91808.73,False,False
CUST01128,Moyen-Orient,Abu Dhabi,Digital / en ligne,2026-04-18,Découverte,0,0.0,False,False
CUST01129,Chine,Pékin,Boutique (walk-in),2025-09-18,Client fidèle,1,21641.89,False,True
CUST01130,Japon,Tokyo Ginza,Digital / en ligne,2025-09-02,Découverte,1,1119.19,False,True
CUST01131,USA,Beverly Hills,Recommandation VIC,2025-09-27,VIC,1,88490.65,False,True
CUST01132,Moyen-Orient,Dubaï Mall,Événement privé,2025-10-03,Client fidèle,1,18925.09,False,True
CUST01133,USA,Bal Harbour,Recommandation VIC,2025-08-31,Client fidèle,2,22826.14,False,True
CUST01134,Chine,Pékin,Recommandation VIC,2025-07-02,Client fidèle,2,35156.67,False,True
CUST01135,Moyen-Orient,Abu Dhabi,Boutique (walk-in),2026-01-06,Client fidèle,1,34358.73,False,True
CUST01136,Chine,Hong Kong,Digital / en ligne,2025-09-11,Client fidèle,2,26622.51,True,True
CUST01137,Chine,Hong Kong,Événement privé,2025-09-14,VIC,2,171061.54,False,True
CUST01138,USA,New York 5th Ave,Digital / en ligne,2025-06-02,Découverte,1,927.86,False,False
CUST01139,France (siège),Cannes,Boutique (walk-in),2024-11-23,Client fidèle,2,40002.13,True,False
CUST01140,Japon,Osaka,Boutique (walk-in),2025-05-20,Client fidèle,2,24694.1,False,True
CUST01141,France (siège),Cannes,Boutique (walk-in),2025-03-28,Découverte,2,14795.04,False,False
CUST01142,Chine,Shanghai,Recommandation VIC,2026-03-18,Découverte,0,0.0,False,False
CUST01143,Moyen-Orient,Abu Dhabi,Digital / en ligne,2025-02-27,VIC,2,116822.27,False,True
CUST01144,Chine,Hong Kong,Recommandation VIC,2025-12-04,VIC,1,109798.25,False,True
CUST01145,Moyen-Orient,Abu Dhabi,Événement privé,2025-06-04,VIC,3,129894.73,True,True
CUST01146,Chine,Hong Kong,Boutique (walk-in),2025-01-13,Client fidèle,2,54690.12,True,True
CUST01147,USA,Bal Harbour,Recommandation VIC,2025-06-04,Découverte,1,10749.14,False,False
CUST01148,Moyen-Orient,Dubaï Mall,Recommandation VIC,2024-11-25,Client fidèle,4,28767.4,True,True
CUST01149,Chine,Hong Kong,Digital / en ligne,2026-01-15,Découverte,1,13065.42,False,True
CUST01150,USA,Bal Harbour,Boutique (walk-in),2025-04-08,Client fidèle,2,25097.45,True,True
CUST01151,France (siège),Paris Champs-Élysées,Boutique (walk-in),2025-05-30,Découverte,2,1257.31,True,True
CUST01152,USA,Bal Harbour,Boutique (walk-in),2024-11-27,Découverte,1,735.13,False,False
CUST01153,Chine,Pékin,Digital / en ligne,2024-10-31,Découverte,3,2440.43,True,True
CUST01154,Chine,Pékin,Recommandation VIC,2025-07-14,VIC,2,103286.5,False,True
CUST01155,USA,Bal Harbour,Boutique (walk-in),2024-12-22,Découverte,1,17839.23,False,False
CUST01156,France (siège),Cannes,Boutique (walk-in),2025-11-04,Découverte,1,16902.66,False,False
CUST01157,France (siège),Paris Vendôme,Recommandation VIC,2026-01-25,Découverte,1,12886.91,False,True
CUST01158,France (siège),Cannes,Événement privé,2025-04-24,Découverte,2,1024.3,True,True
CUST01159,Moyen-Orient,Abu Dhabi,Recommandation VIC,2024-11-19,Découverte,1,12677.17,False,False
CUST01160,Chine,Shanghai,Recommandation VIC,2024-09-17,Client fidèle,3,29507.49,True,True
CUST01161,Chine,Pékin,Boutique (walk-in),2025-09-04,Client fidèle,2,41059.24,True,True
CUST01162,France (siège),Paris Champs-Élysées,Recommandation VIC,2025-03-03,Client fidèle,3,34960.02,True,True
CUST01163,USA,New York 5th Ave,Boutique (walk-in),2025-08-23,Découverte,1,12614.27,False,True
CUST01164,France (siège),Cannes,Boutique (walk-in),2024-10-02,Découverte,1,8927.39,False,False
CUST01165,France (siège),Paris Vendôme,Boutique (walk-in),2025-06-29,Very VIP,4,281206.03,True,True
CUST01166,Moyen-Orient,Abu Dhabi,Recommandation VIC,2025-12-11,Découverte,0,0.0,False,False
CUST01167,Moyen-Orient,Dubaï Mall,Événement privé,2025-10-06,VIC,1,84227.8,False,True
CUST01168,USA,Beverly Hills,Digital / en ligne,2026-01-31,VIC,1,69458.5,False,True
CUST01169,Moyen-Orient,Abu Dhabi,Boutique (walk-in),2025-10-30,Client fidèle,1,35735.95,False,True
CUST01170,USA,New York 5th Ave,Boutique (walk-in),2025-01-01,VIC,4,145489.31,True,True
CUST01171,USA,Bal Harbour,Boutique (walk-in),2025-03-11,Client fidèle,3,26171.95,True,True
CUST01172,France (siège),Paris Champs-Élysées,Recommandation VIC,2024-10-07,VIC,4,87862.04,True,True
CUST01173,Chine,Shanghai,Digital / en ligne,2025-11-26,Découverte,1,1110.68,False,True
CUST01174,USA,New York 5th Ave,Boutique (walk-in),2025-01-30,VIC,3,74867.03,True,False
CUST01175,France (siège),Cannes,Digital / en ligne,2024-09-25,VIC,4,75541.54,False,True
CUST01176,Moyen-Orient,Dubaï Mall,Boutique (walk-in),2025-07-12,VIC,3,167915.0,True,True
CUST01177,Chine,Shanghai,Digital / en ligne,2026-01-30,VIC,1,69922.02,False,True
CUST01178,Moyen-Orient,Dubaï Mall,Boutique (walk-in),2025-11-06,Very VIP,2,220738.38,False,True
CUST01179,Japon,Tokyo Ginza,Boutique (walk-in),2026-01-04,Découverte,1,1463.59,False,True
CUST01180,Moyen-Orient,Abu Dhabi,Digital / en ligne,2025-05-03,Découverte,2,17091.09,True,True
CUST01181,France (siège),Paris Champs-Élysées,Boutique (walk-in),2025-04-30,Client fidèle,3,50462.35,False,True
CUST01182,Chine,Hong Kong,Boutique (walk-in),2024-12-27,Client fidèle,3,43794.87,True,True
CUST01183,Chine,Hong Kong,Recommandation VIC,2025-01-20,Client fidèle,3,40492.33,True,False
CUST01184,USA,Beverly Hills,Recommandation VIC,2024-09-29,Client fidèle,3,45464.84,True,False
CUST01185,Japon,Tokyo Ginza,Recommandation VIC,2025-05-03,Client fidèle,3,55887.03,True,True
CUST01186,USA,New York 5th Ave,Événement privé,2025-12-17,Client fidèle,1,23477.58,False,False
CUST01187,USA,New York 5th Ave,Recommandation VIC,2025-10-29,Découverte,1,14394.0,False,True
CUST01188,USA,New York 5th Ave,Boutique (walk-in),2026-03-10,Découverte,0,0.0,False,False
CUST01189,Moyen-Orient,Dubaï Mall,Digital / en ligne,2025-10-02,Client fidèle,1,26957.53,False,True
CUST01190,France (siège),Paris Vendôme,Boutique (walk-in),2024-10-01,Découverte,3,12662.87,True,True
CUST01191,Moyen-Orient,Abu Dhabi,Recommandation VIC,2025-07-19,Client fidèle,2,39956.77,True,True
CUST01192,Chine,Hong Kong,Événement privé,2025-07-28,Client fidèle,1,20377.44,False,True
CUST01193,Moyen-Orient,Abu Dhabi,Boutique (walk-in),2025-06-10,Découverte,2,12302.02,True,False
CUST01194,Chine,Hong Kong,Recommandation VIC,2024-10-22,VIC,3,163228.99,False,True
CUST01195,Japon,Tokyo Ginza,Recommandation VIC,2026-04-17,Découverte,0,0.0,False,False
CUST01196,Moyen-Orient,Abu Dhabi,Boutique (walk-in),2025-04-14,Découverte,1,15288.35,False,False
CUST01197,Chine,Shanghai,Événement privé,2026-01-24,Découverte,1,756.48,False,True
CUST01198,USA,Bal Harbour,Recommandation VIC,2026-01-16,Découverte,1,621.94,False,True
CUST01199,Chine,Pékin,Digital / en ligne,2025-02-26,Client fidèle,2,55361.16,True,True
CUST01200,Chine,Hong Kong,Recommandation VIC,2026-03-23,Découverte,0,0.0,False,False
CUST01201,Chine,Pékin,Boutique (walk-in),2026-04-06,Découverte,0,0.0,False,False
CUST01202,Moyen-Orient,Dubaï Mall,Boutique (walk-in),2025-03-08,Client fidèle,2,21992.83,True,True
CUST01203,Japon,Tokyo Ginza,Événement privé,2024-12-13,Client fidèle,3,33572.77,True,True
CUST01204,USA,Bal Harbour,Événement privé,2026-01-27,Découverte,1,12019.08,False,True
CUST01205,Chine,Pékin,Recommandation VIC,2026-04-06,Découverte,0,0.0,False,False
CUST01206,Moyen-Orient,Dubaï Mall,Boutique (walk-in),2025-10-29,Découverte,1,696.46,False,True
CUST01207,USA,Bal Harbour,Boutique (walk-in),2025-08-20,Client fidèle,1,25124.24,False,True
CUST01208,France (siège),Paris Vendôme,Boutique (walk-in),2025-11-20,Découverte,1,485.45,False,True
CUST01209,Chine,Pékin,Digital / en ligne,2026-01-19,Découverte,1,994.33,False,False
CUST01210,USA,Beverly Hills,Événement privé,2025-07-17,Découverte,2,7698.03,False,False
CUST01211,Moyen-Orient,Abu Dhabi,Recommandation VIC,2025-02-14,VIC,5,69743.37,True,True
CUST01212,France (siège),Paris Vendôme,Boutique (walk-in),2025-04-25,Client fidèle,2,18991.17,False,True
CUST01213,Moyen-Orient,Dubaï Mall,Événement privé,2025-07-24,Découverte,2,16700.43,True,False
CUST01214,Chine,Shanghai,Recommandation VIC,2024-11-18,Client fidèle,4,53775.5,True,True
CUST01215,Moyen-Orient,Abu Dhabi,Événement privé,2025-03-24,Client fidèle,2,31412.32,False,True
CUST01216,Chine,Shanghai,Boutique (walk-in),2025-09-05,Découverte,1,1177.83,False,False
CUST01217,Chine,Shanghai,Recommandation VIC,2026-01-15,Découverte,0,0.0,False,False
CUST01218,Chine,Shanghai,Événement privé,2024-11-05,VIC,6,131254.13,True,True
CUST01219,Chine,Pékin,Recommandation VIC,2025-03-28,Découverte,1,1014.03,False,False
CUST01220,USA,Bal Harbour,Digital / en ligne,2025-09-16,Découverte,1,858.71,False,True
CUST01221,USA,Bal Harbour,Digital / en ligne,2025-05-17,Client fidèle,2,36956.57,True,False
CUST01222,Japon,Tokyo Ginza,Recommandation VIC,2024-11-09,Client fidèle,4,60188.07,True,True
CUST01223,Chine,Shanghai,Boutique (walk-in),2026-04-15,Découverte,0,0.0,False,False
CUST01224,France (siège),Paris Champs-Élysées,Boutique (walk-in),2024-09-15,Client fidèle,3,19322.34,True,True
CUST01225,France (siège),Cannes,Recommandation VIC,2025-03-11,Client fidèle,3,25746.06,True,True
CUST01226,Chine,Hong Kong,Boutique (walk-in),2025-11-03,Découverte,1,2138.05,False,True
CUST01227,France (siège),Cannes,Boutique (walk-in),2024-12-24,Client fidèle,3,58237.34,True,True
CUST01228,Chine,Shanghai,Digital / en ligne,2025-06-19,Découverte,1,923.13,False,False
CUST01229,France (siège),Cannes,Événement privé,2024-09-14,Client fidèle,4,29723.82,True,True
CUST01230,USA,Beverly Hills,Boutique (walk-in),2024-11-20,Client fidèle,4,39804.49,True,True
CUST01231,Chine,Hong Kong,Boutique (walk-in),2026-03-04,Découverte,0,0.0,False,False
CUST01232,Moyen-Orient,Abu Dhabi,Boutique (walk-in),2024-11-25,Client fidèle,3,47850.42,False,True
CUST01233,USA,Beverly Hills,Recommandation VIC,2025-11-29,Découverte,1,14951.41,False,True
CUST01234,Moyen-Orient,Dubaï Mall,Événement privé,2026-02-24,Découverte,1,1729.68,False,True
CUST01235,Chine,Pékin,Recommandation VIC,2025-09-22,Client fidèle,1,30597.36,False,True
CUST01236,Moyen-Orient,Dubaï Mall,Digital / en ligne,2026-02-17,Découverte,1,737.16,False,True
CUST01237,Chine,Hong Kong,Événement privé,2025-03-12,Client fidèle,3,22084.96,False,True
CUST01238,Moyen-Orient,Dubaï Mall,Boutique (walk-in),2026-02-04,Découverte,0,0.0,False,False
CUST01239,France (siège),Paris Vendôme,Digital / en ligne,2025-04-16,Client fidèle,3,36583.48,False,True
CUST01240,Moyen-Orient,Dubaï Mall,Digital / en ligne,2025-04-25,Découverte,3,2484.62,True,True
CUST01241,France (siège),Paris Champs-Élysées,Digital / en ligne,2025-02-09,Découverte,2,1502.31,False,False
CUST01242,Chine,Hong Kong,Recommandation VIC,2025-10-22,Découverte,1,11802.58,False,True
CUST01243,Japon,Osaka,Recommandation VIC,2024-10-01,Client fidèle,3,28828.46,False,False
CUST01244,France (siège),Cannes,Événement privé,2025-07-22,Découverte,1,13462.53,False,True
CUST01245,France (siège),Paris Vendôme,Recommandation VIC,2026-04-22,Découverte,0,0.0,False,False
CUST01246,Japon,Tokyo Ginza,Boutique (walk-in),2025-10-22,Client fidèle,1,22142.63,False,True
CUST01247,USA,New York 5th Ave,Digital / en ligne,2024-12-01,Client fidèle,4,43490.17,True,True
CUST01248,France (siège),Paris Vendôme,Boutique (walk-in),2025-10-15,VIC,1,150492.78,False,True
CUST01249,USA,Beverly Hills,Digital / en ligne,2024-12-26,Client fidèle,3,41031.99,True,True
CUST01250,USA,Beverly Hills,Recommandation VIC,2025-02-23,Client fidèle,3,23409.74,True,True
CUST01251,USA,Bal Harbour,Recommandation VIC,2026-02-23,Découverte,1,7416.61,False,True
CUST01252,USA,Beverly Hills,Recommandation VIC,2025-01-31,VIC,3,158293.04,True,False
CUST01253,Chine,Hong Kong,Recommandation VIC,2025-08-25,Client fidèle,1,23066.0,False,True
CUST01254,USA,Bal Harbour,Boutique (walk-in),2025-04-02,Client fidèle,2,38978.97,False,True
CUST01255,France (siège),Paris Vendôme,Boutique (walk-in),2025-11-05,Découverte,1,771.1,False,True
CUST01256,Japon,Osaka,Recommandation VIC,2026-04-21,Découverte,0,0.0,False,False
CUST01257,France (siège),Cannes,Digital / en ligne,2025-08-20,Client fidèle,2,29174.64,True,True
CUST01258,USA,Beverly Hills,Événement privé,2025-09-16,Client fidèle,2,45529.99,False,True
CUST01259,Moyen-Orient,Abu Dhabi,Recommandation VIC,2025-06-14,VIC,2,105784.78,True,True
CUST01260,USA,New York 5th Ave,Événement privé,2024-12-10,Découverte,2,15143.97,True,False
CUST01261,USA,Beverly Hills,Recommandation VIC,2025-05-25,Découverte,2,11366.69,True,False
CUST01262,Chine,Hong Kong,Recommandation VIC,2025-08-14,Découverte,1,1403.61,False,True
CUST01263,Japon,Osaka,Boutique (walk-in),2025-09-23,Découverte,1,11938.92,False,True
CUST01264,Moyen-Orient,Dubaï Mall,Digital / en ligne,2024-11-28,Découverte,3,16013.42,True,True
CUST01265,Chine,Shanghai,Événement privé,2025-07-03,VIC,2,103689.8,False,True
CUST01266,Chine,Pékin,Digital / en ligne,2026-02-08,Client fidèle,1,21167.81,False,True
CUST01267,France (siège),Paris Vendôme,Recommandation VIC,2024-09-11,Client fidèle,4,30620.13,True,True
CUST01268,France (siège),Cannes,Digital / en ligne,2025-08-05,Client fidèle,2,33135.32,True,True
CUST01269,France (siège),Cannes,Digital / en ligne,2025-09-15,Client fidèle,2,23364.77,False,True
CUST01270,Moyen-Orient,Dubaï Mall,Boutique (walk-in),2024-12-25,VIC,3,166277.49,False,True
CUST01271,Chine,Pékin,Boutique (walk-in),2025-01-22,Client fidèle,3,20425.18,False,True
CUST01272,USA,Bal Harbour,Événement privé,2026-03-06,Découverte,0,0.0,False,False
CUST01273,France (siège),Paris Champs-Élysées,Recommandation VIC,2025-04-17,VIC,4,174267.72,True,True
CUST01274,Chine,Hong Kong,Boutique (walk-in),2025-09-27,Découverte,1,514.28,False,True
CUST01275,Japon,Osaka,Recommandation VIC,2024-11-02,Découverte,4,8276.89,True,True
CUST01276,Moyen-Orient,Dubaï Mall,Digital / en ligne,2024-12-09,Découverte,3,11141.16,True,True
CUST01277,Moyen-Orient,Abu Dhabi,Boutique (walk-in),2026-03-21,Découverte,0,0.0,False,False
CUST01278,France (siège),Paris Champs-Élysées,Recommandation VIC,2025-07-12,Découverte,2,1982.98,False,True
CUST01279,Moyen-Orient,Dubaï Mall,Événement privé,2025-09-11,Client fidèle,2,29463.12,True,True
CUST01280,USA,Beverly Hills,Recommandation VIC,2024-09-09,Découverte,1,713.65,False,False
CUST01281,France (siège),Cannes,Recommandation VIC,2026-02-13,Client fidèle,1,49091.1,False,True
CUST01282,USA,Bal Harbour,Recommandation VIC,2026-01-23,Client fidèle,1,33546.7,False,True
CUST01283,Japon,Tokyo Ginza,Recommandation VIC,2025-11-14,Découverte,1,8853.52,False,True
CUST01284,Chine,Hong Kong,Recommandation VIC,2025-12-29,Découverte,1,325.26,False,True
CUST01285,USA,Bal Harbour,Recommandation VIC,2024-12-06,Client fidèle,3,24115.61,True,True
CUST01286,USA,New York 5th Ave,Digital / en ligne,2025-07-21,Client fidèle,2,32046.81,False,False
CUST01287,France (siège),Cannes,Digital / en ligne,2025-01-16,Découverte,3,15855.89,True,True
CUST01288,USA,Bal Harbour,Événement privé,2025-06-25,Découverte,2,14201.65,True,False
CUST01289,France (siège),Cannes,Recommandation VIC,2026-02-08,Client fidèle,1,29043.05,False,True
CUST01290,Japon,Osaka,Digital / en ligne,2025-07-12,Client fidèle,2,21709.18,False,True
CUST01291,Moyen-Orient,Dubaï Mall,Boutique (walk-in),2025-04-21,Client fidèle,2,31158.66,True,True
CUST01292,Japon,Osaka,Recommandation VIC,2025-09-25,VIC,2,113133.29,False,True
CUST01293,Moyen-Orient,Dubaï Mall,Événement privé,2026-02-19,Découverte,0,0.0,False,False
CUST01294,USA,New York 5th Ave,Boutique (walk-in),2025-06-09,VIC,2,152341.09,False,True
CUST01295,France (siège),Cannes,Boutique (walk-in),2024-10-29,Découverte,3,16987.28,True,True
CUST01296,Moyen-Orient,Abu Dhabi,Boutique (walk-in),2026-04-04,Découverte,0,0.0,False,False
CUST01297,France (siège),Paris Champs-Élysées,Boutique (walk-in),2025-10-10,Découverte,1,4760.96,False,True
CUST01298,France (siège),Paris Vendôme,Digital / en ligne,2025-09-23,Client fidèle,2,27215.59,True,True
CUST01299,France (siège),Paris Champs-Élysées,Recommandation VIC,2025-04-01,Découverte,1,710.4,False,False
CUST01300,Japon,Osaka,Boutique (walk-in),2026-01-25,Découverte,1,12986.16,False,False
CUST01301,Chine,Pékin,Recommandation VIC,2025-11-13,Découverte,1,12428.44,False,True
CUST01302,France (siège),Cannes,Digital / en ligne,2024-12-05,Client fidèle,3,21646.83,True,False
CUST01303,USA,Beverly Hills,Recommandation VIC,2026-02-10,Découverte,1,844.69,False,True
CUST01304,France (siège),Paris Champs-Élysées,Recommandation VIC,2025-08-20,VIC,2,200379.41,True,True
CUST01305,France (siège),Paris Champs-Élysées,Digital / en ligne,2024-12-12,Découverte,3,16564.62,False,True
CUST01306,France (siège),Cannes,Boutique (walk-in),2025-11-07,Découverte,1,780.43,False,True
CUST01307,USA,Beverly Hills,Recommandation VIC,2025-10-05,Découverte,1,1205.74,False,False
CUST01308,USA,New York 5th Ave,Digital / en ligne,2024-12-27,VIC,2,91464.77,True,False
CUST01309,USA,New York 5th Ave,Recommandation VIC,2026-02-03,Découverte,0,0.0,False,False
CUST01310,France (siège),Paris Vendôme,Boutique (walk-in),2025-08-30,Découverte,2,12922.16,False,True
CUST01311,USA,Bal Harbour,Boutique (walk-in),2025-05-14,Découverte,2,1159.83,True,True
CUST01312,Moyen-Orient,Dubaï Mall,Boutique (walk-in),2025-04-23,Découverte,3,11170.96,True,True
CUST01313,Moyen-Orient,Dubaï Mall,Recommandation VIC,2025-08-24,Découverte,1,810.08,False,True
CUST01314,France (siège),Paris Champs-Élysées,Recommandation VIC,2026-04-10,Découverte,0,0.0,False,False
CUST01315,Chine,Hong Kong,Recommandation VIC,2024-11-01,Client fidèle,3,25448.61,True,True
CUST01316,Moyen-Orient,Abu Dhabi,Boutique (walk-in),2024-12-06,Découverte,3,2248.49,False,True
CUST01317,Moyen-Orient,Abu Dhabi,Boutique (walk-in),2024-11-06,Client fidèle,3,18812.15,True,False
CUST01318,Moyen-Orient,Dubaï Mall,Événement privé,2024-12-30,VIC,3,65710.41,False,True
CUST01319,France (siège),Cannes,Boutique (walk-in),2025-11-13,Découverte,1,772.49,False,True
CUST01320,Moyen-Orient,Abu Dhabi,Événement privé,2025-10-05,Client fidèle,2,59749.86,False,False
CUST01321,France (siège),Paris Champs-Élysées,Recommandation VIC,2025-02-18,Client fidèle,3,18130.11,False,True
CUST01322,France (siège),Cannes,Digital / en ligne,2026-01-09,Découverte,1,594.77,False,True
CUST01323,France (siège),Paris Champs-Élysées,Digital / en ligne,2024-12-16,Découverte,1,13975.66,False,False
CUST01324,USA,New York 5th Ave,Recommandation VIC,2025-02-28,Découverte,2,11862.62,False,True
CUST01325,France (siège),Cannes,Événement privé,2025-03-01,Client fidèle,2,26662.15,True,True
CUST01326,France (siège),Paris Vendôme,Digital / en ligne,2025-09-14,VIC,2,97486.99,True,True
CUST01327,Chine,Hong Kong,Boutique (walk-in),2024-09-09,Client fidèle,4,58880.32,True,True
CUST01328,USA,Bal Harbour,Événement privé,2025-11-17,Client fidèle,1,21354.97,False,True
CUST01329,Chine,Pékin,Recommandation VIC,2025-06-01,Client fidèle,2,39035.36,False,True
CUST01330,Moyen-Orient,Abu Dhabi,Recommandation VIC,2026-04-05,Découverte,0,0.0,False,False
CUST01331,France (siège),Paris Vendôme,Boutique (walk-in),2024-12-04,VIC,3,127867.1,True,True
CUST01332,Japon,Tokyo Ginza,Événement privé,2025-03-10,Client fidèle,3,26859.97,False,False
CUST01333,Chine,Shanghai,Digital / en ligne,2026-04-18,Découverte,0,0.0,False,False
CUST01334,Chine,Pékin,Événement privé,2025-01-23,Client fidèle,3,24300.29,True,True
CUST01335,Chine,Shanghai,Digital / en ligne,2024-11-29,VIC,3,111923.37,True,True
CUST01336,Japon,Tokyo Ginza,Événement privé,2024-12-17,Découverte,2,1459.57,False,False
CUST01337,Moyen-Orient,Dubaï Mall,Événement privé,2025-03-04,Client fidèle,3,40607.44,False,False
CUST01338,Moyen-Orient,Abu Dhabi,Recommandation VIC,2025-08-08,Client fidèle,2,42385.01,True,True
CUST01339,USA,Beverly Hills,Boutique (walk-in),2024-11-09,Client fidèle,3,34242.66,False,True
CUST01340,USA,Beverly Hills,Recommandation VIC,2025-03-09,Découverte,3,2233.21,True,False
CUST01341,Moyen-Orient,Abu Dhabi,Recommandation VIC,2025-10-18,Client fidèle,1,31730.5,False,True
CUST01342,USA,Bal Harbour,Boutique (walk-in),2024-11-28,VIC,1,111869.77,False,False
CUST01343,USA,Beverly Hills,Digital / en ligne,2026-04-20,Découverte,0,0.0,False,False
CUST01344,USA,Beverly Hills,Recommandation VIC,2025-10-21,Découverte,1,13074.97,False,True
CUST01345,Japon,Tokyo Ginza,Recommandation VIC,2025-04-28,Découverte,3,3424.05,False,True
CUST01346,Japon,Osaka,Boutique (walk-in),2025-11-30,Découverte,1,1177.43,False,True
CUST01347,France (siège),Paris Vendôme,Recommandation VIC,2025-02-19,Découverte,1,14348.88,False,False
CUST01348,Chine,Hong Kong,Boutique (walk-in),2026-02-12,Découverte,0,0.0,False,False
CUST01349,Moyen-Orient,Dubaï Mall,Digital / en ligne,2024-10-02,Client fidèle,4,20562.86,True,True
CUST01350,USA,New York 5th Ave,Recommandation VIC,2025-01-14,Découverte,3,10342.19,False,True
CUST01351,USA,New York 5th Ave,Événement privé,2024-10-03,Client fidèle,2,24988.62,True,False
CUST01352,Chine,Pékin,Digital / en ligne,2026-01-31,Découverte,1,937.42,False,True
CUST01353,France (siège),Paris Vendôme,Événement privé,2025-10-20,Découverte,1,7162.07,False,True
CUST01354,USA,New York 5th Ave,Digital / en ligne,2024-10-01,Client fidèle,2,39156.08,True,False
CUST01355,France (siège),Paris Vendôme,Boutique (walk-in),2026-03-04,Découverte,0,0.0,False,False
CUST01356,Moyen-Orient,Dubaï Mall,Boutique (walk-in),2025-07-14,Découverte,1,719.27,False,True
CUST01357,USA,New York 5th Ave,Digital / en ligne,2025-03-30,Client fidèle,2,22817.42,True,False
CUST01358,France (siège),Paris Vendôme,Recommandation VIC,2025-04-25,Client fidèle,2,50707.24,True,True
CUST01359,Japon,Osaka,Digital / en ligne,2024-09-10,VIC,5,91845.38,True,True
CUST01360,Chine,Shanghai,Boutique (walk-in),2024-12-31,Découverte,1,650.51,False,False
CUST01361,France (siège),Paris Vendôme,Recommandation VIC,2025-09-06,Découverte,1,874.7,False,True
CUST01362,Japon,Tokyo Ginza,Digital / en ligne,2025-09-03,Découverte,2,13674.66,False,True
CUST01363,Moyen-Orient,Dubaï Mall,Recommandation VIC,2024-11-13,Découverte,3,14526.76,True,True
CUST01364,USA,Beverly Hills,Événement privé,2025-03-21,Client fidèle,2,24216.15,False,False
CUST01365,USA,New York 5th Ave,Boutique (walk-in),2025-07-15,VIC,3,112092.87,True,True
CUST01366,France (siège),Cannes,Digital / en ligne,2026-03-15,Découverte,0,0.0,False,False
CUST01367,Moyen-Orient,Abu Dhabi,Recommandation VIC,2024-12-02,VIC,3,68843.7,False,True
CUST01368,Moyen-Orient,Dubaï Mall,Boutique (walk-in),2025-10-10,Client fidèle,2,31046.75,True,True
CUST01369,Chine,Shanghai,Recommandation VIC,2025-09-25,Découverte,1,12917.97,False,True
CUST01370,USA,Bal Harbour,Recommandation VIC,2025-07-10,Very VIP,3,733336.04,False,True
CUST01371,Chine,Shanghai,Boutique (walk-in),2024-11-03,Découverte,2,14460.0,False,False
CUST01372,USA,Bal Harbour,Boutique (walk-in),2025-06-27,Découverte,2,1256.09,True,True
CUST01373,Japon,Osaka,Recommandation VIC,2024-10-25,Découverte,4,2688.07,True,True
CUST01374,Chine,Shanghai,Boutique (walk-in),2025-11-11,Client fidèle,2,23361.57,True,True
CUST01375,Japon,Osaka,Boutique (walk-in),2025-08-09,Découverte,1,612.51,False,False
CUST01376,USA,Beverly Hills,Recommandation VIC,2025-08-21,Découverte,2,12530.79,True,True
CUST01377,France (siège),Paris Vendôme,Recommandation VIC,2025-01-28,VIC,3,140188.25,True,True
CUST01378,USA,Bal Harbour,Boutique (walk-in),2025-09-17,Découverte,1,706.36,False,True
CUST01379,Chine,Shanghai,Recommandation VIC,2025-09-29,Découverte,1,11904.37,False,False
CUST01380,Moyen-Orient,Dubaï Mall,Événement privé,2025-12-05,Découverte,1,784.84,False,True
CUST01381,Moyen-Orient,Dubaï Mall,Événement privé,2024-12-31,Client fidèle,3,61630.57,False,True
CUST01382,France (siège),Paris Champs-Élysées,Boutique (walk-in),2024-10-06,VIC,4,67666.92,True,True
CUST01383,Moyen-Orient,Dubaï Mall,Boutique (walk-in),2026-01-25,VIC,1,102378.19,False,True
CUST01384,France (siège),Paris Champs-Élysées,Boutique (walk-in),2026-03-16,Découverte,1,10391.06,False,True
CUST01385,Japon,Osaka,Recommandation VIC,2024-11-16,Client fidèle,3,25679.91,True,True
CUST01386,USA,New York 5th Ave,Boutique (walk-in),2025-11-13,Client fidèle,2,19468.95,False,False
CUST01387,France (siège),Paris Vendôme,Recommandation VIC,2025-11-25,Découverte,1,826.73,False,True
CUST01388,USA,Beverly Hills,Boutique (walk-in),2024-10-18,VIC,3,151392.24,True,True
CUST01389,France (siège),Cannes,Recommandation VIC,2025-08-28,Client fidèle,1,23012.2,False,True
CUST01390,USA,Bal Harbour,Boutique (walk-in),2025-04-18,Découverte,3,14035.68,True,False
CUST01391,Chine,Shanghai,Boutique (walk-in),2025-10-08,Découverte,1,530.03,False,True
CUST01392,France (siège),Paris Champs-Élysées,Boutique (walk-in),2025-09-26,Découverte,1,7538.56,False,True
CUST01393,Moyen-Orient,Dubaï Mall,Digital / en ligne,2025-07-30,Découverte,1,11285.91,False,True
CUST01394,Chine,Hong Kong,Boutique (walk-in),2025-08-31,Découverte,2,14857.09,False,False
CUST01395,France (siège),Paris Vendôme,Digital / en ligne,2024-11-21,VIC,4,96954.72,True,True
CUST01396,Chine,Shanghai,Recommandation VIC,2026-03-14,Découverte,0,0.0,False,False
CUST01397,USA,Bal Harbour,Boutique (walk-in),2024-11-27,Client fidèle,3,22803.11,True,True
CUST01398,Chine,Hong Kong,Digital / en ligne,2025-02-12,Client fidèle,2,19004.26,True,True
CUST01399,France (siège),Paris Vendôme,Boutique (walk-in),2025-08-31,Client fidèle,2,22933.77,True,True
CUST01400,USA,Bal Harbour,Digital / en ligne,2025-04-11,Client fidèle,2,41494.7,False,False
CUST01401,USA,Bal Harbour,Recommandation VIC,2025-01-06,Client fidèle,3,22894.8,True,False
CUST01402,France (siège),Paris Champs-Élysées,Recommandation VIC,2025-01-15,VIC,3,137009.65,True,True
CUST01403,Chine,Hong Kong,Boutique (walk-in),2026-01-04,Découverte,1,6604.52,False,True
CUST01404,USA,Bal Harbour,Recommandation VIC,2025-06-05,Découverte,2,13536.95,True,True
CUST01405,Chine,Pékin,Digital / en ligne,2025-06-07,Découverte,2,17869.3,False,True
CUST01406,USA,Beverly Hills,Recommandation VIC,2026-03-10,Découverte,0,0.0,False,False
CUST01407,Japon,Tokyo Ginza,Boutique (walk-in),2024-12-17,Client fidèle,2,30740.97,False,False
CUST01408,France (siège),Cannes,Recommandation VIC,2024-11-14,Découverte,1,13022.32,False,False
CUST01409,USA,Beverly Hills,Boutique (walk-in),2026-04-17,Découverte,0,0.0,False,False
CUST01410,Chine,Hong Kong,Boutique (walk-in),2024-09-05,VIC,4,167322.27,False,True
CUST01411,France (siège),Paris Champs-Élysées,Digital / en ligne,2026-03-31,Découverte,0,0.0,False,False
CUST01412,Chine,Hong Kong,Événement privé,2026-02-22,VIC,1,112865.06,False,True
CUST01413,Japon,Osaka,Recommandation VIC,2026-02-08,Découverte,1,7186.67,False,False
CUST01414,Chine,Shanghai,Boutique (walk-in),2025-05-30,Client fidèle,2,24470.09,False,True
CUST01415,Japon,Tokyo Ginza,Boutique (walk-in),2026-03-23,Découverte,0,0.0,False,False
CUST01416,France (siège),Paris Vendôme,Digital / en ligne,2025-12-03,Découverte,1,978.91,False,True
CUST01417,France (siège),Cannes,Digital / en ligne,2024-12-25,VIC,4,145142.15,True,True
CUST01418,Japon,Osaka,Boutique (walk-in),2025-05-14,Client fidèle,2,53537.02,True,False
CUST01419,USA,Beverly Hills,Boutique (walk-in),2024-11-25,Client fidèle,4,51016.79,True,True
CUST01420,Japon,Osaka,Digital / en ligne,2026-03-08,Découverte,0,0.0,False,False
CUST01421,France (siège),Paris Vendôme,Recommandation VIC,2025-06-02,Client fidèle,2,29845.65,True,False
CUST01422,Chine,Hong Kong,Recommandation VIC,2024-12-07,Client fidèle,3,39954.26,True,True
CUST01423,Japon,Tokyo Ginza,Digital / en ligne,2026-04-15,Découverte,0,0.0,False,False
CUST01424,USA,Bal Harbour,Recommandation VIC,2024-10-29,Client fidèle,4,36470.5,True,True
CUST01425,Chine,Pékin,Digital / en ligne,2025-07-12,Client fidèle,2,19833.55,True,True
CUST01426,USA,Beverly Hills,Recommandation VIC,2026-02-23,Découverte,0,0.0,False,False
CUST01427,Moyen-Orient,Dubaï Mall,Boutique (walk-in),2025-08-10,Découverte,1,8870.82,False,True
CUST01428,France (siège),Cannes,Boutique (walk-in),2025-10-13,Découverte,1,900.54,False,True
CUST01429,Japon,Osaka,Recommandation VIC,2026-01-11,Client fidèle,1,28052.72,False,True
CUST01430,France (siège),Cannes,Événement privé,2025-10-06,Découverte,1,15819.24,False,True
CUST01431,France (siège),Paris Champs-Élysées,Événement privé,2024-11-16,VIC,2,109837.39,False,False
CUST01432,USA,Bal Harbour,Boutique (walk-in),2025-05-01,Découverte,1,14319.73,False,False
CUST01433,USA,Bal Harbour,Boutique (walk-in),2026-02-05,Découverte,1,1113.43,False,True
CUST01434,France (siège),Paris Champs-Élysées,Boutique (walk-in),2025-07-21,Very VIP,2,242161.02,False,False
CUST01435,USA,Beverly Hills,Boutique (walk-in),2025-01-09,Client fidèle,3,49779.85,True,True
CUST01436,Japon,Tokyo Ginza,Boutique (walk-in),2024-12-30,Découverte,1,13088.92,False,False
CUST01437,USA,Beverly Hills,Digital / en ligne,2025-06-18,Very VIP,2,307493.71,False,True
CUST01438,France (siège),Paris Champs-Élysées,Recommandation VIC,2025-09-09,Découverte,2,14279.17,True,True
CUST01439,USA,Bal Harbour,Événement privé,2025-10-15,Découverte,1,13168.45,False,True
CUST01440,Japon,Tokyo Ginza,Boutique (walk-in),2026-01-20,Client fidèle,1,19645.66,False,True
CUST01441,France (siège),Paris Vendôme,Recommandation VIC,2025-10-02,Client fidèle,2,30899.87,True,False
CUST01442,France (siège),Paris Vendôme,Digital / en ligne,2025-11-21,Client fidèle,1,27626.23,False,True
CUST01443,USA,Beverly Hills,Boutique (walk-in),2025-01-10,Client fidèle,4,59577.12,True,True
CUST01444,France (siège),Cannes,Recommandation VIC,2025-01-13,Client fidèle,3,31152.83,True,True
CUST01445,USA,Beverly Hills,Boutique (walk-in),2025-06-18,Client fidèle,2,28317.59,False,True
CUST01446,Chine,Pékin,Boutique (walk-in),2026-01-27,Découverte,0,0.0,False,False
CUST01447,France (siège),Paris Vendôme,Boutique (walk-in),2026-03-29,Découverte,0,0.0,False,False
CUST01448,Moyen-Orient,Abu Dhabi,Recommandation VIC,2024-11-24,VIC,3,166659.0,True,True
CUST01449,Chine,Pékin,Recommandation VIC,2024-09-17,Client fidèle,4,55882.55,True,True
CUST01450,USA,New York 5th Ave,Événement privé,2025-06-08,Client fidèle,2,19859.71,True,True
CUST01451,France (siège),Paris Champs-Élysées,Recommandation VIC,2025-10-11,Client fidèle,2,23196.31,True,True
CUST01452,France (siège),Paris Champs-Élysées,Boutique (walk-in),2026-03-06,Découverte,0,0.0,False,False
CUST01453,France (siège),Paris Champs-Élysées,Boutique (walk-in),2025-02-07,VIC,3,108805.37,False,True
CUST01454,Moyen-Orient,Abu Dhabi,Recommandation VIC,2025-12-19,Client fidèle,1,19491.69,False,True
CUST01455,Chine,Shanghai,Boutique (walk-in),2025-01-12,Client fidèle,4,25648.51,True,True
CUST01456,Chine,Shanghai,Recommandation VIC,2024-12-09,Client fidèle,3,31267.96,True,True
CUST01457,Japon,Tokyo Ginza,Boutique (walk-in),2025-04-16,Client fidèle,2,31178.36,True,True
CUST01458,France (siège),Cannes,Digital / en ligne,2025-08-24,Client fidèle,2,45822.47,True,True
CUST01459,Chine,Pékin,Recommandation VIC,2025-12-12,Découverte,1,10537.93,False,False
CUST01460,Chine,Pékin,Événement privé,2025-01-02,Client fidèle,2,27071.6,True,False
CUST01461,Japon,Osaka,Événement privé,2025-09-04,VIC,1,111063.84,False,True
CUST01462,Moyen-Orient,Dubaï Mall,Recommandation VIC,2025-10-26,Découverte,1,10580.22,False,True
CUST01463,Moyen-Orient,Abu Dhabi,Boutique (walk-in),2025-12-09,Client fidèle,1,20790.94,False,True
CUST01464,Chine,Pékin,Recommandation VIC,2025-05-28,Découverte,2,12403.42,False,False
CUST01465,France (siège),Paris Vendôme,Boutique (walk-in),2025-10-08,Client fidèle,2,33071.83,True,True
CUST01466,USA,Bal Harbour,Recommandation VIC,2026-01-16,Découverte,1,6751.76,False,True
CUST01467,USA,Beverly Hills,Boutique (walk-in),2025-11-04,Découverte,1,15401.1,False,True
CUST01468,USA,Beverly Hills,Recommandation VIC,2025-04-01,VIC,3,137872.54,True,True
CUST01469,Moyen-Orient,Dubaï Mall,Boutique (walk-in),2025-06-20,Client fidèle,2,28401.82,True,False
CUST01470,USA,Beverly Hills,Digital / en ligne,2024-12-20,Client fidèle,2,19632.7,False,False
CUST01471,Japon,Osaka,Recommandation VIC,2024-10-20,Client fidèle,3,31181.56,True,False
CUST01472,Chine,Pékin,Événement privé,2025-11-20,Client fidèle,1,24893.53,False,True
CUST01473,Moyen-Orient,Abu Dhabi,Digital / en ligne,2025-12-08,Client fidèle,1,21477.81,False,True
CUST01474,Moyen-Orient,Dubaï Mall,Événement privé,2025-08-07,VIC,4,184058.98,True,True
CUST01475,USA,Bal Harbour,Recommandation VIC,2026-02-17,Découverte,1,1481.12,False,True
CUST01476,USA,Beverly Hills,Événement privé,2026-02-27,Découverte,0,0.0,False,False
CUST01477,Chine,Hong Kong,Digital / en ligne,2026-01-08,Découverte,0,0.0,False,False
CUST01478,USA,Beverly Hills,Boutique (walk-in),2026-03-24,Découverte,0,0.0,False,False
CUST01479,Chine,Shanghai,Recommandation VIC,2025-09-15,Client fidèle,2,41836.97,True,True
CUST01480,USA,New York 5th Ave,Digital / en ligne,2025-05-24,VIC,2,135119.04,False,True
CUST01481,Moyen-Orient,Abu Dhabi,Digital / en ligne,2025-11-06,Découverte,1,13763.7,False,True
CUST01482,France (siège),Paris Champs-Élysées,Recommandation VIC,2026-01-08,Découverte,1,1101.01,False,True
CUST01483,USA,New York 5th Ave,Boutique (walk-in),2026-02-11,Découverte,0,0.0,False,False
CUST01484,France (siège),Paris Champs-Élysées,Recommandation VIC,2026-03-22,Découverte,0,0.0,False,False
CUST01485,Chine,Hong Kong,Digital / en ligne,2025-03-17,Découverte,2,1574.67,True,True
CUST01486,Chine,Shanghai,Boutique (walk-in),2025-10-28,Client fidèle,1,19556.41,False,True
CUST01487,USA,New York 5th Ave,Recommandation VIC,2025-01-21,Client fidèle,3,40051.21,True,True
CUST01488,USA,Bal Harbour,Digital / en ligne,2025-11-28,Découverte,1,444.32,False,True
CUST01489,Japon,Tokyo Ginza,Digital / en ligne,2025-08-20,Découverte,1,983.34,False,False
CUST01490,Japon,Tokyo Ginza,Digital / en ligne,2025-02-22,Client fidèle,1,21842.23,False,False
CUST01491,USA,Beverly Hills,Recommandation VIC,2025-09-17,Client fidèle,2,30559.31,False,True
CUST01492,Chine,Hong Kong,Recommandation VIC,2025-10-14,Découverte,1,10529.28,False,True
CUST01493,Japon,Osaka,Boutique (walk-in),2025-05-14,Client fidèle,2,20020.36,True,True
CUST01494,Japon,Osaka,Boutique (walk-in),2025-06-23,Découverte,1,670.14,False,True
CUST01495,USA,Beverly Hills,Recommandation VIC,2025-08-27,Découverte,1,760.12,False,True
CUST01496,USA,New York 5th Ave,Digital / en ligne,2025-07-29,Client fidèle,2,26429.9,True,True
CUST01497,Chine,Shanghai,Recommandation VIC,2026-03-05,Découverte,1,12887.63,False,True
CUST01498,Moyen-Orient,Dubaï Mall,Recommandation VIC,2024-12-29,Client fidèle,3,41914.2,True,True
CUST01499,Chine,Shanghai,Boutique (walk-in),2025-02-20,VIC,2,149952.57,True,False
CUST01500,France (siège),Paris Vendôme,Digital / en ligne,2025-11-01,Découverte,2,17048.39,False,True
CUST01501,Moyen-Orient,Dubaï Mall,Digital / en ligne,2024-12-31,Découverte,3,10572.69,True,True
CUST01502,France (siège),Cannes,Recommandation VIC,2025-12-17,Découverte,1,978.38,False,True
CUST01503,Chine,Hong Kong,Boutique (walk-in),2024-09-08,Client fidèle,3,43003.33,True,True
CUST01504,USA,Bal Harbour,Boutique (walk-in),2026-02-13,Découverte,1,15156.14,False,True
CUST01505,Japon,Tokyo Ginza,Boutique (walk-in),2024-12-04,Client fidèle,3,22017.43,True,True
CUST01506,Japon,Osaka,Recommandation VIC,2025-04-27,Client fidèle,2,33827.95,False,True
CUST01507,USA,Bal Harbour,Boutique (walk-in),2025-05-08,VIC,2,174509.68,True,False
CUST01508,France (siège),Paris Champs-Élysées,Événement privé,2024-10-20,Client fidèle,1,32936.97,False,False
CUST01509,Japon,Tokyo Ginza,Recommandation VIC,2024-12-12,VIC,3,168054.03,True,True
CUST01510,Moyen-Orient,Dubaï Mall,Boutique (walk-in),2026-04-13,Découverte,0,0.0,False,False
CUST01511,USA,Beverly Hills,Recommandation VIC,2025-11-20,Découverte,1,525.66,False,True
CUST01512,Moyen-Orient,Dubaï Mall,Digital / en ligne,2024-10-23,Client fidèle,1,21095.13,False,False
CUST01513,Chine,Pékin,Événement privé,2025-04-30,Découverte,2,2187.98,True,True
CUST01514,Chine,Hong Kong,Boutique (walk-in),2025-05-28,Client fidèle,2,22054.6,True,False
CUST01515,Chine,Hong Kong,Digital / en ligne,2025-03-16,Client fidèle,2,27610.24,True,True
CUST01516,Moyen-Orient,Abu Dhabi,Événement privé,2025-01-24,Découverte,1,468.02,False,False
CUST01517,USA,Beverly Hills,Boutique (walk-in),2025-12-17,Client fidèle,1,21025.72,False,True
CUST01518,France (siège),Paris Vendôme,Boutique (walk-in),2024-09-23,Client fidèle,4,26650.19,False,True
CUST01519,France (siège),Paris Vendôme,Boutique (walk-in),2025-09-19,Client fidèle,1,24109.82,False,True
CUST01520,Japon,Osaka,Boutique (walk-in),2025-12-22,Découverte,1,1553.2,False,True
CUST01521,Chine,Pékin,Boutique (walk-in),2025-04-05,Découverte,2,13240.89,True,True
CUST01522,France (siège),Cannes,Boutique (walk-in),2025-05-13,Client fidèle,1,22772.51,False,False
CUST01523,Japon,Tokyo Ginza,Recommandation VIC,2025-07-31,Client fidèle,2,20651.86,False,True
CUST01524,France (siège),Cannes,Boutique (walk-in),2025-03-06,VIC,3,68475.05,True,True
CUST01525,USA,Bal Harbour,Événement privé,2025-08-22,Client fidèle,2,44129.06,True,True
CUST01526,Chine,Pékin,Digital / en ligne,2025-08-27,Découverte,1,690.97,False,True
CUST01527,France (siège),Cannes,Boutique (walk-in),2024-09-25,Client fidèle,2,19112.61,False,False
CUST01528,France (siège),Paris Champs-Élysées,Digital / en ligne,2025-10-05,Découverte,2,1945.71,False,True
CUST01529,USA,New York 5th Ave,Digital / en ligne,2026-03-22,Découverte,0,0.0,False,False
CUST01530,USA,Bal Harbour,Boutique (walk-in),2025-09-24,Découverte,1,7133.33,False,True
CUST01531,Chine,Pékin,Recommandation VIC,2024-09-01,Découverte,1,797.88,False,False
CUST01532,Moyen-Orient,Abu Dhabi,Boutique (walk-in),2025-08-23,Client fidèle,2,23171.94,True,True
CUST01533,France (siège),Paris Champs-Élysées,Événement privé,2025-03-03,VIC,3,87458.09,True,True
CUST01534,USA,New York 5th Ave,Digital / en ligne,2026-02-06,Découverte,0,0.0,False,False
CUST01535,France (siège),Paris Vendôme,Recommandation VIC,2026-01-15,Client fidèle,1,41355.53,False,True
CUST01536,USA,New York 5th Ave,Événement privé,2024-10-28,Client fidèle,2,29235.14,False,False
CUST01537,USA,Bal Harbour,Recommandation VIC,2025-08-07,VIC,2,121770.68,False,True
CUST01538,Moyen-Orient,Abu Dhabi,Recommandation VIC,2026-01-03,Client fidèle,1,26786.06,False,True
CUST01539,Chine,Shanghai,Recommandation VIC,2025-02-19,Very VIP,4,243425.41,True,True
CUST01540,Chine,Hong Kong,Digital / en ligne,2025-10-15,VIC,1,116932.86,False,False
CUST01541,Japon,Osaka,Boutique (walk-in),2025-08-04,Client fidèle,2,31888.49,True,True
CUST01542,Moyen-Orient,Dubaï Mall,Recommandation VIC,2024-12-09,VIC,2,72077.78,False,False
CUST01543,Moyen-Orient,Dubaï Mall,Événement privé,2026-01-06,Découverte,1,774.94,False,True
CUST01544,France (siège),Paris Champs-Élysées,Recommandation VIC,2024-09-21,VIC,5,94602.45,True,True
CUST01545,Moyen-Orient,Dubaï Mall,Boutique (walk-in),2025-03-15,VIC,3,187226.88,True,True
CUST01546,France (siège),Paris Vendôme,Événement privé,2025-04-03,Découverte,2,14546.18,True,True
CUST01547,USA,New York 5th Ave,Recommandation VIC,2025-09-21,Client fidèle,1,23635.63,False,False
CUST01548,France (siège),Cannes,Recommandation VIC,2025-08-07,Client fidèle,2,20240.34,False,True
CUST01549,Japon,Tokyo Ginza,Boutique (walk-in),2024-11-09,Very VIP,5,225258.43,False,True
CUST01550,Chine,Shanghai,Recommandation VIC,2026-03-01,Découverte,1,14353.41,False,True
CUST01551,Moyen-Orient,Dubaï Mall,Boutique (walk-in),2025-03-10,Client fidèle,2,36270.51,False,False
CUST01552,Chine,Pékin,Recommandation VIC,2025-11-19,Découverte,1,647.06,False,True
CUST01553,France (siège),Paris Champs-Élysées,Recommandation VIC,2025-08-26,Découverte,1,2657.74,False,True
CUST01554,Moyen-Orient,Abu Dhabi,Recommandation VIC,2025-01-18,VIC,3,150448.69,False,True
CUST01555,Chine,Shanghai,Boutique (walk-in),2025-05-22,Découverte,2,10635.04,True,True
CUST01556,Japon,Osaka,Recommandation VIC,2025-05-05,VIC,2,86109.09,True,True
CUST01557,France (siège),Cannes,Digital / en ligne,2025-04-27,Client fidèle,3,31760.84,True,False
CUST01558,Chine,Pékin,Boutique (walk-in),2025-01-26,Découverte,3,14207.44,True,True
CUST01559,France (siège),Paris Champs-Élysées,Événement privé,2025-04-13,Client fidèle,2,34071.04,True,True
CUST01560,USA,New York 5th Ave,Boutique (walk-in),2025-05-09,Découverte,2,1944.43,True,True
CUST01561,USA,Bal Harbour,Boutique (walk-in),2025-11-04,Client fidèle,2,29071.74,False,True
CUST01562,France (siège),Cannes,Digital / en ligne,2025-10-29,Découverte,1,11613.68,False,True
CUST01563,Japon,Tokyo Ginza,Événement privé,2025-04-01,Découverte,2,11961.08,False,True
CUST01564,Japon,Osaka,Événement privé,2025-02-27,Client fidèle,2,19397.44,False,False
CUST01565,France (siège),Cannes,Digital / en ligne,2025-08-23,Client fidèle,2,32616.63,True,True
CUST01566,France (siège),Paris Vendôme,Boutique (walk-in),2025-03-30,Découverte,2,1052.78,False,True
CUST01567,Japon,Tokyo Ginza,Boutique (walk-in),2024-09-29,VIC,4,85547.88,False,True
CUST01568,Moyen-Orient,Dubaï Mall,Recommandation VIC,2026-02-12,Découverte,1,11111.51,False,True
CUST01569,Chine,Pékin,Événement privé,2025-04-16,Client fidèle,2,23279.58,True,False
CUST01570,Chine,Shanghai,Digital / en ligne,2026-03-21,Découverte,0,0.0,False,False
CUST01571,USA,Bal Harbour,Événement privé,2024-09-26,Client fidèle,3,21984.02,True,True
CUST01572,France (siège),Paris Champs-Élysées,Recommandation VIC,2024-10-23,Client fidèle,3,20806.21,True,False
CUST01573,USA,Beverly Hills,Boutique (walk-in),2026-04-13,Découverte,0,0.0,False,False
CUST01574,USA,New York 5th Ave,Recommandation VIC,2025-06-11,Client fidèle,3,25109.96,False,True
CUST01575,USA,New York 5th Ave,Recommandation VIC,2025-04-13,Client fidèle,2,30522.46,False,True
CUST01576,France (siège),Paris Champs-Élysées,Digital / en ligne,2025-06-10,Découverte,1,755.62,False,False
CUST01577,Chine,Hong Kong,Événement privé,2025-11-23,Client fidèle,1,51482.81,False,True
CUST01578,Chine,Shanghai,Recommandation VIC,2024-09-24,VIC,4,75016.24,True,True
CUST01579,Japon,Osaka,Recommandation VIC,2025-01-20,Découverte,2,17644.46,True,False
CUST01580,USA,Beverly Hills,Recommandation VIC,2025-12-15,Découverte,1,383.25,False,True
CUST01581,France (siège),Paris Vendôme,Événement privé,2025-10-27,Découverte,1,1106.53,False,True
CUST01582,France (siège),Paris Champs-Élysées,Recommandation VIC,2025-03-03,Client fidèle,3,49418.44,False,True
CUST01583,France (siège),Cannes,Boutique (walk-in),2024-10-28,Very VIP,4,1522545.91,True,False
CUST01584,USA,New York 5th Ave,Digital / en ligne,2024-09-13,VIC,5,207862.3,True,True
CUST01585,USA,Beverly Hills,Boutique (walk-in),2025-04-08,VIC,2,118245.09,True,False
CUST01586,Chine,Shanghai,Boutique (walk-in),2026-04-01,Découverte,0,0.0,False,False
CUST01587,France (siège),Cannes,Recommandation VIC,2025-08-01,Découverte,2,14279.63,True,True
CUST01588,Japon,Tokyo Ginza,Événement privé,2026-04-10,Découverte,0,0.0,False,False
CUST01589,Japon,Osaka,Recommandation VIC,2024-11-12,Client fidèle,3,50520.36,True,True
CUST01590,USA,Beverly Hills,Événement privé,2026-01-29,Découverte,1,732.55,False,False
CUST01591,Moyen-Orient,Abu Dhabi,Digital / en ligne,2025-11-18,Client fidèle,1,22901.65,False,True
CUST01592,Moyen-Orient,Dubaï Mall,Recommandation VIC,2025-01-14,Découverte,2,16388.46,False,False
CUST01593,USA,Beverly Hills,Boutique (walk-in),2025-06-15,Client fidèle,2,28253.18,False,True
CUST01594,USA,Beverly Hills,Boutique (walk-in),2025-09-15,Client fidèle,2,40103.94,False,True
CUST01595,Moyen-Orient,Dubaï Mall,Boutique (walk-in),2024-11-15,Client fidèle,2,25870.5,False,False
CUST01596,USA,New York 5th Ave,Recommandation VIC,2025-08-22,Client fidèle,3,44482.18,False,True
CUST01597,Japon,Tokyo Ginza,Boutique (walk-in),2025-01-06,Découverte,3,3049.51,True,False
CUST01598,France (siège),Paris Vendôme,Boutique (walk-in),2025-03-12,VIC,3,98213.1,False,True
CUST01599,France (siège),Paris Vendôme,Recommandation VIC,2024-09-26,VIC,4,83097.16,True,False
CUST01600,USA,Beverly Hills,Recommandation VIC,2025-10-20,Client fidèle,1,26625.41,False,True
CUST01601,Chine,Hong Kong,Boutique (walk-in),2025-05-23,Client fidèle,3,19802.65,False,True
CUST01602,Japon,Osaka,Boutique (walk-in),2025-10-14,Découverte,2,15646.88,False,True
CUST01603,USA,Beverly Hills,Recommandation VIC,2026-03-26,Découverte,0,0.0,False,False
CUST01604,Moyen-Orient,Dubaï Mall,Recommandation VIC,2025-02-21,Client fidèle,3,32182.06,True,True
CUST01605,Japon,Tokyo Ginza,Boutique (walk-in),2025-08-08,Client fidèle,2,39838.62,True,False
CUST01606,USA,Bal Harbour,Boutique (walk-in),2025-05-31,Client fidèle,2,35509.87,True,True
CUST01607,Japon,Tokyo Ginza,Digital / en ligne,2026-02-10,Découverte,1,498.72,False,False
CUST01608,USA,New York 5th Ave,Digital / en ligne,2024-11-07,VIC,4,76279.33,True,True
CUST01609,France (siège),Paris Champs-Élysées,Digital / en ligne,2024-09-15,VIC,2,118110.77,False,False
CUST01610,Chine,Pékin,Recommandation VIC,2025-02-28,Client fidèle,3,37433.31,False,True
CUST01611,Japon,Tokyo Ginza,Boutique (walk-in),2024-09-20,Client fidèle,5,58569.0,False,True
CUST01612,Moyen-Orient,Dubaï Mall,Recommandation VIC,2025-08-26,Découverte,2,14973.13,False,True
CUST01613,Moyen-Orient,Abu Dhabi,Recommandation VIC,2024-11-13,Client fidèle,4,30986.82,True,True
CUST01614,France (siège),Cannes,Recommandation VIC,2025-09-07,Découverte,1,846.64,False,True
CUST01615,France (siège),Paris Vendôme,Événement privé,2026-02-12,Découverte,0,0.0,False,False
CUST01616,Moyen-Orient,Abu Dhabi,Événement privé,2026-04-07,Découverte,0,0.0,False,False
CUST01617,Chine,Shanghai,Boutique (walk-in),2026-01-22,Client fidèle,1,31429.16,False,False
CUST01618,France (siège),Cannes,Recommandation VIC,2024-11-13,VIC,3,107826.65,True,True
CUST01619,Japon,Tokyo Ginza,Événement privé,2025-05-14,VIC,2,84662.92,False,True
CUST01620,Moyen-Orient,Dubaï Mall,Boutique (walk-in),2025-10-23,Découverte,1,263.19,False,True
CUST01621,Moyen-Orient,Abu Dhabi,Recommandation VIC,2025-10-21,Client fidèle,1,46023.71,False,True
CUST01622,USA,New York 5th Ave,Digital / en ligne,2025-07-13,Client fidèle,3,60806.89,True,True
CUST01623,Moyen-Orient,Dubaï Mall,Événement privé,2025-02-13,Client fidèle,3,40693.77,True,True
CUST01624,USA,Bal Harbour,Boutique (walk-in),2025-06-03,Découverte,2,17211.32,False,True
CUST01625,USA,New York 5th Ave,Digital / en ligne,2025-11-28,Client fidèle,1,26251.75,False,False
CUST01626,USA,Beverly Hills,Boutique (walk-in),2026-02-07,Découverte,0,0.0,False,False
CUST01627,France (siège),Cannes,Digital / en ligne,2025-08-21,Client fidèle,2,25346.78,True,True
CUST01628,USA,Beverly Hills,Événement privé,2025-05-16,Client fidèle,2,32005.44,True,True
CUST01629,Chine,Shanghai,Boutique (walk-in),2026-01-13,Découverte,1,852.03,False,True
CUST01630,France (siège),Paris Champs-Élysées,Boutique (walk-in),2025-12-11,VIC,1,108149.98,False,False
CUST01631,Chine,Hong Kong,Recommandation VIC,2025-04-20,Client fidèle,1,24322.55,False,False
CUST01632,France (siège),Cannes,Boutique (walk-in),2024-09-03,Découverte,3,2227.64,True,True
CUST01633,Japon,Tokyo Ginza,Recommandation VIC,2025-07-07,Découverte,1,8694.44,False,False
CUST01634,France (siège),Cannes,Recommandation VIC,2026-03-31,Découverte,0,0.0,False,False
CUST01635,Chine,Shanghai,Recommandation VIC,2026-02-18,Découverte,0,0.0,False,False
CUST01636,Japon,Tokyo Ginza,Recommandation VIC,2025-03-23,VIC,2,128695.1,False,True
CUST01637,Moyen-Orient,Dubaï Mall,Recommandation VIC,2025-08-09,Découverte,2,15002.07,False,True
CUST01638,Moyen-Orient,Abu Dhabi,Boutique (walk-in),2025-07-08,Découverte,2,2121.26,False,True
CUST01639,USA,Bal Harbour,Boutique (walk-in),2025-07-29,Client fidèle,2,33547.34,False,True
CUST01640,Moyen-Orient,Dubaï Mall,Événement privé,2025-01-29,Découverte,1,272.94,False,False
CUST01641,USA,Bal Harbour,Événement privé,2025-09-27,Découverte,1,905.83,False,True
CUST01642,Moyen-Orient,Dubaï Mall,Recommandation VIC,2024-11-01,Découverte,4,15559.65,True,False
CUST01643,Chine,Shanghai,Digital / en ligne,2024-10-02,Client fidèle,4,22159.32,True,True
CUST01644,Japon,Tokyo Ginza,Boutique (walk-in),2025-11-15,Découverte,1,605.23,False,True
CUST01645,Moyen-Orient,Abu Dhabi,Événement privé,2026-01-20,Découverte,0,0.0,False,False
CUST01646,France (siège),Cannes,Recommandation VIC,2024-12-11,Découverte,2,15341.0,True,False
CUST01647,USA,Beverly Hills,Digital / en ligne,2024-09-04,VIC,4,102343.88,False,True
CUST01648,Moyen-Orient,Dubaï Mall,Recommandation VIC,2024-12-20,Very VIP,5,248025.43,True,False
CUST01649,USA,New York 5th Ave,Recommandation VIC,2025-11-02,Découverte,1,1182.93,False,True
CUST01650,France (siège),Paris Vendôme,Recommandation VIC,2024-10-23,Very VIP,5,344625.4,False,True
CUST01651,Japon,Tokyo Ginza,Boutique (walk-in),2025-06-26,Client fidèle,2,21177.07,False,True
CUST01652,USA,Beverly Hills,Digital / en ligne,2024-12-19,Client fidèle,3,51797.51,False,True
CUST01653,USA,Bal Harbour,Boutique (walk-in),2024-10-09,VIC,4,68968.07,False,True
CUST01654,Japon,Osaka,Recommandation VIC,2025-08-23,Découverte,1,7605.01,False,False
CUST01655,Japon,Tokyo Ginza,Recommandation VIC,2025-02-26,Client fidèle,3,43564.77,False,True
CUST01656,USA,Beverly Hills,Recommandation VIC,2025-12-11,Découverte,1,4435.38,False,True
CUST01657,USA,Bal Harbour,Digital / en ligne,2025-03-26,Client fidèle,3,40107.51,True,True
CUST01658,USA,Beverly Hills,Recommandation VIC,2025-06-24,Découverte,2,8365.54,False,True
CUST01659,Chine,Pékin,Digital / en ligne,2025-01-25,VIC,3,163303.46,True,True
CUST01660,France (siège),Cannes,Événement privé,2025-02-07,Client fidèle,3,42084.36,True,True
CUST01661,France (siège),Paris Champs-Élysées,Boutique (walk-in),2024-10-28,Client fidèle,3,23146.68,False,True
CUST01662,Moyen-Orient,Abu Dhabi,Boutique (walk-in),2024-09-09,VIC,4,84772.56,True,False
CUST01663,Chine,Shanghai,Recommandation VIC,2025-03-22,Découverte,1,9323.85,False,False
CUST01664,France (siège),Paris Vendôme,Digital / en ligne,2025-06-30,Découverte,1,395.77,False,True
CUST01665,Moyen-Orient,Dubaï Mall,Recommandation VIC,2025-10-26,Découverte,1,368.85,False,True
CUST01666,Chine,Pékin,Événement privé,2026-04-02,Découverte,0,0.0,False,False
CUST01667,France (siège),Cannes,Recommandation VIC,2025-04-22,VIC,3,71732.17,True,True
CUST01668,Moyen-Orient,Abu Dhabi,Événement privé,2024-10-18,Client fidèle,2,44538.98,True,False
CUST01669,Chine,Hong Kong,Boutique (walk-in),2025-03-21,Client fidèle,1,24267.43,False,False
CUST01670,France (siège),Paris Vendôme,Digital / en ligne,2025-05-16,Client fidèle,2,19751.16,True,False
CUST01671,Chine,Hong Kong,Boutique (walk-in),2025-09-02,Découverte,2,15123.47,True,True
CUST01672,Moyen-Orient,Abu Dhabi,Recommandation VIC,2026-02-23,Découverte,0,0.0,False,False
CUST01673,USA,Beverly Hills,Événement privé,2025-05-21,Découverte,2,8677.18,False,True
CUST01674,Japon,Tokyo Ginza,Recommandation VIC,2024-10-01,VIC,3,70953.74,False,True
CUST01675,Moyen-Orient,Abu Dhabi,Recommandation VIC,2025-11-21,VIC,1,124948.75,False,True
CUST01676,Chine,Hong Kong,Digital / en ligne,2026-01-30,Client fidèle,1,21281.92,False,False
CUST01677,France (siège),Cannes,Digital / en ligne,2024-11-13,Client fidèle,2,56475.41,True,False
CUST01678,Chine,Shanghai,Digital / en ligne,2025-11-21,VIC,1,138435.87,False,True
CUST01679,France (siège),Cannes,Boutique (walk-in),2025-07-09,Client fidèle,1,23867.21,False,False
CUST01680,USA,Beverly Hills,Boutique (walk-in),2024-12-20,VIC,3,73951.93,False,True
CUST01681,USA,Beverly Hills,Digital / en ligne,2025-03-03,Découverte,1,16973.37,False,False
CUST01682,Japon,Tokyo Ginza,Digital / en ligne,2025-05-18,Client fidèle,2,44848.06,False,True
CUST01683,Japon,Osaka,Digital / en ligne,2025-02-16,VIC,3,171461.8,True,True
CUST01684,Moyen-Orient,Abu Dhabi,Recommandation VIC,2025-10-25,Découverte,1,13015.45,False,True
CUST01685,Japon,Tokyo Ginza,Boutique (walk-in),2026-01-06,Découverte,1,4619.75,False,True
CUST01686,USA,Beverly Hills,Boutique (walk-in),2024-10-20,Client fidèle,3,33675.49,False,True
CUST01687,Chine,Hong Kong,Boutique (walk-in),2026-04-04,Découverte,0,0.0,False,False
CUST01688,USA,Beverly Hills,Digital / en ligne,2025-07-22,Découverte,1,12066.16,False,True
CUST01689,France (siège),Paris Champs-Élysées,Digital / en ligne,2024-11-16,Découverte,1,837.91,False,False
CUST01690,USA,Bal Harbour,Boutique (walk-in),2026-02-11,Découverte,1,8884.42,False,True
CUST01691,France (siège),Paris Vendôme,Boutique (walk-in),2025-05-11,Client fidèle,2,25155.34,True,True
CUST01692,Japon,Osaka,Événement privé,2024-10-01,Client fidèle,4,26227.64,True,True
CUST01693,France (siège),Paris Vendôme,Boutique (walk-in),2024-10-31,VIC,4,70885.49,True,True
CUST01694,USA,Beverly Hills,Recommandation VIC,2025-11-20,Découverte,1,13723.93,False,True
CUST01695,Moyen-Orient,Dubaï Mall,Boutique (walk-in),2025-05-31,Client fidèle,2,45106.43,False,True
CUST01696,France (siège),Cannes,Digital / en ligne,2026-01-09,Découverte,1,1071.51,False,True
CUST01697,France (siège),Cannes,Boutique (walk-in),2025-03-06,VIC,3,165988.05,True,True
CUST01698,USA,Beverly Hills,Digital / en ligne,2024-10-09,VIC,3,160839.63,True,False
CUST01699,Moyen-Orient,Abu Dhabi,Recommandation VIC,2025-10-28,Découverte,1,17769.17,False,True
CUST01700,Japon,Osaka,Boutique (walk-in),2026-04-22,Découverte,0,0.0,False,False
CUST01701,Moyen-Orient,Dubaï Mall,Digital / en ligne,2024-09-08,Client fidèle,3,44570.4,True,True
CUST01702,Chine,Hong Kong,Recommandation VIC,2025-08-01,Découverte,3,14279.93,True,True
CUST01703,Chine,Hong Kong,Événement privé,2025-04-06,Client fidèle,3,48081.47,True,False
CUST01704,France (siège),Paris Champs-Élysées,Boutique (walk-in),2025-04-13,Client fidèle,3,42411.4,False,False
CUST01705,Moyen-Orient,Dubaï Mall,Digital / en ligne,2025-11-27,Découverte,1,652.14,False,True
CUST01706,Chine,Hong Kong,Événement privé,2024-10-17,Découverte,1,14480.85,False,False
CUST01707,France (siège),Cannes,Boutique (walk-in),2025-09-14,VIC,1,123549.6,False,True
CUST01708,Chine,Hong Kong,Recommandation VIC,2025-12-24,Découverte,1,17217.53,False,True
CUST01709,France (siège),Cannes,Boutique (walk-in),2025-10-13,Découverte,1,261.9,False,True
CUST01710,USA,New York 5th Ave,Événement privé,2024-09-04,Client fidèle,4,23407.89,True,True
CUST01711,Moyen-Orient,Abu Dhabi,Événement privé,2025-03-31,Client fidèle,2,31252.22,True,False
CUST01712,Moyen-Orient,Abu Dhabi,Recommandation VIC,2025-09-09,Découverte,2,14608.27,True,True
CUST01713,Japon,Tokyo Ginza,Recommandation VIC,2025-05-30,Découverte,1,15711.53,False,False
CUST01714,Chine,Hong Kong,Boutique (walk-in),2024-10-23,Very VIP,5,365889.5,True,True
CUST01715,Moyen-Orient,Dubaï Mall,Boutique (walk-in),2025-08-17,Découverte,2,14482.99,False,True
CUST01716,USA,New York 5th Ave,Boutique (walk-in),2025-10-16,Découverte,1,744.61,False,False
CUST01717,Japon,Tokyo Ginza,Boutique (walk-in),2025-10-26,Découverte,2,1530.7,False,True
CUST01718,Chine,Shanghai,Boutique (walk-in),2026-03-24,Découverte,0,0.0,False,False
CUST01719,France (siège),Cannes,Boutique (walk-in),2024-11-22,VIC,3,72963.69,True,True
CUST01720,Moyen-Orient,Dubaï Mall,Recommandation VIC,2025-02-14,VIC,1,109373.16,False,False
CUST01721,Moyen-Orient,Dubaï Mall,Boutique (walk-in),2025-05-05,Découverte,1,6021.22,False,False
CUST01722,Japon,Tokyo Ginza,Digital / en ligne,2025-06-11,Client fidèle,2,34423.88,True,True
CUST01723,Moyen-Orient,Abu Dhabi,Boutique (walk-in),2025-03-22,Découverte,2,1656.03,False,True
CUST01724,Moyen-Orient,Abu Dhabi,Événement privé,2024-11-16,Client fidèle,3,43837.32,False,True
CUST01725,France (siège),Paris Vendôme,Digital / en ligne,2025-05-05,Découverte,2,14060.57,True,True
CUST01726,Chine,Shanghai,Boutique (walk-in),2025-02-19,VIC,4,123824.8,True,True
CUST01727,Chine,Shanghai,Événement privé,2025-04-03,Client fidèle,2,19878.74,True,False
CUST01728,Chine,Pékin,Boutique (walk-in),2025-12-15,Découverte,1,733.18,False,True
CUST01729,USA,Bal Harbour,Événement privé,2025-07-21,Client fidèle,2,26744.41,False,True
CUST01730,USA,New York 5th Ave,Digital / en ligne,2026-04-20,Découverte,0,0.0,False,False
CUST01731,Moyen-Orient,Dubaï Mall,Recommandation VIC,2024-12-28,Very VIP,4,875561.67,True,True
CUST01732,Chine,Pékin,Boutique (walk-in),2025-01-29,VIC,2,159060.78,True,False
CUST01733,France (siège),Paris Champs-Élysées,Recommandation VIC,2024-11-02,Découverte,3,1774.5,False,True
CUST01734,Japon,Tokyo Ginza,Recommandation VIC,2026-02-10,Découverte,1,1230.88,False,True
CUST01735,Chine,Shanghai,Recommandation VIC,2025-06-03,Client fidèle,2,22141.92,True,True
CUST01736,Japon,Tokyo Ginza,Boutique (walk-in),2025-12-09,Découverte,1,673.35,False,True
CUST01737,USA,Beverly Hills,Recommandation VIC,2025-03-21,Client fidèle,3,18799.46,True,True
CUST01738,Japon,Osaka,Boutique (walk-in),2025-06-16,Client fidèle,2,18830.62,False,True
CUST01739,Moyen-Orient,Abu Dhabi,Boutique (walk-in),2025-12-18,Découverte,1,819.52,False,True
CUST01740,Chine,Shanghai,Recommandation VIC,2024-10-26,Découverte,2,14055.25,True,False
CUST01741,Moyen-Orient,Dubaï Mall,Boutique (walk-in),2025-07-31,Découverte,2,5334.63,False,True
CUST01742,France (siège),Cannes,Événement privé,2025-07-08,Client fidèle,1,34048.66,False,True
CUST01743,France (siège),Paris Champs-Élysées,Boutique (walk-in),2026-04-11,Découverte,0,0.0,False,False
CUST01744,France (siège),Cannes,Digital / en ligne,2025-12-26,Découverte,1,13373.62,False,True
CUST01745,Moyen-Orient,Dubaï Mall,Événement privé,2025-01-29,Client fidèle,3,25242.5,True,True
CUST01746,France (siège),Paris Champs-Élysées,Boutique (walk-in),2025-10-13,Client fidèle,2,46739.52,True,True
CUST01747,Japon,Tokyo Ginza,Événement privé,2025-10-06,Client fidèle,1,30813.19,False,True
CUST01748,Japon,Tokyo Ginza,Digital / en ligne,2025-01-22,Découverte,1,648.6,False,False
CUST01749,Chine,Shanghai,Événement privé,2025-09-20,Découverte,1,754.79,False,True
CUST01750,USA,Beverly Hills,Boutique (walk-in),2025-11-11,Découverte,2,11817.09,True,True
CUST01751,France (siège),Paris Champs-Élysées,Boutique (walk-in),2025-08-24,Découverte,1,9786.53,False,False
CUST01752,Chine,Shanghai,Événement privé,2024-12-05,Découverte,1,777.32,False,False
CUST01753,Chine,Hong Kong,Événement privé,2024-12-16,Client fidèle,3,53247.02,True,False
CUST01754,USA,New York 5th Ave,Recommandation VIC,2025-02-20,Découverte,2,16396.4,True,True
CUST01755,Japon,Tokyo Ginza,Recommandation VIC,2026-01-22,Découverte,1,9652.06,False,True
CUST01756,France (siège),Paris Champs-Élysées,Recommandation VIC,2026-01-12,Découverte,1,13872.31,False,True
CUST01757,Chine,Pékin,Boutique (walk-in),2026-04-21,Découverte,0,0.0,False,False
CUST01758,France (siège),Paris Champs-Élysées,Digital / en ligne,2026-04-15,Découverte,0,0.0,False,False
CUST01759,France (siège),Cannes,Recommandation VIC,2025-10-25,Découverte,1,16864.33,False,True
CUST01760,France (siège),Paris Vendôme,Boutique (walk-in),2025-07-27,Client fidèle,2,29892.39,True,True
CUST01761,Chine,Pékin,Événement privé,2026-02-25,Découverte,0,0.0,False,False
CUST01762,Moyen-Orient,Dubaï Mall,Événement privé,2024-09-07,Client fidèle,3,29736.1,True,False
CUST01763,USA,Beverly Hills,Événement privé,2025-08-30,Découverte,2,11614.46,True,True
CUST01764,Chine,Shanghai,Digital / en ligne,2025-07-27,Client fidèle,2,40745.27,True,False
CUST01765,Moyen-Orient,Abu Dhabi,Recommandation VIC,2024-10-13,Découverte,1,1046.13,False,False
CUST01766,Moyen-Orient,Dubaï Mall,Recommandation VIC,2025-12-05,Client fidèle,1,18331.28,False,True
CUST01767,Chine,Shanghai,Recommandation VIC,2025-10-15,Découverte,1,7999.35,False,True
CUST01768,Moyen-Orient,Dubaï Mall,Événement privé,2025-07-31,Client fidèle,2,50358.47,True,True
CUST01769,Japon,Tokyo Ginza,Boutique (walk-in),2025-01-10,Client fidèle,3,39811.25,True,True
CUST01770,USA,Bal Harbour,Boutique (walk-in),2025-10-02,Client fidèle,2,26896.43,True,True
CUST01771,USA,Bal Harbour,Boutique (walk-in),2025-09-04,Découverte,1,17894.72,False,True
CUST01772,France (siège),Cannes,Digital / en ligne,2025-05-06,Client fidèle,2,23681.12,False,True
CUST01773,USA,New York 5th Ave,Recommandation VIC,2024-10-10,VIC,2,120260.03,True,False
CUST01774,France (siège),Cannes,Boutique (walk-in),2025-12-09,Découverte,1,13224.83,False,True
CUST01775,France (siège),Cannes,Boutique (walk-in),2025-01-26,Client fidèle,3,18852.07,False,True
CUST01776,Chine,Pékin,Boutique (walk-in),2025-12-05,VIC,3,172613.68,True,True
CUST01777,Moyen-Orient,Dubaï Mall,Digital / en ligne,2025-09-02,Découverte,1,13232.9,False,False
CUST01778,Moyen-Orient,Abu Dhabi,Recommandation VIC,2024-12-07,VIC,4,109741.63,True,True
CUST01779,Moyen-Orient,Dubaï Mall,Boutique (walk-in),2025-11-03,Découverte,1,16275.13,False,True
CUST01780,Chine,Shanghai,Événement privé,2025-09-25,Client fidèle,2,43647.74,False,True
CUST01781,Moyen-Orient,Dubaï Mall,Boutique (walk-in),2025-01-11,Client fidèle,3,42678.65,True,True
CUST01782,Moyen-Orient,Dubaï Mall,Recommandation VIC,2026-01-17,Découverte,1,5825.95,False,True
CUST01783,France (siège),Paris Champs-Élysées,Digital / en ligne,2026-01-29,Découverte,1,433.3,False,False
CUST01784,USA,Beverly Hills,Digital / en ligne,2025-07-24,VIC,3,72304.15,False,True
CUST01785,Japon,Tokyo Ginza,Boutique (walk-in),2025-02-05,Client fidèle,3,25881.91,True,True
CUST01786,Japon,Osaka,Digital / en ligne,2026-03-06,Découverte,1,10269.24,False,True
CUST01787,USA,New York 5th Ave,Recommandation VIC,2026-03-07,Découverte,0,0.0,False,False
CUST01788,France (siège),Paris Champs-Élysées,Événement privé,2025-10-17,Découverte,1,9649.52,False,True
CUST01789,France (siège),Paris Champs-Élysées,Recommandation VIC,2024-10-18,Découverte,1,610.19,False,False
CUST01790,France (siège),Paris Vendôme,Recommandation VIC,2026-01-14,Découverte,1,947.02,False,False
CUST01791,USA,New York 5th Ave,Digital / en ligne,2026-02-05,Découverte,0,0.0,False,False
CUST01792,France (siège),Paris Vendôme,Boutique (walk-in),2025-05-31,VIC,2,172751.95,True,True
CUST01793,Japon,Osaka,Recommandation VIC,2025-06-29,Client fidèle,1,24268.78,False,False
CUST01794,France (siège),Paris Vendôme,Recommandation VIC,2025-08-05,Client fidèle,2,46831.79,False,True
CUST01795,Japon,Osaka,Digital / en ligne,2025-03-20,Découverte,1,693.92,False,False
CUST01796,France (siège),Paris Champs-Élysées,Recommandation VIC,2026-01-15,Client fidèle,2,48984.51,True,True
CUST01797,Chine,Pékin,Boutique (walk-in),2025-02-28,Client fidèle,3,31269.43,False,True
CUST01798,USA,Beverly Hills,Recommandation VIC,2025-05-18,Découverte,2,10888.24,True,True
CUST01799,Japon,Tokyo Ginza,Événement privé,2025-03-01,Découverte,3,13860.83,True,True
CUST01800,USA,Bal Harbour,Événement privé,2024-09-03,VIC,3,182496.72,True,True
CUST01801,USA,Bal Harbour,Digital / en ligne,2025-10-25,Découverte,1,711.1,False,True
CUST01802,Chine,Shanghai,Événement privé,2025-11-30,Découverte,1,11589.24,False,True
CUST01803,USA,Beverly Hills,Recommandation VIC,2025-12-03,Découverte,1,5751.1,False,True
CUST01804,Moyen-Orient,Abu Dhabi,Boutique (walk-in),2025-08-28,Client fidèle,2,20837.95,True,True
CUST01805,Japon,Osaka,Boutique (walk-in),2024-12-24,VIC,5,102245.7,True,True
CUST01806,USA,Beverly Hills,Recommandation VIC,2025-05-08,Découverte,2,1262.86,False,True
CUST01807,USA,Beverly Hills,Boutique (walk-in),2025-09-17,Client fidèle,1,20757.45,False,False
CUST01808,Japon,Tokyo Ginza,Recommandation VIC,2025-06-08,Client fidèle,2,29827.18,False,True
CUST01809,USA,New York 5th Ave,Boutique (walk-in),2025-12-13,Découverte,1,1093.16,False,True
CUST01810,Japon,Osaka,Recommandation VIC,2024-10-08,Client fidèle,4,41352.49,True,True
CUST01811,Japon,Tokyo Ginza,Boutique (walk-in),2025-10-22,Découverte,1,14913.14,False,True
CUST01812,France (siège),Paris Vendôme,Événement privé,2026-04-04,Découverte,0,0.0,False,False
CUST01813,USA,Beverly Hills,Recommandation VIC,2026-02-08,Découverte,0,0.0,False,False
CUST01814,Japon,Tokyo Ginza,Boutique (walk-in),2025-11-10,Découverte,2,1410.77,False,True
CUST01815,France (siège),Paris Vendôme,Recommandation VIC,2025-01-23,Client fidèle,3,27468.36,True,True
CUST01816,USA,New York 5th Ave,Boutique (walk-in),2025-10-07,Découverte,1,10627.59,False,True
CUST01817,Japon,Osaka,Recommandation VIC,2025-08-11,Découverte,1,6598.57,False,True
CUST01818,Chine,Hong Kong,Boutique (walk-in),2024-09-10,Client fidèle,4,29778.42,True,True
CUST01819,France (siège),Cannes,Boutique (walk-in),2024-11-13,Client fidèle,1,21490.3,False,False
CUST01820,Chine,Hong Kong,Recommandation VIC,2025-03-03,VIC,3,125525.82,True,True
CUST01821,France (siège),Paris Champs-Élysées,Recommandation VIC,2024-11-03,VIC,3,208086.64,True,False
CUST01822,Japon,Tokyo Ginza,Recommandation VIC,2025-11-23,Découverte,1,8598.59,False,True
CUST01823,Moyen-Orient,Dubaï Mall,Recommandation VIC,2026-01-04,Découverte,1,14497.29,False,True
CUST01824,USA,Beverly Hills,Recommandation VIC,2025-10-13,Découverte,1,1130.34,False,True
CUST01825,Japon,Tokyo Ginza,Digital / en ligne,2026-04-18,Découverte,0,0.0,False,False
CUST01826,France (siège),Cannes,Digital / en ligne,2025-06-23,VIC,2,109580.51,False,True
CUST01827,Chine,Hong Kong,Boutique (walk-in),2026-01-07,Découverte,1,17566.41,False,True
CUST01828,Chine,Shanghai,Boutique (walk-in),2025-05-14,VIC,2,132399.75,True,True
CUST01829,Moyen-Orient,Abu Dhabi,Digital / en ligne,2025-04-18,VIC,2,121105.97,True,True
CUST01830,Chine,Shanghai,Événement privé,2025-09-20,Découverte,1,5190.58,False,True
CUST01831,Chine,Shanghai,Digital / en ligne,2025-02-08,VIC,1,143467.13,False,False
CUST01832,Chine,Hong Kong,Digital / en ligne,2025-08-23,Découverte,2,5554.07,True,True
CUST01833,France (siège),Paris Vendôme,Digital / en ligne,2025-04-14,Client fidèle,2,31185.99,True,True
CUST01834,USA,Beverly Hills,Événement privé,2026-02-07,Client fidèle,1,19218.63,False,False
CUST01835,France (siège),Paris Vendôme,Recommandation VIC,2025-02-15,Découverte,1,15331.55,False,False
CUST01836,Moyen-Orient,Abu Dhabi,Recommandation VIC,2025-01-03,Client fidèle,1,29996.17,False,False
CUST01837,Chine,Hong Kong,Boutique (walk-in),2026-02-21,Client fidèle,1,19779.83,False,True
CUST01838,USA,New York 5th Ave,Boutique (walk-in),2024-12-19,Very VIP,3,220959.69,True,True
CUST01839,USA,Bal Harbour,Digital / en ligne,2026-02-26,Découverte,0,0.0,False,False
CUST01840,Japon,Tokyo Ginza,Digital / en ligne,2026-01-22,Client fidèle,1,18356.67,False,True
CUST01841,France (siège),Paris Vendôme,Boutique (walk-in),2026-01-30,Découverte,1,14212.5,False,True
CUST01842,USA,Bal Harbour,Recommandation VIC,2025-07-08,Client fidèle,2,58335.68,True,True
CUST01843,Moyen-Orient,Abu Dhabi,Recommandation VIC,2024-11-25,Client fidèle,3,24801.39,True,True
CUST01844,France (siège),Paris Champs-Élysées,Recommandation VIC,2025-10-16,Client fidèle,1,27231.94,False,True
CUST01845,France (siège),Paris Champs-Élysées,Recommandation VIC,2026-02-20,Découverte,1,735.77,False,True
CUST01846,France (siège),Paris Champs-Élysées,Recommandation VIC,2025-11-07,Client fidèle,1,39441.13,False,True
CUST01847,USA,Beverly Hills,Digital / en ligne,2024-09-12,Client fidèle,5,39622.74,True,True
CUST01848,France (siège),Cannes,Recommandation VIC,2025-08-29,Client fidèle,2,42962.0,True,True
CUST01849,Japon,Tokyo Ginza,Recommandation VIC,2024-11-05,VIC,3,114030.9,False,True
CUST01850,Chine,Hong Kong,Boutique (walk-in),2025-02-25,Client fidèle,3,31641.43,True,True
CUST01851,Japon,Tokyo Ginza,Événement privé,2025-02-06,VIC,4,68799.65,True,True
CUST01852,Chine,Pékin,Boutique (walk-in),2025-11-17,Découverte,1,14290.75,False,True
CUST01853,Chine,Pékin,Recommandation VIC,2025-09-28,Découverte,2,2362.85,False,True
CUST01854,USA,Bal Harbour,Recommandation VIC,2024-10-15,VIC,5,70962.2,True,True
CUST01855,Chine,Pékin,Boutique (walk-in),2025-09-02,Client fidèle,2,46993.28,True,True
CUST01856,USA,Bal Harbour,Boutique (walk-in),2025-08-16,Découverte,1,623.01,False,True
CUST01857,USA,New York 5th Ave,Boutique (walk-in),2025-07-28,Client fidèle,2,24636.3,True,True
CUST01858,Chine,Hong Kong,Recommandation VIC,2026-02-06,Découverte,0,0.0,False,False
CUST01859,France (siège),Cannes,Digital / en ligne,2026-02-20,Découverte,0,0.0,False,False
CUST01860,USA,Beverly Hills,Événement privé,2024-12-28,Découverte,1,12177.16,False,False
CUST01861,France (siège),Cannes,Recommandation VIC,2025-07-20,Client fidèle,2,25417.07,True,False
CUST01862,Chine,Pékin,Recommandation VIC,2025-10-01,Découverte,1,915.98,False,False
CUST01863,France (siège),Cannes,Recommandation VIC,2025-01-31,VIC,4,70474.08,True,True
CUST01864,France (siège),Cannes,Événement privé,2025-01-31,Découverte,1,898.93,False,False
CUST01865,USA,Bal Harbour,Boutique (walk-in),2025-12-15,Client fidèle,2,33971.77,True,True
CUST01866,Japon,Osaka,Digital / en ligne,2025-06-21,Client fidèle,2,20868.04,True,True
CUST01867,Moyen-Orient,Dubaï Mall,Boutique (walk-in),2024-09-06,Découverte,1,15801.75,False,False
CUST01868,Japon,Osaka,Boutique (walk-in),2024-10-06,Client fidèle,2,39508.28,True,False
CUST01869,USA,Bal Harbour,Boutique (walk-in),2025-02-19,Client fidèle,1,30037.52,False,False
CUST01870,Japon,Osaka,Recommandation VIC,2025-12-12,Découverte,1,716.65,False,True
CUST01871,Chine,Pékin,Boutique (walk-in),2026-04-09,Découverte,0,0.0,False,False
CUST01872,Chine,Pékin,Boutique (walk-in),2025-02-11,Découverte,3,13153.76,True,True
CUST01873,Chine,Hong Kong,Digital / en ligne,2024-12-31,Client fidèle,3,32901.01,True,True
CUST01874,USA,New York 5th Ave,Boutique (walk-in),2025-01-30,Client fidèle,2,24800.31,False,False
CUST01875,Chine,Hong Kong,Boutique (walk-in),2025-10-05,VIC,1,96208.71,False,True
CUST01876,Japon,Tokyo Ginza,Digital / en ligne,2025-07-17,VIC,2,100717.46,True,True
CUST01877,USA,Beverly Hills,Boutique (walk-in),2025-01-19,VIC,4,207522.62,True,True
CUST01878,Japon,Tokyo Ginza,Boutique (walk-in),2026-04-10,Découverte,0,0.0,False,False
CUST01879,Moyen-Orient,Abu Dhabi,Digital / en ligne,2024-09-08,Découverte,1,12035.96,False,False
CUST01880,Chine,Hong Kong,Événement privé,2025-01-14,Découverte,3,11569.63,True,True
CUST01881,France (siège),Paris Vendôme,Boutique (walk-in),2026-01-26,Découverte,1,820.55,False,True
CUST01882,USA,New York 5th Ave,Digital / en ligne,2025-06-15,Client fidèle,2,36850.28,False,True
CUST01883,Moyen-Orient,Abu Dhabi,Digital / en ligne,2025-11-15,Client fidèle,1,27457.78,False,False
CUST01884,Chine,Hong Kong,Digital / en ligne,2026-01-30,Découverte,1,1332.61,False,True
CUST01885,Chine,Shanghai,Boutique (walk-in),2025-09-05,Client fidèle,1,20793.97,False,True
CUST01886,Japon,Osaka,Recommandation VIC,2025-07-30,Client fidèle,2,33575.38,True,True
CUST01887,Moyen-Orient,Dubaï Mall,Digital / en ligne,2024-12-07,Découverte,3,15834.3,True,True
CUST01888,France (siège),Paris Vendôme,Recommandation VIC,2025-02-15,Client fidèle,3,37635.56,False,True
CUST01889,Chine,Shanghai,Recommandation VIC,2025-11-13,Client fidèle,1,37195.51,False,True
CUST01890,Chine,Hong Kong,Boutique (walk-in),2025-02-02,Very VIP,3,269596.85,True,True
CUST01891,Moyen-Orient,Abu Dhabi,Événement privé,2024-09-27,Découverte,3,3011.31,True,True
CUST01892,USA,Bal Harbour,Boutique (walk-in),2025-09-01,Découverte,2,14249.58,True,True
CUST01893,Chine,Pékin,Boutique (walk-in),2025-10-03,Client fidèle,1,19150.24,False,True
CUST01894,USA,Bal Harbour,Événement privé,2024-10-08,Découverte,1,17769.59,False,False
CUST01895,Japon,Tokyo Ginza,Digital / en ligne,2024-11-15,VIC,7,150545.58,True,True
CUST01896,USA,Bal Harbour,Recommandation VIC,2025-08-19,Découverte,1,882.45,False,False
CUST01897,France (siège),Cannes,Boutique (walk-in),2025-09-17,Client fidèle,2,35354.25,True,False
CUST01898,Moyen-Orient,Abu Dhabi,Recommandation VIC,2025-06-10,Découverte,2,1343.77,True,False
CUST01899,USA,Bal Harbour,Boutique (walk-in),2025-11-09,Découverte,1,15244.09,False,True
CUST01900,Chine,Shanghai,Recommandation VIC,2024-09-26,Client fidèle,3,31114.41,True,False
CUST01901,USA,Beverly Hills,Recommandation VIC,2025-10-21,Découverte,1,966.43,False,True
CUST01902,USA,New York 5th Ave,Événement privé,2024-10-30,Client fidèle,3,41751.5,True,True
CUST01903,USA,Bal Harbour,Digital / en ligne,2025-11-26,Client fidèle,2,33715.85,True,True
CUST01904,USA,New York 5th Ave,Boutique (walk-in),2025-04-08,Découverte,2,1063.7,True,True
CUST01905,USA,Beverly Hills,Événement privé,2025-05-07,Client fidèle,2,18498.82,True,True
CUST01906,France (siège),Cannes,Boutique (walk-in),2025-11-19,Découverte,1,784.06,False,True
CUST01907,France (siège),Cannes,Digital / en ligne,2026-01-05,Découverte,1,13309.47,False,True
CUST01908,Moyen-Orient,Abu Dhabi,Digital / en ligne,2025-10-03,Découverte,1,805.4,False,False
CUST01909,Moyen-Orient,Dubaï Mall,Boutique (walk-in),2024-10-03,Client fidèle,1,34310.38,False,False
CUST01910,France (siège),Paris Vendôme,Événement privé,2025-09-08,Client fidèle,2,20018.31,False,True
CUST01911,Chine,Hong Kong,Événement privé,2025-03-29,Découverte,3,14213.59,True,True
CUST01912,France (siège),Paris Vendôme,Boutique (walk-in),2025-09-05,Découverte,1,11085.41,False,True
CUST01913,Japon,Tokyo Ginza,Recommandation VIC,2026-04-05,Découverte,1,1231.74,False,True
CUST01914,USA,Beverly Hills,Recommandation VIC,2026-03-23,Découverte,0,0.0,False,False
CUST01915,Chine,Shanghai,Événement privé,2025-02-18,Découverte,3,14223.11,True,True
CUST01916,Chine,Shanghai,Boutique (walk-in),2026-02-24,Client fidèle,1,22079.46,False,True
CUST01917,Chine,Shanghai,Recommandation VIC,2025-12-26,Découverte,1,813.91,False,True
CUST01918,Moyen-Orient,Dubaï Mall,Événement privé,2024-10-16,Client fidèle,2,21674.72,True,False
CUST01919,Chine,Hong Kong,Boutique (walk-in),2024-10-22,Découverte,3,1928.65,False,True
CUST01920,Moyen-Orient,Dubaï Mall,Recommandation VIC,2025-03-29,Découverte,3,14687.19,True,True
CUST01921,Chine,Shanghai,Boutique (walk-in),2025-09-03,Découverte,2,10882.05,False,True
CUST01922,Moyen-Orient,Abu Dhabi,Recommandation VIC,2025-07-21,Découverte,2,1676.87,True,True
CUST01923,Moyen-Orient,Abu Dhabi,Événement privé,2024-09-04,Client fidèle,2,31244.54,False,False
CUST01924,Japon,Osaka,Digital / en ligne,2024-12-23,Client fidèle,4,40045.22,True,True
CUST01925,Moyen-Orient,Abu Dhabi,Boutique (walk-in),2024-10-19,Client fidèle,3,36447.38,False,True
CUST01926,Chine,Pékin,Boutique (walk-in),2026-02-21,Découverte,1,12210.51,False,True
CUST01927,USA,Beverly Hills,Recommandation VIC,2024-09-12,Client fidèle,4,46852.27,True,False
CUST01928,Chine,Hong Kong,Recommandation VIC,2025-10-18,Découverte,1,797.5,False,True
CUST01929,USA,New York 5th Ave,Recommandation VIC,2025-11-30,Découverte,1,8208.86,False,True
CUST01930,Japon,Tokyo Ginza,Boutique (walk-in),2024-11-04,Client fidèle,3,28876.46,True,True
CUST01931,France (siège),Paris Vendôme,Boutique (walk-in),2026-01-22,Découverte,1,8717.09,False,False
CUST01932,Chine,Shanghai,Événement privé,2026-01-26,Découverte,1,10203.19,False,True
CUST01933,France (siège),Cannes,Recommandation VIC,2025-03-25,VIC,1,96147.19,False,False
CUST01934,Chine,Pékin,Digital / en ligne,2024-10-23,Client fidèle,4,51468.13,True,False
CUST01935,Japon,Osaka,Recommandation VIC,2025-07-28,Client fidèle,3,52676.04,True,True
CUST01936,USA,Bal Harbour,Recommandation VIC,2025-07-20,Client fidèle,2,25273.23,True,False
CUST01937,USA,New York 5th Ave,Événement privé,2024-09-15,VIC,2,80593.16,True,False
CUST01938,France (siège),Paris Vendôme,Boutique (walk-in),2025-04-26,VIC,3,154714.9,True,True
CUST01939,France (siège),Cannes,Boutique (walk-in),2025-10-08,Client fidèle,2,24244.09,True,True
CUST01940,Chine,Shanghai,Boutique (walk-in),2025-09-23,Découverte,1,627.15,False,False
CUST01941,Japon,Tokyo Ginza,Recommandation VIC,2025-10-08,Découverte,1,639.5,False,True
CUST01942,Japon,Osaka,Digital / en ligne,2024-11-21,Découverte,3,7610.59,True,True
CUST01943,Japon,Osaka,Recommandation VIC,2024-11-13,Découverte,1,13894.82,False,False
CUST01944,Japon,Osaka,Digital / en ligne,2026-04-14,Découverte,0,0.0,False,False
CUST01945,USA,Bal Harbour,Digital / en ligne,2025-06-30,Découverte,1,14537.01,False,False
CUST01946,France (siège),Paris Champs-Élysées,Boutique (walk-in),2025-08-16,VIC,3,187983.53,True,True
CUST01947,Moyen-Orient,Abu Dhabi,Boutique (walk-in),2025-08-28,Client fidèle,1,26930.12,False,False
CUST01948,France (siège),Paris Champs-Élysées,Boutique (walk-in),2025-02-11,Client fidèle,3,21055.73,True,True
CUST01949,Chine,Pékin,Boutique (walk-in),2025-09-20,Découverte,2,942.1,False,True
CUST01950,Chine,Pékin,Boutique (walk-in),2025-10-23,Découverte,2,2571.43,False,True
CUST01951,Chine,Pékin,Recommandation VIC,2025-04-29,Client fidèle,3,61433.95,True,True
CUST01952,USA,Bal Harbour,Boutique (walk-in),2025-02-24,Client fidèle,3,47871.65,True,True
CUST01953,Chine,Pékin,Digital / en ligne,2026-03-10,Découverte,0,0.0,False,False
CUST01954,Japon,Osaka,Digital / en ligne,2025-06-23,Client fidèle,3,36454.44,False,True
CUST01955,Moyen-Orient,Dubaï Mall,Recommandation VIC,2025-11-17,Découverte,1,1055.23,False,False
CUST01956,Japon,Tokyo Ginza,Digital / en ligne,2025-01-03,VIC,4,177852.31,True,True
CUST01957,USA,Beverly Hills,Digital / en ligne,2025-01-16,VIC,4,191638.38,True,True
CUST01958,Chine,Hong Kong,Digital / en ligne,2025-09-23,VIC,2,138004.02,False,True
CUST01959,Chine,Shanghai,Boutique (walk-in),2025-08-16,Client fidèle,3,57185.05,True,True
CUST01960,Chine,Shanghai,Recommandation VIC,2024-09-12,VIC,5,89632.4,False,True
CUST01961,USA,Bal Harbour,Digital / en ligne,2025-06-09,VIC,2,216657.33,True,True
CUST01962,Chine,Hong Kong,Digital / en ligne,2025-01-31,Client fidèle,4,58235.48,True,True
CUST01963,Chine,Pékin,Digital / en ligne,2025-05-31,Découverte,2,1545.0,True,True
CUST01964,Moyen-Orient,Abu Dhabi,Boutique (walk-in),2025-08-08,Découverte,1,541.01,False,True
CUST01965,France (siège),Cannes,Digital / en ligne,2025-06-23,Client fidèle,1,32533.16,False,False
CUST01966,Japon,Tokyo Ginza,Digital / en ligne,2025-05-03,Client fidèle,3,46408.58,True,True
CUST01967,Chine,Pékin,Boutique (walk-in),2026-03-10,Découverte,0,0.0,False,False
CUST01968,Chine,Pékin,Événement privé,2024-11-09,Client fidèle,4,30572.4,True,False
CUST01969,Moyen-Orient,Abu Dhabi,Boutique (walk-in),2025-01-10,Découverte,3,14935.25,True,True
CUST01970,Moyen-Orient,Abu Dhabi,Recommandation VIC,2025-03-24,Découverte,1,15610.48,False,False
CUST01971,Chine,Shanghai,Digital / en ligne,2026-02-05,Découverte,1,8748.17,False,True
CUST01972,Chine,Shanghai,Recommandation VIC,2024-09-19,Client fidèle,2,19688.38,False,False
CUST01973,Moyen-Orient,Abu Dhabi,Recommandation VIC,2025-11-20,Découverte,2,1647.04,False,True
CUST01974,Moyen-Orient,Dubaï Mall,Digital / en ligne,2025-04-13,Client fidèle,2,22629.31,True,True
CUST01975,USA,New York 5th Ave,Boutique (walk-in),2025-07-09,VIC,2,109295.61,False,True
CUST01976,Moyen-Orient,Abu Dhabi,Boutique (walk-in),2024-09-06,Client fidèle,3,29519.77,False,True
CUST01977,Chine,Hong Kong,Recommandation VIC,2026-02-28,Client fidèle,1,21736.27,False,True
CUST01978,USA,New York 5th Ave,Recommandation VIC,2024-10-31,VIC,5,153516.95,True,True
CUST01979,France (siège),Paris Vendôme,Recommandation VIC,2025-03-27,VIC,6,173312.08,True,False
CUST01980,Chine,Hong Kong,Recommandation VIC,2025-06-23,Client fidèle,3,60665.22,True,True
CUST01981,Japon,Tokyo Ginza,Événement privé,2025-04-07,Client fidèle,2,41704.88,False,False
CUST01982,USA,Bal Harbour,Événement privé,2024-10-10,VIC,4,76607.77,True,True
CUST01983,USA,New York 5th Ave,Recommandation VIC,2025-09-07,Client fidèle,2,62088.03,False,True
CUST01984,Chine,Pékin,Recommandation VIC,2025-08-26,Client fidèle,3,36719.39,True,True
CUST01985,USA,Beverly Hills,Recommandation VIC,2026-04-22,Découverte,0,0.0,False,False
CUST01986,France (siège),Cannes,Événement privé,2025-06-19,VIC,2,98897.43,True,True
CUST01987,Moyen-Orient,Dubaï Mall,Événement privé,2026-02-08,Découverte,1,12944.92,False,True
CUST01988,USA,Bal Harbour,Boutique (walk-in),2025-07-28,Découverte,1,13053.37,False,False
CUST01989,Japon,Osaka,Boutique (walk-in),2025-03-16,Client fidèle,3,29212.77,False,True
CUST01990,Chine,Hong Kong,Recommandation VIC,2025-12-31,Découverte,1,735.29,False,True
CUST01991,Japon,Osaka,Recommandation VIC,2025-08-02,Client fidèle,2,42832.08,False,True
CUST01992,France (siège),Paris Vendôme,Recommandation VIC,2025-03-09,Client fidèle,3,61857.47,True,True
CUST01993,USA,Bal Harbour,Boutique (walk-in),2024-11-20,Client fidèle,2,18412.58,True,False
CUST01994,Chine,Hong Kong,Recommandation VIC,2024-11-11,Client fidèle,4,35194.93,True,True
CUST01995,Moyen-Orient,Abu Dhabi,Boutique (walk-in),2025-08-09,Découverte,2,15645.65,True,True
CUST01996,Moyen-Orient,Dubaï Mall,Boutique (walk-in),2025-08-20,Découverte,1,9165.36,False,True
CUST01997,France (siège),Paris Champs-Élysées,Boutique (walk-in),2025-01-12,Découverte,3,13081.37,False,True
CUST01998,USA,Beverly Hills,Recommandation VIC,2025-07-16,Découverte,2,2271.52,True,True
CUST01999,Japon,Osaka,Boutique (walk-in),2025-08-14,Client fidèle,2,26306.75,False,True
CUST02000,USA,Beverly Hills,Boutique (walk-in),2025-09-02,Découverte,2,4452.09,True,True
CUST02001,France (siège),Cannes,Boutique (walk-in),2024-10-21,VIC,4,141829.17,True,True
CUST02002,France (siège),Paris Champs-Élysées,Événement privé,2025-08-19,Client fidèle,2,24425.47,True,False
CUST02003,Japon,Osaka,Recommandation VIC,2024-12-10,VIC,3,132141.69,True,True
CUST02004,USA,Bal Harbour,Recommandation VIC,2026-01-06,Découverte,1,544.82,False,True
CUST02005,USA,Bal Harbour,Événement privé,2025-04-01,Client fidèle,3,38194.02,True,True
CUST02006,Chine,Pékin,Boutique (walk-in),2025-03-09,Découverte,1,13942.72,False,False
CUST02007,Moyen-Orient,Abu Dhabi,Boutique (walk-in),2025-12-23,Découverte,1,8488.73,False,True
CUST02008,Moyen-Orient,Dubaï Mall,Événement privé,2026-01-03,Client fidèle,1,27644.77,False,True
CUST02009,USA,New York 5th Ave,Événement privé,2025-05-12,VIC,3,120090.99,True,True
CUST02010,USA,New York 5th Ave,Boutique (walk-in),2024-11-02,Client fidèle,2,22523.87,False,False
CUST02011,France (siège),Paris Vendôme,Événement privé,2025-01-29,Découverte,3,16196.13,True,True
CUST02012,Japon,Tokyo Ginza,Boutique (walk-in),2025-12-31,Découverte,1,1184.4,False,True
CUST02013,Moyen-Orient,Abu Dhabi,Recommandation VIC,2025-01-01,Client fidèle,3,44508.31,False,True
CUST02014,USA,Bal Harbour,Boutique (walk-in),2025-02-01,Découverte,3,3570.6,True,True
CUST02015,Chine,Pékin,Boutique (walk-in),2025-12-27,Client fidèle,1,20340.27,False,True
CUST02016,Chine,Shanghai,Recommandation VIC,2024-12-15,Client fidèle,4,21675.06,True,True
CUST02017,USA,Bal Harbour,Digital / en ligne,2025-06-07,Client fidèle,2,45038.75,False,True
CUST02018,USA,Beverly Hills,Recommandation VIC,2025-07-21,Client fidèle,2,38902.29,True,True
CUST02019,Japon,Osaka,Recommandation VIC,2025-11-19,Découverte,1,1045.04,False,False
CUST02020,Japon,Osaka,Digital / en ligne,2026-04-21,Découverte,0,0.0,False,False
CUST02021,USA,New York 5th Ave,Recommandation VIC,2025-12-03,Client fidèle,2,50450.17,False,True
CUST02022,France (siège),Cannes,Boutique (walk-in),2025-08-08,Découverte,1,9948.65,False,True
CUST02023,Moyen-Orient,Dubaï Mall,Recommandation VIC,2025-10-21,Client fidèle,2,43953.1,True,True
CUST02024,USA,Beverly Hills,Boutique (walk-in),2025-04-28,Client fidèle,2,21400.17,False,True
CUST02025,Chine,Shanghai,Boutique (walk-in),2025-12-09,VIC,1,74302.97,False,False
CUST02026,France (siège),Paris Vendôme,Boutique (walk-in),2026-04-10,Découverte,0,0.0,False,False
CUST02027,USA,Bal Harbour,Boutique (walk-in),2025-12-24,Découverte,1,962.19,False,True
CUST02028,USA,Beverly Hills,Événement privé,2026-03-16,Découverte,0,0.0,False,False
CUST02029,France (siège),Paris Vendôme,Boutique (walk-in),2026-01-28,Découverte,1,6949.18,False,True
CUST02030,Moyen-Orient,Abu Dhabi,Digital / en ligne,2026-01-29,Découverte,1,717.23,False,True
CUST02031,USA,Bal Harbour,Recommandation VIC,2024-11-03,Client fidèle,3,30367.52,True,True
CUST02032,Moyen-Orient,Dubaï Mall,Digital / en ligne,2025-04-05,Découverte,2,8040.93,True,True
CUST02033,Chine,Pékin,Recommandation VIC,2025-09-24,Découverte,2,1915.02,False,True
CUST02034,Moyen-Orient,Dubaï Mall,Événement privé,2024-11-29,Client fidèle,3,28446.77,True,True
CUST02035,Japon,Tokyo Ginza,Recommandation VIC,2025-09-18,Client fidèle,1,37822.07,False,True
CUST02036,Chine,Hong Kong,Boutique (walk-in),2025-03-21,Client fidèle,3,23515.33,True,True
CUST02037,Japon,Tokyo Ginza,Recommandation VIC,2025-06-15,Découverte,2,1394.1,True,True
CUST02038,France (siège),Cannes,Recommandation VIC,2026-01-12,Découverte,1,10582.84,False,True
CUST02039,France (siège),Cannes,Événement privé,2024-12-15,Découverte,3,17444.66,True,True
CUST02040,France (siège),Paris Champs-Élysées,Événement privé,2025-05-27,Découverte,2,8591.68,True,False
CUST02041,Moyen-Orient,Dubaï Mall,Recommandation VIC,2024-09-27,Client fidèle,4,18672.96,False,True
CUST02042,USA,Beverly Hills,Recommandation VIC,2024-12-06,Client fidèle,3,48959.65,True,True
CUST02043,France (siège),Paris Vendôme,Digital / en ligne,2025-01-20,Client fidèle,3,46726.94,True,True
CUST02044,France (siège),Paris Vendôme,Boutique (walk-in),2025-05-03,Client fidèle,2,31572.55,True,True
CUST02045,Moyen-Orient,Dubaï Mall,Recommandation VIC,2025-08-26,Découverte,1,10819.49,False,False
CUST02046,Chine,Pékin,Boutique (walk-in),2025-02-01,Découverte,2,1477.75,True,True
CUST02047,Japon,Osaka,Événement privé,2026-02-07,Découverte,1,843.39,False,True
CUST02048,France (siège),Paris Champs-Élysées,Boutique (walk-in),2025-09-07,Découverte,1,16950.19,False,True
CUST02049,France (siège),Paris Champs-Élysées,Boutique (walk-in),2025-01-10,Découverte,1,1105.24,False,False
CUST02050,France (siège),Paris Champs-Élysées,Événement privé,2026-03-29,Découverte,0,0.0,False,False
CUST02051,Chine,Pékin,Boutique (walk-in),2025-06-10,Client fidèle,2,23312.8,False,True
CUST02052,USA,New York 5th Ave,Boutique (walk-in),2024-12-09,VIC,3,96035.36,True,True
CUST02053,Moyen-Orient,Abu Dhabi,Événement privé,2025-01-18,VIC,3,101576.49,True,True
CUST02054,Japon,Osaka,Événement privé,2026-03-04,Client fidèle,1,19165.1,False,True
CUST02055,France (siège),Paris Champs-Élysées,Digital / en ligne,2025-10-07,Client fidèle,1,28852.35,False,True
CUST02056,Japon,Tokyo Ginza,Recommandation VIC,2024-10-12,Découverte,3,15485.51,False,True
CUST02057,France (siège),Paris Vendôme,Boutique (walk-in),2024-09-16,Client fidèle,4,39200.54,False,True
CUST02058,Chine,Pékin,Recommandation VIC,2025-01-02,Client fidèle,3,57456.09,True,True
CUST02059,Chine,Hong Kong,Événement privé,2025-08-10,Découverte,2,1675.09,False,True
CUST02060,Japon,Osaka,Recommandation VIC,2025-10-23,VIC,1,91433.76,False,True
CUST02061,Moyen-Orient,Dubaï Mall,Boutique (walk-in),2025-06-10,Very VIP,2,224285.15,True,True
CUST02062,France (siège),Paris Champs-Élysées,Boutique (walk-in),2025-05-17,Découverte,2,16012.26,False,True
CUST02063,USA,Beverly Hills,Recommandation VIC,2025-11-04,Client fidèle,2,42826.21,False,True
CUST02064,Moyen-Orient,Abu Dhabi,Boutique (walk-in),2025-01-21,VIC,2,69878.1,True,False
CUST02065,Chine,Pékin,Boutique (walk-in),2025-03-16,Découverte,3,1594.68,True,False
CUST02066,Chine,Shanghai,Recommandation VIC,2024-09-18,Very VIP,4,271086.59,False,False
CUST02067,USA,Bal Harbour,Digital / en ligne,2025-05-08,Découverte,3,13275.73,True,True
CUST02068,Chine,Pékin,Boutique (walk-in),2024-10-13,Client fidèle,4,41091.44,True,True
CUST02069,France (siège),Paris Vendôme,Digital / en ligne,2025-08-08,Client fidèle,1,28379.8,False,False
CUST02070,USA,Beverly Hills,Digital / en ligne,2025-04-14,VIC,4,102916.04,True,True
CUST02071,Moyen-Orient,Abu Dhabi,Recommandation VIC,2025-07-17,Découverte,2,9427.9,False,True
CUST02072,Chine,Shanghai,Boutique (walk-in),2025-12-14,Découverte,1,1178.75,False,True
CUST02073,Chine,Pékin,Boutique (walk-in),2025-06-14,Découverte,2,17147.49,True,True
CUST02074,France (siège),Cannes,Recommandation VIC,2025-02-07,Client fidèle,2,20815.51,False,True
CUST02075,Japon,Osaka,Boutique (walk-in),2026-02-12,Client fidèle,1,19086.68,False,True
CUST02076,Moyen-Orient,Abu Dhabi,Digital / en ligne,2024-11-26,Découverte,3,11164.6,False,True
CUST02077,Moyen-Orient,Dubaï Mall,Événement privé,2025-05-23,Découverte,2,12759.51,False,True
CUST02078,France (siège),Cannes,Recommandation VIC,2024-11-30,Découverte,3,11964.35,True,True
CUST02079,Chine,Pékin,Boutique (walk-in),2024-10-04,Client fidèle,3,55485.84,True,False
CUST02080,Chine,Shanghai,Digital / en ligne,2025-11-01,Découverte,1,771.08,False,True
CUST02081,Chine,Hong Kong,Recommandation VIC,2025-02-10,Very VIP,3,246808.09,True,True
CUST02082,Moyen-Orient,Abu Dhabi,Recommandation VIC,2025-06-21,Client fidèle,2,35523.1,False,True
CUST02083,France (siège),Paris Vendôme,Digital / en ligne,2024-09-13,VIC,4,100814.91,True,True
CUST02084,France (siège),Paris Vendôme,Boutique (walk-in),2026-02-22,Découverte,1,962.96,False,True
CUST02085,Moyen-Orient,Abu Dhabi,Boutique (walk-in),2026-02-02,Découverte,1,17541.29,False,False
CUST02086,Chine,Hong Kong,Digital / en ligne,2024-09-17,Client fidèle,4,53296.48,True,True
CUST02087,Chine,Pékin,Recommandation VIC,2025-11-23,Découverte,1,15403.25,False,True
CUST02088,USA,Beverly Hills,Événement privé,2025-04-28,Découverte,2,2004.68,True,True
CUST02089,Chine,Pékin,Événement privé,2025-08-25,VIC,2,68283.29,False,True
CUST02090,Moyen-Orient,Dubaï Mall,Digital / en ligne,2025-02-01,Client fidèle,3,56642.74,True,False
CUST02091,USA,New York 5th Ave,Recommandation VIC,2025-06-03,Découverte,2,1337.0,True,True
CUST02092,Chine,Pékin,Recommandation VIC,2024-09-09,VIC,3,80634.99,True,True
CUST02093,USA,Bal Harbour,Boutique (walk-in),2026-04-19,Découverte,0,0.0,False,False
CUST02094,France (siège),Cannes,Événement privé,2025-12-01,Découverte,1,15136.97,False,True
CUST02095,USA,Bal Harbour,Boutique (walk-in),2025-09-24,Découverte,1,754.18,False,True
CUST02096,USA,Beverly Hills,Digital / en ligne,2025-05-17,Client fidèle,2,43761.65,True,True
CUST02097,Chine,Hong Kong,Digital / en ligne,2024-09-10,VIC,4,160360.0,False,True
CUST02098,France (siège),Paris Vendôme,Digital / en ligne,2025-07-17,Client fidèle,2,19244.13,True,True
CUST02099,Chine,Hong Kong,Événement privé,2025-05-25,Client fidèle,2,23669.24,False,True
CUST02100,USA,Bal Harbour,Recommandation VIC,2025-10-20,Découverte,1,951.93,False,True
CUST02101,France (siège),Paris Champs-Élysées,Événement privé,2025-09-20,Découverte,1,12981.14,False,True
CUST02102,USA,New York 5th Ave,Boutique (walk-in),2025-12-07,Découverte,1,6654.22,False,True
CUST02103,Chine,Shanghai,Recommandation VIC,2024-12-29,VIC,4,73467.72,True,True
CUST02104,Chine,Shanghai,Recommandation VIC,2024-12-19,VIC,3,111315.19,True,True
CUST02105,Japon,Osaka,Recommandation VIC,2024-10-04,VIC,5,77120.8,True,True
CUST02106,France (siège),Cannes,Boutique (walk-in),2025-11-19,Découverte,1,1182.83,False,True
CUST02107,USA,New York 5th Ave,Recommandation VIC,2025-03-20,Client fidèle,2,39289.0,False,True
CUST02108,Chine,Hong Kong,Recommandation VIC,2024-09-25,Client fidèle,4,32310.95,False,True
CUST02109,France (siège),Paris Champs-Élysées,Recommandation VIC,2025-03-19,Découverte,2,15406.75,False,False
CUST02110,Chine,Shanghai,Digital / en ligne,2025-03-25,Découverte,2,17301.16,True,False
CUST02111,France (siège),Paris Vendôme,Boutique (walk-in),2025-03-16,Découverte,2,1751.35,True,True
CUST02112,Chine,Hong Kong,Boutique (walk-in),2025-05-17,VIC,2,93592.2,True,True
CUST02113,Moyen-Orient,Abu Dhabi,Événement privé,2025-04-28,Client fidèle,3,45391.19,True,True
CUST02114,Moyen-Orient,Dubaï Mall,Boutique (walk-in),2025-06-08,Découverte,1,743.95,False,False
CUST02115,USA,Beverly Hills,Événement privé,2025-08-19,Very VIP,2,239697.96,False,True
CUST02116,USA,Beverly Hills,Digital / en ligne,2025-12-30,Client fidèle,1,21627.01,False,True
CUST02117,USA,New York 5th Ave,Événement privé,2025-04-17,Client fidèle,3,27908.24,False,True
CUST02118,USA,Bal Harbour,Digital / en ligne,2025-07-15,VIC,2,97265.92,True,True
CUST02119,France (siège),Paris Vendôme,Recommandation VIC,2025-12-13,Découverte,1,10676.71,False,True
CUST02120,Chine,Shanghai,Digital / en ligne,2025-02-06,Client fidèle,3,37900.43,True,True
CUST02121,Japon,Osaka,Événement privé,2024-11-21,VIC,4,133381.65,True,False
CUST02122,France (siège),Paris Vendôme,Événement privé,2024-10-11,Découverte,1,10194.16,False,False
CUST02123,Chine,Shanghai,Boutique (walk-in),2025-04-09,Client fidèle,3,56051.07,True,True
CUST02124,France (siège),Cannes,Boutique (walk-in),2025-08-31,Découverte,2,14803.28,False,True
CUST02125,Chine,Shanghai,Recommandation VIC,2025-11-12,Client fidèle,1,22233.24,False,True
CUST02126,USA,Beverly Hills,Recommandation VIC,2025-05-25,Client fidèle,2,49161.5,False,True
CUST02127,Japon,Osaka,Boutique (walk-in),2025-11-20,Découverte,1,16460.82,False,True
CUST02128,Chine,Pékin,Événement privé,2024-09-28,Découverte,2,17143.54,True,False
CUST02129,France (siège),Cannes,Boutique (walk-in),2025-11-14,Client fidèle,2,39722.53,True,True
CUST02130,Moyen-Orient,Dubaï Mall,Recommandation VIC,2025-05-06,Client fidèle,2,24554.75,False,True
CUST02131,Chine,Hong Kong,Recommandation VIC,2025-01-09,VIC,3,166602.73,True,True
CUST02132,Chine,Pékin,Recommandation VIC,2025-07-16,Client fidèle,2,19882.5,False,True
CUST02133,Japon,Tokyo Ginza,Boutique (walk-in),2026-01-27,VIC,1,82958.54,False,True
CUST02134,USA,Bal Harbour,Événement privé,2026-01-23,Découverte,1,733.67,False,True
CUST02135,USA,New York 5th Ave,Recommandation VIC,2025-07-26,VIC,2,83161.6,False,True
CUST02136,Japon,Tokyo Ginza,Boutique (walk-in),2026-03-16,Découverte,0,0.0,False,False
CUST02137,France (siège),Cannes,Recommandation VIC,2026-03-06,Découverte,0,0.0,False,False
CUST02138,France (siège),Cannes,Digital / en ligne,2024-11-29,VIC,4,80756.82,True,False
CUST02139,France (siège),Paris Vendôme,Boutique (walk-in),2025-11-12,Découverte,1,10927.09,False,True
CUST02140,Japon,Tokyo Ginza,Digital / en ligne,2026-03-15,Découverte,0,0.0,False,False
CUST02141,France (siège),Paris Vendôme,Boutique (walk-in),2026-04-09,Découverte,0,0.0,False,False
CUST02142,USA,New York 5th Ave,Boutique (walk-in),2026-04-15,Découverte,0,0.0,False,False
CUST02143,USA,Bal Harbour,Recommandation VIC,2026-03-26,Découverte,0,0.0,False,False
CUST02144,France (siège),Paris Vendôme,Boutique (walk-in),2025-01-26,Client fidèle,3,38251.75,False,True
CUST02145,USA,New York 5th Ave,Boutique (walk-in),2025-12-18,Découverte,1,15124.58,False,True
CUST02146,USA,New York 5th Ave,Boutique (walk-in),2024-11-21,Client fidèle,3,29323.89,True,True
CUST02147,Chine,Shanghai,Digital / en ligne,2025-10-25,Découverte,1,12086.57,False,False
CUST02148,Moyen-Orient,Dubaï Mall,Recommandation VIC,2026-04-07,Découverte,0,0.0,False,False
CUST02149,USA,Beverly Hills,Digital / en ligne,2026-03-27,Découverte,0,0.0,False,False
CUST02150,Chine,Hong Kong,Boutique (walk-in),2025-09-17,VIC,1,73322.4,False,True
CUST02151,Japon,Tokyo Ginza,Événement privé,2025-04-20,Découverte,2,9233.0,True,False
CUST02152,Chine,Pékin,Boutique (walk-in),2025-07-19,Découverte,2,1534.45,False,True
CUST02153,Japon,Tokyo Ginza,Événement privé,2025-10-09,VIC,1,112064.2,False,True
CUST02154,Chine,Shanghai,Événement privé,2024-10-23,Client fidèle,4,26647.7,True,True
CUST02155,USA,Beverly Hills,Boutique (walk-in),2024-12-14,VIC,3,134622.26,True,False
CUST02156,France (siège),Cannes,Recommandation VIC,2024-11-09,VIC,3,131202.83,True,True
CUST02157,Japon,Tokyo Ginza,Recommandation VIC,2025-10-01,VIC,1,117477.34,False,False
CUST02158,Moyen-Orient,Abu Dhabi,Recommandation VIC,2026-04-18,Découverte,0,0.0,False,False
CUST02159,Japon,Osaka,Boutique (walk-in),2024-09-27,Découverte,1,12358.14,False,False
CUST02160,Moyen-Orient,Dubaï Mall,Recommandation VIC,2025-03-04,Découverte,1,479.64,False,False
CUST02161,USA,Bal Harbour,Boutique (walk-in),2026-03-20,Découverte,0,0.0,False,False
CUST02162,Chine,Pékin,Événement privé,2025-11-12,Découverte,1,17850.11,False,True
CUST02163,USA,New York 5th Ave,Boutique (walk-in),2025-12-16,Découverte,1,1160.14,False,True
CUST02164,Moyen-Orient,Abu Dhabi,Boutique (walk-in),2025-07-11,Client fidèle,2,30900.34,False,True
CUST02165,USA,Bal Harbour,Boutique (walk-in),2025-01-01,VIC,2,123167.18,True,False
CUST02166,France (siège),Paris Vendôme,Recommandation VIC,2025-01-01,Client fidèle,3,36976.9,True,True
CUST02167,USA,Bal Harbour,Boutique (walk-in),2025-03-21,Client fidèle,3,20625.63,True,True
CUST02168,France (siège),Paris Vendôme,Boutique (walk-in),2024-12-18,Client fidèle,3,32341.82,False,True
CUST02169,USA,Beverly Hills,Boutique (walk-in),2025-07-29,Découverte,2,1428.15,True,True
CUST02170,USA,Bal Harbour,Digital / en ligne,2025-01-22,Client fidèle,3,61751.38,True,True
CUST02171,Moyen-Orient,Abu Dhabi,Boutique (walk-in),2025-08-17,Découverte,1,8920.01,False,False
CUST02172,Moyen-Orient,Abu Dhabi,Boutique (walk-in),2025-09-12,Découverte,1,574.5,False,True
CUST02173,USA,New York 5th Ave,Recommandation VIC,2024-09-21,Client fidèle,3,39342.76,True,True
CUST02174,USA,Beverly Hills,Recommandation VIC,2025-01-17,Découverte,2,13328.21,False,True
CUST02175,USA,New York 5th Ave,Digital / en ligne,2024-11-05,VIC,4,70496.1,True,True
CUST02176,USA,Beverly Hills,Boutique (walk-in),2024-12-17,Client fidèle,3,43074.77,False,True
CUST02177,France (siège),Cannes,Boutique (walk-in),2024-12-06,Client fidèle,3,22674.83,False,True
CUST02178,Japon,Tokyo Ginza,Boutique (walk-in),2025-07-27,Client fidèle,2,19217.5,True,True
CUST02179,Japon,Tokyo Ginza,Événement privé,2026-01-02,Découverte,1,359.21,False,True
CUST02180,USA,Bal Harbour,Recommandation VIC,2026-01-06,Découverte,1,828.63,False,True
CUST02181,Japon,Osaka,Recommandation VIC,2024-11-26,VIC,5,80128.65,True,True
CUST02182,France (siège),Paris Champs-Élysées,Boutique (walk-in),2026-03-07,Découverte,1,16964.78,False,False
CUST02183,France (siège),Cannes,Recommandation VIC,2025-05-14,Client fidèle,3,43159.03,True,True
CUST02184,Japon,Tokyo Ginza,Boutique (walk-in),2024-11-11,Découverte,1,14313.69,False,False
CUST02185,Japon,Osaka,Boutique (walk-in),2025-11-13,Découverte,1,633.94,False,True
CUST02186,Japon,Osaka,Recommandation VIC,2025-06-07,VIC,2,96070.09,True,True
CUST02187,Japon,Tokyo Ginza,Recommandation VIC,2026-01-25,Découverte,1,299.07,False,True
CUST02188,USA,New York 5th Ave,Boutique (walk-in),2026-02-25,Découverte,0,0.0,False,False
CUST02189,Moyen-Orient,Dubaï Mall,Boutique (walk-in),2025-09-02,Découverte,2,2718.2,False,True
CUST02190,Japon,Tokyo Ginza,Boutique (walk-in),2025-12-14,Découverte,1,279.34,False,True
CUST02191,Chine,Pékin,Recommandation VIC,2024-12-05,Client fidèle,3,50054.32,True,True
CUST02192,France (siège),Paris Champs-Élysées,Recommandation VIC,2025-01-09,Client fidèle,3,37233.99,True,True
CUST02193,France (siège),Paris Champs-Élysées,Digital / en ligne,2025-11-19,Client fidèle,1,22816.26,False,True
CUST02194,Chine,Hong Kong,Recommandation VIC,2025-05-09,Découverte,2,17403.75,False,False
CUST02195,Chine,Hong Kong,Événement privé,2024-12-02,VIC,6,182367.71,True,True
CUST02196,Moyen-Orient,Dubaï Mall,Digital / en ligne,2024-10-22,Client fidèle,3,23167.37,True,True
CUST02197,Japon,Osaka,Boutique (walk-in),2025-07-11,Découverte,2,16983.76,False,True
CUST02198,USA,Bal Harbour,Digital / en ligne,2026-03-06,Découverte,0,0.0,False,False
CUST02199,USA,Beverly Hills,Événement privé,2026-01-06,Client fidèle,2,61212.7,False,True
CUST02200,Japon,Tokyo Ginza,Événement privé,2025-09-09,Découverte,1,7769.04,False,True
CUST02201,Moyen-Orient,Abu Dhabi,Recommandation VIC,2025-08-25,Découverte,1,8142.0,False,True
CUST02202,USA,Bal Harbour,Boutique (walk-in),2024-12-22,VIC,3,202337.56,False,True
CUST02203,France (siège),Paris Vendôme,Recommandation VIC,2025-07-30,Découverte,2,17929.98,False,True
CUST02204,Japon,Osaka,Digital / en ligne,2025-02-12,VIC,3,115969.92,True,True
CUST02205,Japon,Osaka,Digital / en ligne,2024-11-08,Client fidèle,4,36575.65,True,True
CUST02206,France (siège),Paris Vendôme,Digital / en ligne,2026-03-12,Découverte,0,0.0,False,False
CUST02207,Chine,Pékin,Boutique (walk-in),2025-10-18,Découverte,1,16738.16,False,True
CUST02208,USA,New York 5th Ave,Recommandation VIC,2024-11-03,Découverte,4,11996.74,True,True
CUST02209,Chine,Pékin,Boutique (walk-in),2025-12-27,Découverte,1,1162.54,False,True
CUST02210,USA,New York 5th Ave,Boutique (walk-in),2024-10-13,Client fidèle,4,49595.71,True,True
CUST02211,Japon,Tokyo Ginza,Recommandation VIC,2025-08-07,Découverte,2,13024.26,True,True
CUST02212,Chine,Pékin,Recommandation VIC,2025-11-04,VIC,1,86738.18,False,True
CUST02213,USA,Bal Harbour,Digital / en ligne,2025-08-17,Découverte,2,3351.54,False,True
CUST02214,Japon,Osaka,Boutique (walk-in),2025-12-21,Découverte,1,14732.35,False,True
CUST02215,France (siège),Paris Vendôme,Recommandation VIC,2024-12-25,VIC,3,130223.9,True,True
CUST02216,Chine,Shanghai,Recommandation VIC,2025-07-10,Découverte,2,1614.46,True,True
CUST02217,France (siège),Paris Vendôme,Boutique (walk-in),2025-12-27,Client fidèle,1,19601.81,False,True
CUST02218,Chine,Shanghai,Événement privé,2025-10-04,Découverte,1,9823.58,False,True
CUST02219,France (siège),Paris Champs-Élysées,Digital / en ligne,2025-12-08,VIC,1,103088.63,False,True
CUST02220,Chine,Hong Kong,Recommandation VIC,2025-08-02,Découverte,1,1150.36,False,True
CUST02221,USA,Bal Harbour,Boutique (walk-in),2025-03-30,Découverte,3,16786.84,True,True
CUST02222,Japon,Osaka,Boutique (walk-in),2025-04-22,Client fidèle,3,33392.78,False,False
CUST02223,Chine,Hong Kong,Recommandation VIC,2026-01-02,Découverte,1,629.76,False,False
CUST02224,USA,Bal Harbour,Digital / en ligne,2025-02-26,Client fidèle,3,48246.75,False,True
CUST02225,France (siège),Cannes,Digital / en ligne,2026-03-11,Découverte,0,0.0,False,False
CUST02226,Moyen-Orient,Dubaï Mall,Événement privé,2026-03-18,Découverte,0,0.0,False,False
CUST02227,USA,Beverly Hills,Digital / en ligne,2025-01-17,Client fidèle,2,52994.17,True,False
CUST02228,Moyen-Orient,Dubaï Mall,Boutique (walk-in),2026-03-07,Découverte,0,0.0,False,False
CUST02229,Moyen-Orient,Dubaï Mall,Boutique (walk-in),2026-01-25,Découverte,1,866.73,False,True
CUST02230,France (siège),Paris Vendôme,Boutique (walk-in),2025-02-01,Client fidèle,3,25297.58,True,True
CUST02231,Chine,Pékin,Boutique (walk-in),2025-10-01,Découverte,1,12794.87,False,True
CUST02232,USA,Beverly Hills,Événement privé,2026-01-31,Découverte,1,10646.82,False,True
CUST02233,Japon,Tokyo Ginza,Digital / en ligne,2025-11-02,Découverte,1,975.85,False,False
CUST02234,Japon,Tokyo Ginza,Boutique (walk-in),2024-12-09,Client fidèle,3,35117.56,True,True
CUST02235,Moyen-Orient,Abu Dhabi,Événement privé,2025-03-30,Découverte,3,3493.17,True,True
CUST02236,USA,Beverly Hills,Boutique (walk-in),2025-12-30,Découverte,1,465.25,False,True
CUST02237,USA,Beverly Hills,Boutique (walk-in),2025-09-28,Client fidèle,2,20233.23,True,True
CUST02238,Moyen-Orient,Dubaï Mall,Boutique (walk-in),2025-04-29,Client fidèle,2,47449.71,False,True
CUST02239,Chine,Hong Kong,Événement privé,2026-03-19,Découverte,0,0.0,False,False
CUST02240,Chine,Shanghai,Recommandation VIC,2025-03-05,Découverte,2,1529.62,True,True
CUST02241,Japon,Osaka,Recommandation VIC,2024-09-08,VIC,4,105984.94,True,True
CUST02242,Chine,Hong Kong,Boutique (walk-in),2025-06-01,Découverte,2,8764.87,False,True
CUST02243,Japon,Osaka,Digital / en ligne,2026-04-05,Découverte,0,0.0,False,False
CUST02244,France (siège),Cannes,Digital / en ligne,2024-10-15,VIC,4,148644.99,True,True
CUST02245,France (siège),Paris Champs-Élysées,Digital / en ligne,2025-11-03,Client fidèle,1,22943.61,False,True
CUST02246,Chine,Hong Kong,Recommandation VIC,2026-03-19,Découverte,1,513.57,False,False
CUST02247,USA,Beverly Hills,Événement privé,2025-05-02,Découverte,2,1620.63,False,True
CUST02248,Japon,Tokyo Ginza,Événement privé,2025-04-03,VIC,3,68169.69,True,True
CUST02249,Chine,Shanghai,Boutique (walk-in),2024-11-20,VIC,4,136057.42,True,True
CUST02250,USA,New York 5th Ave,Digital / en ligne,2024-11-25,Client fidèle,3,24975.45,False,True
CUST02251,Japon,Osaka,Recommandation VIC,2025-08-22,Découverte,2,12771.95,True,True
CUST02252,Moyen-Orient,Abu Dhabi,Événement privé,2025-11-18,VIC,1,105565.24,False,True
CUST02253,Chine,Shanghai,Boutique (walk-in),2025-11-18,Découverte,1,8830.88,False,True
CUST02254,USA,Bal Harbour,Recommandation VIC,2026-04-13,Découverte,0,0.0,False,False
CUST02255,Moyen-Orient,Abu Dhabi,Événement privé,2025-01-08,Client fidèle,3,34082.92,True,True
CUST02256,Japon,Osaka,Boutique (walk-in),2025-04-23,Very VIP,3,278760.04,True,True
CUST02257,USA,Bal Harbour,Boutique (walk-in),2026-01-23,Découverte,0,0.0,False,False
CUST02258,France (siège),Paris Vendôme,Boutique (walk-in),2026-02-13,Découverte,1,10993.55,False,True
CUST02259,USA,Beverly Hills,Recommandation VIC,2025-07-31,Découverte,2,15320.92,False,True
CUST02260,Moyen-Orient,Abu Dhabi,Boutique (walk-in),2024-11-30,Client fidèle,3,25198.69,False,True
CUST02261,Japon,Osaka,Recommandation VIC,2025-08-11,Découverte,2,9263.46,False,True
CUST02262,France (siège),Cannes,Recommandation VIC,2025-07-18,Découverte,2,1798.07,False,True
CUST02263,Japon,Tokyo Ginza,Boutique (walk-in),2025-09-28,Client fidèle,1,27924.99,False,True
CUST02264,France (siège),Cannes,Digital / en ligne,2026-02-25,Découverte,1,16499.66,False,True
CUST02265,Moyen-Orient,Abu Dhabi,Boutique (walk-in),2026-03-21,Découverte,1,805.56,False,True
CUST02266,Moyen-Orient,Abu Dhabi,Digital / en ligne,2025-11-09,Découverte,1,858.42,False,True
CUST02267,Moyen-Orient,Dubaï Mall,Recommandation VIC,2025-06-04,Client fidèle,2,23758.5,False,True
CUST02268,France (siège),Paris Vendôme,Boutique (walk-in),2024-12-08,Client fidèle,3,18475.99,True,True
CUST02269,France (siège),Paris Vendôme,Digital / en ligne,2025-08-28,Découverte,1,543.83,False,True
CUST02270,Chine,Hong Kong,Boutique (walk-in),2025-09-04,Client fidèle,2,42776.55,False,True
CUST02271,USA,Bal Harbour,Recommandation VIC,2025-07-15,VIC,2,105192.59,True,True
CUST02272,France (siège),Paris Vendôme,Événement privé,2024-10-16,Client fidèle,3,45454.77,True,True
CUST02273,France (siège),Cannes,Recommandation VIC,2026-02-01,Client fidèle,1,23440.11,False,True
CUST02274,Chine,Hong Kong,Digital / en ligne,2025-06-15,Découverte,1,629.27,False,False
CUST02275,Moyen-Orient,Dubaï Mall,Recommandation VIC,2026-01-13,Client fidèle,1,29637.68,False,True
CUST02276,Chine,Hong Kong,Recommandation VIC,2024-10-16,Client fidèle,3,61904.09,False,True
CUST02277,USA,Bal Harbour,Boutique (walk-in),2026-01-16,Découverte,1,671.76,False,True
CUST02278,Japon,Tokyo Ginza,Événement privé,2025-10-08,Client fidèle,2,45888.09,True,True
CUST02279,USA,Bal Harbour,Boutique (walk-in),2025-02-05,Client fidèle,3,39516.47,False,True
CUST02280,USA,Bal Harbour,Boutique (walk-in),2026-03-05,Découverte,0,0.0,False,False
CUST02281,Japon,Tokyo Ginza,Recommandation VIC,2026-02-26,Découverte,0,0.0,False,False
CUST02282,Moyen-Orient,Abu Dhabi,Digital / en ligne,2026-02-28,Découverte,0,0.0,False,False
CUST02283,USA,Beverly Hills,Digital / en ligne,2024-10-08,VIC,4,76504.3,True,True
CUST02284,Moyen-Orient,Dubaï Mall,Recommandation VIC,2026-02-18,Découverte,1,14877.52,False,False
CUST02285,Japon,Tokyo Ginza,Recommandation VIC,2025-10-23,Client fidèle,1,29438.66,False,True
CUST02286,USA,Bal Harbour,Recommandation VIC,2025-12-15,Client fidèle,1,29883.46,False,True
CUST02287,France (siège),Paris Vendôme,Recommandation VIC,2025-12-30,Découverte,1,843.93,False,True
CUST02288,France (siège),Cannes,Boutique (walk-in),2024-11-22,Client fidèle,4,64381.87,True,True
CUST02289,USA,Bal Harbour,Boutique (walk-in),2026-03-11,Découverte,0,0.0,False,False
CUST02290,France (siège),Paris Champs-Élysées,Boutique (walk-in),2025-07-30,Client fidèle,2,27022.82,True,True
CUST02291,France (siège),Paris Vendôme,Recommandation VIC,2025-04-11,Client fidèle,3,46401.88,True,True
CUST02292,USA,Beverly Hills,Recommandation VIC,2025-05-18,Découverte,2,1119.59,False,True
CUST02293,Moyen-Orient,Dubaï Mall,Recommandation VIC,2025-08-28,Découverte,2,8236.35,True,False
CUST02294,USA,Beverly Hills,Événement privé,2025-10-14,VIC,2,65516.76,True,True
CUST02295,USA,New York 5th Ave,Boutique (walk-in),2025-07-19,VIC,2,80399.62,False,True
CUST02296,USA,New York 5th Ave,Boutique (walk-in),2025-04-18,VIC,3,97899.85,True,True
CUST02297,France (siège),Paris Vendôme,Événement privé,2026-01-17,Découverte,1,1015.07,False,True
CUST02298,USA,Bal Harbour,Recommandation VIC,2024-11-01,Découverte,1,14658.73,False,False
CUST02299,Japon,Osaka,Recommandation VIC,2025-09-12,Client fidèle,2,22824.69,False,True
CUST02300,USA,Beverly Hills,Digital / en ligne,2025-02-06,Découverte,3,2539.97,False,True
CUST02301,Japon,Tokyo Ginza,Digital / en ligne,2025-06-17,VIC,2,102826.5,False,True
CUST02302,Japon,Osaka,Recommandation VIC,2026-02-18,Découverte,1,4481.13,False,True
CUST02303,Japon,Osaka,Recommandation VIC,2024-12-05,Client fidèle,3,43644.77,True,True
CUST02304,USA,Beverly Hills,Boutique (walk-in),2024-09-03,Client fidèle,4,27658.77,True,True
CUST02305,Chine,Pékin,Boutique (walk-in),2025-05-26,Client fidèle,2,33699.87,False,True
CUST02306,Chine,Hong Kong,Boutique (walk-in),2025-06-06,Client fidèle,2,20281.88,True,True
CUST02307,USA,Bal Harbour,Événement privé,2025-10-24,Découverte,1,3357.03,False,True
CUST02308,France (siège),Cannes,Événement privé,2026-01-12,Découverte,1,581.37,False,True
CUST02309,France (siège),Paris Vendôme,Boutique (walk-in),2024-09-05,VIC,5,87401.77,True,True
CUST02310,Chine,Pékin,Événement privé,2025-09-10,Découverte,1,14023.2,False,True
CUST02311,Moyen-Orient,Abu Dhabi,Boutique (walk-in),2025-07-09,Client fidèle,3,20711.94,True,True
CUST02312,USA,Beverly Hills,Boutique (walk-in),2024-09-20,Client fidèle,4,44938.38,True,True
CUST02313,Moyen-Orient,Dubaï Mall,Recommandation VIC,2025-11-04,Client fidèle,1,19697.25,False,False
CUST02314,Japon,Tokyo Ginza,Événement privé,2025-07-05,VIC,2,179660.7,False,True
CUST02315,Moyen-Orient,Abu Dhabi,Boutique (walk-in),2024-11-09,Découverte,4,12903.57,True,True
CUST02316,France (siège),Paris Vendôme,Digital / en ligne,2025-04-26,Client fidèle,2,31952.78,True,True
CUST02317,USA,New York 5th Ave,Boutique (walk-in),2025-04-02,Client fidèle,4,55122.05,True,True
CUST02318,USA,New York 5th Ave,Boutique (walk-in),2025-08-25,VIC,2,74940.44,True,True
CUST02319,USA,Beverly Hills,Boutique (walk-in),2026-03-31,Découverte,0,0.0,False,False
CUST02320,USA,New York 5th Ave,Boutique (walk-in),2024-11-13,Client fidèle,3,46697.02,True,True
CUST02321,France (siège),Cannes,Boutique (walk-in),2025-12-31,Découverte,1,875.93,False,True
CUST02322,Japon,Osaka,Recommandation VIC,2026-01-21,Découverte,1,674.94,False,True
CUST02323,Japon,Osaka,Boutique (walk-in),2024-09-12,Client fidèle,4,45438.23,True,True
CUST02324,Japon,Tokyo Ginza,Digital / en ligne,2024-09-24,Découverte,1,630.89,False,False
CUST02325,USA,New York 5th Ave,Événement privé,2024-11-14,Client fidèle,3,20204.07,True,True
CUST02326,France (siège),Paris Champs-Élysées,Recommandation VIC,2026-03-16,Découverte,0,0.0,False,False
CUST02327,USA,Bal Harbour,Événement privé,2025-10-17,Découverte,1,749.27,False,False
CUST02328,Moyen-Orient,Dubaï Mall,Boutique (walk-in),2025-11-27,Découverte,1,10013.48,False,True
CUST02329,France (siège),Cannes,Boutique (walk-in),2025-11-25,Client fidèle,1,18301.83,False,True
CUST02330,France (siège),Paris Champs-Élysées,Recommandation VIC,2025-09-28,Découverte,1,15639.94,False,False
CUST02331,Japon,Tokyo Ginza,Recommandation VIC,2025-10-14,Découverte,1,12881.89,False,True
CUST02332,France (siège),Paris Champs-Élysées,Boutique (walk-in),2025-07-19,Client fidèle,3,47675.61,True,False
CUST02333,USA,Bal Harbour,Boutique (walk-in),2025-04-08,VIC,3,156947.88,True,True
CUST02334,France (siège),Cannes,Boutique (walk-in),2025-04-03,Découverte,3,1900.93,True,True
CUST02335,Chine,Shanghai,Recommandation VIC,2025-09-05,Découverte,1,1051.83,False,True
CUST02336,Chine,Shanghai,Digital / en ligne,2026-01-09,Client fidèle,1,25094.17,False,True
CUST02337,France (siège),Paris Champs-Élysées,Digital / en ligne,2026-02-25,Découverte,0,0.0,False,False
CUST02338,Japon,Tokyo Ginza,Recommandation VIC,2025-04-03,Découverte,1,7591.5,False,False
CUST02339,Chine,Pékin,Boutique (walk-in),2026-04-22,Découverte,0,0.0,False,False
CUST02340,USA,Bal Harbour,Recommandation VIC,2025-01-31,VIC,3,71330.11,True,True
CUST02341,Japon,Osaka,Événement privé,2026-01-04,Découverte,1,767.54,False,True
CUST02342,USA,Beverly Hills,Boutique (walk-in),2024-10-15,Découverte,1,381.74,False,False
CUST02343,USA,Beverly Hills,Recommandation VIC,2025-12-20,Découverte,1,9363.5,False,True
CUST02344,USA,Beverly Hills,Digital / en ligne,2025-07-11,Client fidèle,1,27208.71,False,False
CUST02345,USA,New York 5th Ave,Boutique (walk-in),2024-11-30,Client fidèle,3,38889.77,True,True
CUST02346,France (siège),Paris Vendôme,Recommandation VIC,2026-04-23,Découverte,0,0.0,False,False
CUST02347,Chine,Hong Kong,Événement privé,2025-11-13,Découverte,1,483.23,False,True
CUST02348,Japon,Osaka,Boutique (walk-in),2024-09-11,Client fidèle,4,37527.24,True,True
CUST02349,France (siège),Paris Champs-Élysées,Recommandation VIC,2025-12-01,Découverte,1,16446.26,False,False
CUST02350,Japon,Tokyo Ginza,Digital / en ligne,2025-10-18,Découverte,1,13407.62,False,True
CUST02351,Chine,Shanghai,Recommandation VIC,2026-01-12,Découverte,1,8253.4,False,True
CUST02352,USA,Beverly Hills,Recommandation VIC,2025-03-18,Découverte,2,10396.67,True,True
CUST02353,Japon,Tokyo Ginza,Recommandation VIC,2025-11-08,Découverte,1,640.02,False,True
CUST02354,Chine,Hong Kong,Digital / en ligne,2024-09-24,Client fidèle,3,47860.15,False,True
CUST02355,Chine,Shanghai,Recommandation VIC,2024-11-03,Client fidèle,3,28670.67,True,True
CUST02356,USA,New York 5th Ave,Boutique (walk-in),2025-02-24,Découverte,2,1230.94,False,False
CUST02357,USA,Beverly Hills,Boutique (walk-in),2025-10-28,Client fidèle,1,29324.44,False,True
CUST02358,Chine,Shanghai,Digital / en ligne,2025-06-19,Client fidèle,2,22758.24,True,True
CUST02359,USA,Bal Harbour,Digital / en ligne,2024-09-15,VIC,5,86495.78,False,True
CUST02360,Japon,Osaka,Digital / en ligne,2026-04-10,Découverte,0,0.0,False,False
CUST02361,Chine,Pékin,Digital / en ligne,2026-03-10,Découverte,0,0.0,False,False
CUST02362,Chine,Shanghai,Boutique (walk-in),2025-04-09,VIC,2,84246.9,True,True
CUST02363,Chine,Shanghai,Recommandation VIC,2026-04-11,Découverte,0,0.0,False,False
CUST02364,Japon,Tokyo Ginza,Digital / en ligne,2025-03-04,Découverte,1,11278.17,False,False
CUST02365,France (siège),Paris Champs-Élysées,Boutique (walk-in),2026-03-20,VIC,1,115616.3,False,True
CUST02366,USA,New York 5th Ave,Digital / en ligne,2024-09-24,Very VIP,5,802527.98,True,True
CUST02367,Chine,Pékin,Recommandation VIC,2026-01-09,Découverte,1,15634.82,False,True
CUST02368,Chine,Pékin,Digital / en ligne,2025-09-11,Découverte,2,3162.8,True,True
CUST02369,France (siège),Cannes,Boutique (walk-in),2025-03-20,Client fidèle,3,35323.08,True,True
CUST02370,USA,New York 5th Ave,Événement privé,2026-03-21,Découverte,0,0.0,False,False
CUST02371,Chine,Pékin,Recommandation VIC,2025-12-23,Découverte,1,7129.03,False,True
CUST02372,France (siège),Paris Vendôme,Boutique (walk-in),2025-11-17,Découverte,1,16078.52,False,True
CUST02373,France (siège),Paris Champs-Élysées,Digital / en ligne,2025-05-13,Découverte,2,13351.74,True,True
CUST02374,Japon,Tokyo Ginza,Boutique (walk-in),2024-11-24,Découverte,3,1841.4,True,True
CUST02375,Japon,Tokyo Ginza,Boutique (walk-in),2024-10-21,Client fidèle,3,49653.06,True,False
CUST02376,France (siège),Paris Champs-Élysées,Recommandation VIC,2025-08-14,Client fidèle,2,43248.92,False,True
CUST02377,USA,Bal Harbour,Recommandation VIC,2024-12-27,Client fidèle,4,61132.37,True,True
CUST02378,Japon,Osaka,Recommandation VIC,2025-05-29,Client fidèle,1,18058.62,False,False
CUST02379,Chine,Pékin,Recommandation VIC,2024-11-07,VIC,2,108716.52,True,False
CUST02380,France (siège),Paris Vendôme,Événement privé,2026-03-05,Découverte,1,853.96,False,True
CUST02381,USA,New York 5th Ave,Recommandation VIC,2025-09-16,Découverte,1,13717.03,False,True
CUST02382,France (siège),Paris Vendôme,Boutique (walk-in),2025-11-16,Client fidèle,1,25424.77,False,True
CUST02383,Moyen-Orient,Abu Dhabi,Digital / en ligne,2026-01-18,Découverte,1,908.71,False,True
CUST02384,Moyen-Orient,Dubaï Mall,Recommandation VIC,2026-02-16,Client fidèle,1,32853.76,False,False
CUST02385,USA,Bal Harbour,Boutique (walk-in),2025-04-27,Découverte,2,14776.3,False,True
CUST02386,Moyen-Orient,Dubaï Mall,Recommandation VIC,2026-03-09,Découverte,0,0.0,False,False
CUST02387,Japon,Tokyo Ginza,Digital / en ligne,2026-02-23,Découverte,0,0.0,False,False
CUST02388,Moyen-Orient,Dubaï Mall,Recommandation VIC,2026-01-29,Client fidèle,1,22823.48,False,False
CUST02389,Moyen-Orient,Abu Dhabi,Boutique (walk-in),2024-09-30,Client fidèle,2,20329.06,False,False
CUST02390,Chine,Shanghai,Recommandation VIC,2026-04-07,Découverte,0,0.0,False,False
CUST02391,Chine,Hong Kong,Digital / en ligne,2024-09-11,Client fidèle,4,63929.93,True,True
CUST02392,USA,New York 5th Ave,Événement privé,2026-02-28,Découverte,0,0.0,False,False
CUST02393,Chine,Hong Kong,Digital / en ligne,2025-03-22,VIC,2,134560.68,False,True
CUST02394,Chine,Shanghai,Digital / en ligne,2025-06-23,VIC,2,142081.04,False,True
CUST02395,Moyen-Orient,Abu Dhabi,Digital / en ligne,2025-04-03,Découverte,1,812.19,False,False
CUST02396,USA,New York 5th Ave,Digital / en ligne,2025-09-16,Client fidèle,2,31492.02,False,True
CUST02397,Moyen-Orient,Dubaï Mall,Événement privé,2025-04-03,Client fidèle,1,24297.51,False,False
CUST02398,Moyen-Orient,Abu Dhabi,Événement privé,2024-11-28,Client fidèle,3,32244.69,True,False
CUST02399,USA,Beverly Hills,Boutique (walk-in),2025-11-03,Découverte,1,10684.72,False,False
CUST02400,USA,New York 5th Ave,Recommandation VIC,2024-10-05,Découverte,2,10259.33,True,False
CUST02401,France (siège),Paris Champs-Élysées,Digital / en ligne,2025-10-13,Découverte,1,6153.37,False,True
CUST02402,Chine,Hong Kong,Événement privé,2026-04-10,Découverte,0,0.0,False,False
CUST02403,Chine,Pékin,Boutique (walk-in),2024-09-10,VIC,4,72858.69,True,True
CUST02404,USA,Bal Harbour,Boutique (walk-in),2025-12-05,Découverte,1,1214.81,False,True
CUST02405,Japon,Osaka,Boutique (walk-in),2024-10-16,Découverte,4,16660.13,False,True
CUST02406,Japon,Tokyo Ginza,Digital / en ligne,2024-11-07,VIC,4,125271.41,True,True
CUST02407,Japon,Osaka,Recommandation VIC,2025-07-03,Découverte,2,14515.36,True,True
CUST02408,Japon,Tokyo Ginza,Digital / en ligne,2025-01-08,VIC,4,85817.59,True,True
CUST02409,Chine,Shanghai,Boutique (walk-in),2025-02-13,Client fidèle,3,33285.9,True,True
CUST02410,Chine,Shanghai,Boutique (walk-in),2025-12-15,Découverte,1,12226.3,False,True
CUST02411,Chine,Pékin,Recommandation VIC,2026-03-31,Découverte,0,0.0,False,False
CUST02412,USA,New York 5th Ave,Digital / en ligne,2025-11-22,VIC,1,120385.57,False,True
CUST02413,France (siège),Paris Vendôme,Boutique (walk-in),2025-04-18,Client fidèle,2,42351.52,True,True
CUST02414,USA,New York 5th Ave,Boutique (walk-in),2026-01-10,Client fidèle,1,33772.32,False,False
CUST02415,Chine,Shanghai,Événement privé,2025-12-22,VIC,1,104516.45,False,True
CUST02416,USA,Bal Harbour,Digital / en ligne,2026-04-15,Découverte,0,0.0,False,False
CUST02417,Chine,Pékin,Boutique (walk-in),2025-02-14,Client fidèle,3,50900.22,True,True
CUST02418,Chine,Pékin,Recommandation VIC,2026-01-08,VIC,1,71086.38,False,True
CUST02419,France (siège),Paris Vendôme,Boutique (walk-in),2024-11-05,VIC,3,115803.94,True,True
CUST02420,Moyen-Orient,Dubaï Mall,Digital / en ligne,2025-11-12,Client fidèle,1,22670.25,False,True
CUST02421,USA,Beverly Hills,Digital / en ligne,2025-04-27,VIC,3,175488.01,True,True
CUST02422,USA,New York 5th Ave,Boutique (walk-in),2024-12-01,Client fidèle,3,43921.79,True,True
CUST02423,Moyen-Orient,Abu Dhabi,Boutique (walk-in),2024-12-26,Découverte,3,15667.24,False,True
CUST02424,Japon,Tokyo Ginza,Recommandation VIC,2026-03-12,Découverte,0,0.0,False,False
CUST02425,France (siège),Cannes,Recommandation VIC,2025-06-01,Découverte,3,16291.55,True,True
CUST02426,Japon,Osaka,Digital / en ligne,2026-01-04,Découverte,1,5523.14,False,True
CUST02427,Japon,Osaka,Boutique (walk-in),2025-06-24,Découverte,2,1680.56,True,True
CUST02428,Chine,Shanghai,Digital / en ligne,2025-04-25,VIC,3,79583.81,True,True
CUST02429,Japon,Osaka,Digital / en ligne,2026-03-27,Découverte,0,0.0,False,False
CUST02430,Moyen-Orient,Dubaï Mall,Recommandation VIC,2025-03-23,VIC,3,171740.31,True,False
CUST02431,USA,Beverly Hills,Recommandation VIC,2025-10-13,Client fidèle,2,28571.47,True,True
CUST02432,Chine,Hong Kong,Recommandation VIC,2025-02-08,Client fidèle,3,51032.97,True,True
CUST02433,USA,Beverly Hills,Recommandation VIC,2026-01-07,Découverte,1,505.58,False,True
CUST02434,France (siège),Paris Champs-Élysées,Recommandation VIC,2024-09-26,Client fidèle,4,49421.38,True,True
CUST02435,Moyen-Orient,Abu Dhabi,Boutique (walk-in),2024-09-08,Client fidèle,4,45667.44,True,True
CUST02436,Moyen-Orient,Abu Dhabi,Recommandation VIC,2025-02-08,Client fidèle,3,51354.65,True,True
CUST02437,France (siège),Cannes,Boutique (walk-in),2025-10-30,Découverte,1,12827.88,False,True
CUST02438,France (siège),Cannes,Boutique (walk-in),2024-10-30,Découverte,1,854.08,False,False
CUST02439,Chine,Hong Kong,Digital / en ligne,2025-02-20,Client fidèle,4,21093.24,False,True
CUST02440,France (siège),Paris Vendôme,Recommandation VIC,2024-12-09,Client fidèle,2,19126.76,True,False
CUST02441,Japon,Tokyo Ginza,Digital / en ligne,2026-04-15,Découverte,0,0.0,False,False
CUST02442,Moyen-Orient,Dubaï Mall,Boutique (walk-in),2026-04-17,Découverte,0,0.0,False,False
CUST02443,France (siège),Paris Vendôme,Boutique (walk-in),2026-04-08,Découverte,0,0.0,False,False
CUST02444,USA,Bal Harbour,Digital / en ligne,2025-12-11,Découverte,1,773.12,False,False
CUST02445,Japon,Tokyo Ginza,Événement privé,2025-07-10,Découverte,2,16357.26,False,True
CUST02446,Japon,Osaka,Recommandation VIC,2025-08-02,Découverte,1,17035.46,False,False
CUST02447,USA,Beverly Hills,Recommandation VIC,2025-04-25,Client fidèle,2,35947.66,True,True
CUST02448,Japon,Osaka,Recommandation VIC,2025-08-09,VIC,2,100908.66,False,False
CUST02449,France (siège),Paris Vendôme,Digital / en ligne,2025-02-23,Découverte,2,2144.42,True,False
CUST02450,France (siège),Cannes,Événement privé,2024-10-19,VIC,4,106520.66,False,False
CUST02451,Japon,Osaka,Digital / en ligne,2025-07-26,Découverte,2,13079.07,False,True
CUST02452,France (siège),Paris Champs-Élysées,Boutique (walk-in),2025-02-21,Client fidèle,3,26703.75,True,True
CUST02453,France (siège),Paris Champs-Élysées,Boutique (walk-in),2025-09-26,Client fidèle,2,41389.81,True,True
CUST02454,Japon,Osaka,Événement privé,2025-08-02,Client fidèle,2,41993.39,True,True
CUST02455,USA,Beverly Hills,Recommandation VIC,2024-09-15,Découverte,1,792.38,False,False
CUST02456,France (siège),Paris Champs-Élysées,Digital / en ligne,2025-03-08,VIC,3,113449.72,False,False
CUST02457,Moyen-Orient,Dubaï Mall,Boutique (walk-in),2025-08-09,Client fidèle,2,32202.94,True,True
CUST02458,France (siège),Paris Vendôme,Digital / en ligne,2025-11-17,Découverte,1,13144.34,False,True
CUST02459,Japon,Tokyo Ginza,Boutique (walk-in),2025-07-21,Découverte,2,13081.42,False,True
CUST02460,Chine,Pékin,Événement privé,2026-01-14,Découverte,1,774.64,False,False
CUST02461,USA,Bal Harbour,Recommandation VIC,2025-03-16,Client fidèle,3,45616.5,False,True
CUST02462,Chine,Pékin,Digital / en ligne,2025-11-26,Découverte,1,1035.15,False,True
CUST02463,France (siège),Cannes,Digital / en ligne,2026-03-06,Découverte,1,15110.84,False,True
CUST02464,Chine,Hong Kong,Boutique (walk-in),2024-12-18,VIC,3,109709.21,True,True
CUST02465,France (siège),Paris Vendôme,Digital / en ligne,2025-12-29,Découverte,1,864.36,False,True
CUST02466,Japon,Osaka,Recommandation VIC,2025-10-07,Découverte,1,10986.05,False,False
CUST02467,France (siège),Cannes,Boutique (walk-in),2025-09-09,Découverte,1,14983.57,False,False
CUST02468,USA,New York 5th Ave,Boutique (walk-in),2026-01-26,Découverte,1,471.82,False,True
CUST02469,Moyen-Orient,Abu Dhabi,Événement privé,2025-03-04,Client fidèle,3,34249.82,True,True
CUST02470,Chine,Pékin,Digital / en ligne,2025-06-11,Client fidèle,2,31488.99,False,True
CUST02471,USA,Bal Harbour,Digital / en ligne,2026-03-31,Découverte,0,0.0,False,False
CUST02472,France (siège),Paris Vendôme,Boutique (walk-in),2024-09-18,Découverte,2,1375.73,False,False
CUST02473,Moyen-Orient,Dubaï Mall,Digital / en ligne,2025-06-20,Découverte,2,8949.98,False,True
CUST02474,USA,Beverly Hills,Événement privé,2024-11-14,VIC,3,96189.95,True,True
CUST02475,Chine,Pékin,Événement privé,2025-04-21,Client fidèle,3,33104.8,True,True
CUST02476,France (siège),Cannes,Boutique (walk-in),2026-04-08,Découverte,0,0.0,False,False
CUST02477,Moyen-Orient,Abu Dhabi,Boutique (walk-in),2026-01-11,Découverte,1,832.59,False,True
CUST02478,Chine,Shanghai,Événement privé,2026-02-03,Découverte,1,705.84,False,True
CUST02479,Moyen-Orient,Abu Dhabi,Recommandation VIC,2025-03-11,Découverte,1,1102.51,False,False
CUST02480,USA,Beverly Hills,Boutique (walk-in),2024-12-10,VIC,4,150677.5,True,True
CUST02481,Japon,Osaka,Recommandation VIC,2026-03-03,Découverte,0,0.0,False,False
CUST02482,France (siège),Paris Vendôme,Recommandation VIC,2024-11-11,Découverte,3,10792.73,False,True
CUST02483,USA,Beverly Hills,Boutique (walk-in),2025-12-05,VIC,1,96908.18,False,True
CUST02484,Chine,Hong Kong,Recommandation VIC,2026-02-24,Découverte,1,12374.25,False,True
CUST02485,France (siège),Paris Champs-Élysées,Boutique (walk-in),2025-12-24,Découverte,1,12934.57,False,False
CUST02486,Chine,Pékin,Recommandation VIC,2025-01-15,VIC,3,86882.74,True,True
CUST02487,Chine,Shanghai,Boutique (walk-in),2025-01-02,Découverte,4,12882.36,False,True
CUST02488,Chine,Shanghai,Digital / en ligne,2025-07-07,VIC,2,150959.22,True,True
CUST02489,Japon,Osaka,Recommandation VIC,2025-10-01,Client fidèle,2,22840.67,True,True
CUST02490,France (siège),Paris Champs-Élysées,Événement privé,2025-01-20,Client fidèle,3,57991.25,False,True
CUST02491,France (siège),Paris Champs-Élysées,Boutique (walk-in),2025-02-02,VIC,6,102443.75,True,True
CUST02492,USA,Beverly Hills,Boutique (walk-in),2026-04-11,Découverte,0,0.0,False,False
CUST02493,USA,Beverly Hills,Boutique (walk-in),2025-09-23,Client fidèle,1,24379.24,False,True
CUST02494,Chine,Hong Kong,Boutique (walk-in),2025-12-22,Découverte,1,7554.32,False,True
CUST02495,France (siège),Paris Vendôme,Recommandation VIC,2025-05-03,Découverte,2,7534.79,False,False
CUST02496,Moyen-Orient,Abu Dhabi,Boutique (walk-in),2025-08-05,Client fidèle,2,22304.7,True,True
CUST02497,France (siège),Paris Vendôme,Boutique (walk-in),2025-07-23,Client fidèle,2,35150.44,True,True
CUST02498,Moyen-Orient,Dubaï Mall,Événement privé,2025-03-07,Client fidèle,2,28411.64,True,True
CUST02499,Moyen-Orient,Abu Dhabi,Événement privé,2025-11-20,Découverte,1,817.0,False,True
CUST02500,Chine,Pékin,Recommandation VIC,2024-10-10,VIC,1,193131.36,False,False
CUST02501,Moyen-Orient,Dubaï Mall,Boutique (walk-in),2024-12-24,Client fidèle,3,18376.22,True,True
CUST02502,Japon,Tokyo Ginza,Boutique (walk-in),2024-09-07,Client fidèle,4,55604.86,True,True
CUST02503,Chine,Shanghai,Recommandation VIC,2026-02-21,Découverte,0,0.0,False,False
CUST02504,Japon,Tokyo Ginza,Événement privé,2025-12-24,Découverte,1,2770.78,False,True
CUST02505,USA,Beverly Hills,Digital / en ligne,2026-02-21,Découverte,0,0.0,False,False
CUST02506,Japon,Tokyo Ginza,Digital / en ligne,2025-11-01,Découverte,1,6547.08,False,True
CUST02507,France (siège),Paris Champs-Élysées,Recommandation VIC,2025-11-02,Client fidèle,2,37929.77,True,True
CUST02508,Japon,Tokyo Ginza,Recommandation VIC,2024-11-03,Client fidèle,3,29411.73,True,False
CUST02509,Chine,Pékin,Recommandation VIC,2026-01-17,Client fidèle,1,35236.76,False,True
CUST02510,Japon,Tokyo Ginza,Digital / en ligne,2025-09-26,Découverte,1,12298.22,False,True
CUST02511,France (siège),Paris Champs-Élysées,Boutique (walk-in),2025-03-25,VIC,1,84990.54,False,False
CUST02512,USA,Beverly Hills,Digital / en ligne,2024-09-25,Découverte,3,2037.78,True,True
CUST02513,France (siège),Paris Vendôme,Recommandation VIC,2026-03-01,Découverte,1,10668.99,False,True
CUST02514,Japon,Osaka,Boutique (walk-in),2025-04-22,Client fidèle,2,28110.53,False,True
CUST02515,France (siège),Paris Vendôme,Événement privé,2026-03-03,Découverte,0,0.0,False,False
CUST02516,Moyen-Orient,Dubaï Mall,Digital / en ligne,2025-09-16,Découverte,1,14600.86,False,True
CUST02517,France (siège),Paris Champs-Élysées,Recommandation VIC,2025-11-26,Découverte,1,9775.32,False,True
CUST02518,Chine,Hong Kong,Événement privé,2024-09-12,VIC,5,78455.9,False,True
CUST02519,Japon,Tokyo Ginza,Boutique (walk-in),2025-02-06,Client fidèle,2,22983.69,True,False
CUST02520,USA,Bal Harbour,Boutique (walk-in),2025-08-10,Découverte,1,14568.11,False,False
CUST02521,Japon,Tokyo Ginza,Boutique (walk-in),2025-05-23,Découverte,2,6617.39,False,True
CUST02522,USA,Bal Harbour,Boutique (walk-in),2025-09-02,Découverte,2,11052.74,False,True
CUST02523,Moyen-Orient,Abu Dhabi,Boutique (walk-in),2025-03-16,Découverte,3,10819.5,False,True
CUST02524,Chine,Shanghai,Recommandation VIC,2025-01-27,Client fidèle,4,41774.03,True,True
CUST02525,France (siège),Paris Vendôme,Boutique (walk-in),2025-09-30,Découverte,1,9544.37,False,True
CUST02526,Chine,Pékin,Recommandation VIC,2026-02-13,Découverte,0,0.0,False,False
CUST02527,France (siège),Cannes,Digital / en ligne,2025-11-21,Découverte,1,1024.69,False,False
CUST02528,Japon,Tokyo Ginza,Recommandation VIC,2026-01-25,Découverte,1,15028.91,False,False
CUST02529,Japon,Tokyo Ginza,Digital / en ligne,2026-02-27,Découverte,0,0.0,False,False
CUST02530,Japon,Osaka,Digital / en ligne,2025-06-04,Client fidèle,3,49699.51,True,True
CUST02531,Moyen-Orient,Dubaï Mall,Événement privé,2024-09-21,VIC,5,73228.54,True,True
CUST02532,USA,Bal Harbour,Recommandation VIC,2025-01-24,Client fidèle,3,19481.3,False,True
CUST02533,USA,Beverly Hills,Digital / en ligne,2025-11-06,VIC,1,90574.62,False,True
CUST02534,France (siège),Paris Vendôme,Boutique (walk-in),2026-03-17,Découverte,1,453.56,False,True
CUST02535,France (siège),Paris Vendôme,Boutique (walk-in),2024-11-01,Client fidèle,3,42090.21,True,True
CUST02536,France (siège),Paris Vendôme,Digital / en ligne,2026-03-27,Découverte,0,0.0,False,False
CUST02537,USA,Beverly Hills,Boutique (walk-in),2025-03-18,Client fidèle,3,43783.14,False,True
CUST02538,France (siège),Paris Vendôme,Recommandation VIC,2024-11-18,Client fidèle,1,38352.06,False,False
CUST02539,Chine,Shanghai,Boutique (walk-in),2025-07-12,Client fidèle,2,51837.02,True,True
CUST02540,Moyen-Orient,Dubaï Mall,Recommandation VIC,2026-04-18,Découverte,0,0.0,False,False
CUST02541,USA,New York 5th Ave,Digital / en ligne,2026-02-03,VIC,1,183204.98,False,False
CUST02542,USA,New York 5th Ave,Recommandation VIC,2025-07-03,Découverte,1,1152.7,False,False
CUST02543,Chine,Pékin,Recommandation VIC,2025-06-13,Découverte,2,2112.36,False,True
CUST02544,Chine,Hong Kong,Recommandation VIC,2024-10-02,Client fidèle,3,44100.46,True,True
CUST02545,France (siège),Cannes,Digital / en ligne,2025-07-15,Client fidèle,2,28831.37,True,True
CUST02546,Moyen-Orient,Dubaï Mall,Boutique (walk-in),2024-12-01,VIC,4,157725.99,True,False
CUST02547,France (siège),Paris Champs-Élysées,Digital / en ligne,2025-02-25,Découverte,1,605.57,False,False
CUST02548,Chine,Hong Kong,Recommandation VIC,2025-07-07,Découverte,2,12080.72,True,True
CUST02549,USA,New York 5th Ave,Boutique (walk-in),2025-05-01,Découverte,2,16276.89,True,True
CUST02550,Japon,Tokyo Ginza,Recommandation VIC,2024-11-21,Very VIP,6,350541.36,True,True
CUST02551,USA,Beverly Hills,Recommandation VIC,2025-12-11,Client fidèle,1,40371.63,False,True
CUST02552,France (siège),Paris Champs-Élysées,Recommandation VIC,2024-12-25,VIC,4,94173.81,True,True
CUST02553,Chine,Hong Kong,Recommandation VIC,2025-06-21,Découverte,1,1331.89,False,False
CUST02554,Chine,Pékin,Boutique (walk-in),2025-08-27,Client fidèle,1,25658.36,False,False
CUST02555,USA,Beverly Hills,Recommandation VIC,2025-06-22,Client fidèle,2,20112.82,True,True
CUST02556,France (siège),Cannes,Événement privé,2024-09-08,Client fidèle,2,39253.15,True,False
CUST02557,Moyen-Orient,Abu Dhabi,Digital / en ligne,2026-02-20,Découverte,0,0.0,False,False
CUST02558,Japon,Osaka,Boutique (walk-in),2025-09-15,Découverte,1,484.46,False,True
CUST02559,Chine,Pékin,Digital / en ligne,2026-04-14,Découverte,0,0.0,False,False
CUST02560,USA,Beverly Hills,Boutique (walk-in),2025-05-30,Découverte,1,12055.6,False,False
CUST02561,Chine,Pékin,Boutique (walk-in),2025-05-16,VIC,2,79277.22,True,False
CUST02562,Moyen-Orient,Dubaï Mall,Digital / en ligne,2025-10-13,Client fidèle,2,57287.66,False,True
CUST02563,USA,Bal Harbour,Boutique (walk-in),2025-02-23,Client fidèle,4,37066.81,True,True
CUST02564,Japon,Tokyo Ginza,Événement privé,2025-05-26,Very VIP,3,242474.51,True,True
CUST02565,USA,Bal Harbour,Boutique (walk-in),2025-10-19,Découverte,1,12368.26,False,False
CUST02566,France (siège),Paris Vendôme,Digital / en ligne,2025-09-13,Découverte,1,6302.91,False,True
CUST02567,USA,Beverly Hills,Digital / en ligne,2024-09-15,Client fidèle,4,49693.76,True,True
CUST02568,Moyen-Orient,Abu Dhabi,Digital / en ligne,2025-01-04,Client fidèle,4,31402.34,True,True
CUST02569,Moyen-Orient,Abu Dhabi,Recommandation VIC,2026-04-04,Découverte,0,0.0,False,False
CUST02570,France (siège),Cannes,Événement privé,2025-09-01,Client fidèle,2,56052.93,False,True
CUST02571,Chine,Hong Kong,Recommandation VIC,2025-08-15,Client fidèle,2,40222.73,False,True
CUST02572,Chine,Shanghai,Événement privé,2026-03-31,Découverte,0,0.0,False,False
CUST02573,Moyen-Orient,Dubaï Mall,Boutique (walk-in),2026-01-31,Client fidèle,1,34779.91,False,True
CUST02574,France (siège),Paris Vendôme,Recommandation VIC,2025-06-01,Découverte,2,1623.26,True,True
CUST02575,USA,New York 5th Ave,Recommandation VIC,2024-12-16,Client fidèle,2,52447.87,True,False
CUST02576,Chine,Hong Kong,Boutique (walk-in),2024-12-13,Client fidèle,4,21594.03,False,True
CUST02577,Japon,Tokyo Ginza,Boutique (walk-in),2025-10-25,Client fidèle,2,42913.28,False,True
CUST02578,Chine,Hong Kong,Boutique (walk-in),2025-07-16,Client fidèle,2,33927.6,True,True
CUST02579,USA,New York 5th Ave,Recommandation VIC,2026-02-10,Découverte,1,16698.16,False,True
CUST02580,France (siège),Paris Champs-Élysées,Recommandation VIC,2025-10-01,Découverte,1,976.35,False,True
CUST02581,USA,Beverly Hills,Recommandation VIC,2024-10-01,VIC,5,65255.67,True,True
CUST02582,France (siège),Cannes,Recommandation VIC,2025-12-20,Client fidèle,1,24464.87,False,True
CUST02583,Japon,Tokyo Ginza,Événement privé,2026-02-25,Découverte,1,9913.35,False,False
CUST02584,Chine,Hong Kong,Digital / en ligne,2024-09-30,Client fidèle,2,45171.15,False,False
CUST02585,Moyen-Orient,Dubaï Mall,Digital / en ligne,2025-05-26,Découverte,2,8798.06,False,True
CUST02586,Moyen-Orient,Dubaï Mall,Digital / en ligne,2025-12-27,Découverte,1,1143.3,False,True
CUST02587,France (siège),Paris Champs-Élysées,Digital / en ligne,2025-12-11,Découverte,1,745.84,False,True
CUST02588,USA,Bal Harbour,Digital / en ligne,2026-03-21,Découverte,0,0.0,False,False
CUST02589,France (siège),Paris Vendôme,Recommandation VIC,2026-02-25,Découverte,1,882.87,False,True
CUST02590,USA,New York 5th Ave,Événement privé,2026-03-16,Découverte,0,0.0,False,False
CUST02591,USA,Bal Harbour,Boutique (walk-in),2025-01-03,Client fidèle,4,54141.14,True,True
CUST02592,Japon,Tokyo Ginza,Digital / en ligne,2025-02-25,Client fidèle,2,42790.97,True,True
CUST02593,Chine,Pékin,Recommandation VIC,2025-02-20,Client fidèle,2,20796.08,False,False
CUST02594,Japon,Tokyo Ginza,Événement privé,2024-11-16,Découverte,1,516.43,False,False
CUST02595,France (siège),Paris Vendôme,Recommandation VIC,2025-08-04,Découverte,1,10017.13,False,False
CUST02596,USA,Beverly Hills,Événement privé,2025-07-25,Client fidèle,2,35949.0,False,True
CUST02597,Chine,Pékin,Recommandation VIC,2025-06-23,Découverte,2,13720.55,True,True
CUST02598,Chine,Shanghai,Digital / en ligne,2024-09-18,Client fidèle,3,41077.98,True,False
CUST02599,Japon,Osaka,Recommandation VIC,2024-09-03,Découverte,1,1261.69,False,False
CUST02600,Japon,Tokyo Ginza,Boutique (walk-in),2026-01-06,Découverte,1,1089.54,False,True
CUST02601,USA,Bal Harbour,Digital / en ligne,2024-12-17,VIC,6,157069.33,True,True
CUST02602,Japon,Osaka,Recommandation VIC,2025-10-22,Découverte,1,829.51,False,False
CUST02603,France (siège),Paris Vendôme,Boutique (walk-in),2025-12-28,Client fidèle,1,29554.07,False,True
CUST02604,France (siège),Cannes,Boutique (walk-in),2026-03-03,Découverte,0,0.0,False,False
CUST02605,France (siège),Paris Champs-Élysées,Recommandation VIC,2025-09-16,Découverte,2,1682.91,True,True
CUST02606,France (siège),Paris Vendôme,Digital / en ligne,2024-11-17,VIC,5,72674.41,True,True
CUST02607,Moyen-Orient,Abu Dhabi,Boutique (walk-in),2026-03-09,Découverte,0,0.0,False,False
CUST02608,Moyen-Orient,Dubaï Mall,Recommandation VIC,2025-03-10,Client fidèle,2,28422.38,True,True
CUST02609,USA,Beverly Hills,Recommandation VIC,2025-10-27,Découverte,2,1456.19,False,True
CUST02610,USA,New York 5th Ave,Digital / en ligne,2026-01-03,Découverte,1,425.76,False,True
CUST02611,France (siège),Paris Vendôme,Recommandation VIC,2025-01-24,Client fidèle,4,36673.61,True,True
CUST02612,Chine,Shanghai,Recommandation VIC,2025-01-08,Client fidèle,4,41864.78,True,True
CUST02613,France (siège),Paris Vendôme,Boutique (walk-in),2026-02-09,Client fidèle,1,18827.63,False,True
CUST02614,Chine,Pékin,Événement privé,2026-04-15,Découverte,0,0.0,False,False
CUST02615,USA,New York 5th Ave,Événement privé,2025-09-08,Client fidèle,2,26960.97,True,True
CUST02616,Moyen-Orient,Dubaï Mall,Boutique (walk-in),2025-09-28,Découverte,1,625.84,False,True
CUST02617,Chine,Hong Kong,Événement privé,2026-04-01,Découverte,0,0.0,False,False
CUST02618,France (siège),Paris Champs-Élysées,Recommandation VIC,2025-04-03,Client fidèle,2,50084.47,True,True
CUST02619,France (siège),Paris Vendôme,Boutique (walk-in),2025-07-25,Découverte,2,7027.92,True,True
CUST02620,France (siège),Paris Vendôme,Recommandation VIC,2026-01-06,Client fidèle,1,30687.09,False,True
CUST02621,USA,Bal Harbour,Boutique (walk-in),2025-06-13,Découverte,2,12526.57,False,False
CUST02622,Japon,Osaka,Événement privé,2024-10-14,Client fidèle,3,58622.55,True,True
CUST02623,Chine,Pékin,Recommandation VIC,2024-09-08,Client fidèle,4,41067.05,True,True
CUST02624,France (siège),Cannes,Boutique (walk-in),2026-02-23,Découverte,1,15506.69,False,True
CUST02625,USA,Beverly Hills,Digital / en ligne,2025-01-22,Client fidèle,3,45189.01,True,True
CUST02626,France (siège),Paris Vendôme,Boutique (walk-in),2026-02-24,Découverte,1,15321.31,False,True
CUST02627,Chine,Shanghai,Événement privé,2024-10-11,Client fidèle,4,22554.94,True,False
CUST02628,Moyen-Orient,Dubaï Mall,Boutique (walk-in),2025-08-24,Découverte,1,12142.73,False,True
CUST02629,Chine,Hong Kong,Recommandation VIC,2024-10-03,Client fidèle,4,25040.33,True,True
CUST02630,Japon,Osaka,Événement privé,2025-03-03,VIC,3,107498.15,False,True
CUST02631,Chine,Shanghai,Digital / en ligne,2026-01-04,Découverte,1,651.36,False,True
CUST02632,USA,Beverly Hills,Boutique (walk-in),2026-02-28,Découverte,0,0.0,False,False
CUST02633,USA,Bal Harbour,Recommandation VIC,2025-05-03,VIC,2,116533.67,True,True
CUST02634,Chine,Pékin,Digital / en ligne,2024-11-16,Very VIP,4,260226.75,False,False
CUST02635,Japon,Tokyo Ginza,Recommandation VIC,2024-11-01,VIC,5,73797.44,True,True
CUST02636,USA,Bal Harbour,Digital / en ligne,2026-02-18,Découverte,0,0.0,False,False
CUST02637,France (siège),Cannes,Digital / en ligne,2026-02-24,Découverte,0,0.0,False,False
CUST02638,Japon,Osaka,Événement privé,2025-04-05,Découverte,3,15592.34,True,True
CUST02639,Moyen-Orient,Abu Dhabi,Digital / en ligne,2024-09-13,VIC,4,147075.97,True,True
CUST02640,Chine,Pékin,Boutique (walk-in),2025-08-10,Découverte,2,1976.4,True,True
CUST02641,USA,Beverly Hills,Événement privé,2025-04-04,Client fidèle,3,54120.38,False,False
CUST02642,Chine,Shanghai,Boutique (walk-in),2026-02-19,Découverte,1,761.61,False,True
CUST02643,France (siège),Paris Vendôme,Événement privé,2024-12-11,Découverte,1,14842.51,False,False
CUST02644,Chine,Shanghai,Recommandation VIC,2025-08-11,Découverte,1,893.92,False,True
CUST02645,USA,Bal Harbour,Boutique (walk-in),2024-10-16,Very VIP,4,246860.21,False,True
CUST02646,France (siège),Cannes,Recommandation VIC,2026-02-10,Découverte,1,12299.07,False,True
CUST02647,USA,Bal Harbour,Recommandation VIC,2025-01-08,Découverte,1,835.55,False,False
CUST02648,USA,Beverly Hills,Recommandation VIC,2024-09-29,Very VIP,4,259637.78,True,True
CUST02649,France (siège),Cannes,Boutique (walk-in),2024-10-03,VIC,4,83755.94,True,True
CUST02650,Moyen-Orient,Dubaï Mall,Recommandation VIC,2024-09-30,Client fidèle,3,32805.15,False,True
CUST02651,Moyen-Orient,Dubaï Mall,Recommandation VIC,2025-02-14,Client fidèle,1,21796.84,False,False
CUST02652,Chine,Hong Kong,Recommandation VIC,2025-03-05,Client fidèle,2,28047.87,True,True
CUST02653,Chine,Hong Kong,Événement privé,2024-10-15,VIC,5,105787.41,True,True
CUST02654,France (siège),Cannes,Boutique (walk-in),2024-12-08,Découverte,3,17826.78,True,True
CUST02655,Japon,Osaka,Événement privé,2025-05-13,Client fidèle,3,45094.13,True,False
CUST02656,France (siège),Paris Vendôme,Recommandation VIC,2024-10-05,Client fidèle,4,18952.59,True,True
CUST02657,USA,Beverly Hills,Digital / en ligne,2025-12-19,Découverte,1,890.26,False,True
CUST02658,Chine,Shanghai,Digital / en ligne,2025-09-01,Client fidèle,2,19823.77,True,True
CUST02659,France (siège),Paris Vendôme,Digital / en ligne,2024-12-28,Découverte,3,12267.9,True,True
CUST02660,Moyen-Orient,Abu Dhabi,Événement privé,2025-04-05,Client fidèle,2,33459.6,True,False
CUST02661,Japon,Osaka,Recommandation VIC,2024-12-11,Client fidèle,3,22379.27,False,True
CUST02662,Chine,Hong Kong,Boutique (walk-in),2025-09-12,Découverte,1,985.84,False,True
CUST02663,France (siège),Paris Vendôme,Recommandation VIC,2024-09-22,Client fidèle,1,30371.41,False,False
CUST02664,France (siège),Paris Vendôme,Recommandation VIC,2024-12-23,VIC,3,132858.1,True,True
CUST02665,Moyen-Orient,Dubaï Mall,Digital / en ligne,2025-11-30,Découverte,1,730.11,False,True
CUST02666,Japon,Tokyo Ginza,Événement privé,2025-02-02,Client fidèle,3,53912.41,True,False
CUST02667,USA,New York 5th Ave,Digital / en ligne,2025-12-29,Découverte,1,749.98,False,False
CUST02668,USA,Bal Harbour,Recommandation VIC,2026-02-19,Découverte,0,0.0,False,False
CUST02669,Chine,Shanghai,Boutique (walk-in),2026-04-14,Découverte,0,0.0,False,False
CUST02670,Chine,Shanghai,Événement privé,2025-08-15,VIC,3,89819.86,True,True
CUST02671,USA,New York 5th Ave,Boutique (walk-in),2025-07-07,Découverte,1,8189.84,False,True
CUST02672,Moyen-Orient,Dubaï Mall,Digital / en ligne,2024-09-05,Client fidèle,1,20439.64,False,False
CUST02673,Moyen-Orient,Dubaï Mall,Boutique (walk-in),2026-02-14,Découverte,0,0.0,False,False
CUST02674,Moyen-Orient,Abu Dhabi,Recommandation VIC,2024-12-04,Client fidèle,3,44247.45,True,True
CUST02675,USA,Bal Harbour,Recommandation VIC,2025-10-06,Découverte,1,1008.77,False,False
CUST02676,France (siège),Cannes,Événement privé,2025-03-30,Découverte,2,14927.74,False,True
CUST02677,USA,Bal Harbour,Événement privé,2026-04-09,Découverte,0,0.0,False,False
CUST02678,Japon,Tokyo Ginza,Événement privé,2025-04-14,VIC,2,97012.08,True,True
CUST02679,France (siège),Cannes,Événement privé,2024-10-09,Client fidèle,4,40337.93,True,True
CUST02680,USA,Bal Harbour,Digital / en ligne,2026-03-09,Client fidèle,1,26643.3,False,True
CUST02681,France (siège),Paris Champs-Élysées,Boutique (walk-in),2025-12-24,Découverte,1,15397.38,False,True
CUST02682,Chine,Pékin,Boutique (walk-in),2026-03-26,Découverte,0,0.0,False,False
CUST02683,Chine,Shanghai,Recommandation VIC,2025-02-03,Client fidèle,3,40027.16,False,True
CUST02684,Moyen-Orient,Abu Dhabi,Recommandation VIC,2025-07-20,Découverte,2,1520.32,True,True
CUST02685,Chine,Pékin,Boutique (walk-in),2025-04-10,VIC,4,69308.12,False,True
CUST02686,Moyen-Orient,Abu Dhabi,Recommandation VIC,2026-02-02,Découverte,1,7627.4,False,True
CUST02687,Japon,Tokyo Ginza,Boutique (walk-in),2025-07-06,Client fidèle,3,42710.19,True,True
CUST02688,USA,Beverly Hills,Événement privé,2025-03-04,Client fidèle,3,32272.11,True,True
CUST02689,Chine,Shanghai,Recommandation VIC,2025-05-26,Client fidèle,3,52452.82,True,True
CUST02690,Japon,Tokyo Ginza,Recommandation VIC,2025-12-24,Client fidèle,1,26234.09,False,True
CUST02691,Moyen-Orient,Dubaï Mall,Événement privé,2025-12-06,Découverte,1,747.58,False,True
CUST02692,France (siège),Paris Champs-Élysées,Événement privé,2025-04-07,Découverte,2,15732.29,True,True
CUST02693,France (siège),Paris Champs-Élysées,Recommandation VIC,2024-10-20,Découverte,1,5519.85,False,False
CUST02694,USA,Bal Harbour,Recommandation VIC,2025-01-23,Découverte,1,14065.64,False,False
CUST02695,France (siège),Paris Champs-Élysées,Digital / en ligne,2025-04-12,VIC,2,89022.77,False,True
CUST02696,Chine,Pékin,Boutique (walk-in),2025-01-27,Découverte,1,12724.71,False,False
CUST02697,Japon,Tokyo Ginza,Recommandation VIC,2025-05-03,Découverte,2,1497.44,False,False
CUST02698,USA,Bal Harbour,Boutique (walk-in),2026-01-30,Découverte,1,664.53,False,True
CUST02699,France (siège),Cannes,Boutique (walk-in),2025-11-01,VIC,1,106464.05,False,True
CUST02700,Japon,Tokyo Ginza,Recommandation VIC,2025-03-22,Découverte,2,11162.71,False,True
CUST02701,Japon,Osaka,Boutique (walk-in),2024-12-28,Découverte,2,14777.33,False,False
CUST02702,Moyen-Orient,Abu Dhabi,Boutique (walk-in),2025-10-12,Découverte,1,16549.04,False,True
CUST02703,France (siège),Cannes,Boutique (walk-in),2025-12-14,Client fidèle,1,22504.95,False,True
CUST02704,France (siège),Paris Vendôme,Digital / en ligne,2025-12-03,Client fidèle,1,32970.9,False,True
CUST02705,France (siège),Paris Vendôme,Boutique (walk-in),2025-06-11,Client fidèle,2,30997.63,False,True
CUST02706,Chine,Hong Kong,Boutique (walk-in),2025-12-14,Client fidèle,1,20544.26,False,True
CUST02707,Chine,Pékin,Digital / en ligne,2025-01-23,VIC,3,184430.71,True,True
CUST02708,France (siège),Paris Champs-Élysées,Événement privé,2025-09-24,Client fidèle,2,19372.11,True,True
CUST02709,Moyen-Orient,Dubaï Mall,Boutique (walk-in),2025-07-20,Découverte,2,13164.85,False,True
CUST02710,France (siège),Cannes,Événement privé,2025-05-22,Client fidèle,3,34329.48,True,True
CUST02711,Japon,Osaka,Recommandation VIC,2025-01-12,VIC,3,134231.55,False,True
CUST02712,USA,Beverly Hills,Recommandation VIC,2024-11-23,Client fidèle,2,64607.75,False,False
CUST02713,Moyen-Orient,Dubaï Mall,Recommandation VIC,2024-11-17,Client fidèle,1,43977.54,False,False
CUST02714,USA,New York 5th Ave,Digital / en ligne,2024-12-04,VIC,3,167483.71,True,True
CUST02715,Chine,Shanghai,Événement privé,2025-11-15,Découverte,1,8312.35,False,True
CUST02716,USA,New York 5th Ave,Recommandation VIC,2026-01-27,Découverte,1,7378.89,False,False
CUST02717,France (siège),Paris Vendôme,Recommandation VIC,2025-10-26,VIC,1,136309.34,False,True
CUST02718,France (siège),Paris Vendôme,Recommandation VIC,2026-01-26,Découverte,1,651.83,False,True
CUST02719,France (siège),Cannes,Recommandation VIC,2026-01-16,Client fidèle,1,23881.27,False,True
CUST02720,USA,Bal Harbour,Événement privé,2024-12-07,Client fidèle,4,60949.35,True,True
CUST02721,France (siège),Paris Vendôme,Boutique (walk-in),2025-09-18,Découverte,2,14342.91,False,False
CUST02722,France (siège),Paris Vendôme,Boutique (walk-in),2025-08-22,Découverte,1,563.31,False,True
CUST02723,Chine,Shanghai,Recommandation VIC,2024-09-18,Découverte,1,339.37,False,False
CUST02724,Moyen-Orient,Abu Dhabi,Digital / en ligne,2026-02-09,Découverte,0,0.0,False,False
CUST02725,Chine,Shanghai,Digital / en ligne,2024-11-12,Client fidèle,3,43692.19,True,True
CUST02726,USA,Bal Harbour,Digital / en ligne,2025-06-25,Découverte,1,430.52,False,False
CUST02727,France (siège),Cannes,Digital / en ligne,2026-03-27,Découverte,0,0.0,False,False
CUST02728,France (siège),Cannes,Boutique (walk-in),2025-04-03,Découverte,2,831.57,False,True
CUST02729,Japon,Osaka,Événement privé,2026-01-21,Découverte,0,0.0,False,False
CUST02730,France (siège),Paris Champs-Élysées,Boutique (walk-in),2026-01-02,Découverte,1,12135.02,False,True
CUST02731,France (siège),Paris Champs-Élysées,Digital / en ligne,2025-07-24,VIC,1,185367.11,False,False
CUST02732,Moyen-Orient,Dubaï Mall,Événement privé,2026-03-26,Découverte,0,0.0,False,False
CUST02733,France (siège),Paris Champs-Élysées,Boutique (walk-in),2025-02-21,VIC,3,131621.72,True,True
CUST02734,Chine,Shanghai,Événement privé,2025-12-02,Découverte,1,1066.2,False,True
CUST02735,USA,Bal Harbour,Boutique (walk-in),2025-05-07,Découverte,3,12904.65,True,True
CUST02736,France (siège),Paris Champs-Élysées,Recommandation VIC,2026-01-28,Client fidèle,1,19244.08,False,True
CUST02737,France (siège),Cannes,Recommandation VIC,2024-12-10,Client fidèle,3,47829.17,True,True
CUST02738,USA,Bal Harbour,Recommandation VIC,2025-05-11,Client fidèle,2,18472.6,True,True
CUST02739,France (siège),Paris Champs-Élysées,Événement privé,2024-12-01,Client fidèle,2,27787.53,False,False
CUST02740,USA,Beverly Hills,Digital / en ligne,2024-09-18,VIC,3,174543.38,True,True
CUST02741,USA,Bal Harbour,Recommandation VIC,2025-08-24,Client fidèle,2,33185.66,False,True
CUST02742,Chine,Hong Kong,Boutique (walk-in),2025-12-21,Découverte,1,900.49,False,True
CUST02743,France (siège),Cannes,Recommandation VIC,2025-05-29,Client fidèle,3,47719.03,True,True
CUST02744,Moyen-Orient,Dubaï Mall,Recommandation VIC,2024-11-14,Client fidèle,3,20091.75,True,True
CUST02745,Moyen-Orient,Abu Dhabi,Recommandation VIC,2026-04-18,Client fidèle,1,28112.59,False,True
CUST02746,Moyen-Orient,Dubaï Mall,Digital / en ligne,2026-01-24,Découverte,1,1007.92,False,True
CUST02747,Japon,Tokyo Ginza,Recommandation VIC,2024-09-03,VIC,3,173351.21,False,False
CUST02748,Moyen-Orient,Abu Dhabi,Événement privé,2025-08-01,Client fidèle,2,21119.18,False,True
CUST02749,Chine,Pékin,Événement privé,2025-07-04,Découverte,2,1621.68,False,True
CUST02750,Chine,Hong Kong,Boutique (walk-in),2026-01-13,Découverte,1,17135.0,False,True
CUST02751,France (siège),Paris Champs-Élysées,Boutique (walk-in),2025-04-23,VIC,2,111482.6,True,False
CUST02752,Chine,Hong Kong,Digital / en ligne,2025-05-14,Découverte,3,15780.2,True,True
CUST02753,France (siège),Cannes,Boutique (walk-in),2025-12-08,Découverte,1,881.1,False,True
CUST02754,Chine,Pékin,Boutique (walk-in),2025-09-13,Découverte,1,8463.57,False,True
CUST02755,Moyen-Orient,Dubaï Mall,Boutique (walk-in),2024-12-16,VIC,4,112980.12,False,True
CUST02756,Chine,Shanghai,Recommandation VIC,2025-06-19,Client fidèle,2,53040.17,True,False
CUST02757,France (siège),Paris Champs-Élysées,Digital / en ligne,2025-03-09,Découverte,2,1221.98,False,True
CUST02758,France (siège),Paris Champs-Élysées,Digital / en ligne,2026-02-17,Découverte,0,0.0,False,False
CUST02759,USA,Bal Harbour,Digital / en ligne,2025-11-15,Découverte,1,799.61,False,True
CUST02760,Japon,Tokyo Ginza,Boutique (walk-in),2025-08-22,Découverte,1,864.67,False,False
CUST02761,USA,New York 5th Ave,Boutique (walk-in),2024-10-11,Client fidèle,4,40389.42,True,True
CUST02762,Chine,Shanghai,Événement privé,2025-06-28,VIC,2,96957.54,True,True
CUST02763,USA,New York 5th Ave,Événement privé,2024-10-16,VIC,5,72140.07,True,True
CUST02764,USA,Bal Harbour,Boutique (walk-in),2025-06-08,Client fidèle,2,22265.08,True,True
CUST02765,Chine,Hong Kong,Boutique (walk-in),2025-01-26,Client fidèle,3,38437.82,True,True
CUST02766,Moyen-Orient,Dubaï Mall,Boutique (walk-in),2025-08-09,VIC,3,87543.65,True,True
CUST02767,USA,Beverly Hills,Boutique (walk-in),2026-03-11,Découverte,0,0.0,False,False
CUST02768,Chine,Pékin,Événement privé,2025-11-25,Découverte,1,684.52,False,True
CUST02769,USA,Beverly Hills,Recommandation VIC,2025-03-21,Découverte,2,15464.69,True,True
CUST02770,Chine,Pékin,Événement privé,2026-04-16,Découverte,0,0.0,False,False
CUST02771,USA,Beverly Hills,Boutique (walk-in),2026-01-21,Client fidèle,1,22458.24,False,True
CUST02772,USA,Beverly Hills,Digital / en ligne,2025-03-25,Découverte,2,11042.21,False,True
CUST02773,France (siège),Paris Vendôme,Boutique (walk-in),2025-03-15,VIC,2,113450.49,True,True
CUST02774,Chine,Pékin,Recommandation VIC,2026-01-03,Découverte,1,11181.94,False,True
CUST02775,Moyen-Orient,Dubaï Mall,Recommandation VIC,2025-09-22,Client fidèle,2,24534.81,True,True
CUST02776,France (siège),Cannes,Digital / en ligne,2026-03-19,Découverte,0,0.0,False,False
CUST02777,France (siège),Paris Champs-Élysées,Digital / en ligne,2025-05-29,Client fidèle,2,20023.26,False,True
CUST02778,Japon,Tokyo Ginza,Recommandation VIC,2026-01-07,Découverte,1,7248.56,False,True
CUST02779,Japon,Tokyo Ginza,Boutique (walk-in),2025-07-24,Découverte,2,15007.02,True,True
CUST02780,USA,Beverly Hills,Digital / en ligne,2025-06-05,VIC,2,197982.67,False,True
CUST02781,Moyen-Orient,Abu Dhabi,Recommandation VIC,2025-08-21,Découverte,1,7891.72,False,True
CUST02782,Chine,Shanghai,Digital / en ligne,2025-10-25,Client fidèle,1,22963.67,False,True
CUST02783,Japon,Tokyo Ginza,Digital / en ligne,2024-09-27,VIC,2,86747.1,True,False
CUST02784,Moyen-Orient,Abu Dhabi,Digital / en ligne,2024-10-25,Client fidèle,3,58857.5,True,True
CUST02785,Chine,Hong Kong,Événement privé,2026-03-23,Découverte,0,0.0,False,False
CUST02786,Japon,Osaka,Boutique (walk-in),2026-04-13,Découverte,0,0.0,False,False
CUST02787,USA,New York 5th Ave,Boutique (walk-in),2025-09-19,Découverte,2,15167.28,False,True
CUST02788,France (siège),Cannes,Recommandation VIC,2026-03-10,Découverte,1,1062.66,False,True
CUST02789,France (siège),Paris Champs-Élysées,Événement privé,2025-02-26,Découverte,2,14811.02,False,True
CUST02790,Chine,Pékin,Digital / en ligne,2025-05-12,Client fidèle,2,28403.53,False,True
CUST02791,Chine,Hong Kong,Boutique (walk-in),2025-03-21,Client fidèle,3,61183.67,False,True
CUST02792,USA,New York 5th Ave,Boutique (walk-in),2024-11-30,Découverte,3,11760.19,True,True
CUST02793,Moyen-Orient,Dubaï Mall,Boutique (walk-in),2026-04-06,Découverte,0,0.0,False,False
CUST02794,USA,Beverly Hills,Boutique (walk-in),2025-01-22,Client fidèle,3,34619.33,True,True
CUST02795,Chine,Shanghai,Digital / en ligne,2025-03-16,VIC,3,83304.23,False,True
CUST02796,USA,New York 5th Ave,Recommandation VIC,2025-04-06,Client fidèle,3,41077.3,False,True
CUST02797,France (siège),Paris Vendôme,Boutique (walk-in),2025-02-17,Client fidèle,2,18263.4,False,False
CUST02798,USA,Bal Harbour,Digital / en ligne,2026-04-04,Découverte,0,0.0,False,False
CUST02799,Chine,Hong Kong,Recommandation VIC,2025-04-11,Client fidèle,3,24383.65,True,True
CUST02800,USA,Bal Harbour,Recommandation VIC,2025-02-06,Client fidèle,3,37318.21,True,True
CUST02801,France (siège),Cannes,Recommandation VIC,2025-06-10,Client fidèle,3,61690.84,False,True
CUST02802,Moyen-Orient,Dubaï Mall,Boutique (walk-in),2025-08-07,Client fidèle,2,40651.61,False,True
CUST02803,USA,New York 5th Ave,Recommandation VIC,2024-09-08,Client fidèle,2,19132.01,True,False
CUST02804,Chine,Shanghai,Boutique (walk-in),2025-02-28,Client fidèle,3,20705.89,True,False
CUST02805,USA,New York 5th Ave,Recommandation VIC,2026-02-13,Découverte,1,641.75,False,True
CUST02806,France (siège),Paris Vendôme,Recommandation VIC,2024-11-14,Client fidèle,3,59809.07,True,True
CUST02807,France (siège),Paris Vendôme,Événement privé,2024-12-10,Découverte,3,10616.24,True,True
CUST02808,Japon,Tokyo Ginza,Recommandation VIC,2025-05-13,VIC,2,108148.82,False,True
CUST02809,Moyen-Orient,Abu Dhabi,Recommandation VIC,2025-11-23,Découverte,1,15619.07,False,True
CUST02810,Japon,Osaka,Boutique (walk-in),2024-09-14,Découverte,4,13799.66,True,True
CUST02811,Chine,Hong Kong,Boutique (walk-in),2026-02-10,Découverte,0,0.0,False,False
CUST02812,Moyen-Orient,Dubaï Mall,Recommandation VIC,2025-03-19,VIC,3,128767.36,True,False
CUST02813,Moyen-Orient,Dubaï Mall,Boutique (walk-in),2025-11-14,Client fidèle,1,20444.5,False,True
CUST02814,Chine,Pékin,Boutique (walk-in),2026-02-05,Découverte,1,625.22,False,True
CUST02815,USA,New York 5th Ave,Recommandation VIC,2026-02-21,Découverte,0,0.0,False,False
CUST02816,France (siège),Paris Champs-Élysées,Recommandation VIC,2025-01-26,Découverte,3,6493.99,True,True
CUST02817,Chine,Shanghai,Recommandation VIC,2025-04-08,Découverte,2,16839.33,False,True
CUST02818,Chine,Pékin,Événement privé,2026-01-30,Découverte,1,1002.43,False,True
CUST02819,Chine,Pékin,Boutique (walk-in),2025-04-23,Client fidèle,2,42747.0,False,True
CUST02820,Chine,Hong Kong,Événement privé,2026-04-10,Découverte,0,0.0,False,False
CUST02821,Chine,Shanghai,Recommandation VIC,2025-11-20,Client fidèle,1,28107.89,False,True
CUST02822,USA,Beverly Hills,Boutique (walk-in),2025-11-27,VIC,1,77375.86,False,True
CUST02823,France (siège),Cannes,Événement privé,2025-06-14,Découverte,2,12628.45,False,True
CUST02824,Chine,Shanghai,Boutique (walk-in),2025-04-03,Découverte,3,17297.08,True,True
CUST02825,USA,Beverly Hills,Boutique (walk-in),2025-10-23,Découverte,1,604.97,False,True
CUST02826,Japon,Osaka,Digital / en ligne,2025-06-14,Découverte,2,13703.81,True,True
CUST02827,USA,New York 5th Ave,Boutique (walk-in),2026-02-11,Découverte,0,0.0,False,False
CUST02828,Japon,Tokyo Ginza,Recommandation VIC,2025-09-01,Client fidèle,2,27642.33,False,True
CUST02829,Chine,Shanghai,Boutique (walk-in),2025-05-03,Client fidèle,2,31942.41,True,True
CUST02830,France (siège),Cannes,Recommandation VIC,2025-02-20,Découverte,1,357.15,False,False
CUST02831,Chine,Pékin,Événement privé,2025-01-25,Découverte,1,14561.82,False,False
CUST02832,Japon,Osaka,Recommandation VIC,2026-02-16,Découverte,1,802.61,False,True
CUST02833,France (siège),Paris Champs-Élysées,Recommandation VIC,2025-09-07,Client fidèle,2,23060.64,False,True
CUST02834,Japon,Tokyo Ginza,Digital / en ligne,2025-04-13,Client fidèle,2,34567.95,True,True
CUST02835,USA,Beverly Hills,Boutique (walk-in),2025-12-21,Découverte,1,574.34,False,True
CUST02836,France (siège),Cannes,Digital / en ligne,2025-09-18,VIC,2,68755.39,False,True
CUST02837,Moyen-Orient,Abu Dhabi,Recommandation VIC,2025-12-02,Découverte,1,957.62,False,True
CUST02838,France (siège),Cannes,Recommandation VIC,2025-04-04,Client fidèle,2,22347.91,True,True
CUST02839,Japon,Tokyo Ginza,Digital / en ligne,2025-11-12,Découverte,1,10810.78,False,True
CUST02840,France (siège),Paris Champs-Élysées,Boutique (walk-in),2025-11-10,Découverte,1,885.95,False,True
CUST02841,France (siège),Paris Vendôme,Boutique (walk-in),2025-04-14,Client fidèle,2,54150.29,True,True
CUST02842,Chine,Hong Kong,Événement privé,2025-09-19,Client fidèle,1,59149.01,False,False
CUST02843,Moyen-Orient,Abu Dhabi,Événement privé,2025-02-27,VIC,3,166046.76,True,False
CUST02844,USA,Beverly Hills,Boutique (walk-in),2026-03-08,Découverte,0,0.0,False,False
CUST02845,USA,New York 5th Ave,Événement privé,2026-03-08,Client fidèle,1,32036.07,False,True
CUST02846,Moyen-Orient,Dubaï Mall,Digital / en ligne,2025-12-06,Découverte,1,523.19,False,True
CUST02847,USA,Beverly Hills,Boutique (walk-in),2025-08-04,VIC,2,121056.81,True,True
CUST02848,Japon,Tokyo Ginza,Recommandation VIC,2025-11-20,Découverte,1,8638.26,False,True
CUST02849,Moyen-Orient,Dubaï Mall,Recommandation VIC,2025-02-25,Découverte,1,876.75,False,False
CUST02850,Japon,Tokyo Ginza,Digital / en ligne,2025-03-10,VIC,1,97478.53,False,False
CUST02851,Japon,Osaka,Boutique (walk-in),2024-12-13,VIC,4,153305.28,True,True
CUST02852,Moyen-Orient,Abu Dhabi,Boutique (walk-in),2025-06-27,Découverte,2,10063.08,True,True
CUST02853,Japon,Osaka,Digital / en ligne,2024-09-01,Découverte,1,15595.2,False,False
CUST02854,Japon,Tokyo Ginza,Digital / en ligne,2025-11-02,Découverte,1,779.75,False,True
CUST02855,Japon,Tokyo Ginza,Boutique (walk-in),2025-11-07,Découverte,2,15096.22,False,True
CUST02856,USA,New York 5th Ave,Recommandation VIC,2025-01-21,Découverte,1,736.93,False,False
CUST02857,USA,Bal Harbour,Recommandation VIC,2025-07-12,Client fidèle,2,25890.34,False,True
CUST02858,Chine,Hong Kong,Digital / en ligne,2025-05-05,Découverte,2,1515.08,False,True
CUST02859,USA,Beverly Hills,Recommandation VIC,2025-10-16,VIC,2,81715.58,True,False
CUST02860,Japon,Tokyo Ginza,Boutique (walk-in),2026-04-20,Découverte,0,0.0,False,False
CUST02861,Chine,Shanghai,Recommandation VIC,2026-01-31,Découverte,1,1269.38,False,True
CUST02862,France (siège),Cannes,Digital / en ligne,2024-11-06,VIC,5,137604.88,True,True
CUST02863,USA,New York 5th Ave,Digital / en ligne,2025-12-04,Client fidèle,1,32958.77,False,True
CUST02864,Japon,Tokyo Ginza,Digital / en ligne,2025-02-08,VIC,3,159657.69,True,False
CUST02865,Chine,Pékin,Recommandation VIC,2025-02-17,Découverte,2,13837.26,True,True
CUST02866,France (siège),Paris Vendôme,Boutique (walk-in),2026-02-15,Découverte,0,0.0,False,False
CUST02867,USA,New York 5th Ave,Boutique (walk-in),2025-12-30,Découverte,1,8960.05,False,True
CUST02868,France (siège),Cannes,Recommandation VIC,2026-04-04,Découverte,0,0.0,False,False
CUST02869,France (siège),Cannes,Recommandation VIC,2025-01-02,Découverte,3,17176.28,False,True
CUST02870,USA,Beverly Hills,Boutique (walk-in),2026-02-14,Découverte,1,655.3,False,True
CUST02871,France (siège),Paris Champs-Élysées,Boutique (walk-in),2024-10-07,VIC,3,92216.7,True,True
CUST02872,USA,Bal Harbour,Événement privé,2026-04-11,Découverte,0,0.0,False,False
CUST02873,Japon,Tokyo Ginza,Événement privé,2024-11-25,Client fidèle,4,28477.22,True,True
CUST02874,Chine,Hong Kong,Recommandation VIC,2025-11-08,Client fidèle,2,35800.7,True,True
CUST02875,USA,Bal Harbour,Digital / en ligne,2025-04-06,Client fidèle,1,53535.51,False,False
CUST02876,Japon,Osaka,Boutique (walk-in),2025-08-20,Client fidèle,2,38795.62,True,True
CUST02877,Japon,Tokyo Ginza,Boutique (walk-in),2024-10-31,Découverte,3,14984.81,False,False
CUST02878,USA,Bal Harbour,Boutique (walk-in),2025-10-18,Client fidèle,1,18386.98,False,True
CUST02879,USA,New York 5th Ave,Recommandation VIC,2025-05-09,Découverte,2,17130.0,True,True
CUST02880,Japon,Tokyo Ginza,Recommandation VIC,2025-08-14,VIC,2,80714.35,True,True
CUST02881,Chine,Pékin,Boutique (walk-in),2024-12-01,Découverte,4,14139.86,True,True
CUST02882,USA,Bal Harbour,Boutique (walk-in),2024-12-23,Client fidèle,3,28086.78,True,True
CUST02883,Japon,Tokyo Ginza,Événement privé,2025-06-15,VIC,2,93883.92,True,True
CUST02884,Japon,Tokyo Ginza,Boutique (walk-in),2024-12-08,VIC,4,67554.51,True,True
CUST02885,Japon,Osaka,Boutique (walk-in),2024-11-17,Very VIP,3,221044.0,True,False
CUST02886,Japon,Osaka,Événement privé,2025-06-22,Client fidèle,1,21298.32,False,False
CUST02887,Chine,Hong Kong,Boutique (walk-in),2025-11-19,Découverte,1,1243.01,False,True
CUST02888,USA,New York 5th Ave,Boutique (walk-in),2026-02-26,Client fidèle,1,26187.95,False,True
CUST02889,Chine,Shanghai,Digital / en ligne,2025-02-23,Client fidèle,3,33439.03,True,True
CUST02890,Chine,Shanghai,Recommandation VIC,2025-06-12,Client fidèle,2,21402.27,False,True
CUST02891,USA,Beverly Hills,Digital / en ligne,2026-03-26,Découverte,0,0.0,False,False
CUST02892,USA,Beverly Hills,Digital / en ligne,2024-10-10,Découverte,2,987.72,False,False
CUST02893,France (siège),Paris Champs-Élysées,Boutique (walk-in),2025-02-28,Client fidèle,3,61845.02,True,True
CUST02894,France (siège),Paris Champs-Élysées,Recommandation VIC,2025-09-20,Découverte,1,10524.36,False,True
CUST02895,Japon,Osaka,Boutique (walk-in),2025-12-15,Découverte,1,836.34,False,True
CUST02896,Moyen-Orient,Abu Dhabi,Recommandation VIC,2025-06-17,Client fidèle,2,29200.61,False,True
CUST02897,Chine,Shanghai,Boutique (walk-in),2025-06-22,Découverte,2,8697.58,False,False
CUST02898,Chine,Hong Kong,Boutique (walk-in),2025-12-13,VIC,1,156691.04,False,True
CUST02899,Moyen-Orient,Dubaï Mall,Boutique (walk-in),2025-04-02,Client fidèle,3,27390.57,True,True
CUST02900,Chine,Shanghai,Boutique (walk-in),2025-10-26,Découverte,1,9550.34,False,True
CUST02901,Chine,Shanghai,Boutique (walk-in),2024-09-01,Découverte,1,776.69,False,False
CUST02902,Chine,Shanghai,Boutique (walk-in),2025-05-02,Découverte,3,13133.95,True,True
CUST02903,USA,New York 5th Ave,Boutique (walk-in),2025-09-01,Découverte,1,16299.56,False,True
CUST02904,France (siège),Paris Champs-Élysées,Boutique (walk-in),2024-10-20,Client fidèle,4,63184.9,True,True
CUST02905,USA,Beverly Hills,Boutique (walk-in),2025-12-10,VIC,1,132293.69,False,True
CUST02906,Japon,Osaka,Boutique (walk-in),2024-09-30,Client fidèle,4,33279.21,True,True
CUST02907,Chine,Shanghai,Boutique (walk-in),2025-02-06,Client fidèle,1,42260.54,False,False
CUST02908,Japon,Tokyo Ginza,Boutique (walk-in),2026-02-17,Découverte,0,0.0,False,False
CUST02909,France (siège),Paris Champs-Élysées,Boutique (walk-in),2025-09-16,Découverte,2,2524.29,False,True
CUST02910,France (siège),Paris Champs-Élysées,Recommandation VIC,2025-01-28,Découverte,3,2421.67,True,True
CUST02911,Chine,Pékin,Recommandation VIC,2025-09-27,Découverte,2,13219.34,True,True
CUST02912,Chine,Hong Kong,Boutique (walk-in),2024-11-30,VIC,3,121058.84,True,True
CUST02913,Japon,Tokyo Ginza,Boutique (walk-in),2025-06-16,Client fidèle,2,57408.5,False,True
CUST02914,USA,Beverly Hills,Boutique (walk-in),2025-08-12,Client fidèle,2,43928.17,True,True
CUST02915,USA,New York 5th Ave,Recommandation VIC,2025-10-19,Découverte,1,859.3,False,True
CUST02916,Japon,Tokyo Ginza,Recommandation VIC,2025-07-01,Découverte,2,9205.0,False,True
CUST02917,USA,Beverly Hills,Boutique (walk-in),2025-04-16,Client fidèle,3,34966.36,True,True
CUST02918,Chine,Shanghai,Boutique (walk-in),2025-09-01,Client fidèle,2,45434.77,False,True
CUST02919,Moyen-Orient,Abu Dhabi,Événement privé,2025-04-11,Découverte,2,1680.42,False,True
CUST02920,USA,New York 5th Ave,Recommandation VIC,2025-04-18,Découverte,1,722.37,False,False
CUST02921,Moyen-Orient,Dubaï Mall,Digital / en ligne,2026-04-08,Découverte,1,883.34,False,False
CUST02922,France (siège),Paris Champs-Élysées,Boutique (walk-in),2025-03-27,Découverte,2,17045.79,False,True
CUST02923,France (siège),Paris Champs-Élysées,Boutique (walk-in),2025-11-01,Découverte,1,12108.79,False,True
CUST02924,Moyen-Orient,Abu Dhabi,Digital / en ligne,2025-08-11,Découverte,1,963.49,False,True
CUST02925,USA,New York 5th Ave,Digital / en ligne,2025-03-06,Découverte,3,14269.01,True,True
CUST02926,Moyen-Orient,Dubaï Mall,Digital / en ligne,2024-09-14,VIC,3,74705.29,False,False
CUST02927,Japon,Osaka,Événement privé,2026-01-19,Découverte,1,16931.51,False,False
CUST02928,France (siège),Cannes,Événement privé,2025-12-06,Découverte,1,6749.03,False,False
CUST02929,USA,Beverly Hills,Digital / en ligne,2025-03-23,Client fidèle,3,29100.92,True,True
CUST02930,France (siège),Paris Vendôme,Boutique (walk-in),2025-12-20,Découverte,1,738.72,False,True
CUST02931,France (siège),Cannes,Recommandation VIC,2025-02-02,Client fidèle,3,49292.4,True,True
CUST02932,USA,New York 5th Ave,Événement privé,2026-02-08,Client fidèle,1,32380.53,False,True
CUST02933,Chine,Shanghai,Recommandation VIC,2024-11-13,Client fidèle,4,22183.67,True,False
CUST02934,Chine,Pékin,Recommandation VIC,2025-07-16,Découverte,1,1440.51,False,False
CUST02935,USA,Beverly Hills,Digital / en ligne,2024-09-05,Client fidèle,3,29420.94,True,True
CUST02936,Moyen-Orient,Dubaï Mall,Événement privé,2026-03-08,Client fidèle,1,32914.04,False,True
CUST02937,Chine,Shanghai,Recommandation VIC,2025-09-29,Client fidèle,2,18916.9,False,True
CUST02938,USA,Beverly Hills,Recommandation VIC,2026-02-28,Découverte,1,964.68,False,True
CUST02939,France (siège),Paris Champs-Élysées,Événement privé,2024-11-16,Client fidèle,4,51557.3,True,True
CUST02940,Moyen-Orient,Dubaï Mall,Boutique (walk-in),2025-05-14,Découverte,2,1025.49,False,True
CUST02941,Chine,Hong Kong,Boutique (walk-in),2025-01-23,Découverte,3,11077.01,True,True
CUST02942,Japon,Tokyo Ginza,Recommandation VIC,2026-02-05,Découverte,1,548.94,False,True
CUST02943,USA,Beverly Hills,Recommandation VIC,2025-06-29,Découverte,2,6135.1,True,True
CUST02944,USA,New York 5th Ave,Digital / en ligne,2026-04-12,Découverte,0,0.0,False,False
CUST02945,Moyen-Orient,Dubaï Mall,Digital / en ligne,2025-12-25,Découverte,1,828.59,False,True
CUST02946,Chine,Pékin,Recommandation VIC,2025-10-17,Découverte,1,15920.98,False,True
CUST02947,Chine,Pékin,Recommandation VIC,2025-05-08,Découverte,3,3186.79,False,True
CUST02948,Chine,Hong Kong,Boutique (walk-in),2025-01-15,Client fidèle,3,29936.36,True,True
CUST02949,USA,New York 5th Ave,Recommandation VIC,2024-12-01,Client fidèle,3,23793.14,True,True
CUST02950,France (siège),Cannes,Digital / en ligne,2025-05-21,Client fidèle,2,36359.67,True,True
CUST02951,France (siège),Cannes,Recommandation VIC,2025-09-13,Découverte,2,13841.21,False,False
CUST02952,France (siège),Paris Vendôme,Boutique (walk-in),2024-09-16,Découverte,1,801.93,False,False
CUST02953,Moyen-Orient,Abu Dhabi,Boutique (walk-in),2026-01-07,Découverte,1,4576.95,False,False
CUST02954,USA,New York 5th Ave,Recommandation VIC,2024-09-18,VIC,5,93842.82,True,True
CUST02955,Chine,Pékin,Événement privé,2026-04-01,Découverte,0,0.0,False,False
CUST02956,USA,Beverly Hills,Digital / en ligne,2025-11-17,Découverte,1,624.99,False,True
CUST02957,Chine,Pékin,Recommandation VIC,2025-12-23,Découverte,1,15305.74,False,True
CUST02958,Chine,Hong Kong,Boutique (walk-in),2025-08-01,Client fidèle,1,20333.08,False,False
CUST02959,France (siège),Paris Vendôme,Événement privé,2026-04-22,Découverte,0,0.0,False,False
CUST02960,France (siège),Cannes,Événement privé,2025-05-11,VIC,2,123435.08,False,True
CUST02961,USA,New York 5th Ave,Événement privé,2025-08-14,Client fidèle,2,33664.61,False,True
CUST02962,Moyen-Orient,Abu Dhabi,Boutique (walk-in),2025-08-17,Client fidèle,2,52517.4,False,True
CUST02963,Moyen-Orient,Dubaï Mall,Boutique (walk-in),2024-09-29,Client fidèle,1,18014.08,False,False
CUST02964,Japon,Tokyo Ginza,Recommandation VIC,2025-02-15,Client fidèle,2,22636.66,True,False
CUST02965,Chine,Hong Kong,Digital / en ligne,2025-10-05,Client fidèle,1,19440.38,False,True
CUST02966,Chine,Shanghai,Boutique (walk-in),2025-12-14,Découverte,1,640.03,False,True
CUST02967,France (siège),Cannes,Recommandation VIC,2025-04-08,VIC,3,164236.13,True,True
CUST02968,Moyen-Orient,Dubaï Mall,Boutique (walk-in),2025-05-10,Découverte,1,674.72,False,False
CUST02969,France (siège),Cannes,Recommandation VIC,2025-01-28,Client fidèle,3,36092.16,True,False
CUST02970,France (siège),Cannes,Boutique (walk-in),2025-06-18,Client fidèle,2,23792.84,True,True
CUST02971,France (siège),Paris Champs-Élysées,Événement privé,2026-02-12,Découverte,1,6033.37,False,True
CUST02972,Japon,Tokyo Ginza,Digital / en ligne,2026-03-25,Découverte,0,0.0,False,False
CUST02973,Japon,Tokyo Ginza,Recommandation VIC,2025-09-16,Découverte,1,7589.85,False,True
CUST02974,Moyen-Orient,Dubaï Mall,Boutique (walk-in),2026-04-23,Découverte,0,0.0,False,False
CUST02975,Chine,Hong Kong,Événement privé,2025-06-01,Client fidèle,3,64305.16,False,True
CUST02976,Moyen-Orient,Dubaï Mall,Recommandation VIC,2025-04-16,Client fidèle,3,56855.28,True,True
CUST02977,Moyen-Orient,Dubaï Mall,Recommandation VIC,2025-01-15,VIC,3,66707.46,True,True
CUST02978,USA,Bal Harbour,Recommandation VIC,2025-01-29,VIC,4,66581.86,True,True
CUST02979,Chine,Shanghai,Recommandation VIC,2025-08-06,Client fidèle,3,34777.4,True,True
CUST02980,Chine,Hong Kong,Recommandation VIC,2025-01-04,Client fidèle,3,41901.33,True,True
CUST02981,Chine,Hong Kong,Événement privé,2025-08-23,VIC,2,141397.08,False,True
CUST02982,Japon,Tokyo Ginza,Recommandation VIC,2025-01-18,Client fidèle,3,34268.28,True,True
CUST02983,Japon,Osaka,Boutique (walk-in),2025-11-30,Découverte,1,150.0,False,False
CUST02984,Moyen-Orient,Abu Dhabi,Événement privé,2025-07-19,Client fidèle,2,46583.76,False,True
CUST02985,Japon,Osaka,Événement privé,2025-09-06,Découverte,1,751.9,False,True
CUST02986,France (siège),Paris Vendôme,Recommandation VIC,2025-07-25,Client fidèle,2,43785.45,True,True
CUST02987,USA,Bal Harbour,Boutique (walk-in),2025-05-14,Client fidèle,2,34264.32,False,False
CUST02988,France (siège),Paris Vendôme,Boutique (walk-in),2025-09-25,Découverte,2,10053.66,True,True
CUST02989,France (siège),Paris Champs-Élysées,Recommandation VIC,2025-08-17,Découverte,1,16834.65,False,True
CUST02990,Japon,Tokyo Ginza,Recommandation VIC,2025-12-20,Client fidèle,1,23119.83,False,True
CUST02991,USA,Bal Harbour,Recommandation VIC,2025-12-07,Découverte,1,465.16,False,True
CUST02992,USA,Bal Harbour,Recommandation VIC,2025-07-28,Client fidèle,2,41158.1,False,True
CUST02993,USA,New York 5th Ave,Recommandation VIC,2025-06-25,Découverte,2,1453.35,True,True
CUST02994,Moyen-Orient,Abu Dhabi,Digital / en ligne,2026-03-27,Découverte,0,0.0,False,False
CUST02995,France (siège),Cannes,Recommandation VIC,2025-05-31,Découverte,2,1597.83,True,True
CUST02996,USA,New York 5th Ave,Recommandation VIC,2025-10-18,Découverte,1,7547.04,False,False
CUST02997,Japon,Tokyo Ginza,Boutique (walk-in),2024-09-16,Client fidèle,2,33124.37,False,False
CUST02998,France (siège),Paris Vendôme,Recommandation VIC,2025-12-08,Client fidèle,1,26820.66,False,True
CUST02999,Moyen-Orient,Dubaï Mall,Événement privé,2025-07-05,Client fidèle,2,58070.87,False,True
CUST03000,USA,New York 5th Ave,Boutique (walk-in),2025-05-23,VIC,3,78811.99,True,True
CUST03001,Chine,Shanghai,Digital / en ligne,2025-11-22,VIC,1,149504.72,False,True
CUST03002,Moyen-Orient,Dubaï Mall,Recommandation VIC,2026-04-16,Découverte,0,0.0,False,False
CUST03003,France (siège),Paris Vendôme,Recommandation VIC,2025-10-22,VIC,1,114401.95,False,True
CUST03004,USA,New York 5th Ave,Boutique (walk-in),2026-04-13,Découverte,0,0.0,False,False
CUST03005,Chine,Shanghai,Événement privé,2024-09-18,VIC,4,106200.14,True,True
CUST03006,Moyen-Orient,Dubaï Mall,Événement privé,2026-04-15,Découverte,0,0.0,False,False
CUST03007,USA,New York 5th Ave,Événement privé,2024-12-21,VIC,3,139927.27,False,True
CUST03008,Chine,Hong Kong,Événement privé,2025-08-02,Découverte,2,14634.14,True,True
CUST03009,Moyen-Orient,Abu Dhabi,Digital / en ligne,2026-01-04,Découverte,1,613.42,False,True
CUST03010,France (siège),Cannes,Boutique (walk-in),2025-04-22,Découverte,1,649.82,False,False
CUST03011,France (siège),Paris Vendôme,Boutique (walk-in),2025-07-21,VIC,2,93868.41,True,True
CUST03012,USA,Beverly Hills,Boutique (walk-in),2025-08-19,Découverte,2,2273.73,True,True
CUST03013,France (siège),Paris Vendôme,Digital / en ligne,2024-12-12,Découverte,1,9492.64,False,False
CUST03014,USA,Bal Harbour,Événement privé,2025-07-12,Découverte,2,5204.49,False,True
CUST03015,Chine,Pékin,Boutique (walk-in),2025-03-03,VIC,2,72475.91,False,True
CUST03016,France (siège),Paris Vendôme,Digital / en ligne,2025-11-28,Découverte,1,14610.53,False,True
CUST03017,France (siège),Cannes,Boutique (walk-in),2025-12-16,VIC,1,137457.09,False,True
CUST03018,Moyen-Orient,Dubaï Mall,Recommandation VIC,2025-12-08,Découverte,1,722.24,False,True
CUST03019,USA,Beverly Hills,Digital / en ligne,2025-10-25,Client fidèle,1,30521.52,False,True
CUST03020,Chine,Shanghai,Digital / en ligne,2024-11-09,Client fidèle,2,30196.69,False,False
CUST03021,USA,Bal Harbour,Boutique (walk-in),2025-08-22,VIC,2,132313.88,False,True
CUST03022,France (siège),Cannes,Recommandation VIC,2024-09-27,Client fidèle,2,24062.45,False,False
CUST03023,USA,Beverly Hills,Digital / en ligne,2025-01-16,Client fidèle,3,45130.59,False,False
CUST03024,Chine,Hong Kong,Événement privé,2025-02-28,Client fidèle,3,19841.98,True,True
CUST03025,USA,Beverly Hills,Recommandation VIC,2025-08-03,Découverte,2,1578.28,False,True
CUST03026,Moyen-Orient,Dubaï Mall,Événement privé,2025-11-30,Client fidèle,1,23861.27,False,True
CUST03027,Moyen-Orient,Abu Dhabi,Boutique (walk-in),2025-05-16,Client fidèle,3,30493.88,True,True
CUST03028,USA,Beverly Hills,Boutique (walk-in),2024-10-27,Client fidèle,4,37000.08,True,True
CUST03029,USA,Beverly Hills,Boutique (walk-in),2024-09-20,Client fidèle,4,55701.11,True,True
CUST03030,Chine,Pékin,Boutique (walk-in),2025-05-18,VIC,2,117108.61,False,True
CUST03031,Chine,Shanghai,Événement privé,2025-05-30,Client fidèle,3,38013.94,False,True
CUST03032,USA,Bal Harbour,Boutique (walk-in),2026-01-24,Découverte,1,714.3,False,True
CUST03033,Japon,Osaka,Digital / en ligne,2026-01-19,Client fidèle,1,26996.25,False,True
CUST03034,Japon,Osaka,Boutique (walk-in),2025-01-05,Découverte,1,712.56,False,False
CUST03035,Chine,Shanghai,Boutique (walk-in),2026-01-31,Découverte,1,12505.39,False,False
CUST03036,France (siège),Paris Vendôme,Recommandation VIC,2025-03-09,Client fidèle,3,23917.03,True,True
CUST03037,Moyen-Orient,Dubaï Mall,Digital / en ligne,2025-12-07,Découverte,1,1561.26,False,True
CUST03038,Chine,Shanghai,Événement privé,2024-12-15,VIC,3,65502.39,True,True
CUST03039,France (siège),Paris Vendôme,Événement privé,2025-07-03,Client fidèle,2,24777.14,False,True
CUST03040,Moyen-Orient,Dubaï Mall,Digital / en ligne,2024-09-24,Client fidèle,3,19731.42,True,True
CUST03041,USA,New York 5th Ave,Boutique (walk-in),2025-04-11,Client fidèle,3,20300.82,True,True
CUST03042,France (siège),Cannes,Boutique (walk-in),2025-01-05,Client fidèle,3,24400.29,False,True
CUST03043,Chine,Hong Kong,Recommandation VIC,2025-10-11,Client fidèle,2,39222.4,False,True
CUST03044,USA,Beverly Hills,Digital / en ligne,2026-02-22,Découverte,1,13326.46,False,True
CUST03045,USA,Bal Harbour,Boutique (walk-in),2025-11-03,Découverte,1,656.33,False,True
CUST03046,USA,New York 5th Ave,Boutique (walk-in),2025-03-31,Client fidèle,2,38082.37,True,True
CUST03047,Japon,Tokyo Ginza,Recommandation VIC,2025-05-16,VIC,3,155593.65,True,True
CUST03048,France (siège),Cannes,Boutique (walk-in),2025-08-20,Découverte,2,16286.96,True,True
CUST03049,Moyen-Orient,Abu Dhabi,Recommandation VIC,2026-02-26,Découverte,0,0.0,False,False
CUST03050,Chine,Pékin,Boutique (walk-in),2024-11-28,Client fidèle,4,47763.98,True,True
CUST03051,Chine,Shanghai,Digital / en ligne,2025-04-02,Découverte,1,917.66,False,False
CUST03052,France (siège),Paris Champs-Élysées,Recommandation VIC,2024-12-15,Découverte,1,785.94,False,False
CUST03053,USA,New York 5th Ave,Digital / en ligne,2025-05-02,Client fidèle,2,44417.5,True,True
CUST03054,France (siège),Paris Vendôme,Recommandation VIC,2025-05-28,Découverte,2,14644.67,True,True
CUST03055,Japon,Tokyo Ginza,Événement privé,2025-04-25,Découverte,3,13475.63,True,True
CUST03056,USA,Bal Harbour,Recommandation VIC,2025-05-15,Client fidèle,2,42019.3,True,True
CUST03057,France (siège),Cannes,Boutique (walk-in),2024-11-27,VIC,4,72855.86,True,True
CUST03058,USA,Beverly Hills,Digital / en ligne,2024-12-11,Client fidèle,2,23656.02,True,False
CUST03059,Chine,Shanghai,Boutique (walk-in),2025-04-19,Découverte,1,10184.49,False,False
CUST03060,Japon,Osaka,Digital / en ligne,2025-03-04,Découverte,1,14173.89,False,False
CUST03061,Chine,Hong Kong,Boutique (walk-in),2024-10-01,Client fidèle,4,44449.31,True,True
CUST03062,Japon,Osaka,Boutique (walk-in),2025-08-17,Découverte,2,1729.1,True,True
CUST03063,Japon,Osaka,Recommandation VIC,2026-03-12,Client fidèle,1,27047.18,False,True
CUST03064,Japon,Tokyo Ginza,Boutique (walk-in),2025-04-08,Découverte,2,1641.3,True,True
CUST03065,Japon,Tokyo Ginza,Boutique (walk-in),2026-04-11,Découverte,0,0.0,False,False
CUST03066,France (siège),Paris Vendôme,Digital / en ligne,2025-11-14,Découverte,1,401.03,False,False
CUST03067,France (siège),Paris Champs-Élysées,Recommandation VIC,2026-03-02,Découverte,0,0.0,False,False
CUST03068,Japon,Tokyo Ginza,Digital / en ligne,2025-10-03,Client fidèle,1,19949.02,False,True
CUST03069,Moyen-Orient,Dubaï Mall,Boutique (walk-in),2025-08-24,Client fidèle,2,58311.31,False,True
CUST03070,USA,Beverly Hills,Digital / en ligne,2025-06-11,VIC,3,78830.03,True,True
CUST03071,France (siège),Paris Vendôme,Digital / en ligne,2025-09-18,Découverte,1,16112.78,False,False
CUST03072,Chine,Pékin,Boutique (walk-in),2024-09-17,VIC,4,86972.53,True,True
CUST03073,France (siège),Cannes,Recommandation VIC,2025-07-10,Client fidèle,2,46584.6,False,True
CUST03074,USA,New York 5th Ave,Boutique (walk-in),2025-07-02,VIC,2,167252.03,False,False
CUST03075,Chine,Pékin,Recommandation VIC,2024-10-29,Découverte,1,889.6,False,False
CUST03076,USA,Bal Harbour,Boutique (walk-in),2025-02-28,Client fidèle,2,36069.17,True,False
CUST03077,Chine,Shanghai,Boutique (walk-in),2024-10-28,Client fidèle,3,47798.41,True,True
CUST03078,Chine,Hong Kong,Recommandation VIC,2025-10-06,Découverte,1,971.51,False,True
CUST03079,Japon,Osaka,Recommandation VIC,2025-06-11,Client fidèle,2,30783.66,True,False
CUST03080,USA,New York 5th Ave,Événement privé,2025-05-13,Découverte,3,14307.27,True,True
CUST03081,Moyen-Orient,Abu Dhabi,Recommandation VIC,2024-10-12,Découverte,4,16256.89,True,True
CUST03082,Chine,Shanghai,Boutique (walk-in),2024-11-23,Découverte,1,456.25,False,False
CUST03083,Chine,Pékin,Événement privé,2026-02-18,Découverte,0,0.0,False,False
CUST03084,France (siège),Paris Vendôme,Boutique (walk-in),2024-10-10,VIC,1,81427.94,False,False
CUST03085,France (siège),Paris Vendôme,Boutique (walk-in),2025-10-02,Découverte,1,469.32,False,True
CUST03086,France (siège),Paris Vendôme,Recommandation VIC,2025-05-17,Very VIP,2,574083.98,True,True
CUST03087,France (siège),Paris Vendôme,Recommandation VIC,2026-02-02,Découverte,1,949.88,False,True
CUST03088,USA,New York 5th Ave,Boutique (walk-in),2025-06-29,Client fidèle,2,20579.35,True,True
CUST03089,USA,Beverly Hills,Boutique (walk-in),2025-02-19,Client fidèle,3,29859.22,True,True
CUST03090,France (siège),Cannes,Digital / en ligne,2025-03-22,Découverte,1,729.53,False,False
CUST03091,Moyen-Orient,Dubaï Mall,Digital / en ligne,2025-01-26,VIC,4,86188.08,True,True
CUST03092,Chine,Hong Kong,Événement privé,2025-09-21,Découverte,2,1613.65,True,True
CUST03093,France (siège),Paris Champs-Élysées,Événement privé,2025-02-20,Very VIP,3,228982.22,True,True
CUST03094,France (siège),Paris Vendôme,Digital / en ligne,2024-12-19,Client fidèle,3,40342.32,True,True
CUST03095,USA,New York 5th Ave,Digital / en ligne,2026-03-16,Client fidèle,1,18464.55,False,True
CUST03096,Moyen-Orient,Abu Dhabi,Boutique (walk-in),2025-01-28,Client fidèle,3,19961.81,True,True
CUST03097,France (siège),Cannes,Digital / en ligne,2024-10-28,Découverte,1,16355.37,False,False
CUST03098,Moyen-Orient,Abu Dhabi,Boutique (walk-in),2025-10-04,Client fidèle,1,27290.56,False,True
CUST03099,USA,Beverly Hills,Digital / en ligne,2025-12-08,Découverte,1,15880.18,False,False
CUST03100,USA,Beverly Hills,Boutique (walk-in),2025-01-14,Découverte,2,7766.17,False,True
CUST03101,France (siège),Paris Champs-Élysées,Boutique (walk-in),2025-11-23,Client fidèle,1,21633.5,False,True
CUST03102,France (siège),Cannes,Événement privé,2025-03-13,Découverte,2,1247.81,False,True
CUST03103,Chine,Hong Kong,Boutique (walk-in),2025-06-08,Découverte,2,13532.28,False,True
CUST03104,France (siège),Paris Vendôme,Recommandation VIC,2025-06-14,Client fidèle,2,45275.42,True,True
CUST03105,Moyen-Orient,Abu Dhabi,Événement privé,2025-10-03,Découverte,1,16380.22,False,True
CUST03106,Japon,Tokyo Ginza,Événement privé,2026-03-21,Découverte,0,0.0,False,False
CUST03107,USA,Bal Harbour,Événement privé,2025-11-21,Client fidèle,1,22519.77,False,False
CUST03108,Moyen-Orient,Abu Dhabi,Digital / en ligne,2025-11-11,Client fidèle,1,35485.06,False,False
CUST03109,Chine,Pékin,Recommandation VIC,2025-10-28,Client fidèle,1,25653.64,False,True
CUST03110,Japon,Osaka,Événement privé,2025-05-03,VIC,2,87451.1,True,True
CUST03111,Moyen-Orient,Dubaï Mall,Boutique (walk-in),2025-10-17,Client fidèle,1,28984.95,False,True
CUST03112,Moyen-Orient,Dubaï Mall,Boutique (walk-in),2024-12-30,VIC,4,172642.49,True,True
CUST03113,Moyen-Orient,Dubaï Mall,Recommandation VIC,2025-08-15,Découverte,1,606.0,False,True
CUST03114,France (siège),Cannes,Boutique (walk-in),2026-04-07,Découverte,0,0.0,False,False
CUST03115,France (siège),Cannes,Recommandation VIC,2026-03-21,Découverte,0,0.0,False,False
CUST03116,USA,Bal Harbour,Événement privé,2025-11-16,Découverte,1,15189.47,False,True
CUST03117,France (siège),Paris Champs-Élysées,Boutique (walk-in),2024-12-03,Client fidèle,3,25983.76,False,True
CUST03118,Moyen-Orient,Abu Dhabi,Boutique (walk-in),2025-09-20,Découverte,1,810.3,False,True
CUST03119,Moyen-Orient,Dubaï Mall,Boutique (walk-in),2025-09-25,Découverte,1,11559.87,False,True
CUST03120,France (siège),Paris Vendôme,Boutique (walk-in),2024-11-15,Client fidèle,3,54768.62,True,False
CUST03121,France (siège),Cannes,Boutique (walk-in),2024-12-04,VIC,3,116427.65,True,True
CUST03122,Japon,Osaka,Événement privé,2025-03-16,VIC,4,114334.52,True,True
CUST03123,France (siège),Cannes,Recommandation VIC,2025-03-07,Client fidèle,2,29189.91,False,True
CUST03124,Chine,Shanghai,Recommandation VIC,2024-10-08,Client fidèle,3,46798.32,True,False
CUST03125,Chine,Hong Kong,Digital / en ligne,2025-04-18,VIC,3,78767.05,True,True
CUST03126,France (siège),Cannes,Recommandation VIC,2025-08-18,Découverte,2,9944.64,False,True
CUST03127,Chine,Hong Kong,Recommandation VIC,2025-09-19,Découverte,1,10482.22,False,True
CUST03128,France (siège),Paris Vendôme,Digital / en ligne,2025-10-13,VIC,1,88911.39,False,True
CUST03129,USA,Bal Harbour,Boutique (walk-in),2025-05-09,Client fidèle,2,19697.82,True,True
CUST03130,France (siège),Paris Champs-Élysées,Recommandation VIC,2024-09-08,VIC,5,215910.95,True,True
CUST03131,Japon,Tokyo Ginza,Boutique (walk-in),2025-07-07,Client fidèle,2,47920.88,True,True
CUST03132,USA,New York 5th Ave,Boutique (walk-in),2025-02-06,Découverte,2,1388.25,False,True
CUST03133,Moyen-Orient,Dubaï Mall,Événement privé,2024-10-03,Client fidèle,4,48737.15,True,True
CUST03134,Chine,Hong Kong,Recommandation VIC,2026-04-09,Découverte,0,0.0,False,False
CUST03135,Moyen-Orient,Dubaï Mall,Événement privé,2025-03-21,Découverte,2,1338.83,True,True
CUST03136,France (siège),Paris Champs-Élysées,Recommandation VIC,2025-09-28,Découverte,2,13761.67,True,True
CUST03137,Moyen-Orient,Dubaï Mall,Digital / en ligne,2024-09-04,Client fidèle,4,38316.07,True,True
CUST03138,USA,New York 5th Ave,Recommandation VIC,2025-11-07,Découverte,1,872.82,False,True
CUST03139,USA,Bal Harbour,Digital / en ligne,2024-12-25,VIC,3,69777.31,True,False
CUST03140,USA,Beverly Hills,Recommandation VIC,2025-04-04,Découverte,2,1592.61,False,True
CUST03141,France (siège),Paris Champs-Élysées,Boutique (walk-in),2024-12-18,Client fidèle,4,60263.58,False,True
CUST03142,France (siège),Cannes,Digital / en ligne,2025-01-14,Client fidèle,3,39694.56,True,True
CUST03143,Chine,Shanghai,Événement privé,2025-02-08,Client fidèle,3,36059.34,True,True
CUST03144,USA,Beverly Hills,Recommandation VIC,2025-08-06,Découverte,2,1570.22,True,True
CUST03145,Chine,Pékin,Recommandation VIC,2025-11-20,Découverte,1,12603.17,False,True
CUST03146,Chine,Pékin,Digital / en ligne,2025-08-22,Client fidèle,2,50779.41,True,True
CUST03147,Chine,Hong Kong,Recommandation VIC,2025-02-04,Client fidèle,3,31978.75,True,False
CUST03148,France (siège),Cannes,Recommandation VIC,2025-09-24,Découverte,1,8674.18,False,False
CUST03149,USA,New York 5th Ave,Événement privé,2026-03-08,Découverte,1,868.45,False,True
CUST03150,Chine,Hong Kong,Digital / en ligne,2026-02-22,Découverte,1,990.65,False,True
CUST03151,USA,New York 5th Ave,Boutique (walk-in),2025-05-11,Client fidèle,2,37829.21,True,True
CUST03152,Moyen-Orient,Abu Dhabi,Recommandation VIC,2025-04-08,Découverte,3,2755.17,True,True
CUST03153,France (siège),Paris Champs-Élysées,Recommandation VIC,2024-11-11,VIC,4,163161.71,True,True
CUST03154,Moyen-Orient,Abu Dhabi,Recommandation VIC,2025-03-06,Client fidèle,3,37864.74,False,True
CUST03155,Chine,Shanghai,Recommandation VIC,2025-02-20,VIC,3,74244.23,False,True
CUST03156,France (siège),Paris Champs-Élysées,Boutique (walk-in),2026-03-29,Découverte,0,0.0,False,False
CUST03157,Moyen-Orient,Abu Dhabi,Digital / en ligne,2025-04-04,Client fidèle,3,35403.17,True,True
CUST03158,Chine,Pékin,Digital / en ligne,2025-05-16,Découverte,2,13126.79,True,True
CUST03159,Moyen-Orient,Dubaï Mall,Boutique (walk-in),2025-06-03,Client fidèle,2,31231.15,False,False
CUST03160,Chine,Hong Kong,Événement privé,2025-08-02,Client fidèle,2,20324.13,True,True
CUST03161,France (siège),Paris Vendôme,Recommandation VIC,2025-01-24,Client fidèle,4,45091.71,True,True
CUST03162,Chine,Shanghai,Boutique (walk-in),2025-09-13,Découverte,1,11199.73,False,True
CUST03163,Moyen-Orient,Abu Dhabi,Boutique (walk-in),2025-06-17,Découverte,1,6800.56,False,False
CUST03164,Chine,Pékin,Boutique (walk-in),2025-04-20,Client fidèle,3,57318.75,False,True
CUST03165,USA,Bal Harbour,Recommandation VIC,2026-02-20,Découverte,1,12177.66,False,False
CUST03166,Chine,Pékin,Digital / en ligne,2024-11-08,Client fidèle,3,41908.93,True,True
CUST03167,Moyen-Orient,Abu Dhabi,Recommandation VIC,2025-12-16,Client fidèle,2,30812.25,True,True
CUST03168,Chine,Shanghai,Boutique (walk-in),2025-07-08,Découverte,2,1761.87,True,True
CUST03169,Moyen-Orient,Abu Dhabi,Recommandation VIC,2025-02-25,Client fidèle,3,35065.97,True,True
CUST03170,Chine,Pékin,Recommandation VIC,2025-10-11,Découverte,1,14948.07,False,True
CUST03171,Chine,Shanghai,Recommandation VIC,2024-11-03,Client fidèle,3,46637.61,False,True
CUST03172,Moyen-Orient,Dubaï Mall,Événement privé,2025-12-07,Découverte,1,12158.36,False,True
CUST03173,France (siège),Paris Vendôme,Digital / en ligne,2024-11-03,Client fidèle,1,27719.3,False,False
CUST03174,Moyen-Orient,Abu Dhabi,Boutique (walk-in),2025-12-22,Découverte,1,739.27,False,True
CUST03175,France (siège),Cannes,Recommandation VIC,2024-09-26,Client fidèle,4,47913.52,True,True
CUST03176,USA,New York 5th Ave,Digital / en ligne,2025-04-28,Client fidèle,2,31296.91,True,True
CUST03177,Chine,Hong Kong,Boutique (walk-in),2025-09-19,Découverte,1,978.38,False,True
CUST03178,Chine,Shanghai,Recommandation VIC,2026-01-02,Client fidèle,2,24206.58,True,True
CUST03179,Chine,Hong Kong,Recommandation VIC,2025-04-20,Client fidèle,2,22283.33,False,True
CUST03180,Japon,Tokyo Ginza,Recommandation VIC,2025-07-13,Découverte,1,933.87,False,False
CUST03181,France (siège),Cannes,Boutique (walk-in),2025-12-07,Découverte,1,907.39,False,True
CUST03182,France (siège),Paris Vendôme,Recommandation VIC,2025-07-19,Découverte,2,10962.31,False,True
CUST03183,France (siège),Cannes,Recommandation VIC,2025-02-09,Client fidèle,3,62397.81,True,True
CUST03184,Japon,Osaka,Digital / en ligne,2026-03-24,Découverte,0,0.0,False,False
CUST03185,USA,Beverly Hills,Recommandation VIC,2025-11-14,Client fidèle,1,20415.11,False,True
CUST03186,USA,Bal Harbour,Boutique (walk-in),2025-09-15,Découverte,1,487.63,False,True
CUST03187,Japon,Osaka,Événement privé,2024-10-23,Découverte,4,3322.56,True,True
CUST03188,Moyen-Orient,Abu Dhabi,Digital / en ligne,2024-10-08,Découverte,2,14705.9,False,False
CUST03189,USA,New York 5th Ave,Recommandation VIC,2024-09-06,Découverte,1,17327.28,False,False
CUST03190,France (siège),Paris Vendôme,Boutique (walk-in),2024-09-04,Client fidèle,5,21977.75,True,True
CUST03191,France (siège),Paris Vendôme,Boutique (walk-in),2025-11-12,Découverte,1,10771.09,False,True
CUST03192,Chine,Shanghai,Événement privé,2025-06-28,Client fidèle,2,34813.25,False,True
CUST03193,Chine,Shanghai,Recommandation VIC,2024-12-06,Découverte,2,15095.29,False,False
CUST03194,USA,Bal Harbour,Boutique (walk-in),2025-03-30,Découverte,3,3051.02,False,True
CUST03195,Chine,Hong Kong,Recommandation VIC,2024-09-09,Client fidèle,4,21566.72,True,True
CUST03196,USA,New York 5th Ave,Recommandation VIC,2025-11-01,Découverte,1,12673.54,False,True
CUST03197,Japon,Tokyo Ginza,Digital / en ligne,2025-10-23,Découverte,1,9156.84,False,True
CUST03198,USA,Bal Harbour,Recommandation VIC,2025-10-21,Découverte,1,1214.15,False,True
CUST03199,USA,Bal Harbour,Recommandation VIC,2024-11-02,Client fidèle,3,24161.46,True,True
CUST03200,Moyen-Orient,Abu Dhabi,Digital / en ligne,2024-11-22,Client fidèle,3,27422.49,False,True
CUST03201,France (siège),Paris Champs-Élysées,Recommandation VIC,2025-06-23,Découverte,2,1212.99,False,True
CUST03202,USA,Beverly Hills,Boutique (walk-in),2025-02-16,Client fidèle,3,27905.83,True,True
CUST03203,Chine,Hong Kong,Recommandation VIC,2025-02-13,Client fidèle,2,19156.81,False,False
CUST03204,USA,Beverly Hills,Recommandation VIC,2026-02-18,Découverte,1,16312.42,False,True
CUST03205,USA,Bal Harbour,Digital / en ligne,2025-08-27,VIC,1,77669.75,False,True
CUST03206,Chine,Pékin,Digital / en ligne,2025-05-31,Client fidèle,2,20794.08,True,True
CUST03207,USA,Beverly Hills,Boutique (walk-in),2026-04-01,Découverte,0,0.0,False,False
CUST03208,Moyen-Orient,Abu Dhabi,Recommandation VIC,2025-03-30,Découverte,2,11983.09,True,True
CUST03209,France (siège),Paris Champs-Élysées,Recommandation VIC,2025-08-02,Découverte,2,13194.04,True,True
CUST03210,Moyen-Orient,Dubaï Mall,Recommandation VIC,2025-04-03,Découverte,1,572.58,False,False
CUST03211,USA,Beverly Hills,Digital / en ligne,2025-06-15,Client fidèle,1,32970.02,False,False
CUST03212,Chine,Pékin,Boutique (walk-in),2025-04-17,Client fidèle,2,19815.74,False,True
CUST03213,Japon,Tokyo Ginza,Digital / en ligne,2025-10-01,Client fidèle,1,39386.22,False,True
CUST03214,USA,Bal Harbour,Boutique (walk-in),2024-11-24,Client fidèle,3,44407.49,True,False
CUST03215,Japon,Osaka,Boutique (walk-in),2026-03-18,Découverte,0,0.0,False,False
CUST03216,USA,Bal Harbour,Recommandation VIC,2025-03-07,VIC,3,211458.39,False,True
CUST03217,Japon,Tokyo Ginza,Recommandation VIC,2024-09-28,Client fidèle,4,25034.39,True,True
CUST03218,Japon,Tokyo Ginza,Recommandation VIC,2025-01-04,Découverte,3,16630.8,True,True
CUST03219,Moyen-Orient,Abu Dhabi,Digital / en ligne,2025-07-30,Client fidèle,2,20845.95,True,False
CUST03220,Chine,Hong Kong,Boutique (walk-in),2024-12-23,Client fidèle,3,18885.11,True,True
CUST03221,Japon,Osaka,Recommandation VIC,2026-03-14,Découverte,0,0.0,False,False
CUST03222,USA,Beverly Hills,Digital / en ligne,2025-05-17,Client fidèle,3,37652.36,True,True
CUST03223,USA,Bal Harbour,Boutique (walk-in),2025-06-01,Client fidèle,3,35631.89,True,True
CUST03224,France (siège),Paris Champs-Élysées,Boutique (walk-in),2025-10-01,Client fidèle,2,41119.44,True,True
CUST03225,Chine,Shanghai,Digital / en ligne,2025-08-30,Client fidèle,2,22437.91,True,True
CUST03226,Chine,Shanghai,Boutique (walk-in),2026-02-07,Découverte,1,10233.91,False,True
CUST03227,Chine,Pékin,Boutique (walk-in),2024-11-29,Client fidèle,4,48198.0,True,True
CUST03228,France (siège),Paris Vendôme,Boutique (walk-in),2026-03-08,Découverte,1,1220.1,False,True
CUST03229,USA,Bal Harbour,Boutique (walk-in),2024-10-24,Client fidèle,4,50027.31,True,True
CUST03230,Japon,Osaka,Recommandation VIC,2026-03-06,Découverte,0,0.0,False,False
CUST03231,Moyen-Orient,Abu Dhabi,Digital / en ligne,2024-09-18,Client fidèle,5,20880.42,True,False
CUST03232,Chine,Pékin,Événement privé,2025-02-01,VIC,3,101113.26,True,True
CUST03233,Chine,Pékin,Boutique (walk-in),2025-05-18,Client fidèle,3,49402.53,True,True
CUST03234,France (siège),Cannes,Recommandation VIC,2025-10-11,Client fidèle,2,54766.46,True,True
CUST03235,France (siège),Paris Vendôme,Digital / en ligne,2025-02-15,VIC,3,190120.77,True,True
CUST03236,USA,New York 5th Ave,Digital / en ligne,2026-03-02,Découverte,1,15983.59,False,False
CUST03237,Moyen-Orient,Abu Dhabi,Digital / en ligne,2025-01-14,Découverte,3,6608.69,False,True
CUST03238,Japon,Osaka,Recommandation VIC,2025-01-30,Client fidèle,3,22427.59,True,True
CUST03239,USA,New York 5th Ave,Recommandation VIC,2024-10-22,Découverte,3,2074.36,True,True
CUST03240,Moyen-Orient,Abu Dhabi,Événement privé,2025-08-13,VIC,1,67963.55,False,True
CUST03241,Japon,Osaka,Recommandation VIC,2025-11-14,Découverte,1,13322.09,False,True
CUST03242,France (siège),Cannes,Recommandation VIC,2025-08-14,Client fidèle,2,35183.08,False,True
CUST03243,Japon,Osaka,Digital / en ligne,2026-01-09,Découverte,0,0.0,False,False
CUST03244,France (siège),Cannes,Événement privé,2025-10-03,Client fidèle,1,21283.39,False,True
CUST03245,USA,New York 5th Ave,Recommandation VIC,2025-11-21,Découverte,1,816.2,False,True
CUST03246,France (siège),Paris Champs-Élysées,Digital / en ligne,2026-01-17,Client fidèle,1,40351.66,False,True
CUST03247,Japon,Osaka,Boutique (walk-in),2026-03-08,Very VIP,1,1111079.12,False,True
CUST03248,France (siège),Paris Vendôme,Boutique (walk-in),2024-11-13,VIC,4,177948.21,False,True
CUST03249,Chine,Shanghai,Digital / en ligne,2025-05-12,Découverte,1,13981.76,False,False
CUST03250,France (siège),Paris Vendôme,Boutique (walk-in),2024-09-28,Découverte,1,9845.97,False,False
CUST03251,Japon,Osaka,Événement privé,2025-05-15,Découverte,2,9612.18,False,True
CUST03252,Chine,Shanghai,Boutique (walk-in),2024-09-26,VIC,4,200036.04,True,True
CUST03253,France (siège),Paris Champs-Élysées,Recommandation VIC,2025-09-20,VIC,2,207572.55,True,True
CUST03254,France (siège),Paris Vendôme,Événement privé,2024-09-24,Client fidèle,2,19083.69,True,False
CUST03255,Chine,Shanghai,Digital / en ligne,2024-10-28,VIC,4,172101.15,False,True
CUST03256,Chine,Shanghai,Boutique (walk-in),2024-12-16,Client fidèle,3,19014.08,True,True
CUST03257,USA,New York 5th Ave,Digital / en ligne,2024-12-04,VIC,3,129595.11,True,True
CUST03258,Japon,Osaka,Boutique (walk-in),2025-07-22,Client fidèle,2,36603.57,False,True
CUST03259,Chine,Shanghai,Digital / en ligne,2025-05-15,Client fidèle,2,38217.11,True,True
CUST03260,France (siège),Paris Champs-Élysées,Boutique (walk-in),2025-12-22,Découverte,1,2586.36,False,True
CUST03261,Moyen-Orient,Dubaï Mall,Boutique (walk-in),2024-12-11,VIC,4,161897.11,False,True
CUST03262,USA,Beverly Hills,Recommandation VIC,2026-01-22,Découverte,1,15350.98,False,True
CUST03263,Japon,Osaka,Digital / en ligne,2025-06-14,VIC,2,121417.78,False,False
CUST03264,France (siège),Paris Champs-Élysées,Boutique (walk-in),2026-02-09,Découverte,0,0.0,False,False
CUST03265,France (siège),Paris Champs-Élysées,Recommandation VIC,2025-07-10,Découverte,2,12784.28,True,True
CUST03266,Moyen-Orient,Abu Dhabi,Boutique (walk-in),2025-02-07,Client fidèle,3,35330.62,True,True
CUST03267,Japon,Tokyo Ginza,Recommandation VIC,2025-03-11,Découverte,3,13079.04,True,True
CUST03268,Chine,Hong Kong,Événement privé,2026-04-15,Découverte,0,0.0,False,False
CUST03269,Chine,Hong Kong,Événement privé,2024-10-13,VIC,4,65557.49,True,True
CUST03270,Chine,Shanghai,Recommandation VIC,2025-07-14,Client fidèle,2,29507.06,True,True
CUST03271,USA,New York 5th Ave,Digital / en ligne,2025-03-29,Découverte,2,12053.07,True,True
CUST03272,USA,Bal Harbour,Événement privé,2025-11-03,Découverte,1,9632.26,False,False
CUST03273,Moyen-Orient,Abu Dhabi,Recommandation VIC,2025-06-12,Découverte,2,1770.63,False,False
CUST03274,France (siège),Paris Champs-Élysées,Événement privé,2025-06-30,VIC,2,133006.29,True,True
CUST03275,Moyen-Orient,Abu Dhabi,Recommandation VIC,2026-04-18,Découverte,0,0.0,False,False
CUST03276,France (siège),Cannes,Boutique (walk-in),2025-07-18,Découverte,2,1129.0,False,True
CUST03277,Chine,Shanghai,Événement privé,2026-01-17,Découverte,1,16936.81,False,True
CUST03278,USA,New York 5th Ave,Boutique (walk-in),2025-05-14,Découverte,2,13421.87,True,True
CUST03279,USA,New York 5th Ave,Boutique (walk-in),2025-11-16,Client fidèle,2,35554.86,True,True
CUST03280,USA,New York 5th Ave,Recommandation VIC,2025-01-30,Découverte,3,11362.6,False,False
CUST03281,Chine,Pékin,Recommandation VIC,2025-11-18,Découverte,1,9440.31,False,True
CUST03282,Moyen-Orient,Dubaï Mall,Événement privé,2025-10-30,Client fidèle,1,36513.78,False,True
CUST03283,Chine,Hong Kong,Boutique (walk-in),2026-01-21,Découverte,1,597.34,False,False
CUST03284,France (siège),Paris Vendôme,Recommandation VIC,2025-08-08,Découverte,2,14315.87,False,True
CUST03285,USA,Bal Harbour,Boutique (walk-in),2025-06-12,Découverte,2,1238.44,False,True
CUST03286,Chine,Shanghai,Digital / en ligne,2025-09-10,VIC,2,78848.1,False,True
CUST03287,France (siège),Paris Vendôme,Recommandation VIC,2026-04-15,Découverte,0,0.0,False,False
CUST03288,USA,Bal Harbour,Digital / en ligne,2025-05-20,Client fidèle,2,18568.66,False,True
CUST03289,Japon,Osaka,Boutique (walk-in),2025-05-11,Client fidèle,2,49213.24,True,False
CUST03290,France (siège),Cannes,Boutique (walk-in),2026-01-22,Découverte,1,13405.83,False,True
CUST03291,USA,New York 5th Ave,Digital / en ligne,2025-04-11,VIC,3,69805.24,True,True
CUST03292,Moyen-Orient,Abu Dhabi,Digital / en ligne,2025-10-19,Découverte,2,17334.67,False,True
CUST03293,Moyen-Orient,Abu Dhabi,Événement privé,2026-01-30,Client fidèle,1,29571.01,False,True
CUST03294,Japon,Tokyo Ginza,Digital / en ligne,2024-11-01,Very VIP,5,226782.6,True,True
CUST03295,Japon,Tokyo Ginza,Événement privé,2025-03-30,Découverte,1,395.21,False,False
CUST03296,France (siège),Paris Vendôme,Boutique (walk-in),2025-06-05,Découverte,2,1687.1,False,False
CUST03297,France (siège),Paris Champs-Élysées,Digital / en ligne,2026-04-10,Découverte,0,0.0,False,False
CUST03298,USA,New York 5th Ave,Recommandation VIC,2026-04-17,Découverte,0,0.0,False,False
CUST03299,France (siège),Paris Vendôme,Digital / en ligne,2024-12-03,VIC,6,164759.0,True,True
CUST03300,Chine,Hong Kong,Digital / en ligne,2025-04-11,VIC,3,140382.82,True,True
CUST03301,France (siège),Cannes,Recommandation VIC,2024-12-01,VIC,3,92936.2,True,True
CUST03302,France (siège),Paris Champs-Élysées,Recommandation VIC,2025-06-01,Découverte,2,1289.59,True,True
CUST03303,Chine,Shanghai,Boutique (walk-in),2024-09-27,VIC,4,76850.38,True,False
CUST03304,Chine,Hong Kong,Recommandation VIC,2025-08-24,VIC,2,118309.09,True,True
CUST03305,Chine,Pékin,Recommandation VIC,2025-09-29,Découverte,1,940.87,False,True
CUST03306,Chine,Hong Kong,Recommandation VIC,2026-03-10,Découverte,1,11779.99,False,True
CUST03307,Japon,Tokyo Ginza,Recommandation VIC,2025-02-24,Client fidèle,3,56508.68,True,False
CUST03308,France (siège),Paris Champs-Élysées,Recommandation VIC,2024-10-08,Client fidèle,3,37464.65,True,True
CUST03309,France (siège),Paris Champs-Élysées,Boutique (walk-in),2025-08-25,Découverte,1,13314.44,False,True
CUST03310,Moyen-Orient,Dubaï Mall,Boutique (walk-in),2025-05-02,Découverte,2,16005.8,False,True
CUST03311,Japon,Tokyo Ginza,Digital / en ligne,2025-04-18,Client fidèle,3,43090.98,True,True
CUST03312,USA,Beverly Hills,Événement privé,2024-12-18,VIC,5,179409.38,True,True
CUST03313,Japon,Tokyo Ginza,Recommandation VIC,2026-01-30,Découverte,1,954.18,False,True
CUST03314,USA,Bal Harbour,Événement privé,2025-08-22,Découverte,2,1091.18,True,True
CUST03315,Japon,Tokyo Ginza,Digital / en ligne,2025-10-03,Découverte,3,4466.82,True,True
CUST03316,Chine,Shanghai,Recommandation VIC,2026-02-10,Découverte,1,11631.75,False,True
CUST03317,France (siège),Paris Champs-Élysées,Digital / en ligne,2025-01-25,Découverte,2,2340.5,True,False
CUST03318,Japon,Osaka,Recommandation VIC,2026-03-29,Découverte,0,0.0,False,False
CUST03319,USA,Beverly Hills,Événement privé,2025-03-12,VIC,3,65903.07,True,True
CUST03320,Japon,Osaka,Boutique (walk-in),2025-10-01,Client fidèle,1,19219.69,False,True
CUST03321,USA,New York 5th Ave,Recommandation VIC,2025-02-02,Client fidèle,2,21177.91,True,True
CUST03322,Chine,Pékin,Digital / en ligne,2024-12-12,VIC,2,152554.31,False,False
CUST03323,Chine,Shanghai,Digital / en ligne,2025-02-25,Découverte,3,12173.24,True,True
CUST03324,Chine,Shanghai,Digital / en ligne,2024-09-17,Client fidèle,4,49504.25,True,True
CUST03325,USA,New York 5th Ave,Événement privé,2025-07-25,Client fidèle,2,32037.74,False,True
CUST03326,France (siège),Paris Vendôme,Digital / en ligne,2026-04-04,Découverte,0,0.0,False,False
CUST03327,France (siège),Paris Vendôme,Recommandation VIC,2024-10-26,Découverte,2,11180.47,True,False
CUST03328,Chine,Hong Kong,Digital / en ligne,2025-06-03,VIC,3,146490.24,True,True
CUST03329,USA,New York 5th Ave,Recommandation VIC,2024-11-30,Client fidèle,4,53327.68,True,True
CUST03330,USA,Beverly Hills,Digital / en ligne,2025-11-17,Client fidèle,1,22190.09,False,True
CUST03331,USA,New York 5th Ave,Recommandation VIC,2026-01-14,Client fidèle,1,19372.33,False,True
CUST03332,France (siège),Cannes,Recommandation VIC,2025-08-25,VIC,2,125108.17,False,True
CUST03333,Japon,Tokyo Ginza,Boutique (walk-in),2025-02-10,Découverte,3,4702.47,True,True
CUST03334,USA,Beverly Hills,Recommandation VIC,2025-09-18,Client fidèle,1,48746.86,False,True
CUST03335,Moyen-Orient,Abu Dhabi,Digital / en ligne,2026-04-07,Découverte,0,0.0,False,False
CUST03336,Chine,Shanghai,Boutique (walk-in),2025-06-28,Client fidèle,2,28412.13,False,False
CUST03337,USA,New York 5th Ave,Boutique (walk-in),2025-03-30,Client fidèle,2,38592.42,False,True
CUST03338,Moyen-Orient,Dubaï Mall,Boutique (walk-in),2025-03-28,Client fidèle,3,25861.36,True,False
CUST03339,Chine,Shanghai,Digital / en ligne,2026-03-03,Découverte,1,9128.04,False,True
CUST03340,Chine,Shanghai,Digital / en ligne,2025-07-02,Client fidèle,2,21886.99,False,True
CUST03341,USA,Bal Harbour,Recommandation VIC,2025-10-24,Client fidèle,1,33513.68,False,False
CUST03342,Japon,Osaka,Événement privé,2025-05-12,Client fidèle,2,49198.38,True,False
CUST03343,Chine,Shanghai,Digital / en ligne,2025-10-20,Découverte,1,9355.03,False,True
CUST03344,Chine,Shanghai,Recommandation VIC,2025-04-10,Client fidèle,2,26279.51,False,True
CUST03345,Chine,Hong Kong,Recommandation VIC,2025-12-17,Client fidèle,1,19648.9,False,True
CUST03346,Chine,Shanghai,Boutique (walk-in),2025-05-07,Découverte,2,5807.32,True,True
CUST03347,France (siège),Paris Champs-Élysées,Digital / en ligne,2026-03-03,Découverte,0,0.0,False,False
CUST03348,USA,Bal Harbour,Événement privé,2025-01-17,VIC,4,70563.55,True,True
CUST03349,Japon,Osaka,Boutique (walk-in),2025-06-13,Découverte,2,10341.32,True,True
CUST03350,Moyen-Orient,Dubaï Mall,Événement privé,2025-01-23,Client fidèle,1,24488.41,False,False
CUST03351,USA,Bal Harbour,Boutique (walk-in),2025-03-01,Découverte,1,17113.01,False,False
CUST03352,France (siège),Paris Champs-Élysées,Recommandation VIC,2025-10-14,Découverte,1,10577.54,False,True
CUST03353,Chine,Shanghai,Recommandation VIC,2025-04-20,Client fidèle,1,36728.72,False,False
CUST03354,France (siège),Cannes,Recommandation VIC,2025-04-12,Client fidèle,3,43532.62,False,True
CUST03355,Moyen-Orient,Dubaï Mall,Recommandation VIC,2025-02-18,Client fidèle,3,49009.33,True,True
CUST03356,USA,Bal Harbour,Recommandation VIC,2025-12-08,Client fidèle,1,35582.96,False,True
CUST03357,Chine,Pékin,Recommandation VIC,2025-01-18,VIC,5,131129.88,True,True
CUST03358,Moyen-Orient,Abu Dhabi,Boutique (walk-in),2026-01-27,Découverte,1,778.82,False,True
CUST03359,USA,Bal Harbour,Événement privé,2024-09-02,Client fidèle,3,26445.49,True,True
CUST03360,Chine,Pékin,Boutique (walk-in),2024-12-25,Very VIP,4,263233.3,True,True
CUST03361,Chine,Pékin,Digital / en ligne,2024-10-30,Découverte,1,12719.55,False,False
CUST03362,USA,Bal Harbour,Boutique (walk-in),2026-03-07,Client fidèle,1,29557.46,False,True
CUST03363,Moyen-Orient,Abu Dhabi,Boutique (walk-in),2025-03-23,VIC,2,117943.94,False,False
CUST03364,Chine,Hong Kong,Recommandation VIC,2025-01-21,VIC,4,72923.95,True,True
CUST03365,Moyen-Orient,Abu Dhabi,Digital / en ligne,2025-08-05,VIC,2,104246.8,True,True
CUST03366,France (siège),Cannes,Recommandation VIC,2025-11-05,Découverte,2,12810.01,True,True
CUST03367,USA,Beverly Hills,Digital / en ligne,2025-08-20,Découverte,1,12136.86,False,False
CUST03368,USA,Bal Harbour,Événement privé,2024-10-21,Client fidèle,3,30959.37,True,True
CUST03369,USA,Bal Harbour,Recommandation VIC,2025-03-02,VIC,4,147735.9,True,True
CUST03370,France (siège),Paris Champs-Élysées,Recommandation VIC,2025-03-29,Client fidèle,3,18191.08,True,True
CUST03371,Chine,Pékin,Boutique (walk-in),2025-05-12,Client fidèle,2,33804.63,False,True
CUST03372,Moyen-Orient,Abu Dhabi,Boutique (walk-in),2024-12-10,Découverte,4,13768.66,False,True
CUST03373,USA,Bal Harbour,Événement privé,2025-07-14,Client fidèle,2,28984.84,False,False
CUST03374,France (siège),Cannes,Boutique (walk-in),2025-08-16,Découverte,1,12989.65,False,False
CUST03375,Moyen-Orient,Dubaï Mall,Boutique (walk-in),2024-11-04,Client fidèle,3,50262.36,True,True
CUST03376,USA,Beverly Hills,Événement privé,2025-05-19,Client fidèle,2,18571.2,False,True
CUST03377,France (siège),Cannes,Recommandation VIC,2025-01-04,Client fidèle,3,57952.61,False,True
CUST03378,Japon,Tokyo Ginza,Boutique (walk-in),2026-04-18,Découverte,0,0.0,False,False
CUST03379,Chine,Pékin,Boutique (walk-in),2025-08-03,Découverte,1,17606.51,False,True
CUST03380,Moyen-Orient,Dubaï Mall,Recommandation VIC,2025-05-26,Client fidèle,2,45809.29,False,True
CUST03381,Chine,Shanghai,Boutique (walk-in),2025-06-08,Découverte,2,9296.81,False,False
CUST03382,Moyen-Orient,Abu Dhabi,Recommandation VIC,2025-12-23,Découverte,1,1028.43,False,True
CUST03383,USA,New York 5th Ave,Événement privé,2025-01-07,VIC,4,116692.15,True,True
CUST03384,USA,Beverly Hills,Digital / en ligne,2025-09-06,Client fidèle,3,31996.44,True,True
CUST03385,Japon,Osaka,Événement privé,2026-01-03,Client fidèle,1,18645.16,False,True
CUST03386,USA,New York 5th Ave,Boutique (walk-in),2026-01-29,Découverte,1,1067.01,False,True
CUST03387,USA,Beverly Hills,Recommandation VIC,2025-09-13,Client fidèle,2,18509.53,False,True
CUST03388,France (siège),Paris Champs-Élysées,Digital / en ligne,2026-04-12,Découverte,0,0.0,False,False
CUST03389,France (siège),Paris Vendôme,Boutique (walk-in),2025-06-09,Découverte,2,16726.28,False,True
CUST03390,France (siège),Cannes,Boutique (walk-in),2025-02-08,Client fidèle,3,18551.72,True,True
CUST03391,USA,New York 5th Ave,Boutique (walk-in),2025-02-22,Découverte,3,15638.18,False,True
CUST03392,Moyen-Orient,Dubaï Mall,Digital / en ligne,2025-11-01,Découverte,1,10983.47,False,True
CUST03393,Japon,Tokyo Ginza,Boutique (walk-in),2025-09-11,Découverte,2,10839.48,False,True
CUST03394,USA,Bal Harbour,Boutique (walk-in),2025-11-09,Découverte,1,11143.12,False,False
CUST03395,Moyen-Orient,Dubaï Mall,Boutique (walk-in),2026-01-07,Découverte,1,13356.31,False,True
CUST03396,Chine,Shanghai,Boutique (walk-in),2025-04-10,Client fidèle,2,27240.47,False,True
CUST03397,Moyen-Orient,Abu Dhabi,Boutique (walk-in),2024-10-24,Client fidèle,3,29018.34,True,True
CUST03398,Moyen-Orient,Dubaï Mall,Boutique (walk-in),2026-02-18,Découverte,0,0.0,False,False
CUST03399,Japon,Osaka,Boutique (walk-in),2024-09-19,Client fidèle,4,48320.71,True,True
CUST03400,Japon,Tokyo Ginza,Événement privé,2026-01-09,Découverte,1,806.29,False,True
CUST03401,France (siège),Cannes,Boutique (walk-in),2025-06-01,VIC,3,91536.03,True,True
CUST03402,USA,Beverly Hills,Boutique (walk-in),2025-04-22,VIC,2,107220.94,False,True
CUST03403,Moyen-Orient,Abu Dhabi,Événement privé,2025-01-27,Client fidèle,3,43458.67,False,True
CUST03404,Chine,Pékin,Boutique (walk-in),2026-02-25,Découverte,0,0.0,False,False
CUST03405,France (siège),Cannes,Recommandation VIC,2025-11-21,Découverte,1,623.65,False,False
CUST03406,Moyen-Orient,Dubaï Mall,Recommandation VIC,2026-02-14,Client fidèle,1,42571.92,False,True
CUST03407,France (siège),Paris Vendôme,Boutique (walk-in),2026-03-07,Découverte,0,0.0,False,False
CUST03408,Moyen-Orient,Abu Dhabi,Recommandation VIC,2025-10-14,Client fidèle,1,33457.23,False,True
CUST03409,Moyen-Orient,Dubaï Mall,Recommandation VIC,2024-09-01,Client fidèle,3,36552.33,True,False
CUST03410,Chine,Shanghai,Événement privé,2024-09-28,Découverte,1,11668.37,False,False
CUST03411,Moyen-Orient,Dubaï Mall,Boutique (walk-in),2025-12-28,Découverte,1,1132.18,False,True
CUST03412,USA,New York 5th Ave,Digital / en ligne,2025-11-26,VIC,1,84827.84,False,True
CUST03413,USA,Beverly Hills,Boutique (walk-in),2024-12-17,VIC,4,164343.99,True,True
CUST03414,Moyen-Orient,Abu Dhabi,Recommandation VIC,2025-03-06,Client fidèle,2,23244.35,True,True
CUST03415,France (siège),Paris Vendôme,Recommandation VIC,2026-01-09,Découverte,1,1070.78,False,True
CUST03416,Chine,Pékin,Digital / en ligne,2025-05-12,VIC,1,120586.69,False,False
CUST03417,Chine,Shanghai,Recommandation VIC,2025-08-30,VIC,3,88158.11,True,True
CUST03418,Chine,Shanghai,Recommandation VIC,2025-09-24,VIC,2,160927.68,True,True
CUST03419,Chine,Shanghai,Événement privé,2025-10-14,Découverte,1,10105.67,False,True
CUST03420,Japon,Tokyo Ginza,Recommandation VIC,2026-04-06,Découverte,0,0.0,False,False
CUST03421,Chine,Pékin,Boutique (walk-in),2025-10-03,Découverte,1,12986.39,False,True
CUST03422,Japon,Tokyo Ginza,Boutique (walk-in),2024-11-11,VIC,3,195112.34,True,True
CUST03423,Moyen-Orient,Abu Dhabi,Recommandation VIC,2025-06-01,VIC,3,215384.49,False,True
CUST03424,Chine,Pékin,Digital / en ligne,2026-03-09,Découverte,0,0.0,False,False
CUST03425,France (siège),Paris Champs-Élysées,Recommandation VIC,2025-06-07,Very VIP,4,303112.56,True,True
CUST03426,USA,New York 5th Ave,Boutique (walk-in),2025-09-26,VIC,2,139103.67,True,True
CUST03427,USA,New York 5th Ave,Digital / en ligne,2024-10-02,Client fidèle,4,31718.0,True,True
CUST03428,USA,New York 5th Ave,Digital / en ligne,2024-12-16,Découverte,3,2361.26,True,True
CUST03429,Japon,Tokyo Ginza,Boutique (walk-in),2026-01-12,Découverte,1,360.49,False,True
CUST03430,USA,Beverly Hills,Recommandation VIC,2025-06-16,Client fidèle,1,18963.17,False,False
CUST03431,Moyen-Orient,Abu Dhabi,Boutique (walk-in),2026-01-02,Découverte,1,15453.19,False,True
CUST03432,Japon,Tokyo Ginza,Recommandation VIC,2024-11-25,Client fidèle,3,40699.43,False,False
CUST03433,USA,Beverly Hills,Recommandation VIC,2024-10-01,Client fidèle,4,39119.88,True,True
CUST03434,Chine,Hong Kong,Boutique (walk-in),2025-09-01,VIC,2,149865.13,False,True
CUST03435,Japon,Osaka,Digital / en ligne,2026-01-12,Découverte,1,929.31,False,True
CUST03436,Moyen-Orient,Dubaï Mall,Boutique (walk-in),2026-03-26,Découverte,0,0.0,False,False
CUST03437,Chine,Pékin,Boutique (walk-in),2025-10-27,Découverte,1,557.29,False,True
CUST03438,France (siège),Cannes,Boutique (walk-in),2026-04-20,Découverte,0,0.0,False,False
CUST03439,France (siège),Paris Vendôme,Recommandation VIC,2024-10-26,Client fidèle,2,20991.48,False,False
CUST03440,USA,Bal Harbour,Boutique (walk-in),2025-07-12,Client fidèle,3,56316.76,True,True
CUST03441,France (siège),Paris Champs-Élysées,Digital / en ligne,2025-08-17,Découverte,2,12165.63,False,True
CUST03442,Japon,Tokyo Ginza,Événement privé,2025-11-29,Découverte,1,17610.62,False,True
CUST03443,Chine,Hong Kong,Boutique (walk-in),2024-11-14,Client fidèle,4,49523.82,False,True
CUST03444,Chine,Hong Kong,Boutique (walk-in),2025-02-19,Very VIP,4,1675581.78,True,True
CUST03445,Moyen-Orient,Dubaï Mall,Recommandation VIC,2025-06-02,VIC,3,160896.08,False,True
CUST03446,Japon,Osaka,Événement privé,2026-01-20,Découverte,1,9773.72,False,True
CUST03447,USA,Beverly Hills,Boutique (walk-in),2025-09-05,Découverte,1,16366.62,False,False
CUST03448,Chine,Pékin,Recommandation VIC,2025-04-26,Découverte,1,12863.7,False,False
CUST03449,Japon,Tokyo Ginza,Événement privé,2025-04-19,Client fidèle,3,33877.37,True,True
CUST03450,Japon,Osaka,Digital / en ligne,2026-04-23,Découverte,0,0.0,False,False
CUST03451,Chine,Pékin,Boutique (walk-in),2025-09-03,Découverte,2,1922.19,False,True
CUST03452,USA,New York 5th Ave,Digital / en ligne,2025-03-20,Client fidèle,2,40856.75,True,True
CUST03453,France (siège),Paris Vendôme,Recommandation VIC,2025-12-06,Client fidèle,1,41191.31,False,True
CUST03454,France (siège),Paris Champs-Élysées,Boutique (walk-in),2025-05-02,Client fidèle,3,39674.9,True,True
CUST03455,USA,Beverly Hills,Boutique (walk-in),2025-08-19,Client fidèle,2,36763.35,False,True
CUST03456,France (siège),Paris Vendôme,Recommandation VIC,2025-02-10,Découverte,1,972.81,False,False
CUST03457,Chine,Hong Kong,Événement privé,2025-02-19,Client fidèle,2,22696.81,True,False
CUST03458,France (siège),Cannes,Événement privé,2024-11-15,Client fidèle,5,21956.08,True,True
CUST03459,USA,New York 5th Ave,Événement privé,2026-02-08,Découverte,1,782.11,False,True
CUST03460,France (siège),Paris Champs-Élysées,Recommandation VIC,2025-09-06,Découverte,2,1920.33,True,True
CUST03461,Japon,Tokyo Ginza,Boutique (walk-in),2024-09-11,VIC,2,116826.12,True,False
CUST03462,France (siège),Cannes,Boutique (walk-in),2025-04-23,Client fidèle,2,30261.12,True,True
CUST03463,Chine,Pékin,Recommandation VIC,2024-11-15,Découverte,3,17489.7,True,True
CUST03464,France (siège),Paris Vendôme,Événement privé,2025-05-07,Découverte,2,8170.15,True,True
CUST03465,France (siège),Cannes,Recommandation VIC,2025-12-07,VIC,1,102756.81,False,True
CUST03466,Japon,Tokyo Ginza,Événement privé,2025-03-16,VIC,3,141252.8,True,True
CUST03467,France (siège),Paris Champs-Élysées,Recommandation VIC,2025-12-11,Découverte,1,11403.8,False,True
CUST03468,Moyen-Orient,Dubaï Mall,Boutique (walk-in),2025-02-24,Découverte,2,13500.47,False,True
CUST03469,Moyen-Orient,Abu Dhabi,Boutique (walk-in),2025-11-09,Découverte,1,15527.14,False,False
CUST03470,Chine,Shanghai,Recommandation VIC,2025-09-28,Client fidèle,2,40263.57,True,True
CUST03471,Japon,Tokyo Ginza,Recommandation VIC,2024-12-22,Client fidèle,3,21789.68,True,True
CUST03472,USA,Bal Harbour,Digital / en ligne,2026-03-06,Client fidèle,1,33837.24,False,True
CUST03473,Japon,Osaka,Recommandation VIC,2025-02-22,VIC,3,145131.64,False,True
CUST03474,France (siège),Paris Vendôme,Recommandation VIC,2025-12-16,Very VIP,2,274813.38,True,True
CUST03475,Chine,Shanghai,Recommandation VIC,2026-01-09,Découverte,1,411.45,False,True
CUST03476,France (siège),Paris Vendôme,Boutique (walk-in),2025-09-20,Client fidèle,1,18266.51,False,True
CUST03477,Chine,Hong Kong,Recommandation VIC,2024-11-11,Client fidèle,3,25658.25,True,True
CUST03478,USA,Beverly Hills,Événement privé,2025-02-26,VIC,4,108921.69,True,True
CUST03479,Japon,Tokyo Ginza,Boutique (walk-in),2025-08-19,Découverte,1,8173.59,False,True
CUST03480,Japon,Tokyo Ginza,Événement privé,2025-11-24,Client fidèle,1,19923.44,False,True
CUST03481,Chine,Pékin,Boutique (walk-in),2024-11-03,Découverte,3,10736.09,False,True
CUST03482,USA,Beverly Hills,Boutique (walk-in),2026-04-07,Découverte,0,0.0,False,False
CUST03483,Chine,Pékin,Événement privé,2025-11-30,Découverte,1,1032.61,False,True
CUST03484,Moyen-Orient,Abu Dhabi,Boutique (walk-in),2025-08-10,Découverte,2,1063.64,True,True
CUST03485,France (siège),Cannes,Boutique (walk-in),2025-04-01,Découverte,3,2678.15,True,True
CUST03486,USA,Beverly Hills,Recommandation VIC,2025-05-08,Client fidèle,3,54578.91,False,True
CUST03487,Chine,Hong Kong,Digital / en ligne,2025-10-28,Découverte,2,14305.81,False,True
CUST03488,Chine,Hong Kong,Boutique (walk-in),2025-01-07,Découverte,2,1286.46,False,True
CUST03489,Moyen-Orient,Dubaï Mall,Digital / en ligne,2026-03-28,Découverte,0,0.0,False,False
CUST03490,USA,Beverly Hills,Boutique (walk-in),2025-02-12,Client fidèle,3,57755.28,True,True
CUST03491,USA,Beverly Hills,Événement privé,2024-11-27,Client fidèle,3,19053.4,True,True
CUST03492,USA,Bal Harbour,Boutique (walk-in),2025-04-06,VIC,2,105811.39,True,False
CUST03493,Japon,Tokyo Ginza,Digital / en ligne,2025-10-18,Découverte,2,15187.59,True,True
CUST03494,USA,Bal Harbour,Événement privé,2025-05-18,Very VIP,4,227373.81,True,True
CUST03495,Moyen-Orient,Dubaï Mall,Boutique (walk-in),2025-03-17,Client fidèle,3,35390.41,True,True
CUST03496,USA,Beverly Hills,Digital / en ligne,2025-01-15,Découverte,3,13047.07,True,True
CUST03497,France (siège),Paris Vendôme,Boutique (walk-in),2025-11-15,VIC,1,87419.46,False,True
CUST03498,France (siège),Cannes,Recommandation VIC,2025-09-26,Découverte,1,394.74,False,False
CUST03499,France (siège),Cannes,Recommandation VIC,2025-02-19,VIC,3,65962.55,True,True
CUST03500,Chine,Hong Kong,Boutique (walk-in),2025-09-03,Client fidèle,1,27969.84,False,True
CUST03501,USA,Beverly Hills,Digital / en ligne,2024-11-29,VIC,4,133727.66,True,True
CUST03502,Moyen-Orient,Abu Dhabi,Digital / en ligne,2026-01-01,Client fidèle,1,19399.14,False,True
CUST03503,USA,Beverly Hills,Boutique (walk-in),2026-03-04,Découverte,1,8933.7,False,True
CUST03504,Chine,Hong Kong,Recommandation VIC,2025-07-12,Client fidèle,2,27030.47,True,True
CUST03505,France (siège),Paris Vendôme,Boutique (walk-in),2025-06-28,Client fidèle,2,21962.17,True,True
CUST03506,Chine,Pékin,Boutique (walk-in),2024-09-29,VIC,3,166033.59,False,True
CUST03507,USA,Bal Harbour,Recommandation VIC,2025-04-22,Découverte,1,820.21,False,False
CUST03508,Moyen-Orient,Dubaï Mall,Boutique (walk-in),2025-02-03,Client fidèle,3,46428.33,False,True
CUST03509,France (siège),Cannes,Digital / en ligne,2025-09-17,Client fidèle,2,30450.41,True,True
CUST03510,Chine,Hong Kong,Événement privé,2025-04-29,Découverte,3,11388.71,True,True
CUST03511,Japon,Tokyo Ginza,Boutique (walk-in),2026-01-30,Client fidèle,1,25901.91,False,True
CUST03512,France (siège),Cannes,Recommandation VIC,2026-04-21,Découverte,0,0.0,False,False
CUST03513,France (siège),Paris Champs-Élysées,Boutique (walk-in),2026-03-27,Client fidèle,2,38551.57,True,True
CUST03514,France (siège),Cannes,Recommandation VIC,2025-02-02,Découverte,1,1012.32,False,False
CUST03515,France (siège),Paris Champs-Élysées,Boutique (walk-in),2025-11-02,Découverte,1,541.73,False,True
CUST03516,USA,Bal Harbour,Boutique (walk-in),2025-09-02,Client fidèle,2,42898.4,True,True
CUST03517,USA,New York 5th Ave,Recommandation VIC,2024-10-25,Client fidèle,3,41782.0,True,True
CUST03518,Moyen-Orient,Abu Dhabi,Boutique (walk-in),2026-04-22,Découverte,0,0.0,False,False
CUST03519,Chine,Shanghai,Recommandation VIC,2025-08-30,Découverte,2,10461.37,True,True
CUST03520,USA,New York 5th Ave,Boutique (walk-in),2024-09-26,VIC,4,203638.39,True,True
CUST03521,France (siège),Paris Vendôme,Boutique (walk-in),2024-12-11,Découverte,3,11688.39,True,True
CUST03522,France (siège),Paris Champs-Élysées,Recommandation VIC,2025-05-04,Client fidèle,2,23730.18,True,True
CUST03523,Japon,Tokyo Ginza,Digital / en ligne,2025-07-17,Client fidèle,2,18540.05,True,False
CUST03524,Moyen-Orient,Dubaï Mall,Boutique (walk-in),2025-05-22,Découverte,3,14822.93,False,True
CUST03525,Japon,Osaka,Digital / en ligne,2026-01-19,Découverte,0,0.0,False,False
CUST03526,Japon,Tokyo Ginza,Digital / en ligne,2024-09-01,Client fidèle,4,50098.37,True,True
CUST03527,Chine,Shanghai,Recommandation VIC,2025-04-04,VIC,3,92804.01,True,False
CUST03528,Moyen-Orient,Dubaï Mall,Événement privé,2025-02-24,Client fidèle,3,31394.68,True,True
CUST03529,Japon,Osaka,Événement privé,2025-09-20,VIC,2,141160.02,False,True
CUST03530,USA,New York 5th Ave,Digital / en ligne,2024-10-01,Client fidèle,3,26602.26,True,True
CUST03531,Japon,Osaka,Digital / en ligne,2025-07-30,Client fidèle,2,40121.73,True,True
CUST03532,Chine,Hong Kong,Digital / en ligne,2025-11-19,Découverte,1,928.56,False,True
CUST03533,France (siège),Cannes,Boutique (walk-in),2025-08-04,Client fidèle,2,31948.61,False,False
CUST03534,Japon,Tokyo Ginza,Recommandation VIC,2025-02-27,Client fidèle,3,25290.8,False,True
CUST03535,Moyen-Orient,Abu Dhabi,Recommandation VIC,2024-09-09,Client fidèle,4,62202.28,True,True
CUST03536,France (siège),Cannes,Boutique (walk-in),2024-11-03,VIC,6,115410.33,True,True
CUST03537,USA,Bal Harbour,Boutique (walk-in),2025-03-23,Découverte,1,10146.37,False,False
CUST03538,Chine,Hong Kong,Recommandation VIC,2025-10-24,Découverte,1,821.78,False,True
CUST03539,Moyen-Orient,Abu Dhabi,Boutique (walk-in),2025-01-16,Découverte,1,618.1,False,False
CUST03540,Moyen-Orient,Dubaï Mall,Boutique (walk-in),2025-08-11,Découverte,2,2411.27,False,True
CUST03541,France (siège),Paris Champs-Élysées,Digital / en ligne,2026-03-14,Découverte,0,0.0,False,False
CUST03542,USA,Beverly Hills,Boutique (walk-in),2025-05-16,Client fidèle,2,19514.4,True,True
CUST03543,USA,New York 5th Ave,Recommandation VIC,2025-04-17,Découverte,2,14920.73,False,True
CUST03544,France (siège),Paris Vendôme,Recommandation VIC,2025-03-30,Client fidèle,2,20876.44,True,False
CUST03545,France (siège),Paris Vendôme,Recommandation VIC,2025-01-23,Découverte,2,1393.44,False,False
CUST03546,USA,New York 5th Ave,Boutique (walk-in),2025-07-05,Découverte,2,13179.41,True,True
CUST03547,France (siège),Paris Vendôme,Digital / en ligne,2024-11-19,Client fidèle,3,30356.57,False,True
CUST03548,Chine,Pékin,Recommandation VIC,2024-09-24,Client fidèle,3,53806.24,True,False
CUST03549,Chine,Hong Kong,Boutique (walk-in),2024-11-01,Client fidèle,3,55750.02,True,True
CUST03550,France (siège),Cannes,Boutique (walk-in),2024-12-29,Découverte,1,13044.05,False,False
CUST03551,Chine,Pékin,Boutique (walk-in),2025-07-21,Découverte,2,9513.93,False,True
CUST03552,Moyen-Orient,Dubaï Mall,Recommandation VIC,2026-04-12,Découverte,0,0.0,False,False
CUST03553,Chine,Shanghai,Boutique (walk-in),2025-06-16,VIC,4,165050.91,True,True
CUST03554,Moyen-Orient,Dubaï Mall,Digital / en ligne,2025-04-21,VIC,3,88879.71,True,False
CUST03555,France (siège),Paris Vendôme,Recommandation VIC,2025-11-18,Client fidèle,1,28723.14,False,True
CUST03556,USA,Bal Harbour,Digital / en ligne,2024-11-24,Client fidèle,3,20028.37,False,True
CUST03557,Chine,Shanghai,Boutique (walk-in),2024-09-03,Client fidèle,4,27806.43,True,True
CUST03558,Moyen-Orient,Abu Dhabi,Boutique (walk-in),2025-03-25,Client fidèle,3,57649.06,True,True
CUST03559,Moyen-Orient,Dubaï Mall,Boutique (walk-in),2025-02-09,Découverte,2,16846.95,False,False
CUST03560,France (siège),Cannes,Boutique (walk-in),2025-07-02,Client fidèle,2,41279.02,True,True
CUST03561,Chine,Hong Kong,Digital / en ligne,2025-09-04,Very VIP,1,1329916.53,False,False
CUST03562,Moyen-Orient,Abu Dhabi,Boutique (walk-in),2024-09-17,Client fidèle,4,59932.92,True,True
CUST03563,Moyen-Orient,Dubaï Mall,Recommandation VIC,2025-10-12,Découverte,1,665.27,False,True
CUST03564,Chine,Hong Kong,Boutique (walk-in),2026-02-22,Découverte,0,0.0,False,False
CUST03565,France (siège),Paris Vendôme,Recommandation VIC,2025-08-14,Client fidèle,1,32704.01,False,True
CUST03566,Moyen-Orient,Dubaï Mall,Boutique (walk-in),2025-09-06,Client fidèle,2,43349.7,True,True
CUST03567,France (siège),Cannes,Digital / en ligne,2025-08-01,VIC,2,99654.88,False,True
CUST03568,USA,Bal Harbour,Recommandation VIC,2025-04-21,Découverte,2,2155.45,True,False
CUST03569,USA,New York 5th Ave,Événement privé,2026-03-05,Découverte,1,1107.4,False,True
CUST03570,USA,Beverly Hills,Digital / en ligne,2025-01-23,VIC,3,149224.06,True,True
CUST03571,Japon,Tokyo Ginza,Recommandation VIC,2024-11-22,VIC,4,190282.37,True,True
CUST03572,Japon,Osaka,Boutique (walk-in),2026-03-05,Découverte,0,0.0,False,False
CUST03573,Moyen-Orient,Dubaï Mall,Recommandation VIC,2025-02-08,VIC,3,66070.41,False,False
CUST03574,Moyen-Orient,Abu Dhabi,Digital / en ligne,2026-03-10,Client fidèle,1,26636.13,False,False
CUST03575,Japon,Osaka,Recommandation VIC,2025-12-17,Découverte,1,817.84,False,True
CUST03576,France (siège),Paris Champs-Élysées,Digital / en ligne,2025-09-28,Découverte,1,6707.91,False,True
CUST03577,USA,Beverly Hills,Digital / en ligne,2026-03-17,Découverte,0,0.0,False,False
CUST03578,Chine,Pékin,Digital / en ligne,2025-06-16,Client fidèle,2,24727.87,False,True
CUST03579,Moyen-Orient,Dubaï Mall,Boutique (walk-in),2024-12-23,Client fidèle,3,45503.32,True,True
CUST03580,Chine,Shanghai,Digital / en ligne,2026-03-17,Découverte,0,0.0,False,False
CUST03581,Japon,Osaka,Événement privé,2025-02-11,VIC,3,67182.63,False,False
CUST03582,Moyen-Orient,Abu Dhabi,Événement privé,2025-01-04,Découverte,1,843.24,False,False
CUST03583,Japon,Tokyo Ginza,Digital / en ligne,2024-12-17,VIC,3,139801.26,True,True
CUST03584,USA,Beverly Hills,Boutique (walk-in),2024-10-23,Client fidèle,3,56700.86,True,True
CUST03585,Chine,Shanghai,Boutique (walk-in),2024-12-18,VIC,4,115365.47,False,True
CUST03586,France (siège),Paris Vendôme,Boutique (walk-in),2025-09-01,Découverte,2,1386.05,True,True
CUST03587,France (siège),Paris Champs-Élysées,Boutique (walk-in),2025-02-27,Découverte,2,12307.22,True,True
CUST03588,USA,Bal Harbour,Boutique (walk-in),2024-10-12,Client fidèle,2,50168.47,False,False
CUST03589,France (siège),Paris Vendôme,Boutique (walk-in),2024-12-17,VIC,3,81756.72,True,True
CUST03590,France (siège),Cannes,Boutique (walk-in),2024-10-31,Découverte,4,11285.3,True,True
CUST03591,France (siège),Cannes,Événement privé,2025-02-14,Client fidèle,3,18889.62,True,True
CUST03592,France (siège),Paris Vendôme,Boutique (walk-in),2025-09-08,Client fidèle,2,18643.76,False,True
CUST03593,France (siège),Paris Champs-Élysées,Événement privé,2024-09-12,Client fidèle,4,46444.23,False,True
CUST03594,France (siège),Cannes,Boutique (walk-in),2024-11-13,Client fidèle,3,47837.82,True,True
CUST03595,Chine,Hong Kong,Recommandation VIC,2025-03-12,Client fidèle,3,28051.84,True,True
CUST03596,Chine,Hong Kong,Digital / en ligne,2025-01-29,Client fidèle,2,64698.78,True,False
CUST03597,USA,Beverly Hills,Événement privé,2025-01-27,Client fidèle,4,59199.67,False,True
CUST03598,USA,Beverly Hills,Événement privé,2025-02-05,Client fidèle,4,57102.66,True,True
CUST03599,Moyen-Orient,Dubaï Mall,Recommandation VIC,2025-07-07,Client fidèle,2,48972.45,True,True
CUST03600,Chine,Shanghai,Recommandation VIC,2025-05-06,Client fidèle,2,22170.5,True,True
CUST03601,Japon,Osaka,Événement privé,2025-02-21,Client fidèle,2,19394.4,True,True
CUST03602,France (siège),Paris Vendôme,Recommandation VIC,2025-11-08,Découverte,1,13988.79,False,True
CUST03603,France (siège),Cannes,Boutique (walk-in),2026-02-03,Découverte,1,959.61,False,True
CUST03604,France (siège),Paris Vendôme,Recommandation VIC,2025-03-26,Client fidèle,3,28337.37,True,True
CUST03605,Chine,Shanghai,Recommandation VIC,2024-12-16,Découverte,3,2042.62,True,True
CUST03606,Japon,Osaka,Boutique (walk-in),2025-03-27,Client fidèle,2,27586.56,False,True
CUST03607,Moyen-Orient,Abu Dhabi,Recommandation VIC,2025-09-16,Découverte,1,320.36,False,True
CUST03608,Chine,Hong Kong,Digital / en ligne,2025-08-24,VIC,1,135042.84,False,True
CUST03609,Moyen-Orient,Dubaï Mall,Boutique (walk-in),2024-11-08,Client fidèle,3,24133.57,True,True
CUST03610,France (siège),Paris Vendôme,Boutique (walk-in),2025-06-11,Découverte,2,11579.87,True,True
CUST03611,USA,Bal Harbour,Événement privé,2024-12-24,VIC,2,193734.37,False,False
CUST03612,Japon,Osaka,Recommandation VIC,2025-09-10,Découverte,1,15652.17,False,True
CUST03613,France (siège),Cannes,Événement privé,2024-09-21,Client fidèle,3,60150.12,True,False
CUST03614,Moyen-Orient,Dubaï Mall,Recommandation VIC,2024-11-30,Client fidèle,3,44817.34,True,True
CUST03615,USA,Beverly Hills,Recommandation VIC,2026-02-06,Client fidèle,1,21514.33,False,True
CUST03616,Moyen-Orient,Abu Dhabi,Boutique (walk-in),2025-01-18,Client fidèle,3,25458.06,False,True
CUST03617,France (siège),Cannes,Boutique (walk-in),2025-11-11,Découverte,1,709.3,False,True
CUST03618,Chine,Hong Kong,Digital / en ligne,2026-04-12,Découverte,0,0.0,False,False
CUST03619,USA,Beverly Hills,Événement privé,2025-08-24,Client fidèle,2,24028.4,True,False
CUST03620,Japon,Osaka,Digital / en ligne,2025-01-06,Client fidèle,2,26152.77,False,False
CUST03621,Chine,Pékin,Recommandation VIC,2024-12-23,VIC,3,122797.68,False,True
CUST03622,Chine,Shanghai,Boutique (walk-in),2026-03-07,Découverte,0,0.0,False,False
CUST03623,USA,New York 5th Ave,Événement privé,2024-10-22,VIC,6,173280.96,True,True
CUST03624,Chine,Shanghai,Recommandation VIC,2025-09-25,Découverte,1,636.31,False,True
CUST03625,France (siège),Paris Vendôme,Événement privé,2025-05-28,Client fidèle,2,19647.26,False,False
CUST03626,USA,Bal Harbour,Recommandation VIC,2025-06-15,VIC,2,141420.03,True,False
CUST03627,Chine,Hong Kong,Digital / en ligne,2024-09-02,Client fidèle,4,55517.79,True,True
CUST03628,France (siège),Cannes,Recommandation VIC,2024-11-24,Client fidèle,1,19635.77,False,False
CUST03629,France (siège),Paris Champs-Élysées,Boutique (walk-in),2025-08-30,Découverte,2,2024.84,True,False
CUST03630,France (siège),Cannes,Boutique (walk-in),2025-02-24,Client fidèle,3,36505.56,True,True
CUST03631,France (siège),Cannes,Recommandation VIC,2024-09-13,Client fidèle,4,28669.15,True,True
CUST03632,France (siège),Paris Vendôme,Digital / en ligne,2025-12-08,Découverte,1,16129.86,False,True
CUST03633,USA,New York 5th Ave,Événement privé,2024-10-26,Découverte,1,12625.48,False,False
CUST03634,France (siège),Paris Champs-Élysées,Boutique (walk-in),2025-04-30,Découverte,1,1184.07,False,False
CUST03635,USA,New York 5th Ave,Boutique (walk-in),2025-05-23,Découverte,2,12845.89,True,True
CUST03636,Japon,Tokyo Ginza,Recommandation VIC,2025-06-20,VIC,2,118298.14,False,True
CUST03637,Moyen-Orient,Abu Dhabi,Digital / en ligne,2025-04-08,Client fidèle,2,30259.07,False,True
CUST03638,Moyen-Orient,Dubaï Mall,Digital / en ligne,2026-03-18,VIC,1,151310.77,False,True
CUST03639,France (siège),Cannes,Digital / en ligne,2024-10-08,Découverte,3,1849.7,True,True
CUST03640,Chine,Shanghai,Recommandation VIC,2026-03-16,Découverte,1,14989.59,False,True
CUST03641,Chine,Hong Kong,Recommandation VIC,2024-12-10,Client fidèle,4,46174.79,False,True
CUST03642,France (siège),Paris Vendôme,Digital / en ligne,2025-06-23,Découverte,2,17903.37,True,True
CUST03643,Chine,Pékin,Digital / en ligne,2025-08-03,Découverte,2,1939.09,True,False
CUST03644,Chine,Shanghai,Digital / en ligne,2025-12-03,Découverte,1,447.1,False,False
CUST03645,USA,Bal Harbour,Recommandation VIC,2024-10-23,Client fidèle,3,21548.09,False,False
CUST03646,Japon,Tokyo Ginza,Boutique (walk-in),2026-04-18,Découverte,0,0.0,False,False
CUST03647,France (siège),Paris Champs-Élysées,Digital / en ligne,2024-11-09,Découverte,1,13962.49,False,False
CUST03648,USA,Beverly Hills,Digital / en ligne,2025-10-03,VIC,2,188655.72,False,False
CUST03649,Moyen-Orient,Abu Dhabi,Événement privé,2025-05-30,Client fidèle,2,38610.16,True,True
CUST03650,Chine,Pékin,Boutique (walk-in),2026-01-30,VIC,1,126939.57,False,True
CUST03651,Japon,Tokyo Ginza,Recommandation VIC,2024-12-12,Client fidèle,3,22862.25,False,True
CUST03652,France (siège),Paris Vendôme,Boutique (walk-in),2025-02-22,Découverte,1,1053.21,False,False
CUST03653,Chine,Shanghai,Boutique (walk-in),2024-11-17,Client fidèle,3,51952.71,True,True
CUST03654,Chine,Shanghai,Recommandation VIC,2025-09-29,Découverte,1,14658.26,False,False
CUST03655,Moyen-Orient,Dubaï Mall,Recommandation VIC,2025-09-08,Client fidèle,1,21909.13,False,True
CUST03656,France (siège),Cannes,Recommandation VIC,2025-01-13,Client fidèle,3,35527.01,True,True
CUST03657,USA,Beverly Hills,Boutique (walk-in),2025-04-10,Client fidèle,3,37516.49,False,True
CUST03658,France (siège),Cannes,Boutique (walk-in),2025-10-06,Client fidèle,2,38293.83,False,True
CUST03659,Japon,Tokyo Ginza,Boutique (walk-in),2025-11-11,Client fidèle,1,24070.75,False,True
CUST03660,USA,Bal Harbour,Digital / en ligne,2024-12-12,VIC,3,99846.92,True,True
CUST03661,USA,Bal Harbour,Recommandation VIC,2025-10-18,Découverte,1,773.87,False,True
CUST03662,Moyen-Orient,Dubaï Mall,Boutique (walk-in),2025-08-16,Client fidèle,2,37677.55,False,True
CUST03663,USA,New York 5th Ave,Recommandation VIC,2025-06-03,Découverte,2,14467.19,True,True
CUST03664,Moyen-Orient,Dubaï Mall,Événement privé,2025-07-18,Client fidèle,2,39645.24,False,True
CUST03665,USA,New York 5th Ave,Événement privé,2025-07-04,Client fidèle,1,42436.26,False,False
CUST03666,Japon,Tokyo Ginza,Boutique (walk-in),2025-09-27,Client fidèle,2,28512.18,True,False
CUST03667,France (siège),Paris Vendôme,Événement privé,2026-01-06,Découverte,1,12769.84,False,True
CUST03668,France (siège),Paris Champs-Élysées,Recommandation VIC,2025-04-27,Very VIP,4,309053.37,True,True
CUST03669,Moyen-Orient,Abu Dhabi,Boutique (walk-in),2025-10-01,Découverte,1,1133.61,False,True
CUST03670,Moyen-Orient,Abu Dhabi,Événement privé,2025-09-10,Client fidèle,1,32220.55,False,False
CUST03671,USA,Bal Harbour,Événement privé,2025-01-28,Client fidèle,3,35862.87,True,True
CUST03672,France (siège),Paris Vendôme,Boutique (walk-in),2026-02-14,Client fidèle,1,28336.52,False,True
CUST03673,France (siège),Paris Champs-Élysées,Recommandation VIC,2025-12-05,Découverte,1,6641.25,False,True
CUST03674,Moyen-Orient,Dubaï Mall,Boutique (walk-in),2025-09-14,Client fidèle,1,24681.38,False,True
CUST03675,Chine,Hong Kong,Recommandation VIC,2024-09-30,Client fidèle,3,48731.63,False,True
CUST03676,France (siège),Paris Vendôme,Digital / en ligne,2025-09-12,Découverte,1,13237.47,False,True
CUST03677,Chine,Hong Kong,Événement privé,2025-10-21,Découverte,1,625.24,False,True
CUST03678,Japon,Tokyo Ginza,Boutique (walk-in),2024-12-23,VIC,3,106479.75,True,True
CUST03679,USA,New York 5th Ave,Recommandation VIC,2024-10-16,Client fidèle,2,30963.5,False,False
CUST03680,Moyen-Orient,Dubaï Mall,Recommandation VIC,2025-04-16,VIC,3,189880.21,True,True
CUST03681,USA,Beverly Hills,Digital / en ligne,2025-06-14,Client fidèle,2,18035.05,True,True
CUST03682,USA,Beverly Hills,Digital / en ligne,2025-02-23,Découverte,1,387.22,False,False
CUST03683,France (siège),Paris Vendôme,Boutique (walk-in),2024-09-17,Découverte,3,16328.32,False,True
CUST03684,Chine,Pékin,Boutique (walk-in),2025-05-08,VIC,2,79070.03,True,True
CUST03685,Chine,Shanghai,Digital / en ligne,2025-02-28,Client fidèle,3,19303.31,True,True
CUST03686,Japon,Tokyo Ginza,Recommandation VIC,2025-10-08,Découverte,1,12598.15,False,True
CUST03687,USA,Bal Harbour,Boutique (walk-in),2025-06-14,VIC,2,113643.9,False,True
CUST03688,Chine,Hong Kong,Recommandation VIC,2025-12-19,Découverte,1,4982.18,False,True
CUST03689,Chine,Hong Kong,Recommandation VIC,2025-06-04,VIC,4,110009.09,True,True
CUST03690,USA,Bal Harbour,Boutique (walk-in),2026-03-08,Découverte,0,0.0,False,False
CUST03691,France (siège),Cannes,Recommandation VIC,2025-08-20,Découverte,1,619.35,False,True
CUST03692,Chine,Shanghai,Boutique (walk-in),2025-02-01,Découverte,2,1817.13,True,False
CUST03693,Moyen-Orient,Abu Dhabi,Recommandation VIC,2024-10-08,Very VIP,7,510449.47,True,True
CUST03694,USA,Beverly Hills,Digital / en ligne,2025-02-01,Découverte,2,16317.88,True,False
CUST03695,France (siège),Paris Champs-Élysées,Recommandation VIC,2025-01-31,Client fidèle,3,32585.07,False,True
CUST03696,Japon,Osaka,Digital / en ligne,2026-02-18,Découverte,0,0.0,False,False
CUST03697,Japon,Tokyo Ginza,Boutique (walk-in),2025-09-15,VIC,2,156096.17,True,True
CUST03698,France (siège),Paris Vendôme,Boutique (walk-in),2024-10-11,Client fidèle,4,55858.85,False,True
CUST03699,USA,New York 5th Ave,Événement privé,2025-01-02,VIC,3,111200.87,False,True
CUST03700,Chine,Pékin,Digital / en ligne,2024-11-22,Client fidèle,3,20051.89,True,False
CUST03701,USA,New York 5th Ave,Recommandation VIC,2026-03-12,Découverte,0,0.0,False,False
CUST03702,France (siège),Cannes,Digital / en ligne,2025-05-10,Découverte,2,11907.45,False,True
CUST03703,USA,Beverly Hills,Boutique (walk-in),2025-07-29,Client fidèle,2,24411.17,True,True
CUST03704,Chine,Hong Kong,Événement privé,2024-10-09,Client fidèle,3,39158.06,True,True
CUST03705,USA,Beverly Hills,Événement privé,2025-11-09,Client fidèle,1,33904.07,False,True
CUST03706,Moyen-Orient,Abu Dhabi,Boutique (walk-in),2025-11-29,Découverte,1,1051.25,False,False
CUST03707,USA,New York 5th Ave,Boutique (walk-in),2025-08-26,Découverte,1,150.0,False,True
CUST03708,France (siège),Cannes,Événement privé,2025-07-22,Découverte,2,8820.26,True,False
CUST03709,France (siège),Cannes,Digital / en ligne,2025-11-05,Client fidèle,2,33369.01,False,True
CUST03710,USA,Beverly Hills,Recommandation VIC,2026-02-07,Découverte,0,0.0,False,False
CUST03711,Japon,Tokyo Ginza,Recommandation VIC,2025-02-03,Client fidèle,2,18485.9,True,True
CUST03712,Japon,Tokyo Ginza,Recommandation VIC,2025-08-06,Client fidèle,2,29352.92,True,True
CUST03713,USA,New York 5th Ave,Boutique (walk-in),2025-03-30,Découverte,2,11699.5,False,True
CUST03714,Chine,Pékin,Digital / en ligne,2025-07-24,Client fidèle,2,26228.38,False,True
CUST03715,Japon,Tokyo Ginza,Digital / en ligne,2025-11-14,Découverte,1,10249.24,False,True
CUST03716,USA,Beverly Hills,Recommandation VIC,2024-09-10,VIC,4,117603.4,True,True
CUST03717,Chine,Hong Kong,Événement privé,2025-05-10,Découverte,2,17764.27,True,True
CUST03718,Chine,Pékin,Boutique (walk-in),2025-05-28,Client fidèle,2,35441.09,True,True
CUST03719,Moyen-Orient,Dubaï Mall,Boutique (walk-in),2025-01-19,Client fidèle,3,31370.92,True,True
CUST03720,Moyen-Orient,Abu Dhabi,Digital / en ligne,2025-12-03,Client fidèle,1,50468.22,False,True
CUST03721,Japon,Tokyo Ginza,Digital / en ligne,2025-03-20,Client fidèle,2,38652.82,True,True
CUST03722,USA,New York 5th Ave,Recommandation VIC,2025-09-02,Découverte,1,414.51,False,True
CUST03723,USA,Beverly Hills,Boutique (walk-in),2025-01-05,VIC,3,86271.27,True,True
CUST03724,Moyen-Orient,Abu Dhabi,Recommandation VIC,2025-12-19,Client fidèle,1,22405.61,False,True
CUST03725,Japon,Osaka,Recommandation VIC,2025-06-10,Découverte,1,475.46,False,False
CUST03726,USA,Beverly Hills,Boutique (walk-in),2024-11-06,Client fidèle,2,28699.4,False,False
CUST03727,Moyen-Orient,Abu Dhabi,Digital / en ligne,2025-10-05,Client fidèle,2,34365.75,False,True
CUST03728,USA,Bal Harbour,Digital / en ligne,2025-11-18,Découverte,1,6499.58,False,False
CUST03729,France (siège),Paris Champs-Élysées,Digital / en ligne,2025-08-26,Client fidèle,2,64873.34,False,False
CUST03730,France (siège),Paris Champs-Élysées,Recommandation VIC,2025-08-17,Client fidèle,2,44628.28,True,True
CUST03731,France (siège),Paris Vendôme,Boutique (walk-in),2024-10-14,Client fidèle,4,61458.92,True,True
CUST03732,USA,Bal Harbour,Digital / en ligne,2025-06-22,Client fidèle,2,20103.4,False,True
CUST03733,France (siège),Paris Vendôme,Recommandation VIC,2025-01-09,Client fidèle,3,19495.06,True,False
CUST03734,France (siège),Paris Vendôme,Boutique (walk-in),2025-09-26,Découverte,1,531.07,False,True
CUST03735,Moyen-Orient,Abu Dhabi,Digital / en ligne,2025-10-11,VIC,2,199321.44,True,True
CUST03736,Japon,Tokyo Ginza,Boutique (walk-in),2026-02-26,Découverte,1,977.55,False,True
CUST03737,France (siège),Paris Champs-Élysées,Recommandation VIC,2025-11-30,Client fidèle,1,22890.39,False,False
CUST03738,Moyen-Orient,Abu Dhabi,Digital / en ligne,2026-03-29,Découverte,0,0.0,False,False
CUST03739,France (siège),Paris Vendôme,Boutique (walk-in),2025-11-13,Découverte,1,993.98,False,False
CUST03740,Chine,Shanghai,Boutique (walk-in),2024-09-06,Client fidèle,4,36213.75,False,False
CUST03741,Moyen-Orient,Dubaï Mall,Boutique (walk-in),2024-10-23,VIC,3,153305.88,True,True
CUST03742,USA,New York 5th Ave,Boutique (walk-in),2024-09-19,Client fidèle,3,43858.47,True,True
CUST03743,Moyen-Orient,Abu Dhabi,Digital / en ligne,2024-10-12,Découverte,2,16311.49,True,False
CUST03744,Chine,Shanghai,Recommandation VIC,2025-06-02,Découverte,2,14995.49,False,True
CUST03745,France (siège),Paris Champs-Élysées,Boutique (walk-in),2025-01-24,Client fidèle,3,25888.06,True,True
CUST03746,Chine,Shanghai,Digital / en ligne,2025-12-12,Découverte,1,296.6,False,True
CUST03747,USA,Bal Harbour,Événement privé,2024-09-22,VIC,5,89566.16,False,True
CUST03748,Japon,Osaka,Recommandation VIC,2025-12-04,Client fidèle,1,43205.4,False,True
CUST03749,Chine,Hong Kong,Digital / en ligne,2025-04-07,Client fidèle,3,19283.38,True,True
CUST03750,Japon,Osaka,Boutique (walk-in),2025-04-24,VIC,2,103262.7,True,True
CUST03751,USA,New York 5th Ave,Événement privé,2025-04-19,Client fidèle,2,24672.56,False,False
CUST03752,France (siège),Paris Champs-Élysées,Recommandation VIC,2025-05-18,VIC,2,92999.73,True,True
CUST03753,USA,Bal Harbour,Boutique (walk-in),2026-03-24,Découverte,0,0.0,False,False
CUST03754,Chine,Pékin,Recommandation VIC,2025-03-22,VIC,3,180472.46,True,True
CUST03755,Chine,Hong Kong,Digital / en ligne,2025-11-01,VIC,1,114739.43,False,True
CUST03756,Chine,Pékin,Recommandation VIC,2025-05-15,Découverte,2,17689.33,False,True
CUST03757,USA,Beverly Hills,Recommandation VIC,2025-09-19,Découverte,1,548.56,False,False
CUST03758,Chine,Shanghai,Boutique (walk-in),2026-04-04,Découverte,0,0.0,False,False
CUST03759,Japon,Osaka,Recommandation VIC,2025-07-01,Découverte,2,1838.62,False,True
CUST03760,USA,New York 5th Ave,Recommandation VIC,2025-05-29,Client fidèle,2,47169.81,True,True
CUST03761,USA,Bal Harbour,Boutique (walk-in),2025-01-02,Client fidèle,3,29748.36,False,True
CUST03762,Japon,Osaka,Événement privé,2025-12-18,Découverte,1,657.2,False,True
CUST03763,USA,New York 5th Ave,Recommandation VIC,2025-06-19,Client fidèle,2,26676.72,True,True
CUST03764,USA,New York 5th Ave,Digital / en ligne,2024-11-18,Découverte,3,8302.83,True,True
CUST03765,Japon,Osaka,Événement privé,2025-07-28,Découverte,2,13177.69,False,True
CUST03766,France (siège),Paris Champs-Élysées,Boutique (walk-in),2025-07-26,Découverte,1,609.28,False,True
CUST03767,USA,New York 5th Ave,Digital / en ligne,2025-04-27,Client fidèle,2,21247.84,True,True
CUST03768,France (siège),Cannes,Boutique (walk-in),2024-10-12,VIC,3,124441.21,True,True
CUST03769,Japon,Tokyo Ginza,Boutique (walk-in),2025-01-04,Client fidèle,3,27759.5,True,True
CUST03770,Chine,Shanghai,Boutique (walk-in),2025-09-11,Client fidèle,2,62654.34,True,True
CUST03771,USA,Beverly Hills,Boutique (walk-in),2025-01-04,Client fidèle,3,18132.54,True,True
CUST03772,Japon,Osaka,Boutique (walk-in),2025-12-29,Découverte,1,424.91,False,True
CUST03773,Moyen-Orient,Dubaï Mall,Événement privé,2025-12-01,Découverte,1,970.53,False,True
CUST03774,France (siège),Paris Champs-Élysées,Recommandation VIC,2025-12-20,Découverte,1,627.58,False,False
CUST03775,France (siège),Paris Vendôme,Boutique (walk-in),2025-01-31,Client fidèle,3,33637.78,True,True
CUST03776,USA,New York 5th Ave,Recommandation VIC,2025-12-23,Client fidèle,1,20068.16,False,True
CUST03777,France (siège),Paris Vendôme,Boutique (walk-in),2025-02-14,Client fidèle,3,23550.32,True,True
CUST03778,France (siège),Cannes,Recommandation VIC,2026-04-06,Découverte,0,0.0,False,False
CUST03779,USA,Beverly Hills,Recommandation VIC,2025-02-04,VIC,3,153451.61,True,True
CUST03780,France (siège),Paris Champs-Élysées,Recommandation VIC,2024-12-25,Découverte,2,1196.34,False,True
CUST03781,France (siège),Paris Vendôme,Digital / en ligne,2025-11-06,Client fidèle,1,18718.76,False,True
CUST03782,Japon,Osaka,Recommandation VIC,2025-03-30,VIC,3,92163.98,True,True
CUST03783,Moyen-Orient,Dubaï Mall,Boutique (walk-in),2025-02-26,Client fidèle,3,44960.18,True,True
CUST03784,Chine,Pékin,Digital / en ligne,2026-02-01,Client fidèle,1,21725.89,False,True
CUST03785,Japon,Tokyo Ginza,Digital / en ligne,2024-12-11,VIC,4,135346.15,True,True
CUST03786,Chine,Pékin,Digital / en ligne,2026-01-12,Découverte,1,750.42,False,False
CUST03787,France (siège),Paris Vendôme,Boutique (walk-in),2026-01-15,Découverte,1,11713.65,False,True
CUST03788,USA,New York 5th Ave,Digital / en ligne,2025-12-26,Client fidèle,1,20839.83,False,True
CUST03789,USA,New York 5th Ave,Boutique (walk-in),2025-12-10,Découverte,1,13537.0,False,True
CUST03790,Japon,Osaka,Boutique (walk-in),2026-02-06,VIC,1,121140.53,False,True
CUST03791,France (siège),Paris Vendôme,Digital / en ligne,2024-11-04,Client fidèle,3,27921.88,True,False
CUST03792,Chine,Hong Kong,Boutique (walk-in),2025-02-06,Client fidèle,2,60803.47,True,False
CUST03793,Chine,Hong Kong,Boutique (walk-in),2025-04-28,Client fidèle,1,28411.63,False,False
CUST03794,Chine,Shanghai,Recommandation VIC,2026-04-03,Découverte,0,0.0,False,False
CUST03795,USA,Beverly Hills,Digital / en ligne,2024-11-09,Découverte,2,9794.88,True,False
CUST03796,Chine,Pékin,Événement privé,2025-01-03,VIC,3,99144.94,False,True
CUST03797,USA,Beverly Hills,Boutique (walk-in),2026-04-02,Découverte,0,0.0,False,False
CUST03798,Japon,Tokyo Ginza,Recommandation VIC,2025-02-27,Client fidèle,2,24326.12,False,True
CUST03799,Chine,Pékin,Recommandation VIC,2025-05-07,Client fidèle,2,27809.92,True,True
CUST03800,France (siège),Cannes,Boutique (walk-in),2025-05-10,Client fidèle,3,54780.72,True,False
CUST03801,France (siège),Cannes,Recommandation VIC,2026-01-01,Client fidèle,1,35596.18,False,False
CUST03802,France (siège),Paris Champs-Élysées,Recommandation VIC,2024-10-03,VIC,4,111305.85,True,True
CUST03803,France (siège),Paris Champs-Élysées,Digital / en ligne,2025-06-05,Découverte,1,755.5,False,False
CUST03804,USA,New York 5th Ave,Recommandation VIC,2025-03-30,Découverte,1,894.19,False,False
CUST03805,Moyen-Orient,Dubaï Mall,Événement privé,2025-03-16,Client fidèle,3,28737.05,False,False
CUST03806,Chine,Hong Kong,Recommandation VIC,2025-10-03,Client fidèle,1,54338.45,False,True
CUST03807,USA,Bal Harbour,Événement privé,2024-09-03,Découverte,4,10999.17,True,True
CUST03808,USA,Bal Harbour,Boutique (walk-in),2025-08-25,VIC,2,130852.92,False,True
CUST03809,USA,Beverly Hills,Recommandation VIC,2025-08-12,VIC,1,132575.7,False,False
CUST03810,USA,New York 5th Ave,Événement privé,2025-11-13,Découverte,1,10763.74,False,True
CUST03811,USA,Beverly Hills,Recommandation VIC,2026-01-06,Client fidèle,1,18488.57,False,True
CUST03812,Chine,Hong Kong,Recommandation VIC,2024-10-15,VIC,3,85113.56,False,False
CUST03813,Chine,Hong Kong,Digital / en ligne,2025-10-02,Découverte,1,13442.76,False,True
CUST03814,Moyen-Orient,Abu Dhabi,Digital / en ligne,2024-10-12,Découverte,2,1352.18,False,False
CUST03815,Moyen-Orient,Dubaï Mall,Boutique (walk-in),2025-08-23,Client fidèle,2,53690.75,True,True
CUST03816,Japon,Tokyo Ginza,Boutique (walk-in),2025-04-12,VIC,2,98401.79,True,True
CUST03817,USA,New York 5th Ave,Boutique (walk-in),2025-12-13,VIC,1,79811.74,False,True
CUST03818,France (siège),Paris Champs-Élysées,Recommandation VIC,2025-12-02,Découverte,1,586.68,False,True
CUST03819,Chine,Pékin,Événement privé,2026-02-25,Découverte,0,0.0,False,False
CUST03820,USA,Beverly Hills,Recommandation VIC,2026-01-22,Client fidèle,1,20351.23,False,True
CUST03821,USA,Bal Harbour,Boutique (walk-in),2025-03-24,Découverte,1,597.38,False,False
CUST03822,Moyen-Orient,Abu Dhabi,Événement privé,2025-04-14,Client fidèle,2,22230.02,False,True
CUST03823,France (siège),Cannes,Digital / en ligne,2024-11-03,Client fidèle,3,38858.74,True,False
CUST03824,USA,Beverly Hills,Boutique (walk-in),2025-01-11,VIC,3,108860.95,False,True
CUST03825,France (siège),Paris Vendôme,Événement privé,2025-01-03,VIC,3,165008.12,True,True
CUST03826,USA,Beverly Hills,Recommandation VIC,2025-03-14,Découverte,1,1171.25,False,False
CUST03827,Chine,Hong Kong,Recommandation VIC,2026-04-01,Découverte,0,0.0,False,False
CUST03828,USA,Beverly Hills,Recommandation VIC,2025-03-11,Client fidèle,3,52039.89,False,True
CUST03829,France (siège),Paris Vendôme,Recommandation VIC,2024-10-20,VIC,4,169773.15,True,True
CUST03830,Moyen-Orient,Dubaï Mall,Recommandation VIC,2025-07-25,VIC,2,85730.17,False,True
CUST03831,Chine,Shanghai,Boutique (walk-in),2024-09-21,Client fidèle,4,41091.23,True,True
CUST03832,USA,New York 5th Ave,Recommandation VIC,2026-04-15,Découverte,0,0.0,False,False
CUST03833,France (siège),Cannes,Recommandation VIC,2025-12-16,Client fidèle,1,35401.58,False,True
CUST03834,Japon,Osaka,Recommandation VIC,2024-09-27,VIC,3,122945.95,True,True
CUST03835,USA,New York 5th Ave,Recommandation VIC,2026-02-21,Découverte,1,150.0,False,True
CUST03836,USA,Beverly Hills,Événement privé,2025-03-19,Découverte,2,1763.72,True,True
CUST03837,USA,Beverly Hills,Boutique (walk-in),2025-04-04,Client fidèle,2,28533.12,True,True
CUST03838,France (siège),Cannes,Digital / en ligne,2025-12-11,Découverte,1,15499.11,False,True
CUST03839,France (siège),Paris Vendôme,Recommandation VIC,2025-03-22,Very VIP,4,262743.36,True,True
CUST03840,Japon,Tokyo Ginza,Digital / en ligne,2026-04-07,Découverte,0,0.0,False,False
CUST03841,Chine,Hong Kong,Digital / en ligne,2025-02-05,VIC,2,103242.82,False,True
CUST03842,Chine,Hong Kong,Boutique (walk-in),2025-05-20,Découverte,2,13657.35,True,True
CUST03843,Moyen-Orient,Dubaï Mall,Boutique (walk-in),2025-10-05,VIC,1,133308.33,False,True
CUST03844,Moyen-Orient,Abu Dhabi,Boutique (walk-in),2024-10-27,Very VIP,3,224254.0,False,True
CUST03845,Moyen-Orient,Dubaï Mall,Boutique (walk-in),2026-01-24,Découverte,1,1397.02,False,True
CUST03846,Moyen-Orient,Abu Dhabi,Boutique (walk-in),2025-10-02,Client fidèle,1,22356.97,False,True
CUST03847,Moyen-Orient,Abu Dhabi,Boutique (walk-in),2025-06-13,VIC,2,161209.82,False,True
CUST03848,Chine,Pékin,Événement privé,2025-02-11,VIC,1,118769.75,False,False
CUST03849,Moyen-Orient,Dubaï Mall,Recommandation VIC,2025-06-06,VIC,3,70191.58,False,True
CUST03850,Japon,Osaka,Boutique (walk-in),2025-12-17,Client fidèle,1,21309.64,False,True
CUST03851,Moyen-Orient,Abu Dhabi,Boutique (walk-in),2025-02-03,Client fidèle,3,18558.54,False,False
CUST03852,USA,Beverly Hills,Recommandation VIC,2024-11-17,Client fidèle,3,22819.98,True,True
CUST03853,USA,New York 5th Ave,Boutique (walk-in),2025-03-17,Client fidèle,2,42556.55,True,True
CUST03854,Moyen-Orient,Dubaï Mall,Événement privé,2024-09-20,Client fidèle,4,44920.39,True,True
CUST03855,Japon,Osaka,Événement privé,2025-05-02,VIC,2,109029.97,False,True
CUST03856,France (siège),Paris Vendôme,Digital / en ligne,2026-04-03,Découverte,1,14516.52,False,True
CUST03857,USA,Beverly Hills,Digital / en ligne,2025-11-12,VIC,1,97631.8,False,True
CUST03858,Japon,Tokyo Ginza,Boutique (walk-in),2025-08-25,Client fidèle,2,47409.29,False,False
CUST03859,France (siège),Paris Champs-Élysées,Boutique (walk-in),2025-09-26,Découverte,1,9476.21,False,False
CUST03860,USA,Beverly Hills,Digital / en ligne,2026-02-21,Découverte,1,936.42,False,True
CUST03861,USA,New York 5th Ave,Recommandation VIC,2025-08-28,Découverte,1,17411.68,False,False
CUST03862,USA,Bal Harbour,Digital / en ligne,2025-07-25,Découverte,1,14521.87,False,True
CUST03863,Chine,Shanghai,Boutique (walk-in),2025-06-25,Découverte,2,1963.53,True,True
CUST03864,Moyen-Orient,Abu Dhabi,Recommandation VIC,2025-08-04,Découverte,2,11943.49,True,True
CUST03865,USA,Beverly Hills,Recommandation VIC,2025-11-11,Découverte,2,17645.94,False,True
CUST03866,USA,Bal Harbour,Événement privé,2025-11-22,Découverte,1,11913.52,False,True
CUST03867,France (siège),Paris Champs-Élysées,Recommandation VIC,2025-08-27,Client fidèle,2,41460.4,False,False
CUST03868,France (siège),Cannes,Digital / en ligne,2025-08-16,Découverte,1,665.08,False,False
CUST03869,Japon,Osaka,Boutique (walk-in),2025-06-19,Découverte,3,3103.57,True,True
CUST03870,Chine,Shanghai,Digital / en ligne,2026-02-09,Découverte,1,11406.8,False,True
CUST03871,USA,Beverly Hills,Digital / en ligne,2024-12-03,Client fidèle,3,40304.04,True,True
CUST03872,Chine,Hong Kong,Digital / en ligne,2025-09-29,Découverte,1,8137.26,False,True
CUST03873,USA,Beverly Hills,Boutique (walk-in),2026-01-31,VIC,1,77992.47,False,True
CUST03874,Japon,Tokyo Ginza,Boutique (walk-in),2025-01-13,VIC,4,84433.99,True,True
CUST03875,USA,New York 5th Ave,Digital / en ligne,2025-02-03,Client fidèle,3,42944.86,False,True
CUST03876,Japon,Tokyo Ginza,Boutique (walk-in),2024-10-23,Découverte,3,2237.65,False,True
CUST03877,Moyen-Orient,Dubaï Mall,Événement privé,2024-12-29,Client fidèle,3,40315.38,False,True
CUST03878,France (siège),Cannes,Boutique (walk-in),2025-12-24,Découverte,1,10470.18,False,True
CUST03879,USA,New York 5th Ave,Recommandation VIC,2025-12-08,Découverte,1,17047.21,False,False
CUST03880,USA,Beverly Hills,Digital / en ligne,2025-10-15,Client fidèle,2,20133.58,True,True
CUST03881,Moyen-Orient,Dubaï Mall,Boutique (walk-in),2025-11-16,Client fidèle,1,64174.0,False,True
CUST03882,Moyen-Orient,Dubaï Mall,Boutique (walk-in),2025-07-17,Découverte,2,17201.57,True,True
CUST03883,Moyen-Orient,Abu Dhabi,Boutique (walk-in),2026-04-11,Découverte,1,746.2,False,True
CUST03884,USA,Beverly Hills,Recommandation VIC,2024-12-28,Client fidèle,3,35071.67,True,True
CUST03885,Moyen-Orient,Abu Dhabi,Recommandation VIC,2025-04-06,Client fidèle,3,31451.41,True,True
CUST03886,USA,Bal Harbour,Recommandation VIC,2025-05-09,Client fidèle,2,30718.28,True,True
CUST03887,Chine,Shanghai,Événement privé,2026-01-05,Client fidèle,1,37626.65,False,False
CUST03888,Moyen-Orient,Abu Dhabi,Recommandation VIC,2024-12-05,VIC,3,136338.95,True,True
CUST03889,Chine,Shanghai,Recommandation VIC,2024-11-25,Client fidèle,3,44686.41,True,False
CUST03890,USA,Bal Harbour,Digital / en ligne,2025-03-26,Découverte,1,460.99,False,False
CUST03891,Moyen-Orient,Dubaï Mall,Boutique (walk-in),2026-04-06,Découverte,0,0.0,False,False
CUST03892,Chine,Hong Kong,Recommandation VIC,2025-01-12,Client fidèle,3,28301.78,True,False
CUST03893,France (siège),Paris Vendôme,Digital / en ligne,2025-07-22,Découverte,2,2234.23,True,True
CUST03894,Chine,Hong Kong,Digital / en ligne,2025-04-01,Client fidèle,3,27099.86,True,True
CUST03895,Japon,Osaka,Événement privé,2024-09-21,Client fidèle,4,49720.38,True,True
CUST03896,Chine,Pékin,Recommandation VIC,2025-10-21,Découverte,1,724.91,False,True
CUST03897,Chine,Shanghai,Boutique (walk-in),2026-03-28,Découverte,0,0.0,False,False
CUST03898,Moyen-Orient,Dubaï Mall,Recommandation VIC,2025-01-14,Découverte,3,12850.99,False,False
CUST03899,Japon,Tokyo Ginza,Boutique (walk-in),2026-03-19,Découverte,0,0.0,False,False
CUST03900,USA,New York 5th Ave,Boutique (walk-in),2024-10-27,Client fidèle,4,56424.85,False,True
CUST03901,USA,New York 5th Ave,Recommandation VIC,2025-12-02,Découverte,1,9788.37,False,True
CUST03902,Japon,Osaka,Boutique (walk-in),2025-01-02,Client fidèle,3,56966.36,True,False
CUST03903,Moyen-Orient,Dubaï Mall,Boutique (walk-in),2025-05-13,Découverte,2,2136.13,False,True
CUST03904,Chine,Hong Kong,Recommandation VIC,2026-03-06,Découverte,1,16617.7,False,True
CUST03905,Moyen-Orient,Dubaï Mall,Boutique (walk-in),2025-02-01,VIC,3,71923.38,True,True
CUST03906,Chine,Shanghai,Recommandation VIC,2025-09-11,Découverte,1,836.95,False,True
CUST03907,France (siège),Paris Champs-Élysées,Recommandation VIC,2025-07-14,VIC,3,77278.83,True,True
CUST03908,USA,Bal Harbour,Événement privé,2025-06-15,Découverte,2,13127.51,True,True
CUST03909,Chine,Pékin,Recommandation VIC,2025-08-02,Client fidèle,2,31532.81,False,True
CUST03910,USA,New York 5th Ave,Boutique (walk-in),2025-02-13,Client fidèle,3,38595.71,True,True
CUST03911,Chine,Shanghai,Recommandation VIC,2026-02-01,Découverte,0,0.0,False,False
CUST03912,Chine,Hong Kong,Recommandation VIC,2025-08-12,Client fidèle,2,35034.53,True,True
CUST03913,Chine,Hong Kong,Boutique (walk-in),2024-11-29,Client fidèle,3,60791.77,False,False
CUST03914,USA,New York 5th Ave,Événement privé,2025-10-05,Découverte,1,649.44,False,True
CUST03915,France (siège),Paris Champs-Élysées,Événement privé,2025-08-27,VIC,2,121565.3,True,True
CUST03916,France (siège),Cannes,Recommandation VIC,2025-03-11,Découverte,3,9243.52,True,True
CUST03917,Moyen-Orient,Dubaï Mall,Boutique (walk-in),2025-09-28,Client fidèle,2,21557.94,False,True
CUST03918,Moyen-Orient,Dubaï Mall,Digital / en ligne,2025-11-14,Découverte,1,1157.51,False,True
CUST03919,France (siège),Paris Champs-Élysées,Boutique (walk-in),2026-04-09,Découverte,0,0.0,False,False
CUST03920,Japon,Tokyo Ginza,Boutique (walk-in),2025-06-27,Client fidèle,1,26513.05,False,False
CUST03921,Chine,Shanghai,Recommandation VIC,2025-12-12,Découverte,1,12043.44,False,True
CUST03922,USA,Beverly Hills,Boutique (walk-in),2025-07-14,Client fidèle,2,25022.69,False,False
CUST03923,Moyen-Orient,Dubaï Mall,Événement privé,2024-12-31,VIC,3,173346.78,True,True
CUST03924,USA,Bal Harbour,Recommandation VIC,2025-10-29,Découverte,1,627.0,False,True
CUST03925,Moyen-Orient,Dubaï Mall,Boutique (walk-in),2024-09-16,VIC,4,67311.75,True,True
CUST03926,France (siège),Paris Vendôme,Boutique (walk-in),2025-11-25,Découverte,1,732.36,False,True
CUST03927,France (siège),Paris Vendôme,Recommandation VIC,2025-04-04,Client fidèle,2,27864.14,False,True
CUST03928,Moyen-Orient,Dubaï Mall,Recommandation VIC,2024-11-23,VIC,3,185304.72,True,True
CUST03929,Chine,Shanghai,Recommandation VIC,2026-02-13,Découverte,0,0.0,False,False
CUST03930,USA,New York 5th Ave,Boutique (walk-in),2024-12-13,VIC,3,111417.55,True,True
CUST03931,Moyen-Orient,Abu Dhabi,Boutique (walk-in),2024-10-30,Very VIP,5,368122.35,True,False
CUST03932,France (siège),Paris Vendôme,Digital / en ligne,2025-07-13,Client fidèle,2,33169.7,False,True
CUST03933,Japon,Osaka,Événement privé,2025-09-25,Découverte,1,8195.23,False,True
CUST03934,Chine,Pékin,Boutique (walk-in),2026-03-22,Découverte,0,0.0,False,False
CUST03935,Japon,Tokyo Ginza,Boutique (walk-in),2025-11-23,Découverte,1,687.83,False,True
CUST03936,Moyen-Orient,Abu Dhabi,Recommandation VIC,2025-09-23,Découverte,1,11663.26,False,True
CUST03937,France (siège),Paris Vendôme,Boutique (walk-in),2024-11-23,Découverte,4,5056.27,True,True
CUST03938,Chine,Hong Kong,Digital / en ligne,2025-04-16,VIC,2,103739.89,True,True
CUST03939,Chine,Shanghai,Événement privé,2025-12-14,Découverte,1,7635.69,False,False
CUST03940,USA,New York 5th Ave,Digital / en ligne,2024-11-12,Client fidèle,3,39118.45,True,True
CUST03941,France (siège),Paris Champs-Élysées,Recommandation VIC,2024-09-06,Client fidèle,2,38545.55,False,False
CUST03942,Moyen-Orient,Dubaï Mall,Recommandation VIC,2026-04-20,Découverte,0,0.0,False,False
CUST03943,Chine,Pékin,Digital / en ligne,2025-01-14,VIC,3,123329.29,False,True
CUST03944,Chine,Shanghai,Digital / en ligne,2025-05-24,Client fidèle,3,47978.21,True,True
CUST03945,Japon,Tokyo Ginza,Boutique (walk-in),2024-11-14,Client fidèle,3,25965.65,True,True
CUST03946,France (siège),Paris Champs-Élysées,Boutique (walk-in),2025-01-12,Découverte,1,939.82,False,False
CUST03947,USA,Beverly Hills,Recommandation VIC,2025-08-03,VIC,1,95630.15,False,True
CUST03948,Chine,Pékin,Événement privé,2025-05-16,Client fidèle,2,47188.9,True,True
CUST03949,Chine,Hong Kong,Boutique (walk-in),2024-10-10,Découverte,3,16187.72,True,True
CUST03950,France (siège),Cannes,Boutique (walk-in),2025-05-07,Client fidèle,2,35992.01,True,False
CUST03951,France (siège),Paris Champs-Élysées,Boutique (walk-in),2025-02-05,Découverte,1,923.48,False,False
CUST03952,France (siège),Cannes,Événement privé,2025-08-03,Découverte,2,1959.01,False,True
CUST03953,Japon,Tokyo Ginza,Digital / en ligne,2026-04-03,Découverte,0,0.0,False,False
CUST03954,France (siège),Paris Vendôme,Recommandation VIC,2025-11-30,Client fidèle,1,39136.86,False,False
CUST03955,France (siège),Cannes,Recommandation VIC,2025-04-02,Découverte,2,17375.4,False,True
CUST03956,Japon,Osaka,Événement privé,2025-02-11,Client fidèle,2,19303.88,False,True
CUST03957,Moyen-Orient,Dubaï Mall,Recommandation VIC,2025-10-26,Client fidèle,1,51268.81,False,True
CUST03958,France (siège),Cannes,Boutique (walk-in),2026-01-01,Client fidèle,1,28373.11,False,True
CUST03959,France (siège),Cannes,Digital / en ligne,2024-10-23,Client fidèle,3,57484.62,True,True
CUST03960,Moyen-Orient,Abu Dhabi,Digital / en ligne,2026-01-03,Découverte,1,849.37,False,False
CUST03961,USA,Beverly Hills,Événement privé,2026-04-21,Découverte,0,0.0,False,False
CUST03962,Moyen-Orient,Abu Dhabi,Digital / en ligne,2024-11-08,Découverte,4,15771.79,True,True
CUST03963,USA,Bal Harbour,Boutique (walk-in),2025-08-17,Client fidèle,2,21806.54,False,True
CUST03964,USA,Beverly Hills,Digital / en ligne,2025-05-02,Client fidèle,2,31914.56,True,True
CUST03965,France (siège),Paris Champs-Élysées,Boutique (walk-in),2026-03-10,Découverte,0,0.0,False,False
CUST03966,Chine,Hong Kong,Boutique (walk-in),2025-07-01,Découverte,1,13299.3,False,False
CUST03967,France (siège),Cannes,Boutique (walk-in),2025-07-12,Découverte,2,17940.37,False,True
CUST03968,USA,Beverly Hills,Boutique (walk-in),2025-12-10,Découverte,1,1190.9,False,True
CUST03969,USA,Bal Harbour,Événement privé,2026-03-01,Découverte,0,0.0,False,False
CUST03970,USA,Beverly Hills,Digital / en ligne,2025-01-28,VIC,5,65550.96,True,True
CUST03971,USA,New York 5th Ave,Digital / en ligne,2025-07-04,Découverte,1,542.11,False,True
CUST03972,Chine,Hong Kong,Boutique (walk-in),2024-09-19,Very VIP,4,381964.77,True,True
CUST03973,USA,Beverly Hills,Boutique (walk-in),2025-08-21,Découverte,1,332.88,False,False
CUST03974,Moyen-Orient,Dubaï Mall,Événement privé,2025-08-02,Client fidèle,2,26316.99,True,True
CUST03975,Japon,Tokyo Ginza,Boutique (walk-in),2024-11-28,VIC,4,153494.49,True,True
CUST03976,Chine,Pékin,Recommandation VIC,2024-11-23,VIC,2,162369.33,True,False
CUST03977,Moyen-Orient,Dubaï Mall,Recommandation VIC,2024-09-18,VIC,6,141052.37,True,True
CUST03978,Japon,Tokyo Ginza,Boutique (walk-in),2025-01-05,Client fidèle,3,47738.27,False,True
CUST03979,Moyen-Orient,Dubaï Mall,Événement privé,2025-10-05,VIC,2,202195.47,True,True
CUST03980,USA,Bal Harbour,Événement privé,2025-12-25,Client fidèle,1,55956.93,False,True
CUST03981,Chine,Pékin,Événement privé,2025-12-26,Découverte,1,1109.05,False,True
CUST03982,Moyen-Orient,Abu Dhabi,Recommandation VIC,2026-03-24,Client fidèle,1,38120.37,False,True
CUST03983,USA,New York 5th Ave,Digital / en ligne,2025-01-18,VIC,3,112979.94,True,True
CUST03984,Moyen-Orient,Abu Dhabi,Recommandation VIC,2026-03-25,Very VIP,1,818729.19,False,True
CUST03985,USA,Bal Harbour,Digital / en ligne,2025-12-08,Découverte,1,8930.94,False,True
CUST03986,France (siège),Cannes,Événement privé,2026-04-11,Découverte,0,0.0,False,False
CUST03987,Chine,Pékin,Boutique (walk-in),2025-09-20,Client fidèle,2,48360.7,True,True
CUST03988,France (siège),Cannes,Boutique (walk-in),2024-12-24,Client fidèle,2,53492.08,True,False
CUST03989,France (siège),Cannes,Recommandation VIC,2025-07-05,Client fidèle,1,25387.25,False,False
CUST03990,Japon,Osaka,Recommandation VIC,2025-02-03,VIC,3,108864.5,True,True
CUST03991,Moyen-Orient,Abu Dhabi,Événement privé,2024-12-12,Client fidèle,3,25559.59,True,True
CUST03992,Moyen-Orient,Abu Dhabi,Digital / en ligne,2026-03-05,VIC,1,103407.93,False,True
CUST03993,USA,New York 5th Ave,Recommandation VIC,2025-11-23,Découverte,1,14491.82,False,True
CUST03994,Chine,Shanghai,Événement privé,2024-11-12,Client fidèle,3,24431.2,True,False
CUST03995,France (siège),Cannes,Événement privé,2025-12-02,Découverte,1,764.13,False,True
CUST03996,USA,New York 5th Ave,Digital / en ligne,2025-11-30,VIC,1,112379.63,False,True
CUST03997,France (siège),Paris Champs-Élysées,Recommandation VIC,2024-11-06,Client fidèle,3,36229.93,True,True
CUST03998,USA,Bal Harbour,Recommandation VIC,2025-02-13,Client fidèle,3,20556.11,True,True
CUST03999,Chine,Shanghai,Boutique (walk-in),2025-11-15,Découverte,1,691.66,False,True
CUST04000,Japon,Tokyo Ginza,Recommandation VIC,2025-11-12,Découverte,1,13805.73,False,True
