touchpoint_id,customer_id,touchpoint_date,type,market
TP000001,CUST00001,2025-09-16,Événement VIC,Chine
TP000002,CUST00001,2025-09-20,Événement VIC,Chine
TP000003,CUST00001,2025-09-11,Événement VIC,Chine
TP000004,CUST00001,2026-01-30,Appel conseiller de vente,Chine
TP000005,CUST00004,2026-03-13,Ouverture newsletter,France (siège)
TP000006,CUST00004,2026-03-10,Événement VIC,France (siège)
TP000007,CUST00004,2026-03-11,Appel conseiller de vente,France (siège)
TP000008,CUST00005,2025-07-03,Événement VIC,Japon
TP000009,CUST00005,2026-01-01,Visite site e-commerce,Japon
TP000010,CUST00005,2026-01-01,Événement VIC,Japon
TP000011,CUST00005,2026-01-10,Rendez-vous boutique,Japon
TP000012,CUST00005,2026-06-20,Rendez-vous boutique,Japon
TP000013,CUST00005,2026-06-14,Rendez-vous boutique,Japon
TP000014,CUST00006,2025-05-09,Appel conseiller de vente,Japon
TP000015,CUST00006,2025-05-07,Événement VIC,Japon
TP000016,CUST00006,2025-09-30,Appel conseiller de vente,Japon
TP000017,CUST00006,2025-09-13,Rendez-vous boutique,Japon
TP000018,CUST00006,2025-09-23,Visite site e-commerce,Japon
TP000019,CUST00006,2026-03-27,Rendez-vous boutique,Japon
TP000020,CUST00006,2026-03-24,Événement VIC,Japon
TP000021,CUST00007,2025-04-23,Visite site e-commerce,Chine
TP000022,CUST00007,2025-05-10,Événement VIC,Chine
TP000023,CUST00007,2025-09-29,Rendez-vous boutique,Chine
TP000024,CUST00007,2025-09-12,Appel conseiller de vente,Chine
TP000025,CUST00007,2026-05-24,Appel conseiller de vente,Chine
TP000026,CUST00007,2026-05-14,Événement VIC,Chine
TP000027,CUST00008,2026-05-24,Appel conseiller de vente,France (siège)
TP000028,CUST00008,2026-05-19,Rendez-vous boutique,France (siège)
TP000029,CUST00008,2026-06-01,Événement VIC,France (siège)
TP000030,CUST00009,2025-05-26,Ouverture newsletter,Chine
TP000031,CUST00009,2025-06-14,Visite site e-commerce,Chine
TP000032,CUST00009,2025-05-29,Visite site e-commerce,Chine
TP000033,CUST00010,2025-08-12,Ouverture newsletter,Japon
TP000034,CUST00010,2025-08-13,Appel conseiller de vente,Japon
TP000035,CUST00010,2025-08-23,Ouverture newsletter,Japon
TP000036,CUST00010,2026-03-04,Rendez-vous boutique,Japon
TP000037,CUST00010,2026-03-17,Rendez-vous boutique,Japon
TP000038,CUST00010,2026-02-26,Appel conseiller de vente,Japon
TP000039,CUST00011,2025-05-09,Visite site e-commerce,Chine
TP000040,CUST00011,2025-11-18,Rendez-vous boutique,Chine
TP000041,CUST00011,2026-05-24,Rendez-vous boutique,Chine
TP000042,CUST00012,2025-12-19,Événement VIC,Chine
TP000043,CUST00012,2025-12-14,Appel conseiller de vente,Chine
TP000044,CUST00012,2026-01-04,Événement VIC,Chine
TP000045,CUST00012,2026-05-27,Visite site e-commerce,Chine
TP000046,CUST00012,2026-05-29,Visite site e-commerce,Chine
TP000047,CUST00012,2026-05-11,Visite site e-commerce,Chine
TP000048,CUST00013,2025-08-23,Rendez-vous boutique,France (siège)
TP000049,CUST00014,2026-03-15,Appel conseiller de vente,Japon
TP000050,CUST00014,2026-03-06,Rendez-vous boutique,Japon
TP000051,CUST00014,2026-03-14,Visite site e-commerce,Japon
TP000052,CUST00015,2025-10-03,Visite site e-commerce,Chine
TP000053,CUST00015,2025-09-29,Événement VIC,Chine
TP000054,CUST00015,2025-09-28,Appel conseiller de vente,Chine
TP000055,CUST00015,2026-02-14,Appel conseiller de vente,Chine
TP000056,CUST00015,2026-02-18,Événement VIC,Chine
TP000057,CUST00015,2026-07-18,Visite site e-commerce,Chine
TP000058,CUST00015,2026-07-23,Événement VIC,Chine
TP000059,CUST00016,2026-07-04,Ouverture newsletter,Japon
TP000060,CUST00016,2026-06-21,Ouverture newsletter,Japon
TP000061,CUST00016,2026-07-07,Événement VIC,Japon
TP000062,CUST00017,2025-03-27,Événement VIC,France (siège)
TP000063,CUST00017,2025-03-24,Événement VIC,France (siège)
TP000064,CUST00017,2025-04-04,Événement VIC,France (siège)
TP000065,CUST00017,2025-08-23,Visite site e-commerce,France (siège)
TP000066,CUST00017,2025-11-04,Ouverture newsletter,France (siège)
TP000067,CUST00017,2026-03-30,Appel conseiller de vente,France (siège)
TP000068,CUST00017,2026-03-26,Visite site e-commerce,France (siège)
TP000069,CUST00018,2025-04-23,Visite site e-commerce,USA
TP000070,CUST00018,2025-05-08,Ouverture newsletter,USA
TP000071,CUST00018,2025-04-20,Rendez-vous boutique,USA
TP000072,CUST00018,2025-11-14,Visite site e-commerce,USA
TP000073,CUST00018,2025-11-18,Appel conseiller de vente,USA
TP000074,CUST00018,2026-05-08,Visite site e-commerce,USA
TP000075,CUST00018,2026-05-24,Appel conseiller de vente,USA
TP000076,CUST00020,2026-05-24,Ouverture newsletter,France (siège)
TP000077,CUST00021,2026-05-29,Appel conseiller de vente,Chine
TP000078,CUST00021,2026-05-31,Ouverture newsletter,Chine
TP000079,CUST00021,2026-06-11,Visite site e-commerce,Chine
TP000080,CUST00022,2026-02-03,Événement VIC,France (siège)
TP000081,CUST00022,2026-01-23,Appel conseiller de vente,France (siège)
TP000082,CUST00022,2026-02-12,Événement VIC,France (siège)
TP000083,CUST00022,2026-06-18,Événement VIC,France (siège)
TP000084,CUST00023,2025-03-30,Visite site e-commerce,Japon
TP000085,CUST00023,2025-03-23,Appel conseiller de vente,Japon
TP000086,CUST00023,2025-10-13,Ouverture newsletter,Japon
TP000087,CUST00023,2025-10-14,Ouverture newsletter,Japon
TP000088,CUST00023,2026-03-23,Visite site e-commerce,Japon
TP000089,CUST00023,2026-03-26,Visite site e-commerce,Japon
TP000090,CUST00024,2026-05-09,Appel conseiller de vente,Moyen-Orient
TP000091,CUST00024,2026-05-07,Rendez-vous boutique,Moyen-Orient
TP000092,CUST00025,2026-01-22,Rendez-vous boutique,USA
TP000093,CUST00025,2026-01-22,Ouverture newsletter,USA
TP000094,CUST00025,2026-01-14,Visite site e-commerce,USA
TP000095,CUST00025,2026-05-19,Visite site e-commerce,USA
TP000096,CUST00025,2026-06-01,Visite site e-commerce,USA
TP000097,CUST00027,2025-04-28,Visite site e-commerce,Japon
TP000098,CUST00027,2025-04-22,Événement VIC,Japon
TP000099,CUST00027,2025-04-23,Événement VIC,Japon
TP000100,CUST00027,2025-10-03,Visite site e-commerce,Japon
TP000101,CUST00027,2025-09-18,Événement VIC,Japon
TP000102,CUST00027,2025-09-23,Ouverture newsletter,Japon
TP000103,CUST00028,2025-11-18,Rendez-vous boutique,Moyen-Orient
TP000104,CUST00028,2025-11-22,Appel conseiller de vente,Moyen-Orient
TP000105,CUST00029,2026-03-13,Ouverture newsletter,France (siège)
TP000106,CUST00029,2026-03-05,Visite site e-commerce,France (siège)
TP000107,CUST00029,2026-06-25,Visite site e-commerce,France (siège)
TP000108,CUST00029,2026-06-18,Ouverture newsletter,France (siège)
TP000109,CUST00030,2025-02-22,Visite site e-commerce,Moyen-Orient
TP000110,CUST00030,2025-07-17,Événement VIC,Moyen-Orient
TP000111,CUST00030,2025-11-18,Ouverture newsletter,Moyen-Orient
TP000112,CUST00030,2025-11-15,Ouverture newsletter,Moyen-Orient
TP000113,CUST00030,2025-10-30,Visite site e-commerce,Moyen-Orient
TP000114,CUST00030,2026-02-22,Événement VIC,Moyen-Orient
TP000115,CUST00030,2026-06-21,Ouverture newsletter,Moyen-Orient
TP000116,CUST00031,2025-09-06,Événement VIC,Moyen-Orient
TP000117,CUST00031,2025-09-10,Ouverture newsletter,Moyen-Orient
TP000118,CUST00031,2026-02-10,Événement VIC,Moyen-Orient
TP000119,CUST00031,2026-07-12,Appel conseiller de vente,Moyen-Orient
TP000120,CUST00032,2026-07-08,Événement VIC,USA
TP000121,CUST00032,2026-07-25,Ouverture newsletter,USA
TP000122,CUST00033,2025-08-12,Appel conseiller de vente,Chine
TP000123,CUST00033,2025-08-16,Ouverture newsletter,Chine
TP000124,CUST00033,2026-01-03,Visite site e-commerce,Chine
TP000125,CUST00033,2026-01-15,Événement VIC,Chine
TP000126,CUST00033,2026-01-19,Événement VIC,Chine
TP000127,CUST00033,2026-06-27,Visite site e-commerce,Chine
TP000128,CUST00033,2026-07-07,Appel conseiller de vente,Chine
TP000129,CUST00034,2026-01-05,Rendez-vous boutique,France (siège)
TP000130,CUST00034,2026-01-03,Événement VIC,France (siège)
TP000131,CUST00034,2026-04-23,Appel conseiller de vente,France (siège)
TP000132,CUST00034,2026-04-25,Événement VIC,France (siège)
TP000133,CUST00035,2026-04-09,Rendez-vous boutique,Chine
TP000134,CUST00036,2025-03-19,Appel conseiller de vente,France (siège)
TP000135,CUST00036,2025-03-04,Appel conseiller de vente,France (siège)
TP000136,CUST00036,2025-03-20,Événement VIC,France (siège)
TP000137,CUST00036,2025-08-29,Ouverture newsletter,France (siège)
TP000138,CUST00036,2025-08-18,Ouverture newsletter,France (siège)
TP000139,CUST00036,2026-01-26,Appel conseiller de vente,France (siège)
TP000140,CUST00036,2026-01-18,Ouverture newsletter,France (siège)
TP000141,CUST00036,2026-01-22,Ouverture newsletter,France (siège)
TP000142,CUST00036,2026-07-06,Rendez-vous boutique,France (siège)
TP000143,CUST00036,2026-07-20,Rendez-vous boutique,France (siège)
TP000144,CUST00036,2026-07-17,Ouverture newsletter,France (siège)
TP000145,CUST00038,2025-12-30,Visite site e-commerce,Moyen-Orient
TP000146,CUST00038,2025-12-15,Ouverture newsletter,Moyen-Orient
TP000147,CUST00038,2025-12-24,Rendez-vous boutique,Moyen-Orient
TP000148,CUST00038,2026-06-06,Visite site e-commerce,Moyen-Orient
TP000149,CUST00038,2026-05-23,Événement VIC,Moyen-Orient
TP000150,CUST00039,2026-06-16,Visite site e-commerce,France (siège)
TP000151,CUST00039,2026-06-17,Appel conseiller de vente,France (siège)
TP000152,CUST00039,2026-05-31,Appel conseiller de vente,France (siège)
TP000153,CUST00040,2025-08-14,Appel conseiller de vente,Moyen-Orient
TP000154,CUST00040,2025-08-24,Ouverture newsletter,Moyen-Orient
TP000155,CUST00040,2026-01-06,Ouverture newsletter,Moyen-Orient
TP000156,CUST00040,2026-01-04,Appel conseiller de vente,Moyen-Orient
TP000157,CUST00040,2026-06-06,Rendez-vous boutique,Moyen-Orient
TP000158,CUST00040,2026-06-13,Appel conseiller de vente,Moyen-Orient
TP000159,CUST00041,2025-05-02,Rendez-vous boutique,France (siège)
TP000160,CUST00041,2025-04-27,Rendez-vous boutique,France (siège)
TP000161,CUST00041,2025-11-03,Appel conseiller de vente,France (siège)
TP000162,CUST00041,2025-11-07,Ouverture newsletter,France (siège)
TP000163,CUST00041,2026-04-23,Événement VIC,France (siège)
TP000164,CUST00041,2026-04-25,Visite site e-commerce,France (siège)
TP000165,CUST00042,2026-05-30,Événement VIC,France (siège)
TP000166,CUST00042,2026-05-12,Ouverture newsletter,France (siège)
TP000167,CUST00044,2025-11-25,Appel conseiller de vente,USA
TP000168,CUST00044,2026-05-26,Rendez-vous boutique,USA
TP000169,CUST00044,2026-05-22,Visite site e-commerce,USA
TP000170,CUST00045,2025-05-31,Ouverture newsletter,Moyen-Orient
TP000171,CUST00045,2025-05-22,Visite site e-commerce,Moyen-Orient
TP000172,CUST00045,2025-12-05,Appel conseiller de vente,Moyen-Orient
TP000173,CUST00045,2025-12-01,Rendez-vous boutique,Moyen-Orient
TP000174,CUST00045,2025-12-11,Appel conseiller de vente,Moyen-Orient
TP000175,CUST00045,2026-05-27,Événement VIC,Moyen-Orient
TP000176,CUST00046,2025-08-01,Événement VIC,France (siège)
TP000177,CUST00046,2025-12-29,Rendez-vous boutique,France (siège)
TP000178,CUST00046,2026-01-10,Visite site e-commerce,France (siège)
TP000179,CUST00046,2026-07-08,Événement VIC,France (siège)
TP000180,CUST00046,2026-07-15,Ouverture newsletter,France (siège)
TP000181,CUST00046,2026-07-01,Appel conseiller de vente,France (siège)
TP000182,CUST00047,2026-04-23,Visite site e-commerce,USA
TP000183,CUST00048,2025-07-22,Appel conseiller de vente,Chine
TP000184,CUST00048,2026-02-05,Événement VIC,Chine
TP000185,CUST00048,2026-01-28,Ouverture newsletter,Chine
TP000186,CUST00048,2026-01-19,Appel conseiller de vente,Chine
TP000187,CUST00049,2025-10-09,Événement VIC,Moyen-Orient
TP000188,CUST00049,2025-10-03,Ouverture newsletter,Moyen-Orient
TP000189,CUST00049,2025-10-12,Appel conseiller de vente,Moyen-Orient
TP000190,CUST00049,2026-02-23,Visite site e-commerce,Moyen-Orient
TP000191,CUST00049,2026-07-25,Appel conseiller de vente,Moyen-Orient
TP000192,CUST00049,2026-07-17,Appel conseiller de vente,Moyen-Orient
TP000193,CUST00049,2026-07-21,Événement VIC,Moyen-Orient
TP000194,CUST00050,2026-07-21,Appel conseiller de vente,France (siège)
TP000195,CUST00050,2026-07-01,Visite site e-commerce,France (siège)
TP000196,CUST00051,2025-07-17,Événement VIC,Chine
TP000197,CUST00051,2025-07-26,Événement VIC,Chine
TP000198,CUST00051,2025-07-20,Événement VIC,Chine
TP000199,CUST00051,2026-01-08,Ouverture newsletter,Chine
TP000200,CUST00051,2026-07-14,Ouverture newsletter,Chine
TP000201,CUST00051,2026-07-24,Appel conseiller de vente,Chine
TP000202,CUST00051,2026-07-13,Ouverture newsletter,Chine
TP000203,CUST00052,2025-08-15,Événement VIC,Chine
TP000204,CUST00052,2025-12-26,Visite site e-commerce,Chine
TP000205,CUST00052,2026-04-21,Rendez-vous boutique,Chine
TP000206,CUST00052,2026-04-03,Événement VIC,Chine
TP000207,CUST00053,2025-04-21,Rendez-vous boutique,USA
TP000208,CUST00053,2025-04-18,Visite site e-commerce,USA
TP000209,CUST00053,2025-09-15,Rendez-vous boutique,USA
TP000210,CUST00053,2025-09-27,Visite site e-commerce,USA
TP000211,CUST00053,2025-09-30,Visite site e-commerce,USA
TP000212,CUST00053,2025-12-25,Événement VIC,USA
TP000213,CUST00053,2026-01-12,Événement VIC,USA
TP000214,CUST00053,2026-01-03,Visite site e-commerce,USA
TP000215,CUST00053,2026-06-24,Appel conseiller de vente,USA
TP000216,CUST00053,2026-06-28,Appel conseiller de vente,USA
TP000217,CUST00054,2025-04-08,Ouverture newsletter,Chine
TP000218,CUST00054,2025-04-08,Rendez-vous boutique,Chine
TP000219,CUST00055,2025-10-24,Événement VIC,Moyen-Orient
TP000220,CUST00055,2026-04-15,Appel conseiller de vente,Moyen-Orient
TP000221,CUST00056,2025-04-25,Rendez-vous boutique,Japon
TP000222,CUST00056,2025-05-06,Événement VIC,Japon
TP000223,CUST00056,2025-04-13,Appel conseiller de vente,Japon
TP000224,CUST00056,2025-10-29,Visite site e-commerce,Japon
TP000225,CUST00056,2025-10-17,Événement VIC,Japon
TP000226,CUST00056,2026-03-29,Visite site e-commerce,Japon
TP000227,CUST00057,2026-02-04,Ouverture newsletter,Japon
TP000228,CUST00057,2026-02-05,Événement VIC,Japon
TP000229,CUST00057,2026-06-20,Visite site e-commerce,Japon
TP000230,CUST00057,2026-06-11,Visite site e-commerce,Japon
TP000231,CUST00058,2026-01-07,Rendez-vous boutique,Chine
TP000232,CUST00058,2026-01-15,Ouverture newsletter,Chine
TP000233,CUST00058,2026-01-14,Événement VIC,Chine
TP000234,CUST00058,2026-05-22,Événement VIC,Chine
TP000235,CUST00058,2026-06-10,Visite site e-commerce,Chine
TP000236,CUST00059,2025-03-28,Visite site e-commerce,USA
TP000237,CUST00059,2025-07-09,Visite site e-commerce,USA
TP000238,CUST00059,2025-07-04,Visite site e-commerce,USA
TP000239,CUST00059,2025-07-03,Rendez-vous boutique,USA
TP000240,CUST00059,2025-11-19,Visite site e-commerce,USA
TP000241,CUST00059,2025-11-02,Rendez-vous boutique,USA
TP000242,CUST00059,2026-04-20,Ouverture newsletter,USA
TP000243,CUST00061,2025-09-26,Visite site e-commerce,USA
TP000244,CUST00061,2025-10-01,Rendez-vous boutique,USA
TP000245,CUST00061,2025-09-20,Ouverture newsletter,USA
TP000246,CUST00061,2026-03-22,Appel conseiller de vente,USA
TP000247,CUST00061,2026-03-21,Rendez-vous boutique,USA
TP000248,CUST00061,2026-04-09,Visite site e-commerce,USA
TP000249,CUST00062,2026-03-10,Ouverture newsletter,Moyen-Orient
TP000250,CUST00062,2026-03-20,Visite site e-commerce,Moyen-Orient
TP000251,CUST00064,2025-10-18,Appel conseiller de vente,Chine
TP000252,CUST00064,2026-03-15,Visite site e-commerce,Chine
TP000253,CUST00065,2025-05-24,Rendez-vous boutique,France (siège)
TP000254,CUST00065,2025-05-09,Rendez-vous boutique,France (siège)
TP000255,CUST00065,2025-12-05,Événement VIC,France (siège)
TP000256,CUST00065,2026-06-03,Ouverture newsletter,France (siège)
TP000257,CUST00065,2026-06-16,Visite site e-commerce,France (siège)
TP000258,CUST00065,2026-06-02,Ouverture newsletter,France (siège)
TP000259,CUST00066,2025-12-13,Ouverture newsletter,France (siège)
TP000260,CUST00066,2025-12-11,Rendez-vous boutique,France (siège)
TP000261,CUST00066,2026-06-11,Ouverture newsletter,France (siège)
TP000262,CUST00066,2026-06-07,Ouverture newsletter,France (siège)
TP000263,CUST00066,2026-06-10,Visite site e-commerce,France (siège)
TP000264,CUST00067,2025-07-29,Appel conseiller de vente,Moyen-Orient
TP000265,CUST00067,2025-07-30,Ouverture newsletter,Moyen-Orient
TP000266,CUST00067,2025-12-20,Événement VIC,Moyen-Orient
TP000267,CUST00067,2025-12-16,Rendez-vous boutique,Moyen-Orient
TP000268,CUST00067,2026-01-06,Visite site e-commerce,Moyen-Orient
TP000269,CUST00067,2026-06-19,Ouverture newsletter,Moyen-Orient
TP000270,CUST00068,2025-10-30,Appel conseiller de vente,USA
TP000271,CUST00069,2025-08-26,Appel conseiller de vente,Chine
TP000272,CUST00069,2025-08-30,Appel conseiller de vente,Chine
TP000273,CUST00069,2026-01-03,Ouverture newsletter,Chine
TP000274,CUST00069,2026-04-15,Rendez-vous boutique,Chine
TP000275,CUST00069,2026-04-13,Rendez-vous boutique,Chine
TP000276,CUST00069,2026-04-10,Événement VIC,Chine
TP000277,CUST00070,2025-12-14,Ouverture newsletter,USA
TP000278,CUST00070,2026-06-27,Rendez-vous boutique,USA
TP000279,CUST00072,2026-07-25,Ouverture newsletter,USA
TP000280,CUST00072,2026-07-25,Événement VIC,USA
TP000281,CUST00072,2026-07-15,Ouverture newsletter,USA
TP000282,CUST00073,2025-08-10,Rendez-vous boutique,France (siège)
TP000283,CUST00073,2025-08-20,Événement VIC,France (siège)
TP000284,CUST00073,2025-08-16,Événement VIC,France (siège)
TP000285,CUST00073,2025-12-20,Appel conseiller de vente,France (siège)
TP000286,CUST00073,2026-01-02,Rendez-vous boutique,France (siège)
TP000287,CUST00073,2026-04-26,Rendez-vous boutique,France (siège)
TP000288,CUST00074,2026-05-28,Appel conseiller de vente,USA
TP000289,CUST00074,2026-05-19,Rendez-vous boutique,USA
TP000290,CUST00075,2025-09-29,Ouverture newsletter,Chine
TP000291,CUST00075,2025-09-29,Visite site e-commerce,Chine
TP000292,CUST00075,2025-09-28,Ouverture newsletter,Chine
TP000293,CUST00075,2026-04-05,Ouverture newsletter,Chine
TP000294,CUST00076,2026-03-02,Ouverture newsletter,USA
TP000295,CUST00076,2026-03-05,Visite site e-commerce,USA
TP000296,CUST00078,2025-07-07,Événement VIC,Moyen-Orient
TP000297,CUST00078,2025-07-12,Visite site e-commerce,Moyen-Orient
TP000298,CUST00078,2025-07-24,Appel conseiller de vente,Moyen-Orient
TP000299,CUST00078,2026-02-01,Appel conseiller de vente,Moyen-Orient
TP000300,CUST00078,2026-01-21,Visite site e-commerce,Moyen-Orient
TP000301,CUST00079,2026-05-31,Événement VIC,France (siège)
TP000302,CUST00079,2026-05-25,Rendez-vous boutique,France (siège)
TP000303,CUST00080,2025-02-28,Visite site e-commerce,Japon
TP000304,CUST00080,2025-03-04,Appel conseiller de vente,Japon
TP000305,CUST00080,2025-08-23,Rendez-vous boutique,Japon
TP000306,CUST00080,2026-01-14,Visite site e-commerce,Japon
TP000307,CUST00080,2026-06-19,Rendez-vous boutique,Japon
TP000308,CUST00081,2026-04-19,Visite site e-commerce,USA
TP000309,CUST00082,2025-05-11,Événement VIC,Japon
TP000310,CUST00082,2025-09-19,Événement VIC,Japon
TP000311,CUST00082,2026-01-12,Visite site e-commerce,Japon
TP000312,CUST00082,2026-01-13,Ouverture newsletter,Japon
TP000313,CUST00082,2026-01-15,Visite site e-commerce,Japon
TP000314,CUST00082,2026-05-22,Événement VIC,Japon
TP000315,CUST00082,2026-06-02,Visite site e-commerce,Japon
TP000316,CUST00082,2026-05-21,Événement VIC,Japon
TP000317,CUST00083,2025-02-24,Appel conseiller de vente,France (siège)
TP000318,CUST00083,2025-06-28,Ouverture newsletter,France (siège)
TP000319,CUST00083,2025-07-07,Visite site e-commerce,France (siège)
TP000320,CUST00083,2025-10-16,Ouverture newsletter,France (siège)
TP000321,CUST00083,2025-10-26,Rendez-vous boutique,France (siège)
TP000322,CUST00083,2026-03-07,Événement VIC,France (siège)
TP000323,CUST00083,2026-03-14,Visite site e-commerce,France (siège)
TP000324,CUST00083,2026-03-03,Appel conseiller de vente,France (siège)
TP000325,CUST00085,2026-01-31,Rendez-vous boutique,Japon
TP000326,CUST00085,2026-01-18,Visite site e-commerce,Japon
TP000327,CUST00085,2026-01-25,Rendez-vous boutique,Japon
TP000328,CUST00085,2026-06-16,Rendez-vous boutique,Japon
TP000329,CUST00086,2026-02-10,Visite site e-commerce,France (siège)
TP000330,CUST00086,2026-02-21,Rendez-vous boutique,France (siège)
TP000331,CUST00086,2026-02-23,Rendez-vous boutique,France (siège)
TP000332,CUST00086,2026-07-28,Appel conseiller de vente,France (siège)
TP000333,CUST00086,2026-07-28,Rendez-vous boutique,France (siège)
TP000334,CUST00087,2025-02-09,Visite site e-commerce,Chine
TP000335,CUST00088,2025-04-08,Visite site e-commerce,USA
TP000336,CUST00088,2025-10-08,Visite site e-commerce,USA
TP000337,CUST00088,2026-03-23,Ouverture newsletter,USA
TP000338,CUST00088,2026-03-10,Visite site e-commerce,USA
TP000339,CUST00089,2025-08-10,Rendez-vous boutique,Japon
TP000340,CUST00089,2025-08-22,Ouverture newsletter,Japon
TP000341,CUST00089,2026-01-20,Rendez-vous boutique,Japon
TP000342,CUST00089,2026-06-13,Rendez-vous boutique,Japon
TP000343,CUST00089,2026-06-02,Événement VIC,Japon
TP000344,CUST00089,2026-06-03,Rendez-vous boutique,Japon
TP000345,CUST00090,2026-05-26,Rendez-vous boutique,Chine
TP000346,CUST00090,2026-05-20,Événement VIC,Chine
TP000347,CUST00090,2026-06-01,Événement VIC,Chine
TP000348,CUST00091,2025-04-05,Appel conseiller de vente,USA
TP000349,CUST00091,2025-04-06,Rendez-vous boutique,USA
TP000350,CUST00091,2025-03-23,Ouverture newsletter,USA
TP000351,CUST00091,2025-09-04,Rendez-vous boutique,USA
TP000352,CUST00091,2025-09-20,Ouverture newsletter,USA
TP000353,CUST00091,2026-03-13,Ouverture newsletter,USA
TP000354,CUST00091,2026-02-18,Appel conseiller de vente,USA
TP000355,CUST00091,2026-02-28,Visite site e-commerce,USA
TP000356,CUST00092,2025-07-27,Appel conseiller de vente,USA
TP000357,CUST00092,2026-01-18,Visite site e-commerce,USA
TP000358,CUST00092,2025-12-31,Visite site e-commerce,USA
TP000359,CUST00092,2026-01-06,Ouverture newsletter,USA
TP000360,CUST00093,2025-10-23,Rendez-vous boutique,USA
TP000361,CUST00093,2025-10-24,Ouverture newsletter,USA
TP000362,CUST00093,2025-10-21,Appel conseiller de vente,USA
TP000363,CUST00094,2025-09-06,Visite site e-commerce,USA
TP000364,CUST00094,2025-09-08,Ouverture newsletter,USA
TP000365,CUST00094,2026-03-01,Ouverture newsletter,USA
TP000366,CUST00094,2026-03-08,Visite site e-commerce,USA
TP000367,CUST00094,2026-03-03,Appel conseiller de vente,USA
TP000368,CUST00095,2025-11-20,Visite site e-commerce,Japon
TP000369,CUST00095,2026-04-20,Appel conseiller de vente,Japon
TP000370,CUST00095,2026-04-22,Ouverture newsletter,Japon
TP000371,CUST00096,2025-12-24,Événement VIC,Moyen-Orient
TP000372,CUST00096,2026-07-07,Ouverture newsletter,Moyen-Orient
TP000373,CUST00097,2026-07-14,Visite site e-commerce,Japon
TP000374,CUST00097,2026-07-02,Ouverture newsletter,Japon
TP000375,CUST00097,2026-06-30,Ouverture newsletter,Japon
TP000376,CUST00098,2025-01-16,Rendez-vous boutique,USA
TP000377,CUST00098,2025-06-11,Visite site e-commerce,USA
TP000378,CUST00098,2025-09-26,Rendez-vous boutique,USA
TP000379,CUST00098,2026-02-20,Appel conseiller de vente,USA
TP000380,CUST00098,2026-06-24,Rendez-vous boutique,USA
TP000381,CUST00101,2025-04-14,Ouverture newsletter,Chine
TP000382,CUST00102,2025-08-01,Événement VIC,Chine
TP000383,CUST00102,2025-08-08,Ouverture newsletter,Chine
TP000384,CUST00102,2026-02-07,Rendez-vous boutique,Chine
TP000385,CUST00102,2026-02-01,Rendez-vous boutique,Chine
TP000386,CUST00102,2026-02-07,Visite site e-commerce,Chine
TP000387,CUST00102,2026-07-11,Rendez-vous boutique,Chine
TP000388,CUST00102,2026-07-12,Événement VIC,Chine
TP000389,CUST00102,2026-07-27,Appel conseiller de vente,Chine
TP000390,CUST00103,2025-10-29,Événement VIC,Chine
TP000391,CUST00103,2026-05-15,Rendez-vous boutique,Chine
TP000392,CUST00103,2026-05-16,Ouverture newsletter,Chine
TP000393,CUST00104,2025-11-08,Ouverture newsletter,Chine
TP000394,CUST00104,2026-05-05,Rendez-vous boutique,Chine
TP000395,CUST00104,2026-05-07,Rendez-vous boutique,Chine
TP000396,CUST00105,2025-08-21,Appel conseiller de vente,France (siège)
TP000397,CUST00105,2026-03-25,Ouverture newsletter,France (siège)
TP000398,CUST00105,2026-04-05,Appel conseiller de vente,France (siège)
TP000399,CUST00105,2026-03-13,Ouverture newsletter,France (siège)
TP000400,CUST00106,2026-06-21,Événement VIC,Moyen-Orient
TP000401,CUST00106,2026-05-31,Événement VIC,Moyen-Orient
TP000402,CUST00106,2026-06-17,Visite site e-commerce,Moyen-Orient
TP000403,CUST00108,2026-05-30,Rendez-vous boutique,USA
TP000404,CUST00110,2026-02-09,Événement VIC,France (siège)
TP000405,CUST00111,2026-02-09,Rendez-vous boutique,USA
TP000406,CUST00111,2026-01-23,Rendez-vous boutique,USA
TP000407,CUST00111,2026-02-08,Ouverture newsletter,USA
TP000408,CUST00112,2026-05-10,Rendez-vous boutique,Moyen-Orient
TP000409,CUST00113,2025-12-07,Ouverture newsletter,Chine
TP000410,CUST00113,2026-05-26,Rendez-vous boutique,Chine
TP000411,CUST00113,2026-05-30,Visite site e-commerce,Chine
TP000412,CUST00113,2026-06-06,Visite site e-commerce,Chine
TP000413,CUST00114,2025-05-19,Appel conseiller de vente,France (siège)
TP000414,CUST00114,2025-11-10,Visite site e-commerce,France (siège)
TP000415,CUST00114,2025-11-03,Visite site e-commerce,France (siège)
TP000416,CUST00114,2026-05-29,Rendez-vous boutique,France (siège)
TP000417,CUST00115,2025-10-31,Événement VIC,Moyen-Orient
TP000418,CUST00115,2025-10-28,Ouverture newsletter,Moyen-Orient
TP000419,CUST00115,2025-10-14,Visite site e-commerce,Moyen-Orient
TP000420,CUST00115,2026-04-20,Événement VIC,Moyen-Orient
TP000421,CUST00116,2025-06-01,Visite site e-commerce,France (siège)
TP000422,CUST00116,2025-06-20,Rendez-vous boutique,France (siège)
TP000423,CUST00116,2025-10-31,Rendez-vous boutique,France (siège)
TP000424,CUST00116,2025-10-18,Visite site e-commerce,France (siège)
TP000425,CUST00116,2025-11-09,Événement VIC,France (siège)
TP000426,CUST00116,2026-04-10,Événement VIC,France (siège)
TP000427,CUST00117,2026-01-01,Événement VIC,Moyen-Orient
TP000428,CUST00117,2026-07-14,Appel conseiller de vente,Moyen-Orient
TP000429,CUST00117,2026-07-08,Événement VIC,Moyen-Orient
TP000430,CUST00117,2026-06-30,Ouverture newsletter,Moyen-Orient
TP000431,CUST00118,2026-02-25,Visite site e-commerce,Moyen-Orient
TP000432,CUST00118,2026-02-26,Rendez-vous boutique,Moyen-Orient
TP000433,CUST00119,2025-10-29,Appel conseiller de vente,France (siège)
TP000434,CUST00119,2025-11-06,Visite site e-commerce,France (siège)
TP000435,CUST00119,2026-05-08,Rendez-vous boutique,France (siège)
TP000436,CUST00119,2026-04-28,Rendez-vous boutique,France (siège)
TP000437,CUST00119,2026-05-07,Ouverture newsletter,France (siège)
TP000438,CUST00120,2025-08-05,Visite site e-commerce,Chine
TP000439,CUST00120,2025-08-07,Appel conseiller de vente,Chine
TP000440,CUST00120,2026-01-24,Appel conseiller de vente,Chine
TP000441,CUST00121,2025-12-19,Appel conseiller de vente,France (siège)
TP000442,CUST00121,2025-12-26,Appel conseiller de vente,France (siège)
TP000443,CUST00121,2025-12-12,Visite site e-commerce,France (siège)
TP000444,CUST00121,2026-06-13,Événement VIC,France (siège)
TP000445,CUST00121,2026-06-14,Visite site e-commerce,France (siège)
TP000446,CUST00121,2026-06-18,Ouverture newsletter,France (siège)
TP000447,CUST00122,2025-09-11,Ouverture newsletter,Moyen-Orient
TP000448,CUST00122,2025-09-24,Appel conseiller de vente,Moyen-Orient
TP000449,CUST00122,2026-03-04,Événement VIC,Moyen-Orient
TP000450,CUST00122,2026-03-02,Événement VIC,Moyen-Orient
TP000451,CUST00123,2025-08-25,Appel conseiller de vente,Chine
TP000452,CUST00123,2025-12-17,Rendez-vous boutique,Chine
TP000453,CUST00123,2025-12-27,Appel conseiller de vente,Chine
TP000454,CUST00123,2026-05-07,Rendez-vous boutique,Chine
TP000455,CUST00123,2026-05-01,Événement VIC,Chine
TP000456,CUST00124,2026-05-24,Événement VIC,France (siège)
TP000457,CUST00124,2026-06-04,Visite site e-commerce,France (siège)
TP000458,CUST00124,2026-05-18,Appel conseiller de vente,France (siège)
TP000459,CUST00125,2026-03-28,Rendez-vous boutique,France (siège)
TP000460,CUST00125,2026-04-06,Appel conseiller de vente,France (siège)
TP000461,CUST00125,2026-04-10,Rendez-vous boutique,France (siège)
TP000462,CUST00126,2025-03-17,Rendez-vous boutique,Chine
TP000463,CUST00126,2025-03-29,Visite site e-commerce,Chine
TP000464,CUST00126,2025-03-25,Ouverture newsletter,Chine
TP000465,CUST00127,2026-03-05,Visite site e-commerce,Moyen-Orient
TP000466,CUST00128,2025-05-09,Ouverture newsletter,France (siège)
TP000467,CUST00128,2025-05-12,Appel conseiller de vente,France (siège)
TP000468,CUST00128,2025-05-14,Appel conseiller de vente,France (siège)
TP000469,CUST00128,2025-10-14,Ouverture newsletter,France (siège)
TP000470,CUST00128,2025-09-25,Événement VIC,France (siège)
TP000471,CUST00128,2026-01-25,Ouverture newsletter,France (siège)
TP000472,CUST00128,2026-01-30,Ouverture newsletter,France (siège)
TP000473,CUST00128,2026-01-20,Visite site e-commerce,France (siège)
TP000474,CUST00128,2026-07-03,Événement VIC,France (siège)
TP000475,CUST00128,2026-07-13,Ouverture newsletter,France (siège)
TP000476,CUST00129,2025-06-20,Ouverture newsletter,France (siège)
TP000477,CUST00129,2025-06-19,Rendez-vous boutique,France (siège)
TP000478,CUST00129,2025-06-25,Visite site e-commerce,France (siège)
TP000479,CUST00129,2025-11-10,Rendez-vous boutique,France (siège)
TP000480,CUST00129,2025-10-28,Visite site e-commerce,France (siège)
TP000481,CUST00129,2026-05-12,Appel conseiller de vente,France (siège)
TP000482,CUST00129,2026-05-13,Appel conseiller de vente,France (siège)
TP000483,CUST00130,2025-10-10,Événement VIC,Chine
TP000484,CUST00130,2026-02-26,Événement VIC,Chine
TP000485,CUST00130,2026-06-24,Ouverture newsletter,Chine
TP000486,CUST00130,2026-06-27,Appel conseiller de vente,Chine
TP000487,CUST00130,2026-07-07,Appel conseiller de vente,Chine
TP000488,CUST00131,2025-10-10,Appel conseiller de vente,USA
TP000489,CUST00132,2025-07-21,Événement VIC,Japon
TP000490,CUST00132,2025-07-02,Visite site e-commerce,Japon
TP000491,CUST00132,2025-12-15,Appel conseiller de vente,Japon
TP000492,CUST00132,2025-12-19,Ouverture newsletter,Japon
TP000493,CUST00132,2026-05-26,Événement VIC,Japon
TP000494,CUST00132,2026-06-05,Rendez-vous boutique,Japon
TP000495,CUST00132,2026-06-08,Rendez-vous boutique,Japon
TP000496,CUST00133,2025-07-09,Événement VIC,France (siège)
TP000497,CUST00133,2025-07-10,Appel conseiller de vente,France (siège)
TP000498,CUST00133,2025-07-07,Ouverture newsletter,France (siège)
TP000499,CUST00133,2025-11-28,Ouverture newsletter,France (siège)
TP000500,CUST00133,2025-11-25,Ouverture newsletter,France (siège)
TP000501,CUST00133,2025-11-19,Visite site e-commerce,France (siège)
TP000502,CUST00133,2026-05-20,Appel conseiller de vente,France (siège)
TP000503,CUST00134,2026-05-15,Ouverture newsletter,USA
TP000504,CUST00135,2026-03-23,Visite site e-commerce,Moyen-Orient
TP000505,CUST00135,2026-04-09,Événement VIC,Moyen-Orient
TP000506,CUST00136,2026-04-29,Appel conseiller de vente,Chine
TP000507,CUST00136,2026-05-10,Ouverture newsletter,Chine
TP000508,CUST00136,2026-05-14,Visite site e-commerce,Chine
TP000509,CUST00138,2025-12-28,Ouverture newsletter,Chine
TP000510,CUST00139,2025-06-18,Appel conseiller de vente,Chine
TP000511,CUST00139,2025-06-21,Visite site e-commerce,Chine
TP000512,CUST00139,2025-10-23,Appel conseiller de vente,Chine
TP000513,CUST00139,2025-10-17,Visite site e-commerce,Chine
TP000514,CUST00139,2025-10-17,Ouverture newsletter,Chine
TP000515,CUST00139,2026-05-12,Ouverture newsletter,Chine
TP000516,CUST00140,2025-06-23,Événement VIC,USA
TP000517,CUST00140,2025-06-13,Ouverture newsletter,USA
TP000518,CUST00140,2025-06-06,Rendez-vous boutique,USA
TP000519,CUST00141,2025-06-09,Événement VIC,France (siège)
TP000520,CUST00141,2025-11-19,Ouverture newsletter,France (siège)
TP000521,CUST00141,2025-11-21,Ouverture newsletter,France (siège)
TP000522,CUST00141,2025-12-08,Appel conseiller de vente,France (siège)
TP000523,CUST00141,2026-05-09,Visite site e-commerce,France (siège)
TP000524,CUST00141,2026-05-07,Événement VIC,France (siège)
TP000525,CUST00142,2025-03-30,Ouverture newsletter,Moyen-Orient
TP000526,CUST00142,2025-03-24,Ouverture newsletter,Moyen-Orient
TP000527,CUST00142,2025-04-06,Appel conseiller de vente,Moyen-Orient
TP000528,CUST00142,2025-08-16,Événement VIC,Moyen-Orient
TP000529,CUST00142,2025-08-15,Rendez-vous boutique,Moyen-Orient
TP000530,CUST00142,2025-12-12,Rendez-vous boutique,Moyen-Orient
TP000531,CUST00142,2025-12-18,Appel conseiller de vente,Moyen-Orient
TP000532,CUST00142,2026-04-18,Ouverture newsletter,Moyen-Orient
TP000533,CUST00143,2025-12-30,Visite site e-commerce,USA
TP000534,CUST00143,2026-06-08,Appel conseiller de vente,USA
TP000535,CUST00144,2026-05-19,Ouverture newsletter,Japon
TP000536,CUST00145,2025-04-15,Ouverture newsletter,Chine
TP000537,CUST00145,2025-04-06,Rendez-vous boutique,Chine
TP000538,CUST00145,2025-04-18,Ouverture newsletter,Chine
TP000539,CUST00145,2025-09-18,Ouverture newsletter,Chine
TP000540,CUST00145,2025-08-29,Visite site e-commerce,Chine
TP000541,CUST00145,2025-08-29,Rendez-vous boutique,Chine
TP000542,CUST00145,2026-02-13,Ouverture newsletter,Chine
TP000543,CUST00145,2026-07-07,Visite site e-commerce,Chine
TP000544,CUST00145,2026-07-20,Visite site e-commerce,Chine
TP000545,CUST00146,2025-10-23,Visite site e-commerce,Moyen-Orient
TP000546,CUST00146,2025-10-30,Rendez-vous boutique,Moyen-Orient
TP000547,CUST00146,2026-05-03,Visite site e-commerce,Moyen-Orient
TP000548,CUST00147,2026-02-16,Ouverture newsletter,France (siège)
TP000549,CUST00147,2026-03-02,Visite site e-commerce,France (siège)
TP000550,CUST00147,2026-02-22,Ouverture newsletter,France (siège)
TP000551,CUST00147,2026-07-26,Visite site e-commerce,France (siège)
TP000552,CUST00147,2026-07-18,Événement VIC,France (siège)
TP000553,CUST00147,2026-07-14,Visite site e-commerce,France (siège)
TP000554,CUST00148,2025-07-02,Visite site e-commerce,Japon
TP000555,CUST00150,2025-12-21,Ouverture newsletter,Chine
TP000556,CUST00150,2025-12-01,Ouverture newsletter,Chine
TP000557,CUST00150,2025-12-04,Événement VIC,Chine
TP000558,CUST00151,2025-12-14,Événement VIC,France (siège)
TP000559,CUST00151,2026-05-22,Rendez-vous boutique,France (siège)
TP000560,CUST00152,2026-07-17,Ouverture newsletter,France (siège)
TP000561,CUST00152,2026-07-24,Rendez-vous boutique,France (siège)
TP000562,CUST00152,2026-07-27,Événement VIC,France (siège)
TP000563,CUST00153,2025-04-12,Visite site e-commerce,Moyen-Orient
TP000564,CUST00153,2025-04-18,Appel conseiller de vente,Moyen-Orient
TP000565,CUST00153,2025-04-20,Événement VIC,Moyen-Orient
TP000566,CUST00153,2025-10-30,Visite site e-commerce,Moyen-Orient
TP000567,CUST00153,2025-11-02,Rendez-vous boutique,Moyen-Orient
TP000568,CUST00153,2026-03-23,Appel conseiller de vente,Moyen-Orient
TP000569,CUST00153,2026-03-28,Événement VIC,Moyen-Orient
TP000570,CUST00154,2025-10-16,Appel conseiller de vente,Japon
TP000571,CUST00154,2025-10-24,Rendez-vous boutique,Japon
TP000572,CUST00154,2026-04-01,Rendez-vous boutique,Japon
TP000573,CUST00154,2026-04-02,Visite site e-commerce,Japon
TP000574,CUST00154,2026-03-30,Événement VIC,Japon
TP000575,CUST00155,2026-06-19,Ouverture newsletter,USA
TP000576,CUST00156,2026-04-25,Appel conseiller de vente,Moyen-Orient
TP000577,CUST00157,2026-02-01,Appel conseiller de vente,France (siège)
TP000578,CUST00157,2026-02-09,Rendez-vous boutique,France (siège)
TP000579,CUST00158,2026-05-01,Appel conseiller de vente,Japon
TP000580,CUST00158,2026-05-01,Rendez-vous boutique,Japon
TP000581,CUST00158,2026-05-04,Événement VIC,Japon
TP000582,CUST00159,2025-02-10,Rendez-vous boutique,France (siège)
TP000583,CUST00159,2025-07-23,Événement VIC,France (siège)
TP000584,CUST00159,2025-07-28,Ouverture newsletter,France (siège)
TP000585,CUST00159,2025-07-25,Rendez-vous boutique,France (siège)
TP000586,CUST00159,2026-01-11,Ouverture newsletter,France (siège)
TP000587,CUST00159,2026-01-28,Visite site e-commerce,France (siège)
TP000588,CUST00159,2026-06-15,Visite site e-commerce,France (siège)
TP000589,CUST00159,2026-06-05,Visite site e-commerce,France (siège)
TP000590,CUST00160,2025-10-21,Visite site e-commerce,Japon
TP000591,CUST00160,2025-11-11,Événement VIC,Japon
TP000592,CUST00160,2025-11-05,Appel conseiller de vente,Japon
TP000593,CUST00160,2026-05-02,Événement VIC,Japon
TP000594,CUST00161,2026-03-28,Visite site e-commerce,France (siège)
TP000595,CUST00161,2026-03-24,Visite site e-commerce,France (siège)
TP000596,CUST00162,2025-10-30,Rendez-vous boutique,Japon
TP000597,CUST00162,2025-11-11,Rendez-vous boutique,Japon
TP000598,CUST00162,2026-02-01,Visite site e-commerce,Japon
TP000599,CUST00162,2026-01-21,Appel conseiller de vente,Japon
TP000600,CUST00162,2026-01-25,Appel conseiller de vente,Japon
TP000601,CUST00162,2026-06-16,Événement VIC,Japon
TP000602,CUST00162,2026-06-30,Visite site e-commerce,Japon
TP000603,CUST00162,2026-06-10,Rendez-vous boutique,Japon
TP000604,CUST00163,2026-01-28,Visite site e-commerce,Moyen-Orient
TP000605,CUST00164,2025-01-03,Appel conseiller de vente,Chine
TP000606,CUST00164,2025-01-11,Ouverture newsletter,Chine
TP000607,CUST00164,2025-07-05,Visite site e-commerce,Chine
TP000608,CUST00164,2025-07-03,Visite site e-commerce,Chine
TP000609,CUST00164,2025-12-17,Visite site e-commerce,Chine
TP000610,CUST00164,2025-12-23,Rendez-vous boutique,Chine
TP000611,CUST00164,2026-05-08,Ouverture newsletter,Chine
TP000612,CUST00165,2025-11-20,Ouverture newsletter,Japon
TP000613,CUST00165,2025-11-12,Ouverture newsletter,Japon
TP000614,CUST00165,2025-11-09,Appel conseiller de vente,Japon
TP000615,CUST00165,2026-04-12,Rendez-vous boutique,Japon
TP000616,CUST00165,2026-04-21,Événement VIC,Japon
TP000617,CUST00165,2026-04-17,Appel conseiller de vente,Japon
TP000618,CUST00166,2025-05-31,Rendez-vous boutique,Chine
TP000619,CUST00166,2025-11-20,Appel conseiller de vente,Chine
TP000620,CUST00166,2026-06-21,Appel conseiller de vente,Chine
TP000621,CUST00167,2025-10-27,Rendez-vous boutique,France (siège)
TP000622,CUST00167,2025-11-01,Visite site e-commerce,France (siège)
TP000623,CUST00167,2025-10-26,Visite site e-commerce,France (siège)
TP000624,CUST00167,2026-05-04,Événement VIC,France (siège)
TP000625,CUST00167,2026-04-18,Appel conseiller de vente,France (siège)
TP000626,CUST00168,2025-04-24,Ouverture newsletter,Chine
TP000627,CUST00168,2025-05-05,Appel conseiller de vente,Chine
TP000628,CUST00168,2025-11-09,Événement VIC,Chine
TP000629,CUST00168,2025-11-23,Ouverture newsletter,Chine
TP000630,CUST00168,2025-11-12,Rendez-vous boutique,Chine
TP000631,CUST00168,2026-05-25,Rendez-vous boutique,Chine
TP000632,CUST00168,2026-05-22,Visite site e-commerce,Chine
TP000633,CUST00168,2026-05-28,Événement VIC,Chine
TP000634,CUST00169,2025-08-19,Appel conseiller de vente,Chine
TP000635,CUST00169,2025-08-18,Ouverture newsletter,Chine
TP000636,CUST00169,2025-08-06,Ouverture newsletter,Chine
TP000637,CUST00169,2025-12-30,Appel conseiller de vente,Chine
TP000638,CUST00169,2025-12-12,Événement VIC,Chine
TP000639,CUST00169,2025-12-24,Visite site e-commerce,Chine
TP000640,CUST00169,2026-05-09,Rendez-vous boutique,Chine
TP000641,CUST00169,2026-05-11,Ouverture newsletter,Chine
TP000642,CUST00169,2026-05-14,Appel conseiller de vente,Chine
TP000643,CUST00170,2025-05-13,Événement VIC,USA
TP000644,CUST00170,2025-11-14,Appel conseiller de vente,USA
TP000645,CUST00170,2026-05-24,Événement VIC,USA
TP000646,CUST00170,2026-05-23,Appel conseiller de vente,USA
TP000647,CUST00171,2025-04-18,Ouverture newsletter,France (siège)
TP000648,CUST00171,2025-04-03,Appel conseiller de vente,France (siège)
TP000649,CUST00171,2025-04-20,Appel conseiller de vente,France (siège)
TP000650,CUST00171,2025-10-09,Ouverture newsletter,France (siège)
TP000651,CUST00171,2025-09-30,Rendez-vous boutique,France (siège)
TP000652,CUST00171,2026-03-17,Rendez-vous boutique,France (siège)
TP000653,CUST00173,2025-09-16,Visite site e-commerce,USA
TP000654,CUST00174,2025-11-25,Ouverture newsletter,Chine
TP000655,CUST00174,2025-11-16,Ouverture newsletter,Chine
TP000656,CUST00176,2025-09-03,Appel conseiller de vente,USA
TP000657,CUST00177,2025-03-10,Visite site e-commerce,USA
TP000658,CUST00178,2025-10-11,Visite site e-commerce,France (siège)
TP000659,CUST00178,2025-10-24,Événement VIC,France (siège)
TP000660,CUST00178,2026-04-11,Rendez-vous boutique,France (siège)
TP000661,CUST00178,2026-04-03,Rendez-vous boutique,France (siège)
TP000662,CUST00179,2026-04-05,Rendez-vous boutique,Chine
TP000663,CUST00179,2026-04-03,Événement VIC,Chine
TP000664,CUST00180,2026-01-05,Événement VIC,Chine
TP000665,CUST00180,2026-05-23,Appel conseiller de vente,Chine
TP000666,CUST00180,2026-05-31,Événement VIC,Chine
TP000667,CUST00181,2026-06-02,Visite site e-commerce,France (siège)
TP000668,CUST00182,2026-01-19,Ouverture newsletter,France (siège)
TP000669,CUST00182,2026-01-10,Rendez-vous boutique,France (siège)
TP000670,CUST00182,2026-07-03,Rendez-vous boutique,France (siège)
TP000671,CUST00182,2026-07-04,Appel conseiller de vente,France (siège)
TP000672,CUST00183,2025-10-17,Visite site e-commerce,France (siège)
TP000673,CUST00183,2025-10-17,Événement VIC,France (siège)
TP000674,CUST00184,2025-01-22,Événement VIC,France (siège)
TP000675,CUST00184,2025-06-16,Visite site e-commerce,France (siège)
TP000676,CUST00184,2025-12-26,Événement VIC,France (siège)
TP000677,CUST00185,2026-05-13,Rendez-vous boutique,France (siège)
TP000678,CUST00185,2026-05-09,Ouverture newsletter,France (siège)
TP000679,CUST00186,2026-02-21,Appel conseiller de vente,France (siège)
TP000680,CUST00186,2026-07-16,Ouverture newsletter,France (siège)
TP000681,CUST00186,2026-07-25,Appel conseiller de vente,France (siège)
TP000682,CUST00187,2025-10-03,Rendez-vous boutique,Moyen-Orient
TP000683,CUST00187,2025-09-30,Appel conseiller de vente,Moyen-Orient
TP000684,CUST00187,2025-09-21,Ouverture newsletter,Moyen-Orient
TP000685,CUST00187,2026-03-31,Rendez-vous boutique,Moyen-Orient
TP000686,CUST00187,2026-03-20,Visite site e-commerce,Moyen-Orient
TP000687,CUST00188,2025-04-10,Rendez-vous boutique,USA
TP000688,CUST00188,2025-09-29,Événement VIC,USA
TP000689,CUST00188,2025-09-14,Événement VIC,USA
TP000690,CUST00188,2026-01-24,Ouverture newsletter,USA
TP000691,CUST00188,2026-02-06,Visite site e-commerce,USA
TP000692,CUST00188,2026-07-13,Appel conseiller de vente,USA
TP000693,CUST00188,2026-06-30,Visite site e-commerce,USA
TP000694,CUST00189,2026-03-13,Ouverture newsletter,USA
TP000695,CUST00189,2026-03-17,Ouverture newsletter,USA
TP000696,CUST00189,2026-02-27,Événement VIC,USA
TP000697,CUST00190,2025-02-05,Rendez-vous boutique,Japon
TP000698,CUST00192,2026-03-21,Événement VIC,Moyen-Orient
TP000699,CUST00192,2026-03-27,Événement VIC,Moyen-Orient
TP000700,CUST00194,2026-06-13,Visite site e-commerce,Moyen-Orient
TP000701,CUST00194,2026-06-08,Ouverture newsletter,Moyen-Orient
TP000702,CUST00195,2025-02-25,Rendez-vous boutique,Japon
TP000703,CUST00195,2025-02-21,Événement VIC,Japon
TP000704,CUST00195,2025-02-26,Appel conseiller de vente,Japon
TP000705,CUST00195,2025-07-17,Rendez-vous boutique,Japon
TP000706,CUST00195,2026-02-01,Appel conseiller de vente,Japon
TP000707,CUST00195,2026-01-26,Rendez-vous boutique,Japon
TP000708,CUST00195,2026-02-03,Appel conseiller de vente,Japon
TP000709,CUST00195,2026-07-08,Ouverture newsletter,Japon
TP000710,CUST00195,2026-06-14,Événement VIC,Japon
TP000711,CUST00195,2026-07-02,Appel conseiller de vente,Japon
TP000712,CUST00196,2026-04-21,Rendez-vous boutique,France (siège)
TP000713,CUST00196,2026-05-08,Rendez-vous boutique,France (siège)
TP000714,CUST00196,2026-04-29,Visite site e-commerce,France (siège)
TP000715,CUST00197,2025-04-15,Visite site e-commerce,France (siège)
TP000716,CUST00197,2025-04-12,Ouverture newsletter,France (siège)
TP000717,CUST00197,2025-09-10,Visite site e-commerce,France (siège)
TP000718,CUST00197,2025-08-26,Appel conseiller de vente,France (siège)
TP000719,CUST00197,2026-01-20,Visite site e-commerce,France (siège)
TP000720,CUST00197,2026-01-28,Rendez-vous boutique,France (siège)
TP000721,CUST00197,2026-02-04,Ouverture newsletter,France (siège)
TP000722,CUST00197,2026-07-09,Ouverture newsletter,France (siège)
TP000723,CUST00198,2025-03-25,Ouverture newsletter,France (siège)
TP000724,CUST00198,2025-08-30,Événement VIC,France (siège)
TP000725,CUST00198,2026-03-18,Visite site e-commerce,France (siège)
TP000726,CUST00198,2026-03-14,Rendez-vous boutique,France (siège)
TP000727,CUST00199,2025-04-16,Rendez-vous boutique,Chine
TP000728,CUST00199,2025-04-29,Événement VIC,Chine
TP000729,CUST00199,2025-11-15,Visite site e-commerce,Chine
TP000730,CUST00199,2025-10-29,Rendez-vous boutique,Chine
TP000731,CUST00200,2026-01-10,Visite site e-commerce,Japon
TP000732,CUST00200,2026-01-03,Ouverture newsletter,Japon
TP000733,CUST00200,2026-01-19,Visite site e-commerce,Japon
TP000734,CUST00200,2026-07-24,Visite site e-commerce,Japon
TP000735,CUST00201,2025-10-16,Visite site e-commerce,Japon
TP000736,CUST00201,2026-04-27,Événement VIC,Japon
TP000737,CUST00202,2025-04-18,Ouverture newsletter,France (siège)
TP000738,CUST00202,2025-04-14,Ouverture newsletter,France (siège)
TP000739,CUST00202,2025-11-11,Événement VIC,France (siège)
TP000740,CUST00202,2025-10-29,Appel conseiller de vente,France (siège)
TP000741,CUST00203,2026-03-26,Rendez-vous boutique,France (siège)
TP000742,CUST00204,2025-06-11,Rendez-vous boutique,Japon
TP000743,CUST00204,2025-06-11,Visite site e-commerce,Japon
TP000744,CUST00204,2025-06-17,Appel conseiller de vente,Japon
TP000745,CUST00204,2025-12-02,Visite site e-commerce,Japon
TP000746,CUST00204,2026-03-16,Rendez-vous boutique,Japon
TP000747,CUST00204,2026-04-06,Événement VIC,Japon
TP000748,CUST00204,2026-04-09,Ouverture newsletter,Japon
TP000749,CUST00205,2026-03-26,Rendez-vous boutique,Japon
TP000750,CUST00206,2025-06-16,Visite site e-commerce,Moyen-Orient
TP000751,CUST00206,2025-06-20,Visite site e-commerce,Moyen-Orient
TP000752,CUST00206,2025-11-12,Appel conseiller de vente,Moyen-Orient
TP000753,CUST00206,2025-11-12,Événement VIC,Moyen-Orient
TP000754,CUST00206,2025-11-17,Événement VIC,Moyen-Orient
TP000755,CUST00206,2026-05-03,Rendez-vous boutique,Moyen-Orient
TP000756,CUST00206,2026-05-04,Appel conseiller de vente,Moyen-Orient
TP000757,CUST00206,2026-05-13,Rendez-vous boutique,Moyen-Orient
TP000758,CUST00207,2026-05-26,Rendez-vous boutique,USA
TP000759,CUST00207,2026-05-16,Rendez-vous boutique,USA
TP000760,CUST00208,2025-09-01,Visite site e-commerce,USA
TP000761,CUST00208,2025-09-09,Ouverture newsletter,USA
TP000762,CUST00208,2025-09-15,Ouverture newsletter,USA
TP000763,CUST00208,2026-02-23,Visite site e-commerce,USA
TP000764,CUST00209,2024-12-29,Appel conseiller de vente,USA
TP000765,CUST00209,2024-12-12,Événement VIC,USA
TP000766,CUST00209,2025-05-06,Ouverture newsletter,USA
TP000767,CUST00209,2025-05-13,Visite site e-commerce,USA
TP000768,CUST00209,2025-05-21,Appel conseiller de vente,USA
TP000769,CUST00209,2025-09-04,Ouverture newsletter,USA
TP000770,CUST00209,2026-02-16,Visite site e-commerce,USA
TP000771,CUST00209,2026-02-27,Rendez-vous boutique,USA
TP000772,CUST00209,2026-06-26,Visite site e-commerce,USA
TP000773,CUST00209,2026-06-28,Ouverture newsletter,USA
TP000774,CUST00210,2025-09-08,Rendez-vous boutique,Chine
TP000775,CUST00210,2025-09-25,Appel conseiller de vente,Chine
TP000776,CUST00210,2025-09-03,Appel conseiller de vente,Chine
TP000777,CUST00210,2026-01-14,Visite site e-commerce,Chine
TP000778,CUST00210,2026-01-27,Visite site e-commerce,Chine
TP000779,CUST00210,2026-01-11,Ouverture newsletter,Chine
TP000780,CUST00210,2026-06-14,Appel conseiller de vente,Chine
TP000781,CUST00211,2025-12-17,Rendez-vous boutique,France (siège)
TP000782,CUST00211,2025-12-19,Appel conseiller de vente,France (siège)
TP000783,CUST00212,2025-12-27,Rendez-vous boutique,USA
TP000784,CUST00212,2026-06-18,Appel conseiller de vente,USA
TP000785,CUST00212,2026-06-28,Événement VIC,USA
TP000786,CUST00212,2026-06-27,Événement VIC,USA
TP000787,CUST00213,2025-04-29,Appel conseiller de vente,Moyen-Orient
TP000788,CUST00213,2025-09-04,Rendez-vous boutique,Moyen-Orient
TP000789,CUST00213,2025-09-03,Événement VIC,Moyen-Orient
TP000790,CUST00213,2025-09-04,Ouverture newsletter,Moyen-Orient
TP000791,CUST00213,2026-01-23,Appel conseiller de vente,Moyen-Orient
TP000792,CUST00213,2026-07-04,Ouverture newsletter,Moyen-Orient
TP000793,CUST00213,2026-07-07,Événement VIC,Moyen-Orient
TP000794,CUST00214,2025-06-05,Appel conseiller de vente,USA
TP000795,CUST00214,2025-06-15,Ouverture newsletter,USA
TP000796,CUST00214,2025-12-07,Événement VIC,USA
TP000797,CUST00214,2025-12-13,Rendez-vous boutique,USA
TP000798,CUST00214,2025-12-11,Appel conseiller de vente,USA
TP000799,CUST00214,2026-06-10,Appel conseiller de vente,USA
TP000800,CUST00215,2026-01-26,Événement VIC,USA
TP000801,CUST00216,2025-12-20,Visite site e-commerce,Chine
TP000802,CUST00216,2026-05-14,Visite site e-commerce,Chine
TP000803,CUST00217,2026-03-19,Rendez-vous boutique,Japon
TP000804,CUST00218,2025-06-09,Ouverture newsletter,France (siège)
TP000805,CUST00218,2025-06-15,Visite site e-commerce,France (siège)
TP000806,CUST00218,2025-07-02,Événement VIC,France (siège)
TP000807,CUST00218,2025-12-08,Événement VIC,France (siège)
TP000808,CUST00218,2026-04-23,Ouverture newsletter,France (siège)
TP000809,CUST00219,2025-05-25,Ouverture newsletter,USA
TP000810,CUST00219,2025-05-28,Appel conseiller de vente,USA
TP000811,CUST00219,2025-11-30,Visite site e-commerce,USA
TP000812,CUST00219,2025-12-09,Ouverture newsletter,USA
TP000813,CUST00219,2025-12-12,Rendez-vous boutique,USA
TP000814,CUST00219,2026-05-16,Rendez-vous boutique,USA
TP000815,CUST00219,2026-05-04,Rendez-vous boutique,USA
TP000816,CUST00220,2026-07-20,Rendez-vous boutique,France (siège)
TP000817,CUST00220,2026-07-22,Appel conseiller de vente,France (siège)
TP000818,CUST00221,2026-03-17,Appel conseiller de vente,Moyen-Orient
TP000819,CUST00221,2026-03-13,Événement VIC,Moyen-Orient
TP000820,CUST00222,2025-06-30,Appel conseiller de vente,USA
TP000821,CUST00222,2025-06-23,Ouverture newsletter,USA
TP000822,CUST00222,2025-07-06,Rendez-vous boutique,USA
TP000823,CUST00222,2025-11-28,Appel conseiller de vente,USA
TP000824,CUST00222,2025-11-15,Événement VIC,USA
TP000825,CUST00222,2025-11-17,Appel conseiller de vente,USA
TP000826,CUST00222,2026-05-29,Ouverture newsletter,USA
TP000827,CUST00222,2026-05-22,Ouverture newsletter,USA
TP000828,CUST00222,2026-05-17,Visite site e-commerce,USA
TP000829,CUST00223,2025-06-30,Ouverture newsletter,Chine
TP000830,CUST00223,2025-06-23,Ouverture newsletter,Chine
TP000831,CUST00223,2025-07-05,Visite site e-commerce,Chine
TP000832,CUST00223,2025-09-26,Rendez-vous boutique,Chine
TP000833,CUST00223,2025-09-23,Visite site e-commerce,Chine
TP000834,CUST00223,2026-02-12,Ouverture newsletter,Chine
TP000835,CUST00223,2026-05-16,Événement VIC,Chine
TP000836,CUST00223,2026-05-05,Appel conseiller de vente,Chine
TP000837,CUST00223,2026-05-22,Appel conseiller de vente,Chine
TP000838,CUST00224,2025-12-12,Appel conseiller de vente,Moyen-Orient
TP000839,CUST00224,2025-11-29,Visite site e-commerce,Moyen-Orient
TP000840,CUST00224,2025-12-02,Appel conseiller de vente,Moyen-Orient
TP000841,CUST00224,2026-04-23,Appel conseiller de vente,Moyen-Orient
TP000842,CUST00224,2026-04-22,Appel conseiller de vente,Moyen-Orient
TP000843,CUST00225,2025-12-27,Visite site e-commerce,USA
TP000844,CUST00225,2025-12-22,Visite site e-commerce,USA
TP000845,CUST00225,2026-05-12,Événement VIC,USA
TP000846,CUST00225,2026-05-01,Appel conseiller de vente,USA
TP000847,CUST00226,2025-08-07,Ouverture newsletter,France (siège)
TP000848,CUST00226,2025-08-16,Rendez-vous boutique,France (siège)
TP000849,CUST00226,2025-08-24,Rendez-vous boutique,France (siège)
TP000850,CUST00226,2026-02-06,Ouverture newsletter,France (siège)
TP000851,CUST00226,2026-07-15,Événement VIC,France (siège)
TP000852,CUST00226,2026-07-08,Ouverture newsletter,France (siège)
TP000853,CUST00227,2026-07-03,Ouverture newsletter,Moyen-Orient
TP000854,CUST00228,2026-06-07,Visite site e-commerce,France (siège)
TP000855,CUST00229,2025-06-08,Visite site e-commerce,Moyen-Orient
TP000856,CUST00229,2025-06-11,Événement VIC,Moyen-Orient
TP000857,CUST00229,2025-06-07,Appel conseiller de vente,Moyen-Orient
TP000858,CUST00229,2025-12-01,Appel conseiller de vente,Moyen-Orient
TP000859,CUST00229,2025-12-02,Appel conseiller de vente,Moyen-Orient
TP000860,CUST00229,2025-11-27,Événement VIC,Moyen-Orient
TP000861,CUST00229,2026-05-22,Visite site e-commerce,Moyen-Orient
TP000862,CUST00230,2025-08-20,Appel conseiller de vente,Japon
TP000863,CUST00230,2025-12-22,Appel conseiller de vente,Japon
TP000864,CUST00230,2025-12-15,Visite site e-commerce,Japon
TP000865,CUST00230,2025-12-08,Ouverture newsletter,Japon
TP000866,CUST00230,2026-04-29,Événement VIC,Japon
TP000867,CUST00231,2026-02-04,Appel conseiller de vente,France (siège)
TP000868,CUST00232,2026-02-16,Appel conseiller de vente,Japon
TP000869,CUST00232,2026-02-03,Visite site e-commerce,Japon
TP000870,CUST00232,2026-07-15,Rendez-vous boutique,Japon
TP000871,CUST00233,2025-04-01,Visite site e-commerce,Moyen-Orient
TP000872,CUST00233,2025-03-20,Visite site e-commerce,Moyen-Orient
TP000873,CUST00233,2025-09-21,Appel conseiller de vente,Moyen-Orient
TP000874,CUST00233,2026-02-27,Rendez-vous boutique,Moyen-Orient
TP000875,CUST00234,2025-01-28,Appel conseiller de vente,France (siège)
TP000876,CUST00234,2025-01-20,Ouverture newsletter,France (siège)
TP000877,CUST00235,2025-05-07,Événement VIC,Chine
TP000878,CUST00235,2025-05-09,Rendez-vous boutique,Chine
TP000879,CUST00235,2025-05-16,Rendez-vous boutique,Chine
TP000880,CUST00235,2025-10-09,Rendez-vous boutique,Chine
TP000881,CUST00235,2025-10-27,Ouverture newsletter,Chine
TP000882,CUST00235,2025-10-25,Appel conseiller de vente,Chine
TP000883,CUST00235,2026-02-26,Rendez-vous boutique,Chine
TP000884,CUST00235,2026-02-22,Événement VIC,Chine
TP000885,CUST00235,2026-07-04,Appel conseiller de vente,Chine
TP000886,CUST00236,2025-02-28,Appel conseiller de vente,USA
TP000887,CUST00236,2025-02-06,Appel conseiller de vente,USA
TP000888,CUST00236,2025-02-26,Appel conseiller de vente,USA
TP000889,CUST00236,2025-06-24,Rendez-vous boutique,USA
TP000890,CUST00236,2025-06-15,Ouverture newsletter,USA
TP000891,CUST00236,2025-06-05,Appel conseiller de vente,USA
TP000892,CUST00236,2025-11-01,Événement VIC,USA
TP000893,CUST00236,2026-03-27,Appel conseiller de vente,USA
TP000894,CUST00236,2026-03-19,Ouverture newsletter,USA
TP000895,CUST00236,2026-03-26,Visite site e-commerce,USA
TP000896,CUST00237,2026-04-09,Appel conseiller de vente,Japon
TP000897,CUST00237,2026-04-25,Visite site e-commerce,Japon
TP000898,CUST00237,2026-04-05,Appel conseiller de vente,Japon
TP000899,CUST00238,2026-06-30,Appel conseiller de vente,France (siège)
TP000900,CUST00238,2026-06-30,Visite site e-commerce,France (siège)
TP000901,CUST00239,2026-01-05,Appel conseiller de vente,Japon
TP000902,CUST00239,2025-12-22,Appel conseiller de vente,Japon
TP000903,CUST00239,2026-07-05,Visite site e-commerce,Japon
TP000904,CUST00239,2026-07-11,Appel conseiller de vente,Japon
TP000905,CUST00239,2026-06-21,Appel conseiller de vente,Japon
TP000906,CUST00240,2026-05-10,Visite site e-commerce,Japon
TP000907,CUST00240,2026-05-09,Appel conseiller de vente,Japon
TP000908,CUST00241,2026-06-14,Ouverture newsletter,France (siège)
TP000909,CUST00241,2026-06-20,Appel conseiller de vente,France (siège)
TP000910,CUST00242,2025-07-13,Appel conseiller de vente,USA
TP000911,CUST00242,2025-07-27,Rendez-vous boutique,USA
TP000912,CUST00242,2025-07-25,Visite site e-commerce,USA
TP000913,CUST00242,2026-01-09,Rendez-vous boutique,USA
TP000914,CUST00242,2025-12-27,Événement VIC,USA
TP000915,CUST00242,2026-01-11,Appel conseiller de vente,USA
TP000916,CUST00242,2026-05-29,Rendez-vous boutique,USA
TP000917,CUST00243,2026-07-19,Appel conseiller de vente,USA
TP000918,CUST00243,2026-07-07,Ouverture newsletter,USA
TP000919,CUST00244,2025-12-05,Rendez-vous boutique,Japon
TP000920,CUST00244,2025-11-30,Visite site e-commerce,Japon
TP000921,CUST00244,2026-05-14,Visite site e-commerce,Japon
TP000922,CUST00245,2026-01-30,Visite site e-commerce,Moyen-Orient
TP000923,CUST00245,2026-02-17,Rendez-vous boutique,Moyen-Orient
TP000924,CUST00245,2026-01-30,Rendez-vous boutique,Moyen-Orient
TP000925,CUST00246,2026-03-27,Ouverture newsletter,Chine
TP000926,CUST00246,2026-03-17,Rendez-vous boutique,Chine
TP000927,CUST00246,2026-03-08,Rendez-vous boutique,Chine
TP000928,CUST00247,2026-03-26,Ouverture newsletter,France (siège)
TP000929,CUST00247,2026-04-02,Rendez-vous boutique,France (siège)
TP000930,CUST00247,2026-04-01,Visite site e-commerce,France (siège)
TP000931,CUST00248,2025-04-15,Ouverture newsletter,Chine
TP000932,CUST00248,2025-04-22,Ouverture newsletter,Chine
TP000933,CUST00248,2025-04-30,Événement VIC,Chine
TP000934,CUST00248,2025-10-06,Visite site e-commerce,Chine
TP000935,CUST00248,2026-02-28,Événement VIC,Chine
TP000936,CUST00248,2026-03-13,Appel conseiller de vente,Chine
TP000937,CUST00249,2025-10-26,Rendez-vous boutique,USA
TP000938,CUST00249,2025-10-25,Rendez-vous boutique,USA
TP000939,CUST00249,2026-04-06,Visite site e-commerce,USA
TP000940,CUST00250,2026-07-22,Événement VIC,France (siège)
TP000941,CUST00250,2026-07-06,Événement VIC,France (siège)
TP000942,CUST00250,2026-07-16,Événement VIC,France (siège)
TP000943,CUST00252,2026-02-28,Ouverture newsletter,France (siège)
TP000944,CUST00252,2026-03-10,Visite site e-commerce,France (siège)
TP000945,CUST00252,2026-02-25,Ouverture newsletter,France (siège)
TP000946,CUST00253,2026-03-22,Appel conseiller de vente,France (siège)
TP000947,CUST00253,2026-03-31,Ouverture newsletter,France (siège)
TP000948,CUST00254,2026-02-04,Rendez-vous boutique,Moyen-Orient
TP000949,CUST00255,2025-10-16,Ouverture newsletter,Japon
TP000950,CUST00255,2026-04-24,Visite site e-commerce,Japon
TP000951,CUST00256,2026-01-31,Événement VIC,USA
TP000952,CUST00256,2026-01-10,Rendez-vous boutique,USA
TP000953,CUST00257,2026-03-28,Visite site e-commerce,France (siège)
TP000954,CUST00257,2026-03-16,Visite site e-commerce,France (siège)
TP000955,CUST00257,2026-03-24,Appel conseiller de vente,France (siège)
TP000956,CUST00258,2025-04-23,Rendez-vous boutique,USA
TP000957,CUST00258,2025-04-21,Appel conseiller de vente,USA
TP000958,CUST00258,2025-10-05,Événement VIC,USA
TP000959,CUST00258,2025-10-11,Ouverture newsletter,USA
TP000960,CUST00258,2025-09-29,Ouverture newsletter,USA
TP000961,CUST00258,2026-02-20,Appel conseiller de vente,USA
TP000962,CUST00258,2026-03-03,Visite site e-commerce,USA
TP000963,CUST00259,2026-01-26,Rendez-vous boutique,France (siège)
TP000964,CUST00260,2026-01-07,Ouverture newsletter,Moyen-Orient
TP000965,CUST00260,2026-05-15,Événement VIC,Moyen-Orient
TP000966,CUST00260,2026-05-31,Appel conseiller de vente,Moyen-Orient
TP000967,CUST00261,2025-07-30,Visite site e-commerce,France (siège)
TP000968,CUST00261,2025-12-01,Rendez-vous boutique,France (siège)
TP000969,CUST00261,2025-12-07,Rendez-vous boutique,France (siège)
TP000970,CUST00261,2025-11-24,Appel conseiller de vente,France (siège)
TP000971,CUST00261,2026-03-27,Rendez-vous boutique,France (siège)
TP000972,CUST00261,2026-04-19,Visite site e-commerce,France (siège)
TP000973,CUST00261,2026-04-06,Visite site e-commerce,France (siège)
TP000974,CUST00262,2025-10-17,Appel conseiller de vente,France (siège)
TP000975,CUST00262,2025-10-22,Visite site e-commerce,France (siège)
TP000976,CUST00262,2026-04-21,Visite site e-commerce,France (siège)
TP000977,CUST00262,2026-04-04,Visite site e-commerce,France (siège)
TP000978,CUST00263,2025-06-24,Visite site e-commerce,Japon
TP000979,CUST00263,2025-10-29,Rendez-vous boutique,Japon
TP000980,CUST00263,2025-10-25,Rendez-vous boutique,Japon
TP000981,CUST00263,2025-11-12,Ouverture newsletter,Japon
TP000982,CUST00263,2026-03-09,Ouverture newsletter,Japon
TP000983,CUST00263,2026-03-14,Ouverture newsletter,Japon
TP000984,CUST00263,2026-03-18,Ouverture newsletter,Japon
TP000985,CUST00263,2026-07-10,Ouverture newsletter,Japon
TP000986,CUST00263,2026-07-22,Événement VIC,Japon
TP000987,CUST00264,2026-03-19,Événement VIC,Chine
TP000988,CUST00264,2026-03-13,Événement VIC,Chine
TP000989,CUST00265,2025-08-27,Appel conseiller de vente,Japon
TP000990,CUST00265,2025-09-13,Appel conseiller de vente,Japon
TP000991,CUST00265,2025-09-05,Appel conseiller de vente,Japon
TP000992,CUST00265,2026-02-11,Visite site e-commerce,Japon
TP000993,CUST00265,2026-02-28,Ouverture newsletter,Japon
TP000994,CUST00265,2026-03-05,Visite site e-commerce,Japon
TP000995,CUST00265,2026-07-22,Événement VIC,Japon
TP000996,CUST00265,2026-07-17,Événement VIC,Japon
TP000997,CUST00265,2026-07-29,Appel conseiller de vente,Japon
TP000998,CUST00266,2026-02-16,Rendez-vous boutique,France (siège)
TP000999,CUST00266,2026-02-17,Rendez-vous boutique,France (siège)
TP001000,CUST00268,2025-11-13,Visite site e-commerce,France (siège)
TP001001,CUST00268,2026-05-22,Visite site e-commerce,France (siège)
TP001002,CUST00268,2026-05-14,Appel conseiller de vente,France (siège)
TP001003,CUST00268,2026-05-25,Événement VIC,France (siège)
TP001004,CUST00269,2026-04-17,Appel conseiller de vente,Chine
TP001005,CUST00270,2026-05-04,Rendez-vous boutique,France (siège)
TP001006,CUST00270,2026-05-04,Appel conseiller de vente,France (siège)
TP001007,CUST00271,2026-02-27,Appel conseiller de vente,USA
TP001008,CUST00271,2026-03-05,Ouverture newsletter,USA
TP001009,CUST00272,2025-11-13,Rendez-vous boutique,USA
TP001010,CUST00272,2025-11-08,Visite site e-commerce,USA
TP001011,CUST00272,2025-11-18,Appel conseiller de vente,USA
TP001012,CUST00272,2026-04-18,Rendez-vous boutique,USA
TP001013,CUST00274,2026-06-30,Visite site e-commerce,Japon
TP001014,CUST00274,2026-06-22,Rendez-vous boutique,Japon
TP001015,CUST00275,2025-08-24,Visite site e-commerce,Chine
TP001016,CUST00275,2025-08-31,Ouverture newsletter,Chine
TP001017,CUST00275,2025-09-15,Ouverture newsletter,Chine
TP001018,CUST00275,2026-03-07,Événement VIC,Chine
TP001019,CUST00275,2026-03-05,Ouverture newsletter,Chine
TP001020,CUST00276,2026-03-12,Visite site e-commerce,Moyen-Orient
TP001021,CUST00276,2026-02-27,Visite site e-commerce,Moyen-Orient
TP001022,CUST00276,2026-03-01,Visite site e-commerce,Moyen-Orient
TP001023,CUST00277,2025-11-25,Ouverture newsletter,France (siège)
TP001024,CUST00277,2026-04-19,Visite site e-commerce,France (siège)
TP001025,CUST00278,2025-09-05,Rendez-vous boutique,Chine
TP001026,CUST00278,2025-09-09,Rendez-vous boutique,Chine
TP001027,CUST00278,2026-02-21,Rendez-vous boutique,Chine
TP001028,CUST00278,2026-02-24,Rendez-vous boutique,Chine
TP001029,CUST00278,2026-02-22,Événement VIC,Chine
TP001030,CUST00278,2026-07-14,Rendez-vous boutique,Chine
TP001031,CUST00278,2026-07-24,Ouverture newsletter,Chine
TP001032,CUST00278,2026-07-07,Rendez-vous boutique,Chine
TP001033,CUST00279,2025-05-26,Visite site e-commerce,Chine
TP001034,CUST00279,2025-05-09,Visite site e-commerce,Chine
TP001035,CUST00279,2025-05-04,Rendez-vous boutique,Chine
TP001036,CUST00279,2025-12-29,Événement VIC,Chine
TP001037,CUST00279,2026-06-11,Rendez-vous boutique,Chine
TP001038,CUST00279,2026-06-18,Appel conseiller de vente,Chine
TP001039,CUST00280,2025-03-01,Ouverture newsletter,USA
TP001040,CUST00280,2025-07-03,Ouverture newsletter,USA
TP001041,CUST00280,2025-11-02,Ouverture newsletter,USA
TP001042,CUST00280,2025-11-04,Appel conseiller de vente,USA
TP001043,CUST00280,2025-11-02,Rendez-vous boutique,USA
TP001044,CUST00280,2026-03-09,Rendez-vous boutique,USA
TP001045,CUST00280,2026-03-10,Visite site e-commerce,USA
TP001046,CUST00280,2026-07-20,Ouverture newsletter,USA
TP001047,CUST00280,2026-07-19,Ouverture newsletter,USA
TP001048,CUST00280,2026-07-15,Visite site e-commerce,USA
TP001049,CUST00281,2026-01-30,Visite site e-commerce,Moyen-Orient
TP001050,CUST00281,2026-02-05,Ouverture newsletter,Moyen-Orient
TP001051,CUST00281,2026-06-27,Rendez-vous boutique,Moyen-Orient
TP001052,CUST00281,2026-07-02,Appel conseiller de vente,Moyen-Orient
TP001053,CUST00281,2026-06-15,Visite site e-commerce,Moyen-Orient
TP001054,CUST00282,2025-12-17,Rendez-vous boutique,France (siège)
TP001055,CUST00282,2025-11-27,Visite site e-commerce,France (siège)
TP001056,CUST00282,2025-12-07,Rendez-vous boutique,France (siège)
TP001057,CUST00282,2026-05-30,Événement VIC,France (siège)
TP001058,CUST00282,2026-06-05,Événement VIC,France (siège)
TP001059,CUST00283,2025-12-03,Événement VIC,Japon
TP001060,CUST00283,2025-12-08,Ouverture newsletter,Japon
TP001061,CUST00283,2026-06-29,Rendez-vous boutique,Japon
TP001062,CUST00284,2025-10-14,Événement VIC,Moyen-Orient
TP001063,CUST00284,2025-10-08,Appel conseiller de vente,Moyen-Orient
TP001064,CUST00284,2026-03-12,Rendez-vous boutique,Moyen-Orient
TP001065,CUST00284,2026-02-21,Rendez-vous boutique,Moyen-Orient
TP001066,CUST00285,2025-03-14,Appel conseiller de vente,France (siège)
TP001067,CUST00285,2025-08-12,Appel conseiller de vente,France (siège)
TP001068,CUST00285,2025-12-20,Rendez-vous boutique,France (siège)
TP001069,CUST00285,2025-12-06,Ouverture newsletter,France (siège)
TP001070,CUST00285,2026-04-27,Visite site e-commerce,France (siège)
TP001071,CUST00285,2026-04-28,Ouverture newsletter,France (siège)
TP001072,CUST00285,2026-04-19,Appel conseiller de vente,France (siège)
TP001073,CUST00286,2025-04-14,Événement VIC,Chine
TP001074,CUST00286,2025-04-08,Ouverture newsletter,Chine
TP001075,CUST00286,2025-07-29,Visite site e-commerce,Chine
TP001076,CUST00286,2025-08-15,Ouverture newsletter,Chine
TP001077,CUST00286,2026-02-03,Événement VIC,Chine
TP001078,CUST00286,2026-02-13,Ouverture newsletter,Chine
TP001079,CUST00287,2025-09-09,Ouverture newsletter,USA
TP001080,CUST00287,2025-09-14,Visite site e-commerce,USA
TP001081,CUST00287,2026-01-13,Événement VIC,USA
TP001082,CUST00287,2026-01-31,Événement VIC,USA
TP001083,CUST00287,2026-01-25,Appel conseiller de vente,USA
TP001084,CUST00287,2026-06-18,Appel conseiller de vente,USA
TP001085,CUST00287,2026-06-13,Appel conseiller de vente,USA
TP001086,CUST00288,2026-06-29,Rendez-vous boutique,Moyen-Orient
TP001087,CUST00289,2025-04-28,Événement VIC,USA
TP001088,CUST00289,2025-09-24,Ouverture newsletter,USA
TP001089,CUST00289,2025-10-07,Visite site e-commerce,USA
TP001090,CUST00289,2025-09-24,Appel conseiller de vente,USA
TP001091,CUST00289,2026-03-25,Événement VIC,USA
TP001092,CUST00289,2026-03-15,Visite site e-commerce,USA
TP001093,CUST00290,2026-02-16,Rendez-vous boutique,France (siège)
TP001094,CUST00290,2026-02-16,Événement VIC,France (siège)
TP001095,CUST00290,2026-02-07,Événement VIC,France (siège)
TP001096,CUST00293,2026-04-12,Rendez-vous boutique,Chine
TP001097,CUST00293,2026-04-25,Appel conseiller de vente,Chine
TP001098,CUST00293,2026-04-24,Ouverture newsletter,Chine
TP001099,CUST00294,2026-04-11,Événement VIC,Moyen-Orient
TP001100,CUST00294,2026-04-17,Appel conseiller de vente,Moyen-Orient
TP001101,CUST00294,2026-04-15,Appel conseiller de vente,Moyen-Orient
TP001102,CUST00296,2025-06-22,Appel conseiller de vente,Moyen-Orient
TP001103,CUST00296,2025-12-03,Événement VIC,Moyen-Orient
TP001104,CUST00296,2025-12-08,Événement VIC,Moyen-Orient
TP001105,CUST00296,2026-05-08,Ouverture newsletter,Moyen-Orient
TP001106,CUST00297,2025-03-25,Visite site e-commerce,France (siège)
TP001107,CUST00297,2025-03-22,Ouverture newsletter,France (siège)
TP001108,CUST00297,2025-04-03,Rendez-vous boutique,France (siège)
TP001109,CUST00298,2025-04-01,Rendez-vous boutique,USA
TP001110,CUST00298,2025-04-14,Rendez-vous boutique,USA
TP001111,CUST00298,2025-04-19,Visite site e-commerce,USA
TP001112,CUST00298,2025-10-28,Appel conseiller de vente,USA
TP001113,CUST00298,2026-03-19,Rendez-vous boutique,USA
TP001114,CUST00298,2026-03-13,Événement VIC,USA
TP001115,CUST00299,2026-05-26,Ouverture newsletter,Chine
TP001116,CUST00299,2026-05-13,Visite site e-commerce,Chine
TP001117,CUST00300,2026-02-10,Appel conseiller de vente,Chine
TP001118,CUST00300,2026-02-20,Visite site e-commerce,Chine
TP001119,CUST00300,2026-06-23,Rendez-vous boutique,Chine
TP001120,CUST00300,2026-07-01,Rendez-vous boutique,Chine
TP001121,CUST00300,2026-07-04,Appel conseiller de vente,Chine
TP001122,CUST00301,2025-03-07,Rendez-vous boutique,Chine
TP001123,CUST00301,2025-07-27,Événement VIC,Chine
TP001124,CUST00301,2025-08-11,Rendez-vous boutique,Chine
TP001125,CUST00301,2025-08-01,Visite site e-commerce,Chine
TP001126,CUST00301,2025-12-03,Ouverture newsletter,Chine
TP001127,CUST00301,2025-12-24,Ouverture newsletter,Chine
TP001128,CUST00301,2026-05-01,Appel conseiller de vente,Chine
TP001129,CUST00301,2026-05-16,Rendez-vous boutique,Chine
TP001130,CUST00302,2025-08-29,Visite site e-commerce,France (siège)
TP001131,CUST00302,2026-02-13,Visite site e-commerce,France (siège)
TP001132,CUST00302,2026-02-04,Rendez-vous boutique,France (siège)
TP001133,CUST00302,2026-06-20,Visite site e-commerce,France (siège)
TP001134,CUST00303,2025-10-28,Visite site e-commerce,USA
TP001135,CUST00303,2025-11-10,Appel conseiller de vente,USA
TP001136,CUST00303,2026-04-06,Ouverture newsletter,USA
TP001137,CUST00303,2026-03-27,Rendez-vous boutique,USA
TP001138,CUST00304,2026-05-23,Ouverture newsletter,USA
TP001139,CUST00304,2026-05-19,Rendez-vous boutique,USA
TP001140,CUST00305,2025-06-28,Appel conseiller de vente,Moyen-Orient
TP001141,CUST00305,2025-11-14,Visite site e-commerce,Moyen-Orient
TP001142,CUST00305,2025-11-11,Événement VIC,Moyen-Orient
TP001143,CUST00306,2026-06-18,Appel conseiller de vente,Moyen-Orient
TP001144,CUST00306,2026-06-18,Appel conseiller de vente,Moyen-Orient
TP001145,CUST00306,2026-07-01,Rendez-vous boutique,Moyen-Orient
TP001146,CUST00307,2025-10-09,Événement VIC,Chine
TP001147,CUST00307,2026-03-18,Événement VIC,Chine
TP001148,CUST00307,2026-03-27,Appel conseiller de vente,Chine
TP001149,CUST00308,2026-06-14,Rendez-vous boutique,Japon
TP001150,CUST00308,2026-06-21,Ouverture newsletter,Japon
TP001151,CUST00308,2026-06-09,Événement VIC,Japon
TP001152,CUST00309,2026-04-03,Appel conseiller de vente,Chine
TP001153,CUST00309,2026-04-09,Appel conseiller de vente,Chine
TP001154,CUST00310,2026-04-21,Ouverture newsletter,Moyen-Orient
TP001155,CUST00310,2026-04-16,Rendez-vous boutique,Moyen-Orient
TP001156,CUST00311,2026-03-16,Rendez-vous boutique,Moyen-Orient
TP001157,CUST00311,2026-03-07,Ouverture newsletter,Moyen-Orient
TP001158,CUST00312,2025-05-21,Événement VIC,France (siège)
TP001159,CUST00312,2025-06-03,Appel conseiller de vente,France (siège)
TP001160,CUST00312,2025-12-19,Rendez-vous boutique,France (siège)
TP001161,CUST00312,2026-07-15,Visite site e-commerce,France (siège)
TP001162,CUST00312,2026-07-04,Rendez-vous boutique,France (siège)
TP001163,CUST00313,2025-10-04,Visite site e-commerce,Japon
TP001164,CUST00313,2025-10-12,Ouverture newsletter,Japon
TP001165,CUST00313,2025-10-20,Visite site e-commerce,Japon
TP001166,CUST00313,2026-05-05,Visite site e-commerce,Japon
TP001167,CUST00314,2026-01-15,Événement VIC,USA
TP001168,CUST00314,2026-01-01,Ouverture newsletter,USA
TP001169,CUST00314,2026-05-09,Visite site e-commerce,USA
TP001170,CUST00314,2026-05-09,Visite site e-commerce,USA
TP001171,CUST00315,2026-01-03,Événement VIC,Chine
TP001172,CUST00315,2026-01-05,Événement VIC,Chine
TP001173,CUST00315,2026-06-02,Appel conseiller de vente,Chine
TP001174,CUST00315,2026-05-26,Ouverture newsletter,Chine
TP001175,CUST00316,2026-04-17,Visite site e-commerce,Chine
TP001176,CUST00316,2026-04-16,Visite site e-commerce,Chine
TP001177,CUST00316,2026-04-15,Visite site e-commerce,Chine
TP001178,CUST00317,2025-09-10,Événement VIC,Japon
TP001179,CUST00317,2026-02-13,Visite site e-commerce,Japon
TP001180,CUST00317,2026-02-13,Ouverture newsletter,Japon
TP001181,CUST00318,2026-05-28,Ouverture newsletter,USA
TP001182,CUST00318,2026-06-12,Appel conseiller de vente,USA
TP001183,CUST00318,2026-06-12,Ouverture newsletter,USA
TP001184,CUST00319,2025-01-18,Appel conseiller de vente,France (siège)
TP001185,CUST00319,2025-01-18,Rendez-vous boutique,France (siège)
TP001186,CUST00319,2025-05-13,Rendez-vous boutique,France (siège)
TP001187,CUST00319,2025-05-17,Rendez-vous boutique,France (siège)
TP001188,CUST00319,2025-05-25,Événement VIC,France (siège)
TP001189,CUST00319,2025-10-30,Événement VIC,France (siège)
TP001190,CUST00319,2025-10-15,Événement VIC,France (siège)
TP001191,CUST00319,2025-10-06,Événement VIC,France (siège)
TP001192,CUST00319,2026-03-22,Rendez-vous boutique,France (siège)
TP001193,CUST00320,2025-08-26,Appel conseiller de vente,Japon
TP001194,CUST00320,2026-02-16,Visite site e-commerce,Japon
TP001195,CUST00320,2026-01-26,Appel conseiller de vente,Japon
TP001196,CUST00320,2026-01-31,Appel conseiller de vente,Japon
TP001197,CUST00320,2026-07-11,Rendez-vous boutique,Japon
TP001198,CUST00320,2026-07-04,Rendez-vous boutique,Japon
TP001199,CUST00320,2026-07-10,Appel conseiller de vente,Japon
TP001200,CUST00321,2025-10-22,Ouverture newsletter,Japon
TP001201,CUST00321,2026-03-08,Événement VIC,Japon
TP001202,CUST00321,2026-03-27,Appel conseiller de vente,Japon
TP001203,CUST00321,2026-03-05,Appel conseiller de vente,Japon
TP001204,CUST00322,2026-07-11,Ouverture newsletter,Chine
TP001205,CUST00323,2025-11-14,Rendez-vous boutique,USA
TP001206,CUST00323,2025-11-08,Événement VIC,USA
TP001207,CUST00323,2025-11-03,Visite site e-commerce,USA
TP001208,CUST00324,2025-02-08,Visite site e-commerce,Japon
TP001209,CUST00324,2025-01-30,Appel conseiller de vente,Japon
TP001210,CUST00324,2025-08-21,Événement VIC,Japon
TP001211,CUST00324,2025-08-26,Visite site e-commerce,Japon
TP001212,CUST00324,2025-08-13,Visite site e-commerce,Japon
TP001213,CUST00324,2026-02-27,Rendez-vous boutique,Japon
TP001214,CUST00324,2026-02-22,Événement VIC,Japon
TP001215,CUST00325,2025-01-27,Rendez-vous boutique,Chine
TP001216,CUST00325,2025-01-25,Appel conseiller de vente,Chine
TP001217,CUST00325,2025-01-28,Visite site e-commerce,Chine
TP001218,CUST00325,2025-05-01,Ouverture newsletter,Chine
TP001219,CUST00325,2025-04-21,Visite site e-commerce,Chine
TP001220,CUST00325,2025-04-22,Événement VIC,Chine
TP001221,CUST00325,2025-08-03,Rendez-vous boutique,Chine
TP001222,CUST00325,2025-12-01,Visite site e-commerce,Chine
TP001223,CUST00325,2025-11-21,Appel conseiller de vente,Chine
TP001224,CUST00325,2025-11-18,Appel conseiller de vente,Chine
TP001225,CUST00325,2026-02-21,Ouverture newsletter,Chine
TP001226,CUST00325,2026-02-23,Appel conseiller de vente,Chine
TP001227,CUST00325,2026-02-19,Événement VIC,Chine
TP001228,CUST00325,2026-06-10,Visite site e-commerce,Chine
TP001229,CUST00325,2026-06-18,Rendez-vous boutique,Chine
TP001230,CUST00326,2026-04-13,Visite site e-commerce,Chine
TP001231,CUST00326,2026-04-20,Visite site e-commerce,Chine
TP001232,CUST00328,2026-01-10,Ouverture newsletter,Japon
TP001233,CUST00328,2026-01-05,Ouverture newsletter,Japon
TP001234,CUST00328,2026-07-03,Événement VIC,Japon
TP001235,CUST00329,2025-04-23,Événement VIC,Japon
TP001236,CUST00329,2025-04-25,Visite site e-commerce,Japon
TP001237,CUST00329,2025-05-08,Ouverture newsletter,Japon
TP001238,CUST00329,2025-10-29,Rendez-vous boutique,Japon
TP001239,CUST00329,2025-10-16,Visite site e-commerce,Japon
TP001240,CUST00329,2025-10-23,Appel conseiller de vente,Japon
TP001241,CUST00329,2026-03-26,Appel conseiller de vente,Japon
TP001242,CUST00329,2026-03-25,Ouverture newsletter,Japon
TP001243,CUST00330,2026-03-17,Visite site e-commerce,USA
TP001244,CUST00331,2026-06-12,Événement VIC,USA
TP001245,CUST00332,2025-03-20,Rendez-vous boutique,USA
TP001246,CUST00332,2025-09-09,Ouverture newsletter,USA
TP001247,CUST00332,2025-09-02,Appel conseiller de vente,USA
TP001248,CUST00333,2025-10-15,Ouverture newsletter,Moyen-Orient
TP001249,CUST00333,2026-03-23,Événement VIC,Moyen-Orient
TP001250,CUST00333,2026-03-05,Appel conseiller de vente,Moyen-Orient
TP001251,CUST00333,2026-03-23,Événement VIC,Moyen-Orient
TP001252,CUST00334,2025-02-18,Ouverture newsletter,France (siège)
TP001253,CUST00334,2025-02-21,Appel conseiller de vente,France (siège)
TP001254,CUST00334,2025-02-19,Événement VIC,France (siège)
TP001255,CUST00334,2025-07-11,Appel conseiller de vente,France (siège)
TP001256,CUST00334,2025-10-25,Visite site e-commerce,France (siège)
TP001257,CUST00334,2026-03-31,Rendez-vous boutique,France (siège)
TP001258,CUST00334,2026-04-08,Rendez-vous boutique,France (siège)
TP001259,CUST00334,2026-03-31,Ouverture newsletter,France (siège)
TP001260,CUST00335,2025-01-05,Rendez-vous boutique,France (siège)
TP001261,CUST00335,2025-01-07,Ouverture newsletter,France (siège)
TP001262,CUST00335,2025-05-27,Appel conseiller de vente,France (siège)
TP001263,CUST00335,2025-06-03,Ouverture newsletter,France (siège)
TP001264,CUST00336,2025-05-09,Rendez-vous boutique,Chine
TP001265,CUST00336,2025-05-15,Événement VIC,Chine
TP001266,CUST00336,2025-05-01,Ouverture newsletter,Chine
TP001267,CUST00338,2025-11-07,Appel conseiller de vente,USA
TP001268,CUST00338,2025-11-12,Événement VIC,USA
TP001269,CUST00338,2026-04-18,Appel conseiller de vente,USA
TP001270,CUST00338,2026-04-08,Événement VIC,USA
TP001271,CUST00338,2026-04-13,Ouverture newsletter,USA
TP001272,CUST00339,2025-05-10,Visite site e-commerce,Chine
TP001273,CUST00339,2025-04-25,Appel conseiller de vente,Chine
TP001274,CUST00339,2025-10-01,Appel conseiller de vente,Chine
TP001275,CUST00339,2025-10-13,Événement VIC,Chine
TP001276,CUST00339,2026-04-07,Rendez-vous boutique,Chine
TP001277,CUST00339,2026-03-28,Rendez-vous boutique,Chine
TP001278,CUST00341,2025-01-11,Ouverture newsletter,Chine
TP001279,CUST00341,2025-06-21,Ouverture newsletter,Chine
TP001280,CUST00341,2025-07-02,Appel conseiller de vente,Chine
TP001281,CUST00341,2025-12-02,Rendez-vous boutique,Chine
TP001282,CUST00342,2026-04-06,Rendez-vous boutique,Chine
TP001283,CUST00342,2026-04-09,Appel conseiller de vente,Chine
TP001284,CUST00343,2026-02-27,Ouverture newsletter,USA
TP001285,CUST00343,2026-03-11,Visite site e-commerce,USA
TP001286,CUST00344,2025-12-30,Visite site e-commerce,USA
TP001287,CUST00344,2026-01-06,Visite site e-commerce,USA
TP001288,CUST00344,2025-12-29,Ouverture newsletter,USA
TP001289,CUST00344,2026-07-09,Ouverture newsletter,USA
TP001290,CUST00344,2026-06-17,Ouverture newsletter,USA
TP001291,CUST00345,2026-03-08,Visite site e-commerce,USA
TP001292,CUST00345,2026-03-16,Visite site e-commerce,USA
TP001293,CUST00345,2026-02-21,Visite site e-commerce,USA
TP001294,CUST00345,2026-06-04,Rendez-vous boutique,USA
TP001295,CUST00345,2026-06-14,Rendez-vous boutique,USA
TP001296,CUST00346,2025-02-24,Visite site e-commerce,Japon
TP001297,CUST00346,2025-02-11,Appel conseiller de vente,Japon
TP001298,CUST00346,2025-02-15,Ouverture newsletter,Japon
TP001299,CUST00346,2025-08-15,Visite site e-commerce,Japon
TP001300,CUST00346,2025-08-22,Appel conseiller de vente,Japon
TP001301,CUST00346,2025-08-13,Rendez-vous boutique,Japon
TP001302,CUST00346,2026-02-04,Visite site e-commerce,Japon
TP001303,CUST00346,2026-01-27,Événement VIC,Japon
TP001304,CUST00346,2026-01-21,Rendez-vous boutique,Japon
TP001305,CUST00347,2025-12-06,Visite site e-commerce,France (siège)
TP001306,CUST00347,2025-12-04,Visite site e-commerce,France (siège)
TP001307,CUST00347,2026-04-28,Ouverture newsletter,France (siège)
TP001308,CUST00347,2026-05-17,Ouverture newsletter,France (siège)
TP001309,CUST00347,2026-04-27,Rendez-vous boutique,France (siège)
TP001310,CUST00349,2025-12-21,Ouverture newsletter,Chine
TP001311,CUST00349,2025-12-13,Événement VIC,Chine
TP001312,CUST00349,2026-05-26,Appel conseiller de vente,Chine
TP001313,CUST00349,2026-05-20,Appel conseiller de vente,Chine
TP001314,CUST00350,2025-10-06,Visite site e-commerce,France (siège)
TP001315,CUST00350,2025-10-09,Rendez-vous boutique,France (siège)
TP001316,CUST00350,2025-10-03,Ouverture newsletter,France (siège)
TP001317,CUST00351,2026-02-13,Ouverture newsletter,France (siège)
TP001318,CUST00351,2026-02-06,Événement VIC,France (siège)
TP001319,CUST00351,2026-06-13,Visite site e-commerce,France (siège)
TP001320,CUST00351,2026-06-06,Appel conseiller de vente,France (siège)
TP001321,CUST00351,2026-06-10,Visite site e-commerce,France (siège)
TP001322,CUST00352,2025-04-09,Visite site e-commerce,Chine
TP001323,CUST00352,2025-04-11,Visite site e-commerce,Chine
TP001324,CUST00352,2025-08-16,Événement VIC,Chine
TP001325,CUST00352,2025-08-17,Ouverture newsletter,Chine
TP001326,CUST00352,2025-12-04,Rendez-vous boutique,Chine
TP001327,CUST00352,2026-02-11,Événement VIC,Chine
TP001328,CUST00352,2026-02-19,Appel conseiller de vente,Chine
TP001329,CUST00352,2026-02-04,Visite site e-commerce,Chine
TP001330,CUST00352,2026-06-30,Rendez-vous boutique,Chine
TP001331,CUST00352,2026-06-27,Visite site e-commerce,Chine
TP001332,CUST00352,2026-06-18,Ouverture newsletter,Chine
TP001333,CUST00353,2026-05-20,Visite site e-commerce,France (siège)
TP001334,CUST00353,2026-05-12,Appel conseiller de vente,France (siège)
TP001335,CUST00353,2026-05-24,Rendez-vous boutique,France (siège)
TP001336,CUST00354,2025-04-28,Ouverture newsletter,USA
TP001337,CUST00354,2025-04-23,Ouverture newsletter,USA
TP001338,CUST00354,2025-04-27,Appel conseiller de vente,USA
TP001339,CUST00354,2025-09-01,Visite site e-commerce,USA
TP001340,CUST00354,2025-09-08,Événement VIC,USA
TP001341,CUST00355,2025-09-21,Visite site e-commerce,Japon
TP001342,CUST00355,2025-09-25,Rendez-vous boutique,Japon
TP001343,CUST00355,2025-09-14,Visite site e-commerce,Japon
TP001344,CUST00355,2026-02-26,Appel conseiller de vente,Japon
TP001345,CUST00357,2025-11-01,Visite site e-commerce,Japon
TP001346,CUST00357,2026-03-23,Visite site e-commerce,Japon
TP001347,CUST00359,2025-12-19,Ouverture newsletter,Chine
TP001348,CUST00359,2025-12-09,Événement VIC,Chine
TP001349,CUST00359,2025-12-19,Visite site e-commerce,Chine
TP001350,CUST00359,2026-03-18,Ouverture newsletter,Chine
TP001351,CUST00360,2026-06-26,Événement VIC,USA
TP001352,CUST00360,2026-06-19,Visite site e-commerce,USA
TP001353,CUST00360,2026-07-02,Visite site e-commerce,USA
TP001354,CUST00361,2025-02-13,Appel conseiller de vente,Moyen-Orient
TP001355,CUST00361,2025-07-26,Appel conseiller de vente,Moyen-Orient
TP001356,CUST00361,2025-07-28,Appel conseiller de vente,Moyen-Orient
TP001357,CUST00361,2025-08-13,Appel conseiller de vente,Moyen-Orient
TP001358,CUST00361,2026-01-01,Événement VIC,Moyen-Orient
TP001359,CUST00361,2026-07-06,Ouverture newsletter,Moyen-Orient
TP001360,CUST00361,2026-06-29,Ouverture newsletter,Moyen-Orient
TP001361,CUST00362,2026-06-10,Ouverture newsletter,France (siège)
TP001362,CUST00363,2025-09-13,Appel conseiller de vente,France (siège)
TP001363,CUST00363,2025-08-30,Visite site e-commerce,France (siège)
TP001364,CUST00363,2026-02-11,Visite site e-commerce,France (siège)
TP001365,CUST00363,2026-02-04,Événement VIC,France (siège)
TP001366,CUST00363,2026-07-07,Appel conseiller de vente,France (siège)
TP001367,CUST00363,2026-07-13,Rendez-vous boutique,France (siège)
TP001368,CUST00363,2026-07-17,Événement VIC,France (siège)
TP001369,CUST00364,2025-12-20,Rendez-vous boutique,Moyen-Orient
TP001370,CUST00364,2025-12-19,Rendez-vous boutique,Moyen-Orient
TP001371,CUST00364,2026-05-29,Ouverture newsletter,Moyen-Orient
TP001372,CUST00364,2026-05-31,Rendez-vous boutique,Moyen-Orient
TP001373,CUST00365,2025-07-27,Ouverture newsletter,Moyen-Orient
TP001374,CUST00365,2025-08-17,Ouverture newsletter,Moyen-Orient
TP001375,CUST00365,2025-11-28,Visite site e-commerce,Moyen-Orient
TP001376,CUST00365,2025-12-06,Événement VIC,Moyen-Orient
TP001377,CUST00365,2026-04-18,Visite site e-commerce,Moyen-Orient
TP001378,CUST00365,2026-04-10,Appel conseiller de vente,Moyen-Orient
TP001379,CUST00366,2025-02-10,Rendez-vous boutique,Chine
TP001380,CUST00366,2025-02-01,Rendez-vous boutique,Chine
TP001381,CUST00366,2025-07-16,Appel conseiller de vente,Chine
TP001382,CUST00366,2025-07-22,Ouverture newsletter,Chine
TP001383,CUST00366,2025-08-04,Rendez-vous boutique,Chine
TP001384,CUST00367,2026-01-07,Événement VIC,France (siège)
TP001385,CUST00367,2025-12-29,Rendez-vous boutique,France (siège)
TP001386,CUST00367,2025-12-27,Appel conseiller de vente,France (siège)
TP001387,CUST00368,2025-07-11,Appel conseiller de vente,France (siège)
TP001388,CUST00368,2025-12-20,Appel conseiller de vente,France (siège)
TP001389,CUST00368,2025-12-23,Appel conseiller de vente,France (siège)
TP001390,CUST00368,2025-12-29,Visite site e-commerce,France (siège)
TP001391,CUST00370,2025-05-25,Rendez-vous boutique,Chine
TP001392,CUST00370,2025-05-29,Appel conseiller de vente,Chine
TP001393,CUST00370,2025-06-01,Rendez-vous boutique,Chine
TP001394,CUST00370,2025-11-26,Appel conseiller de vente,Chine
TP001395,CUST00370,2026-04-09,Événement VIC,Chine
TP001396,CUST00370,2026-04-19,Appel conseiller de vente,Chine
TP001397,CUST00370,2026-04-20,Ouverture newsletter,Chine
TP001398,CUST00371,2025-08-01,Ouverture newsletter,Chine
TP001399,CUST00371,2025-07-26,Visite site e-commerce,Chine
TP001400,CUST00371,2025-08-04,Appel conseiller de vente,Chine
TP001401,CUST00371,2025-12-31,Visite site e-commerce,Chine
TP001402,CUST00371,2026-07-15,Ouverture newsletter,Chine
TP001403,CUST00371,2026-07-13,Événement VIC,Chine
TP001404,CUST00371,2026-06-26,Rendez-vous boutique,Chine
TP001405,CUST00372,2025-09-01,Visite site e-commerce,Moyen-Orient
TP001406,CUST00372,2025-08-26,Appel conseiller de vente,Moyen-Orient
TP001407,CUST00372,2026-01-24,Appel conseiller de vente,Moyen-Orient
TP001408,CUST00372,2026-06-14,Visite site e-commerce,Moyen-Orient
TP001409,CUST00372,2026-06-13,Appel conseiller de vente,Moyen-Orient
TP001410,CUST00372,2026-06-03,Rendez-vous boutique,Moyen-Orient
TP001411,CUST00373,2026-06-06,Ouverture newsletter,Japon
TP001412,CUST00373,2026-05-30,Appel conseiller de vente,Japon
TP001413,CUST00373,2026-06-09,Appel conseiller de vente,Japon
TP001414,CUST00374,2026-07-13,Événement VIC,Japon
TP001415,CUST00374,2026-07-12,Ouverture newsletter,Japon
TP001416,CUST00375,2025-04-13,Rendez-vous boutique,France (siège)
TP001417,CUST00375,2025-10-13,Ouverture newsletter,France (siège)
TP001418,CUST00375,2025-10-27,Visite site e-commerce,France (siège)
TP001419,CUST00375,2025-10-17,Visite site e-commerce,France (siège)
TP001420,CUST00375,2026-04-26,Événement VIC,France (siège)
TP001421,CUST00375,2026-04-26,Ouverture newsletter,France (siège)
TP001422,CUST00376,2025-12-09,Rendez-vous boutique,USA
TP001423,CUST00376,2025-11-27,Ouverture newsletter,USA
TP001424,CUST00376,2025-11-16,Événement VIC,USA
TP001425,CUST00376,2026-05-15,Ouverture newsletter,USA
TP001426,CUST00376,2026-04-24,Appel conseiller de vente,USA
TP001427,CUST00376,2026-05-14,Appel conseiller de vente,USA
TP001428,CUST00377,2025-04-09,Rendez-vous boutique,Chine
TP001429,CUST00377,2025-04-08,Ouverture newsletter,Chine
TP001430,CUST00378,2025-03-17,Ouverture newsletter,USA
TP001431,CUST00378,2025-04-07,Rendez-vous boutique,USA
TP001432,CUST00378,2025-08-26,Événement VIC,USA
TP001433,CUST00378,2026-02-21,Événement VIC,USA
TP001434,CUST00378,2026-02-23,Ouverture newsletter,USA
TP001435,CUST00378,2026-03-06,Rendez-vous boutique,USA
TP001436,CUST00381,2025-04-20,Événement VIC,Moyen-Orient
TP001437,CUST00381,2025-10-01,Rendez-vous boutique,Moyen-Orient
TP001438,CUST00381,2025-09-25,Appel conseiller de vente,Moyen-Orient
TP001439,CUST00381,2026-02-24,Appel conseiller de vente,Moyen-Orient
TP001440,CUST00382,2026-02-27,Rendez-vous boutique,France (siège)
TP001441,CUST00382,2026-02-27,Ouverture newsletter,France (siège)
TP001442,CUST00383,2026-04-02,Événement VIC,Chine
TP001443,CUST00384,2025-12-01,Événement VIC,USA
TP001444,CUST00384,2025-12-03,Ouverture newsletter,USA
TP001445,CUST00384,2025-12-04,Visite site e-commerce,USA
TP001446,CUST00384,2026-05-17,Ouverture newsletter,USA
TP001447,CUST00384,2026-04-26,Rendez-vous boutique,USA
TP001448,CUST00384,2026-05-06,Ouverture newsletter,USA
TP001449,CUST00385,2025-07-19,Visite site e-commerce,France (siège)
TP001450,CUST00385,2025-07-16,Ouverture newsletter,France (siège)
TP001451,CUST00385,2025-07-25,Événement VIC,France (siège)
TP001452,CUST00385,2026-01-19,Visite site e-commerce,France (siège)
TP001453,CUST00385,2026-06-28,Appel conseiller de vente,France (siège)
TP001454,CUST00385,2026-07-17,Visite site e-commerce,France (siège)
TP001455,CUST00386,2026-07-12,Visite site e-commerce,France (siège)
TP001456,CUST00387,2025-03-17,Visite site e-commerce,France (siège)
TP001457,CUST00387,2025-03-23,Visite site e-commerce,France (siège)
TP001458,CUST00387,2025-09-13,Ouverture newsletter,France (siège)
TP001459,CUST00387,2026-02-11,Visite site e-commerce,France (siège)
TP001460,CUST00387,2026-02-05,Événement VIC,France (siège)
TP001461,CUST00387,2026-02-02,Rendez-vous boutique,France (siège)
TP001462,CUST00387,2026-06-12,Événement VIC,France (siège)
TP001463,CUST00387,2026-05-27,Visite site e-commerce,France (siège)
TP001464,CUST00388,2026-05-08,Ouverture newsletter,Chine
TP001465,CUST00389,2026-02-01,Visite site e-commerce,Chine
TP001466,CUST00389,2026-02-16,Rendez-vous boutique,Chine
TP001467,CUST00389,2026-06-24,Ouverture newsletter,Chine
TP001468,CUST00390,2026-06-24,Événement VIC,Moyen-Orient
TP001469,CUST00391,2026-02-09,Événement VIC,France (siège)
TP001470,CUST00391,2026-01-25,Événement VIC,France (siège)
TP001471,CUST00392,2025-02-25,Ouverture newsletter,Japon
TP001472,CUST00392,2025-02-26,Visite site e-commerce,Japon
TP001473,CUST00392,2025-03-11,Ouverture newsletter,Japon
TP001474,CUST00392,2025-09-03,Rendez-vous boutique,Japon
TP001475,CUST00392,2025-09-16,Ouverture newsletter,Japon
TP001476,CUST00392,2026-04-04,Appel conseiller de vente,Japon
TP001477,CUST00392,2026-03-26,Appel conseiller de vente,Japon
TP001478,CUST00392,2026-03-26,Appel conseiller de vente,Japon
TP001479,CUST00393,2025-03-28,Appel conseiller de vente,Chine
TP001480,CUST00393,2025-03-19,Ouverture newsletter,Chine
TP001481,CUST00393,2025-09-26,Événement VIC,Chine
TP001482,CUST00393,2025-09-04,Appel conseiller de vente,Chine
TP001483,CUST00393,2025-09-10,Appel conseiller de vente,Chine
TP001484,CUST00393,2026-03-07,Appel conseiller de vente,Chine
TP001485,CUST00394,2025-04-09,Rendez-vous boutique,Moyen-Orient
TP001486,CUST00394,2025-04-10,Appel conseiller de vente,Moyen-Orient
TP001487,CUST00394,2025-09-13,Visite site e-commerce,Moyen-Orient
TP001488,CUST00394,2025-09-17,Appel conseiller de vente,Moyen-Orient
TP001489,CUST00394,2025-09-24,Rendez-vous boutique,Moyen-Orient
TP001490,CUST00394,2026-02-19,Rendez-vous boutique,Moyen-Orient
TP001491,CUST00394,2026-02-11,Ouverture newsletter,Moyen-Orient
TP001492,CUST00394,2026-07-15,Rendez-vous boutique,Moyen-Orient
TP001493,CUST00395,2025-04-30,Appel conseiller de vente,Japon
TP001494,CUST00395,2025-08-28,Visite site e-commerce,Japon
TP001495,CUST00395,2025-12-14,Ouverture newsletter,Japon
TP001496,CUST00395,2025-11-28,Rendez-vous boutique,Japon
TP001497,CUST00395,2025-11-23,Visite site e-commerce,Japon
TP001498,CUST00395,2026-05-04,Appel conseiller de vente,Japon
TP001499,CUST00395,2026-05-21,Événement VIC,Japon
TP001500,CUST00396,2026-03-16,Événement VIC,Chine
TP001501,CUST00396,2026-03-08,Visite site e-commerce,Chine
TP001502,CUST00397,2025-05-04,Ouverture newsletter,France (siège)
TP001503,CUST00397,2025-11-19,Événement VIC,France (siège)
TP001504,CUST00397,2025-11-21,Rendez-vous boutique,France (siège)
TP001505,CUST00397,2026-04-08,Événement VIC,France (siège)
TP001506,CUST00397,2026-04-11,Rendez-vous boutique,France (siège)
TP001507,CUST00397,2026-04-15,Visite site e-commerce,France (siège)
TP001508,CUST00398,2025-06-27,Événement VIC,Chine
TP001509,CUST00398,2025-07-01,Appel conseiller de vente,Chine
TP001510,CUST00398,2025-11-14,Ouverture newsletter,Chine
TP001511,CUST00398,2026-04-14,Appel conseiller de vente,Chine
TP001512,CUST00398,2026-04-18,Appel conseiller de vente,Chine
TP001513,CUST00398,2026-04-08,Rendez-vous boutique,Chine
TP001514,CUST00399,2025-11-30,Ouverture newsletter,Moyen-Orient
TP001515,CUST00399,2025-12-12,Visite site e-commerce,Moyen-Orient
TP001516,CUST00399,2025-12-11,Rendez-vous boutique,Moyen-Orient
TP001517,CUST00399,2026-06-10,Appel conseiller de vente,Moyen-Orient
TP001518,CUST00399,2026-06-03,Événement VIC,Moyen-Orient
TP001519,CUST00399,2026-06-17,Appel conseiller de vente,Moyen-Orient
TP001520,CUST00400,2025-01-23,Appel conseiller de vente,France (siège)
TP001521,CUST00400,2025-07-13,Rendez-vous boutique,France (siège)
TP001522,CUST00400,2025-12-11,Événement VIC,France (siège)
TP001523,CUST00400,2025-12-01,Rendez-vous boutique,France (siège)
TP001524,CUST00400,2025-12-13,Événement VIC,France (siège)
TP001525,CUST00400,2026-05-26,Appel conseiller de vente,France (siège)
TP001526,CUST00402,2025-03-29,Appel conseiller de vente,Chine
TP001527,CUST00402,2025-04-07,Rendez-vous boutique,Chine
TP001528,CUST00402,2025-08-17,Rendez-vous boutique,Chine
TP001529,CUST00402,2025-08-14,Ouverture newsletter,Chine
TP001530,CUST00402,2026-01-07,Appel conseiller de vente,Chine
TP001531,CUST00402,2026-01-11,Appel conseiller de vente,Chine
TP001532,CUST00402,2026-05-18,Visite site e-commerce,Chine
TP001533,CUST00402,2026-05-10,Rendez-vous boutique,Chine
TP001534,CUST00402,2026-05-26,Visite site e-commerce,Chine
TP001535,CUST00403,2025-03-09,Visite site e-commerce,Chine
TP001536,CUST00403,2025-03-11,Visite site e-commerce,Chine
TP001537,CUST00403,2025-08-23,Rendez-vous boutique,Chine
TP001538,CUST00403,2025-08-22,Appel conseiller de vente,Chine
TP001539,CUST00403,2026-01-24,Événement VIC,Chine
TP001540,CUST00403,2026-07-07,Ouverture newsletter,Chine
TP001541,CUST00403,2026-07-05,Appel conseiller de vente,Chine
TP001542,CUST00403,2026-07-12,Ouverture newsletter,Chine
TP001543,CUST00405,2026-05-15,Ouverture newsletter,USA
TP001544,CUST00405,2026-05-27,Événement VIC,USA
TP001545,CUST00406,2026-03-11,Rendez-vous boutique,Japon
TP001546,CUST00406,2026-03-12,Visite site e-commerce,Japon
TP001547,CUST00406,2026-03-25,Rendez-vous boutique,Japon
TP001548,CUST00407,2026-04-20,Événement VIC,Moyen-Orient
TP001549,CUST00407,2026-04-24,Ouverture newsletter,Moyen-Orient
TP001550,CUST00407,2026-04-04,Visite site e-commerce,Moyen-Orient
TP001551,CUST00409,2025-10-20,Rendez-vous boutique,Moyen-Orient
TP001552,CUST00409,2026-03-29,Rendez-vous boutique,Moyen-Orient
TP001553,CUST00410,2025-06-21,Événement VIC,Japon
TP001554,CUST00410,2025-06-13,Appel conseiller de vente,Japon
TP001555,CUST00410,2025-11-03,Ouverture newsletter,Japon
TP001556,CUST00410,2025-11-06,Rendez-vous boutique,Japon
TP001557,CUST00410,2025-11-08,Ouverture newsletter,Japon
TP001558,CUST00410,2026-03-10,Ouverture newsletter,Japon
TP001559,CUST00410,2026-07-21,Rendez-vous boutique,Japon
TP001560,CUST00410,2026-07-26,Appel conseiller de vente,Japon
TP001561,CUST00411,2025-03-31,Rendez-vous boutique,USA
TP001562,CUST00411,2025-03-31,Visite site e-commerce,USA
TP001563,CUST00411,2025-04-09,Visite site e-commerce,USA
TP001564,CUST00411,2025-09-08,Événement VIC,USA
TP001565,CUST00411,2025-09-10,Ouverture newsletter,USA
TP001566,CUST00411,2026-03-11,Ouverture newsletter,USA
TP001567,CUST00411,2026-03-26,Rendez-vous boutique,USA
TP001568,CUST00411,2026-03-11,Ouverture newsletter,USA
TP001569,CUST00412,2025-04-27,Appel conseiller de vente,USA
TP001570,CUST00412,2025-09-16,Rendez-vous boutique,USA
TP001571,CUST00412,2026-02-19,Rendez-vous boutique,USA
TP001572,CUST00412,2026-02-11,Événement VIC,USA
TP001573,CUST00412,2026-07-06,Appel conseiller de vente,USA
TP001574,CUST00412,2026-07-12,Rendez-vous boutique,USA
TP001575,CUST00413,2025-12-23,Ouverture newsletter,USA
TP001576,CUST00413,2026-01-16,Événement VIC,USA
TP001577,CUST00413,2026-05-26,Appel conseiller de vente,USA
TP001578,CUST00413,2026-05-23,Appel conseiller de vente,USA
TP001579,CUST00413,2026-06-04,Événement VIC,USA
TP001580,CUST00414,2025-02-24,Ouverture newsletter,Moyen-Orient
TP001581,CUST00414,2025-03-03,Ouverture newsletter,Moyen-Orient
TP001582,CUST00414,2025-07-09,Ouverture newsletter,Moyen-Orient
TP001583,CUST00414,2025-07-15,Appel conseiller de vente,Moyen-Orient
TP001584,CUST00414,2025-12-10,Visite site e-commerce,Moyen-Orient
TP001585,CUST00414,2026-05-10,Appel conseiller de vente,Moyen-Orient
TP001586,CUST00414,2026-05-06,Appel conseiller de vente,Moyen-Orient
TP001587,CUST00414,2026-05-18,Rendez-vous boutique,Moyen-Orient
TP001588,CUST00415,2025-03-27,Ouverture newsletter,France (siège)
TP001589,CUST00416,2025-04-09,Événement VIC,USA
TP001590,CUST00416,2025-03-28,Ouverture newsletter,USA
TP001591,CUST00416,2025-04-03,Visite site e-commerce,USA
TP001592,CUST00416,2025-10-14,Appel conseiller de vente,USA
TP001593,CUST00416,2025-10-09,Appel conseiller de vente,USA
TP001594,CUST00416,2026-04-04,Appel conseiller de vente,USA
TP001595,CUST00417,2026-05-19,Visite site e-commerce,Moyen-Orient
TP001596,CUST00417,2026-04-28,Ouverture newsletter,Moyen-Orient
TP001597,CUST00417,2026-05-13,Ouverture newsletter,Moyen-Orient
TP001598,CUST00418,2025-02-04,Rendez-vous boutique,Moyen-Orient
TP001599,CUST00418,2025-01-26,Visite site e-commerce,Moyen-Orient
TP001600,CUST00418,2025-02-04,Rendez-vous boutique,Moyen-Orient
TP001601,CUST00418,2025-06-01,Visite site e-commerce,Moyen-Orient
TP001602,CUST00418,2025-05-17,Ouverture newsletter,Moyen-Orient
TP001603,CUST00418,2025-05-26,Rendez-vous boutique,Moyen-Orient
TP001604,CUST00418,2025-09-13,Événement VIC,Moyen-Orient
TP001605,CUST00418,2025-09-23,Événement VIC,Moyen-Orient
TP001606,CUST00418,2025-09-25,Événement VIC,Moyen-Orient
TP001607,CUST00418,2026-01-17,Rendez-vous boutique,Moyen-Orient
TP001608,CUST00418,2026-01-03,Visite site e-commerce,Moyen-Orient
TP001609,CUST00418,2026-05-11,Événement VIC,Moyen-Orient
TP001610,CUST00419,2025-10-11,Événement VIC,Japon
TP001611,CUST00419,2025-10-21,Événement VIC,Japon
TP001612,CUST00419,2026-01-21,Ouverture newsletter,Japon
TP001613,CUST00419,2026-01-31,Rendez-vous boutique,Japon
TP001614,CUST00419,2026-05-25,Événement VIC,Japon
TP001615,CUST00419,2026-06-01,Appel conseiller de vente,Japon
TP001616,CUST00420,2025-07-22,Événement VIC,Chine
TP001617,CUST00420,2025-07-25,Visite site e-commerce,Chine
TP001618,CUST00420,2025-12-28,Événement VIC,Chine
TP001619,CUST00420,2026-01-05,Appel conseiller de vente,Chine
TP001620,CUST00420,2025-12-28,Visite site e-commerce,Chine
TP001621,CUST00420,2026-05-30,Événement VIC,Chine
TP001622,CUST00420,2026-06-10,Rendez-vous boutique,Chine
TP001623,CUST00420,2026-05-29,Ouverture newsletter,Chine
TP001624,CUST00422,2026-07-22,Rendez-vous boutique,Chine
TP001625,CUST00422,2026-07-14,Ouverture newsletter,Chine
TP001626,CUST00422,2026-07-27,Ouverture newsletter,Chine
TP001627,CUST00423,2025-06-30,Appel conseiller de vente,USA
TP001628,CUST00423,2025-07-10,Visite site e-commerce,USA
TP001629,CUST00423,2026-01-02,Appel conseiller de vente,USA
TP001630,CUST00423,2026-01-04,Événement VIC,USA
TP001631,CUST00423,2026-01-01,Événement VIC,USA
TP001632,CUST00423,2026-06-16,Rendez-vous boutique,USA
TP001633,CUST00423,2026-06-26,Rendez-vous boutique,USA
TP001634,CUST00424,2025-09-30,Rendez-vous boutique,USA
TP001635,CUST00424,2026-02-26,Rendez-vous boutique,USA
TP001636,CUST00424,2026-03-04,Rendez-vous boutique,USA
TP001637,CUST00425,2026-06-03,Ouverture newsletter,USA
TP001638,CUST00425,2026-05-27,Appel conseiller de vente,USA
TP001639,CUST00428,2025-03-11,Événement VIC,France (siège)
TP001640,CUST00428,2025-03-25,Rendez-vous boutique,France (siège)
TP001641,CUST00428,2025-03-08,Rendez-vous boutique,France (siège)
TP001642,CUST00428,2025-09-12,Visite site e-commerce,France (siège)
TP001643,CUST00428,2025-09-02,Appel conseiller de vente,France (siège)
TP001644,CUST00428,2026-02-20,Visite site e-commerce,France (siège)
TP001645,CUST00428,2026-02-10,Visite site e-commerce,France (siège)
TP001646,CUST00428,2026-02-22,Rendez-vous boutique,France (siège)
TP001647,CUST00428,2026-07-15,Visite site e-commerce,France (siège)
TP001648,CUST00428,2026-07-10,Événement VIC,France (siège)
TP001649,CUST00430,2026-02-08,Ouverture newsletter,Japon
TP001650,CUST00431,2025-11-04,Ouverture newsletter,Chine
TP001651,CUST00431,2025-11-20,Rendez-vous boutique,Chine
TP001652,CUST00431,2025-11-04,Ouverture newsletter,Chine
TP001653,CUST00431,2026-04-28,Événement VIC,Chine
TP001654,CUST00433,2026-05-01,Rendez-vous boutique,Chine
TP001655,CUST00433,2026-04-18,Ouverture newsletter,Chine
TP001656,CUST00433,2026-05-07,Appel conseiller de vente,Chine
TP001657,CUST00434,2025-10-26,Visite site e-commerce,Moyen-Orient
TP001658,CUST00434,2026-02-01,Ouverture newsletter,Moyen-Orient
TP001659,CUST00434,2026-02-21,Appel conseiller de vente,Moyen-Orient
TP001660,CUST00434,2026-01-29,Appel conseiller de vente,Moyen-Orient
TP001661,CUST00434,2026-05-16,Appel conseiller de vente,Moyen-Orient
TP001662,CUST00434,2026-05-24,Appel conseiller de vente,Moyen-Orient
TP001663,CUST00434,2026-05-08,Visite site e-commerce,Moyen-Orient
TP001664,CUST00436,2025-06-20,Appel conseiller de vente,USA
TP001665,CUST00436,2025-12-25,Visite site e-commerce,USA
TP001666,CUST00436,2026-06-11,Événement VIC,USA
TP001667,CUST00436,2026-05-30,Événement VIC,USA
TP001668,CUST00436,2026-06-11,Rendez-vous boutique,USA
TP001669,CUST00437,2025-09-28,Rendez-vous boutique,Chine
TP001670,CUST00438,2026-03-10,Appel conseiller de vente,France (siège)
TP001671,CUST00439,2026-03-09,Ouverture newsletter,France (siège)
TP001672,CUST00439,2026-03-28,Rendez-vous boutique,France (siège)
TP001673,CUST00440,2025-03-31,Rendez-vous boutique,Moyen-Orient
TP001674,CUST00440,2025-03-22,Rendez-vous boutique,Moyen-Orient
TP001675,CUST00440,2025-10-28,Événement VIC,Moyen-Orient
TP001676,CUST00441,2026-04-23,Ouverture newsletter,Japon
TP001677,CUST00441,2026-04-16,Événement VIC,Japon
TP001678,CUST00441,2026-04-25,Ouverture newsletter,Japon
TP001679,CUST00442,2025-06-04,Événement VIC,France (siège)
TP001680,CUST00442,2025-06-13,Rendez-vous boutique,France (siège)
TP001681,CUST00442,2025-06-13,Appel conseiller de vente,France (siège)
TP001682,CUST00442,2025-11-14,Visite site e-commerce,France (siège)
TP001683,CUST00442,2025-11-17,Rendez-vous boutique,France (siège)
TP001684,CUST00442,2026-04-12,Événement VIC,France (siège)
TP001685,CUST00442,2026-04-16,Appel conseiller de vente,France (siège)
TP001686,CUST00443,2025-06-26,Ouverture newsletter,USA
TP001687,CUST00444,2025-06-20,Rendez-vous boutique,Chine
TP001688,CUST00444,2025-06-16,Ouverture newsletter,Chine
TP001689,CUST00444,2025-11-25,Événement VIC,Chine
TP001690,CUST00444,2026-04-21,Appel conseiller de vente,Chine
TP001691,CUST00444,2026-04-28,Rendez-vous boutique,Chine
TP001692,CUST00444,2026-04-14,Ouverture newsletter,Chine
TP001693,CUST00445,2025-11-20,Événement VIC,Chine
TP001694,CUST00445,2026-05-08,Ouverture newsletter,Chine
TP001695,CUST00445,2026-04-30,Ouverture newsletter,Chine
TP001696,CUST00446,2025-06-08,Ouverture newsletter,France (siège)
TP001697,CUST00446,2025-06-09,Rendez-vous boutique,France (siège)
TP001698,CUST00446,2025-11-07,Rendez-vous boutique,France (siège)
TP001699,CUST00446,2025-11-19,Ouverture newsletter,France (siège)
TP001700,CUST00448,2025-04-14,Appel conseiller de vente,France (siège)
TP001701,CUST00448,2025-04-20,Appel conseiller de vente,France (siège)
TP001702,CUST00448,2025-09-05,Événement VIC,France (siège)
TP001703,CUST00448,2025-08-24,Visite site e-commerce,France (siège)
TP001704,CUST00448,2025-09-07,Appel conseiller de vente,France (siège)
TP001705,CUST00448,2026-01-30,Événement VIC,France (siège)
TP001706,CUST00448,2026-07-21,Ouverture newsletter,France (siège)
TP001707,CUST00448,2026-07-08,Rendez-vous boutique,France (siège)
TP001708,CUST00449,2026-04-08,Appel conseiller de vente,Moyen-Orient
TP001709,CUST00451,2026-02-21,Appel conseiller de vente,USA
TP001710,CUST00451,2026-07-02,Appel conseiller de vente,USA
TP001711,CUST00451,2026-07-17,Ouverture newsletter,USA
TP001712,CUST00452,2026-03-28,Appel conseiller de vente,Japon
TP001713,CUST00452,2026-04-21,Appel conseiller de vente,Japon
TP001714,CUST00452,2026-04-11,Visite site e-commerce,Japon
TP001715,CUST00453,2026-01-12,Appel conseiller de vente,Chine
TP001716,CUST00453,2026-01-16,Événement VIC,Chine
TP001717,CUST00453,2026-04-16,Appel conseiller de vente,Chine
TP001718,CUST00453,2026-04-22,Appel conseiller de vente,Chine
TP001719,CUST00454,2025-04-02,Appel conseiller de vente,USA
TP001720,CUST00454,2025-03-30,Appel conseiller de vente,USA
TP001721,CUST00454,2025-08-03,Appel conseiller de vente,USA
TP001722,CUST00454,2025-07-29,Événement VIC,USA
TP001723,CUST00454,2025-07-27,Appel conseiller de vente,USA
TP001724,CUST00454,2025-12-17,Ouverture newsletter,USA
TP001725,CUST00454,2025-12-11,Événement VIC,USA
TP001726,CUST00454,2025-12-01,Événement VIC,USA
TP001727,CUST00455,2025-12-15,Visite site e-commerce,France (siège)
TP001728,CUST00455,2026-04-24,Visite site e-commerce,France (siège)
TP001729,CUST00455,2026-05-02,Visite site e-commerce,France (siège)
TP001730,CUST00456,2025-02-27,Ouverture newsletter,Chine
TP001731,CUST00456,2025-03-13,Appel conseiller de vente,Chine
TP001732,CUST00456,2025-08-10,Rendez-vous boutique,Chine
TP001733,CUST00456,2025-07-26,Visite site e-commerce,Chine
TP001734,CUST00456,2026-01-13,Ouverture newsletter,Chine
TP001735,CUST00456,2026-06-19,Rendez-vous boutique,Chine
TP001736,CUST00456,2026-06-22,Visite site e-commerce,Chine
TP001737,CUST00456,2026-06-24,Rendez-vous boutique,Chine
TP001738,CUST00457,2026-06-03,Événement VIC,Moyen-Orient
TP001739,CUST00457,2026-06-16,Événement VIC,Moyen-Orient
TP001740,CUST00457,2026-05-26,Rendez-vous boutique,Moyen-Orient
TP001741,CUST00458,2025-09-17,Appel conseiller de vente,Japon
TP001742,CUST00458,2026-01-16,Appel conseiller de vente,Japon
TP001743,CUST00458,2026-06-04,Rendez-vous boutique,Japon
TP001744,CUST00458,2026-05-29,Événement VIC,Japon
TP001745,CUST00458,2026-05-18,Visite site e-commerce,Japon
TP001746,CUST00459,2025-04-20,Visite site e-commerce,France (siège)
TP001747,CUST00459,2025-05-01,Rendez-vous boutique,France (siège)
TP001748,CUST00459,2025-11-19,Visite site e-commerce,France (siège)
TP001749,CUST00459,2026-05-23,Visite site e-commerce,France (siège)
TP001750,CUST00459,2026-05-05,Appel conseiller de vente,France (siège)
TP001751,CUST00459,2026-05-06,Ouverture newsletter,France (siège)
TP001752,CUST00460,2026-01-18,Rendez-vous boutique,Chine
TP001753,CUST00460,2026-01-17,Appel conseiller de vente,Chine
TP001754,CUST00460,2026-04-29,Rendez-vous boutique,Chine
TP001755,CUST00460,2026-05-04,Ouverture newsletter,Chine
TP001756,CUST00460,2026-04-30,Visite site e-commerce,Chine
TP001757,CUST00461,2025-12-06,Ouverture newsletter,USA
TP001758,CUST00461,2025-12-08,Événement VIC,USA
TP001759,CUST00461,2025-12-02,Ouverture newsletter,USA
TP001760,CUST00462,2025-03-06,Événement VIC,France (siège)
TP001761,CUST00462,2025-08-11,Appel conseiller de vente,France (siège)
TP001762,CUST00462,2025-08-16,Événement VIC,France (siège)
TP001763,CUST00462,2026-02-04,Visite site e-commerce,France (siège)
TP001764,CUST00462,2026-01-17,Visite site e-commerce,France (siège)
TP001765,CUST00463,2025-03-06,Visite site e-commerce,France (siège)
TP001766,CUST00463,2025-02-22,Visite site e-commerce,France (siège)
TP001767,CUST00463,2025-02-22,Rendez-vous boutique,France (siège)
TP001768,CUST00463,2025-07-30,Événement VIC,France (siège)
TP001769,CUST00463,2025-07-16,Ouverture newsletter,France (siège)
TP001770,CUST00463,2025-12-02,Ouverture newsletter,France (siège)
TP001771,CUST00463,2025-12-02,Événement VIC,France (siège)
TP001772,CUST00463,2025-12-09,Rendez-vous boutique,France (siège)
TP001773,CUST00463,2026-07-07,Appel conseiller de vente,France (siège)
TP001774,CUST00463,2026-07-07,Appel conseiller de vente,France (siège)
TP001775,CUST00464,2025-05-28,Appel conseiller de vente,Japon
TP001776,CUST00464,2025-09-21,Événement VIC,Japon
TP001777,CUST00464,2026-03-08,Visite site e-commerce,Japon
TP001778,CUST00465,2025-08-25,Événement VIC,Moyen-Orient
TP001779,CUST00465,2025-08-30,Rendez-vous boutique,Moyen-Orient
TP001780,CUST00465,2026-03-07,Visite site e-commerce,Moyen-Orient
TP001781,CUST00465,2026-03-04,Ouverture newsletter,Moyen-Orient
TP001782,CUST00465,2026-03-07,Visite site e-commerce,Moyen-Orient
TP001783,CUST00466,2026-04-29,Appel conseiller de vente,Chine
TP001784,CUST00466,2026-05-01,Visite site e-commerce,Chine
TP001785,CUST00467,2025-08-05,Événement VIC,Chine
TP001786,CUST00467,2025-07-27,Événement VIC,Chine
TP001787,CUST00467,2026-03-05,Visite site e-commerce,Chine
TP001788,CUST00468,2026-01-03,Rendez-vous boutique,USA
TP001789,CUST00468,2026-05-03,Rendez-vous boutique,USA
TP001790,CUST00468,2026-04-23,Événement VIC,USA
TP001791,CUST00470,2025-11-02,Ouverture newsletter,Chine
TP001792,CUST00470,2026-04-24,Événement VIC,Chine
TP001793,CUST00470,2026-04-14,Ouverture newsletter,Chine
TP001794,CUST00471,2026-05-05,Appel conseiller de vente,Japon
TP001795,CUST00471,2026-04-22,Visite site e-commerce,Japon
TP001796,CUST00472,2025-01-13,Événement VIC,Japon
TP001797,CUST00472,2025-01-04,Visite site e-commerce,Japon
TP001798,CUST00472,2025-01-09,Ouverture newsletter,Japon
TP001799,CUST00472,2025-04-08,Visite site e-commerce,Japon
TP001800,CUST00472,2025-03-29,Appel conseiller de vente,Japon
TP001801,CUST00472,2025-08-09,Ouverture newsletter,Japon
TP001802,CUST00472,2025-12-15,Visite site e-commerce,Japon
TP001803,CUST00472,2025-11-27,Visite site e-commerce,Japon
TP001804,CUST00472,2025-11-29,Rendez-vous boutique,Japon
TP001805,CUST00472,2026-04-11,Appel conseiller de vente,Japon
TP001806,CUST00473,2025-08-26,Rendez-vous boutique,USA
TP001807,CUST00473,2025-08-23,Ouverture newsletter,USA
TP001808,CUST00473,2025-08-25,Ouverture newsletter,USA
TP001809,CUST00473,2026-02-07,Événement VIC,USA
TP001810,CUST00474,2025-10-10,Événement VIC,USA
TP001811,CUST00474,2026-02-20,Visite site e-commerce,USA
TP001812,CUST00474,2026-02-27,Appel conseiller de vente,USA
TP001813,CUST00474,2026-03-08,Appel conseiller de vente,USA
TP001814,CUST00475,2025-02-07,Événement VIC,Chine
TP001815,CUST00475,2025-02-17,Événement VIC,Chine
TP001816,CUST00475,2025-07-05,Appel conseiller de vente,Chine
TP001817,CUST00475,2025-06-22,Événement VIC,Chine
TP001818,CUST00475,2025-10-27,Rendez-vous boutique,Chine
TP001819,CUST00475,2026-03-21,Événement VIC,Chine
TP001820,CUST00475,2026-07-18,Ouverture newsletter,Chine
TP001821,CUST00475,2026-07-17,Événement VIC,Chine
TP001822,CUST00476,2026-06-27,Événement VIC,France (siège)
TP001823,CUST00477,2026-07-04,Appel conseiller de vente,Chine
TP001824,CUST00478,2026-04-02,Ouverture newsletter,Moyen-Orient
TP001825,CUST00478,2026-04-01,Événement VIC,Moyen-Orient
TP001826,CUST00478,2026-04-12,Événement VIC,Moyen-Orient
TP001827,CUST00479,2026-01-16,Visite site e-commerce,Chine
TP001828,CUST00479,2026-06-14,Événement VIC,Chine
TP001829,CUST00479,2026-06-05,Rendez-vous boutique,Chine
TP001830,CUST00480,2025-03-01,Événement VIC,Chine
TP001831,CUST00480,2025-08-28,Événement VIC,Chine
TP001832,CUST00480,2025-08-20,Visite site e-commerce,Chine
TP001833,CUST00480,2025-08-13,Rendez-vous boutique,Chine
TP001834,CUST00480,2026-03-04,Visite site e-commerce,Chine
TP001835,CUST00481,2026-04-22,Appel conseiller de vente,Japon
TP001836,CUST00481,2026-05-04,Ouverture newsletter,Japon
TP001837,CUST00481,2026-05-01,Événement VIC,Japon
TP001838,CUST00482,2026-01-20,Événement VIC,France (siège)
TP001839,CUST00482,2026-07-18,Événement VIC,France (siège)
TP001840,CUST00482,2026-07-20,Visite site e-commerce,France (siège)
TP001841,CUST00482,2026-07-12,Appel conseiller de vente,France (siège)
TP001842,CUST00483,2025-01-16,Ouverture newsletter,Japon
TP001843,CUST00483,2025-06-24,Événement VIC,Japon
TP001844,CUST00483,2025-06-29,Appel conseiller de vente,Japon
TP001845,CUST00483,2025-11-26,Rendez-vous boutique,Japon
TP001846,CUST00483,2025-11-24,Visite site e-commerce,Japon
TP001847,CUST00483,2026-04-12,Rendez-vous boutique,Japon
TP001848,CUST00483,2026-04-16,Appel conseiller de vente,Japon
TP001849,CUST00484,2025-11-05,Appel conseiller de vente,France (siège)
TP001850,CUST00484,2025-11-17,Appel conseiller de vente,France (siège)
TP001851,CUST00484,2026-04-13,Visite site e-commerce,France (siège)
TP001852,CUST00485,2025-03-19,Rendez-vous boutique,USA
TP001853,CUST00485,2025-03-19,Rendez-vous boutique,USA
TP001854,CUST00485,2025-08-09,Appel conseiller de vente,USA
TP001855,CUST00485,2026-02-17,Appel conseiller de vente,USA
TP001856,CUST00485,2026-01-30,Événement VIC,USA
TP001857,CUST00486,2026-01-03,Rendez-vous boutique,Japon
TP001858,CUST00486,2026-01-03,Rendez-vous boutique,Japon
TP001859,CUST00486,2026-07-29,Appel conseiller de vente,Japon
TP001860,CUST00487,2025-12-12,Visite site e-commerce,Chine
TP001861,CUST00487,2025-12-27,Appel conseiller de vente,Chine
TP001862,CUST00487,2025-12-28,Événement VIC,Chine
TP001863,CUST00487,2026-04-15,Rendez-vous boutique,Chine
TP001864,CUST00487,2026-04-25,Ouverture newsletter,Chine
TP001865,CUST00488,2025-11-06,Appel conseiller de vente,USA
TP001866,CUST00488,2025-11-04,Événement VIC,USA
TP001867,CUST00488,2025-11-12,Ouverture newsletter,USA
TP001868,CUST00488,2026-05-24,Rendez-vous boutique,USA
TP001869,CUST00489,2025-07-10,Visite site e-commerce,Chine
TP001870,CUST00489,2025-06-23,Rendez-vous boutique,Chine
TP001871,CUST00490,2026-06-06,Rendez-vous boutique,Moyen-Orient
TP001872,CUST00491,2025-11-08,Visite site e-commerce,USA
TP001873,CUST00491,2025-11-15,Rendez-vous boutique,USA
TP001874,CUST00491,2025-11-16,Visite site e-commerce,USA
TP001875,CUST00491,2026-03-05,Ouverture newsletter,USA
TP001876,CUST00491,2026-03-13,Appel conseiller de vente,USA
TP001877,CUST00492,2026-01-28,Visite site e-commerce,France (siège)
TP001878,CUST00492,2026-01-22,Rendez-vous boutique,France (siège)
TP001879,CUST00492,2026-06-24,Visite site e-commerce,France (siège)
TP001880,CUST00492,2026-07-03,Visite site e-commerce,France (siège)
TP001881,CUST00492,2026-07-02,Visite site e-commerce,France (siège)
TP001882,CUST00493,2025-08-26,Visite site e-commerce,France (siège)
TP001883,CUST00493,2025-09-15,Appel conseiller de vente,France (siège)
TP001884,CUST00493,2025-09-08,Ouverture newsletter,France (siège)
TP001885,CUST00493,2026-01-25,Événement VIC,France (siège)
TP001886,CUST00493,2026-01-31,Visite site e-commerce,France (siège)
TP001887,CUST00494,2025-12-29,Appel conseiller de vente,USA
TP001888,CUST00494,2025-12-26,Événement VIC,USA
TP001889,CUST00494,2026-01-17,Appel conseiller de vente,USA
TP001890,CUST00494,2026-05-31,Visite site e-commerce,USA
TP001891,CUST00495,2026-04-03,Rendez-vous boutique,USA
TP001892,CUST00495,2026-04-17,Ouverture newsletter,USA
TP001893,CUST00495,2026-04-09,Événement VIC,USA
TP001894,CUST00496,2025-05-30,Ouverture newsletter,USA
TP001895,CUST00496,2025-05-27,Rendez-vous boutique,USA
TP001896,CUST00496,2025-11-28,Visite site e-commerce,USA
TP001897,CUST00496,2025-11-17,Rendez-vous boutique,USA
TP001898,CUST00496,2026-05-05,Visite site e-commerce,USA
TP001899,CUST00496,2026-05-01,Appel conseiller de vente,USA
TP001900,CUST00496,2026-04-24,Ouverture newsletter,USA
TP001901,CUST00497,2026-06-16,Rendez-vous boutique,Japon
TP001902,CUST00498,2025-07-24,Rendez-vous boutique,France (siège)
TP001903,CUST00498,2025-07-17,Visite site e-commerce,France (siège)
TP001904,CUST00498,2025-12-23,Ouverture newsletter,France (siège)
TP001905,CUST00498,2026-07-17,Visite site e-commerce,France (siège)
TP001906,CUST00498,2026-06-29,Ouverture newsletter,France (siège)
TP001907,CUST00498,2026-07-07,Événement VIC,France (siège)
TP001908,CUST00499,2026-01-03,Visite site e-commerce,Japon
TP001909,CUST00499,2026-01-17,Visite site e-commerce,Japon
TP001910,CUST00499,2026-05-20,Appel conseiller de vente,Japon
TP001911,CUST00499,2026-05-21,Appel conseiller de vente,Japon
TP001912,CUST00500,2025-10-04,Rendez-vous boutique,France (siège)
TP001913,CUST00500,2025-10-05,Rendez-vous boutique,France (siège)
TP001914,CUST00500,2026-01-25,Visite site e-commerce,France (siège)
TP001915,CUST00500,2026-06-19,Ouverture newsletter,France (siège)
TP001916,CUST00501,2026-04-17,Appel conseiller de vente,Chine
TP001917,CUST00503,2026-02-23,Visite site e-commerce,Chine
TP001918,CUST00503,2026-03-02,Appel conseiller de vente,Chine
TP001919,CUST00503,2026-03-08,Visite site e-commerce,Chine
TP001920,CUST00504,2025-06-04,Ouverture newsletter,France (siège)
TP001921,CUST00504,2025-05-31,Ouverture newsletter,France (siège)
TP001922,CUST00504,2025-05-29,Rendez-vous boutique,France (siège)
TP001923,CUST00504,2025-10-27,Visite site e-commerce,France (siège)
TP001924,CUST00504,2025-10-15,Appel conseiller de vente,France (siège)
TP001925,CUST00504,2025-10-13,Événement VIC,France (siège)
TP001926,CUST00504,2026-03-27,Ouverture newsletter,France (siège)
TP001927,CUST00505,2025-03-08,Rendez-vous boutique,France (siège)
TP001928,CUST00505,2025-03-09,Visite site e-commerce,France (siège)
TP001929,CUST00505,2025-08-21,Visite site e-commerce,France (siège)
TP001930,CUST00505,2025-08-10,Ouverture newsletter,France (siège)
TP001931,CUST00505,2025-08-01,Événement VIC,France (siège)
TP001932,CUST00505,2026-01-31,Événement VIC,France (siège)
TP001933,CUST00505,2026-02-11,Appel conseiller de vente,France (siège)
TP001934,CUST00505,2026-02-15,Visite site e-commerce,France (siège)
TP001935,CUST00505,2026-07-04,Événement VIC,France (siège)
TP001936,CUST00505,2026-06-22,Ouverture newsletter,France (siège)
TP001937,CUST00505,2026-06-28,Appel conseiller de vente,France (siège)
TP001938,CUST00506,2025-01-31,Ouverture newsletter,Japon
TP001939,CUST00506,2025-02-03,Appel conseiller de vente,Japon
TP001940,CUST00506,2025-01-18,Appel conseiller de vente,Japon
TP001941,CUST00506,2025-06-20,Appel conseiller de vente,Japon
TP001942,CUST00506,2025-10-14,Événement VIC,Japon
TP001943,CUST00506,2026-02-06,Événement VIC,Japon
TP001944,CUST00506,2026-01-18,Appel conseiller de vente,Japon
TP001945,CUST00506,2026-07-10,Visite site e-commerce,Japon
TP001946,CUST00506,2026-07-07,Ouverture newsletter,Japon
TP001947,CUST00507,2025-10-08,Événement VIC,Chine
TP001948,CUST00507,2025-10-30,Événement VIC,Chine
TP001949,CUST00507,2025-10-18,Rendez-vous boutique,Chine
TP001950,CUST00507,2026-04-12,Ouverture newsletter,Chine
TP001951,CUST00507,2026-04-14,Événement VIC,Chine
TP001952,CUST00507,2026-04-14,Visite site e-commerce,Chine
TP001953,CUST00508,2025-04-10,Appel conseiller de vente,France (siège)
TP001954,CUST00508,2025-04-21,Événement VIC,France (siège)
TP001955,CUST00508,2025-04-20,Événement VIC,France (siège)
TP001956,CUST00508,2025-10-23,Visite site e-commerce,France (siège)
TP001957,CUST00508,2026-05-11,Événement VIC,France (siège)
TP001958,CUST00508,2026-05-17,Rendez-vous boutique,France (siège)
TP001959,CUST00509,2025-12-20,Événement VIC,France (siège)
TP001960,CUST00509,2025-12-01,Rendez-vous boutique,France (siège)
TP001961,CUST00509,2025-12-17,Événement VIC,France (siège)
TP001962,CUST00509,2026-06-16,Rendez-vous boutique,France (siège)
TP001963,CUST00509,2026-06-15,Rendez-vous boutique,France (siège)
TP001964,CUST00510,2026-01-05,Ouverture newsletter,USA
TP001965,CUST00510,2026-01-06,Événement VIC,USA
TP001966,CUST00510,2026-05-14,Ouverture newsletter,USA
TP001967,CUST00510,2026-05-19,Rendez-vous boutique,USA
TP001968,CUST00511,2025-12-10,Rendez-vous boutique,Chine
TP001969,CUST00511,2026-05-06,Visite site e-commerce,Chine
TP001970,CUST00511,2026-05-21,Ouverture newsletter,Chine
TP001971,CUST00512,2025-03-26,Ouverture newsletter,Chine
TP001972,CUST00512,2025-06-30,Appel conseiller de vente,Chine
TP001973,CUST00512,2025-07-13,Appel conseiller de vente,Chine
TP001974,CUST00512,2025-11-12,Événement VIC,Chine
TP001975,CUST00512,2025-11-08,Appel conseiller de vente,Chine
TP001976,CUST00512,2026-04-09,Appel conseiller de vente,Chine
TP001977,CUST00512,2026-04-03,Rendez-vous boutique,Chine
TP001978,CUST00512,2026-03-21,Visite site e-commerce,Chine
TP001979,CUST00513,2025-09-21,Rendez-vous boutique,Japon
TP001980,CUST00513,2025-09-23,Appel conseiller de vente,Japon
TP001981,CUST00513,2025-09-22,Appel conseiller de vente,Japon
TP001982,CUST00513,2026-04-04,Ouverture newsletter,Japon
TP001983,CUST00514,2025-05-31,Visite site e-commerce,Chine
TP001984,CUST00514,2025-05-22,Événement VIC,Chine
TP001985,CUST00514,2025-06-15,Appel conseiller de vente,Chine
TP001986,CUST00515,2026-03-17,Visite site e-commerce,USA
TP001987,CUST00515,2026-04-02,Événement VIC,USA
TP001988,CUST00516,2025-08-01,Visite site e-commerce,France (siège)
TP001989,CUST00517,2025-10-28,Visite site e-commerce,Chine
TP001990,CUST00517,2025-10-22,Rendez-vous boutique,Chine
TP001991,CUST00517,2026-03-11,Appel conseiller de vente,Chine
TP001992,CUST00517,2026-03-09,Appel conseiller de vente,Chine
TP001993,CUST00519,2026-04-09,Visite site e-commerce,Japon
TP001994,CUST00519,2026-04-22,Appel conseiller de vente,Japon
TP001995,CUST00520,2025-03-11,Événement VIC,Chine
TP001996,CUST00520,2025-02-25,Visite site e-commerce,Chine
TP001997,CUST00520,2025-07-09,Événement VIC,Chine
TP001998,CUST00520,2025-11-30,Visite site e-commerce,Chine
TP001999,CUST00520,2026-04-03,Appel conseiller de vente,Chine
TP002000,CUST00521,2025-03-13,Ouverture newsletter,France (siège)
TP002001,CUST00521,2025-03-17,Visite site e-commerce,France (siège)
TP002002,CUST00521,2025-08-22,Ouverture newsletter,France (siège)
TP002003,CUST00521,2025-08-27,Ouverture newsletter,France (siège)
TP002004,CUST00521,2025-08-13,Événement VIC,France (siège)
TP002005,CUST00521,2025-12-26,Appel conseiller de vente,France (siège)
TP002006,CUST00521,2025-12-31,Appel conseiller de vente,France (siège)
TP002007,CUST00521,2026-04-14,Rendez-vous boutique,France (siège)
TP002008,CUST00521,2026-04-18,Événement VIC,France (siège)
TP002009,CUST00521,2026-04-18,Appel conseiller de vente,France (siège)
TP002010,CUST00522,2026-05-22,Rendez-vous boutique,USA
TP002011,CUST00522,2026-05-13,Rendez-vous boutique,USA
TP002012,CUST00522,2026-05-10,Visite site e-commerce,USA
TP002013,CUST00523,2026-03-04,Événement VIC,Chine
TP002014,CUST00523,2026-03-18,Appel conseiller de vente,Chine
TP002015,CUST00523,2026-03-21,Événement VIC,Chine
TP002016,CUST00524,2026-07-03,Rendez-vous boutique,USA
TP002017,CUST00524,2026-07-04,Événement VIC,USA
TP002018,CUST00525,2025-09-04,Ouverture newsletter,Japon
TP002019,CUST00525,2025-08-18,Ouverture newsletter,Japon
TP002020,CUST00525,2025-09-07,Rendez-vous boutique,Japon
TP002021,CUST00525,2026-03-12,Rendez-vous boutique,Japon
TP002022,CUST00525,2026-03-09,Événement VIC,Japon
TP002023,CUST00526,2025-06-19,Rendez-vous boutique,Japon
TP002024,CUST00526,2025-11-10,Visite site e-commerce,Japon
TP002025,CUST00526,2026-04-28,Appel conseiller de vente,Japon
TP002026,CUST00526,2026-04-29,Ouverture newsletter,Japon
TP002027,CUST00526,2026-04-14,Visite site e-commerce,Japon
TP002028,CUST00527,2026-01-20,Événement VIC,Chine
TP002029,CUST00527,2026-06-15,Événement VIC,Chine
TP002030,CUST00528,2025-06-24,Rendez-vous boutique,Chine
TP002031,CUST00528,2025-07-09,Ouverture newsletter,Chine
TP002032,CUST00528,2026-01-09,Rendez-vous boutique,Chine
TP002033,CUST00528,2026-05-25,Événement VIC,Chine
TP002034,CUST00528,2026-06-06,Visite site e-commerce,Chine
TP002035,CUST00529,2025-07-28,Ouverture newsletter,Chine
TP002036,CUST00529,2025-07-11,Ouverture newsletter,Chine
TP002037,CUST00529,2025-07-10,Appel conseiller de vente,Chine
TP002038,CUST00529,2025-11-20,Rendez-vous boutique,Chine
TP002039,CUST00529,2025-11-21,Ouverture newsletter,Chine
TP002040,CUST00529,2026-02-16,Appel conseiller de vente,Chine
TP002041,CUST00529,2026-06-29,Rendez-vous boutique,Chine
TP002042,CUST00529,2026-06-21,Ouverture newsletter,Chine
TP002043,CUST00529,2026-06-06,Ouverture newsletter,Chine
TP002044,CUST00530,2025-07-31,Appel conseiller de vente,Chine
TP002045,CUST00530,2025-08-07,Appel conseiller de vente,Chine
TP002046,CUST00530,2025-12-26,Rendez-vous boutique,Chine
TP002047,CUST00530,2025-12-22,Visite site e-commerce,Chine
TP002048,CUST00530,2025-12-22,Ouverture newsletter,Chine
TP002049,CUST00530,2026-05-07,Rendez-vous boutique,Chine
TP002050,CUST00530,2026-04-19,Ouverture newsletter,Chine
TP002051,CUST00531,2025-12-04,Ouverture newsletter,France (siège)
TP002052,CUST00531,2025-12-19,Visite site e-commerce,France (siège)
TP002053,CUST00531,2025-11-27,Appel conseiller de vente,France (siège)
TP002054,CUST00531,2026-06-13,Rendez-vous boutique,France (siège)
TP002055,CUST00531,2026-06-06,Rendez-vous boutique,France (siège)
TP002056,CUST00531,2026-05-29,Appel conseiller de vente,France (siège)
TP002057,CUST00532,2026-07-21,Rendez-vous boutique,USA
TP002058,CUST00533,2026-03-10,Appel conseiller de vente,USA
TP002059,CUST00533,2026-03-05,Appel conseiller de vente,USA
TP002060,CUST00533,2026-02-25,Ouverture newsletter,USA
TP002061,CUST00534,2026-05-15,Appel conseiller de vente,Chine
TP002062,CUST00534,2026-05-09,Événement VIC,Chine
TP002063,CUST00535,2026-06-23,Rendez-vous boutique,Chine
TP002064,CUST00535,2026-06-25,Ouverture newsletter,Chine
TP002065,CUST00536,2025-05-28,Rendez-vous boutique,Japon
TP002066,CUST00536,2025-05-13,Rendez-vous boutique,Japon
TP002067,CUST00536,2025-10-25,Événement VIC,Japon
TP002068,CUST00537,2025-09-12,Rendez-vous boutique,USA
TP002069,CUST00537,2025-09-06,Appel conseiller de vente,USA
TP002070,CUST00537,2025-09-23,Événement VIC,USA
TP002071,CUST00537,2026-01-20,Rendez-vous boutique,USA
TP002072,CUST00537,2026-05-15,Rendez-vous boutique,USA
TP002073,CUST00538,2026-02-14,Rendez-vous boutique,France (siège)
TP002074,CUST00540,2025-08-31,Événement VIC,France (siège)
TP002075,CUST00540,2026-01-18,Rendez-vous boutique,France (siège)
TP002076,CUST00540,2026-01-17,Événement VIC,France (siège)
TP002077,CUST00540,2026-06-17,Rendez-vous boutique,France (siège)
TP002078,CUST00540,2026-06-07,Rendez-vous boutique,France (siège)
TP002079,CUST00541,2025-06-01,Visite site e-commerce,Chine
TP002080,CUST00541,2025-05-22,Événement VIC,Chine
TP002081,CUST00541,2025-11-22,Rendez-vous boutique,Chine
TP002082,CUST00541,2026-05-08,Ouverture newsletter,Chine
TP002083,CUST00541,2026-04-23,Événement VIC,Chine
TP002084,CUST00541,2026-05-10,Appel conseiller de vente,Chine
TP002085,CUST00542,2025-12-16,Rendez-vous boutique,USA
TP002086,CUST00542,2025-12-17,Rendez-vous boutique,USA
TP002087,CUST00542,2025-12-02,Appel conseiller de vente,USA
TP002088,CUST00542,2026-06-17,Ouverture newsletter,USA
TP002089,CUST00543,2026-04-16,Rendez-vous boutique,USA
TP002090,CUST00543,2026-04-07,Rendez-vous boutique,USA
TP002091,CUST00544,2025-06-04,Rendez-vous boutique,Chine
TP002092,CUST00544,2025-05-23,Événement VIC,Chine
TP002093,CUST00544,2025-11-26,Événement VIC,Chine
TP002094,CUST00544,2026-06-03,Visite site e-commerce,Chine
TP002095,CUST00544,2026-05-31,Rendez-vous boutique,Chine
TP002096,CUST00545,2025-05-11,Rendez-vous boutique,Chine
TP002097,CUST00545,2025-10-25,Appel conseiller de vente,Chine
TP002098,CUST00545,2025-10-22,Visite site e-commerce,Chine
TP002099,CUST00545,2025-11-05,Visite site e-commerce,Chine
TP002100,CUST00545,2026-03-25,Appel conseiller de vente,Chine
TP002101,CUST00546,2026-04-29,Visite site e-commerce,France (siège)
TP002102,CUST00546,2026-04-23,Événement VIC,France (siège)
TP002103,CUST00547,2025-09-13,Visite site e-commerce,USA
TP002104,CUST00547,2026-03-01,Appel conseiller de vente,USA
TP002105,CUST00547,2026-02-28,Rendez-vous boutique,USA
TP002106,CUST00547,2026-03-07,Événement VIC,USA
TP002107,CUST00548,2025-11-12,Rendez-vous boutique,Japon
TP002108,CUST00548,2025-11-19,Visite site e-commerce,Japon
TP002109,CUST00548,2026-03-31,Événement VIC,Japon
TP002110,CUST00548,2026-03-28,Rendez-vous boutique,Japon
TP002111,CUST00548,2026-04-05,Rendez-vous boutique,Japon
TP002112,CUST00549,2025-02-07,Rendez-vous boutique,France (siège)
TP002113,CUST00549,2025-02-17,Ouverture newsletter,France (siège)
TP002114,CUST00549,2025-02-09,Appel conseiller de vente,France (siège)
TP002115,CUST00549,2025-06-30,Ouverture newsletter,France (siège)
TP002116,CUST00549,2025-11-17,Visite site e-commerce,France (siège)
TP002117,CUST00549,2025-12-09,Ouverture newsletter,France (siège)
TP002118,CUST00549,2025-12-09,Événement VIC,France (siège)
TP002119,CUST00549,2026-04-13,Appel conseiller de vente,France (siège)
TP002120,CUST00550,2025-05-08,Rendez-vous boutique,Chine
TP002121,CUST00550,2025-05-01,Visite site e-commerce,Chine
TP002122,CUST00550,2025-04-29,Rendez-vous boutique,Chine
TP002123,CUST00550,2025-09-02,Événement VIC,Chine
TP002124,CUST00550,2025-09-15,Ouverture newsletter,Chine
TP002125,CUST00550,2025-09-22,Appel conseiller de vente,Chine
TP002126,CUST00550,2026-01-28,Rendez-vous boutique,Chine
TP002127,CUST00550,2026-01-20,Ouverture newsletter,Chine
TP002128,CUST00550,2026-06-13,Événement VIC,Chine
TP002129,CUST00550,2026-06-11,Appel conseiller de vente,Chine
TP002130,CUST00551,2025-09-27,Événement VIC,Chine
TP002131,CUST00551,2025-09-17,Visite site e-commerce,Chine
TP002132,CUST00551,2026-03-03,Événement VIC,Chine
TP002133,CUST00552,2025-12-20,Événement VIC,France (siège)
TP002134,CUST00552,2026-06-01,Rendez-vous boutique,France (siège)
TP002135,CUST00553,2026-05-14,Événement VIC,Moyen-Orient
TP002136,CUST00553,2026-05-04,Appel conseiller de vente,Moyen-Orient
TP002137,CUST00554,2025-04-19,Ouverture newsletter,France (siège)
TP002138,CUST00554,2025-04-11,Événement VIC,France (siège)
TP002139,CUST00554,2025-09-20,Visite site e-commerce,France (siège)
TP002140,CUST00554,2025-09-21,Rendez-vous boutique,France (siège)
TP002141,CUST00554,2025-09-13,Visite site e-commerce,France (siège)
TP002142,CUST00554,2026-01-28,Appel conseiller de vente,France (siège)
TP002143,CUST00554,2026-02-11,Événement VIC,France (siège)
TP002144,CUST00554,2026-01-20,Rendez-vous boutique,France (siège)
TP002145,CUST00555,2025-01-26,Ouverture newsletter,USA
TP002146,CUST00555,2025-01-24,Visite site e-commerce,USA
TP002147,CUST00555,2025-02-06,Visite site e-commerce,USA
TP002148,CUST00556,2025-10-30,Ouverture newsletter,Chine
TP002149,CUST00556,2025-10-28,Ouverture newsletter,Chine
TP002150,CUST00556,2026-04-05,Rendez-vous boutique,Chine
TP002151,CUST00556,2026-04-22,Ouverture newsletter,Chine
TP002152,CUST00557,2026-01-08,Ouverture newsletter,France (siège)
TP002153,CUST00557,2026-01-08,Ouverture newsletter,France (siège)
TP002154,CUST00557,2026-01-04,Événement VIC,France (siège)
TP002155,CUST00557,2026-07-21,Ouverture newsletter,France (siège)
TP002156,CUST00557,2026-07-15,Visite site e-commerce,France (siège)
TP002157,CUST00557,2026-07-17,Visite site e-commerce,France (siège)
TP002158,CUST00558,2025-12-13,Ouverture newsletter,Moyen-Orient
TP002159,CUST00558,2026-04-19,Visite site e-commerce,Moyen-Orient
TP002160,CUST00558,2026-04-14,Appel conseiller de vente,Moyen-Orient
TP002161,CUST00559,2025-11-05,Visite site e-commerce,France (siège)
TP002162,CUST00560,2026-02-21,Appel conseiller de vente,USA
TP002163,CUST00560,2026-02-05,Rendez-vous boutique,USA
TP002164,CUST00560,2026-06-25,Événement VIC,USA
TP002165,CUST00560,2026-06-21,Événement VIC,USA
TP002166,CUST00561,2025-06-06,Événement VIC,Moyen-Orient
TP002167,CUST00561,2025-05-28,Événement VIC,Moyen-Orient
TP002168,CUST00561,2025-05-28,Événement VIC,Moyen-Orient
TP002169,CUST00561,2025-10-18,Appel conseiller de vente,Moyen-Orient
TP002170,CUST00561,2025-10-08,Visite site e-commerce,Moyen-Orient
TP002171,CUST00561,2026-05-06,Événement VIC,Moyen-Orient
TP002172,CUST00561,2026-05-01,Ouverture newsletter,Moyen-Orient
TP002173,CUST00561,2026-05-01,Rendez-vous boutique,Moyen-Orient
TP002174,CUST00562,2025-06-02,Visite site e-commerce,Japon
TP002175,CUST00562,2025-09-29,Événement VIC,Japon
TP002176,CUST00562,2025-10-05,Visite site e-commerce,Japon
TP002177,CUST00562,2025-09-28,Appel conseiller de vente,Japon
TP002178,CUST00562,2026-02-27,Ouverture newsletter,Japon
TP002179,CUST00562,2026-02-23,Visite site e-commerce,Japon
TP002180,CUST00562,2026-02-16,Appel conseiller de vente,Japon
TP002181,CUST00563,2025-06-24,Appel conseiller de vente,Chine
TP002182,CUST00563,2025-06-19,Appel conseiller de vente,Chine
TP002183,CUST00563,2025-10-14,Appel conseiller de vente,Chine
TP002184,CUST00563,2025-10-13,Ouverture newsletter,Chine
TP002185,CUST00563,2025-10-16,Visite site e-commerce,Chine
TP002186,CUST00563,2026-01-31,Rendez-vous boutique,Chine
TP002187,CUST00563,2026-01-30,Ouverture newsletter,Chine
TP002188,CUST00563,2026-02-01,Événement VIC,Chine
TP002189,CUST00563,2026-05-30,Appel conseiller de vente,Chine
TP002190,CUST00563,2026-05-15,Rendez-vous boutique,Chine
TP002191,CUST00564,2026-04-21,Rendez-vous boutique,France (siège)
TP002192,CUST00564,2026-04-25,Rendez-vous boutique,France (siège)
TP002193,CUST00565,2025-05-31,Appel conseiller de vente,France (siège)
TP002194,CUST00565,2025-05-24,Événement VIC,France (siège)
TP002195,CUST00565,2025-09-24,Ouverture newsletter,France (siège)
TP002196,CUST00565,2026-02-18,Visite site e-commerce,France (siège)
TP002197,CUST00565,2026-02-17,Appel conseiller de vente,France (siège)
TP002198,CUST00565,2026-03-02,Événement VIC,France (siège)
TP002199,CUST00566,2026-05-02,Rendez-vous boutique,Chine
TP002200,CUST00567,2026-03-04,Rendez-vous boutique,Chine
TP002201,CUST00568,2026-04-12,Visite site e-commerce,USA
TP002202,CUST00568,2026-03-25,Rendez-vous boutique,USA
TP002203,CUST00568,2026-03-26,Ouverture newsletter,USA
TP002204,CUST00570,2025-01-04,Rendez-vous boutique,France (siège)
TP002205,CUST00570,2024-12-24,Rendez-vous boutique,France (siège)
TP002206,CUST00570,2025-01-06,Appel conseiller de vente,France (siège)
TP002207,CUST00570,2025-04-14,Ouverture newsletter,France (siège)
TP002208,CUST00570,2025-08-11,Ouverture newsletter,France (siège)
TP002209,CUST00571,2025-12-06,Appel conseiller de vente,Japon
TP002210,CUST00571,2025-12-17,Ouverture newsletter,Japon
TP002211,CUST00571,2025-12-23,Rendez-vous boutique,Japon
TP002212,CUST00571,2026-06-18,Rendez-vous boutique,Japon
TP002213,CUST00573,2025-05-20,Visite site e-commerce,USA
TP002214,CUST00573,2025-05-03,Appel conseiller de vente,USA
TP002215,CUST00574,2026-04-26,Événement VIC,France (siège)
TP002216,CUST00574,2026-05-08,Visite site e-commerce,France (siège)
TP002217,CUST00575,2026-01-12,Appel conseiller de vente,France (siège)
TP002218,CUST00575,2026-07-01,Rendez-vous boutique,France (siège)
TP002219,CUST00576,2025-06-25,Événement VIC,Moyen-Orient
TP002220,CUST00576,2026-01-04,Visite site e-commerce,Moyen-Orient
TP002221,CUST00576,2025-12-21,Visite site e-commerce,Moyen-Orient
TP002222,CUST00577,2025-04-20,Événement VIC,USA
TP002223,CUST00577,2025-09-18,Visite site e-commerce,USA
TP002224,CUST00577,2025-09-22,Ouverture newsletter,USA
TP002225,CUST00577,2026-01-07,Visite site e-commerce,USA
TP002226,CUST00577,2026-01-23,Ouverture newsletter,USA
TP002227,CUST00577,2026-01-03,Appel conseiller de vente,USA
TP002228,CUST00577,2026-05-15,Visite site e-commerce,USA
TP002229,CUST00577,2026-05-24,Rendez-vous boutique,USA
TP002230,CUST00577,2026-05-16,Appel conseiller de vente,USA
TP002231,CUST00578,2026-02-15,Événement VIC,France (siège)
TP002232,CUST00578,2026-02-26,Visite site e-commerce,France (siège)
TP002233,CUST00578,2026-06-19,Événement VIC,France (siège)
TP002234,CUST00578,2026-06-16,Appel conseiller de vente,France (siège)
TP002235,CUST00579,2026-06-24,Visite site e-commerce,USA
TP002236,CUST00580,2026-02-03,Rendez-vous boutique,Chine
TP002237,CUST00580,2026-02-03,Ouverture newsletter,Chine
TP002238,CUST00580,2026-02-02,Événement VIC,Chine
TP002239,CUST00580,2026-05-27,Appel conseiller de vente,Chine
TP002240,CUST00580,2026-06-04,Rendez-vous boutique,Chine
TP002241,CUST00580,2026-06-09,Ouverture newsletter,Chine
TP002242,CUST00581,2026-02-26,Ouverture newsletter,France (siège)
TP002243,CUST00581,2026-03-20,Ouverture newsletter,France (siège)
TP002244,CUST00581,2026-07-07,Visite site e-commerce,France (siège)
TP002245,CUST00581,2026-07-09,Visite site e-commerce,France (siège)
TP002246,CUST00582,2026-05-12,Rendez-vous boutique,USA
TP002247,CUST00583,2025-07-17,Appel conseiller de vente,Japon
TP002248,CUST00583,2025-07-17,Événement VIC,Japon
TP002249,CUST00583,2026-01-17,Ouverture newsletter,Japon
TP002250,CUST00583,2026-02-02,Visite site e-commerce,Japon
TP002251,CUST00583,2026-06-24,Événement VIC,Japon
TP002252,CUST00583,2026-06-23,Visite site e-commerce,Japon
TP002253,CUST00584,2025-07-06,Ouverture newsletter,USA
TP002254,CUST00584,2026-01-06,Ouverture newsletter,USA
TP002255,CUST00585,2025-10-31,Ouverture newsletter,Moyen-Orient
TP002256,CUST00585,2025-11-11,Événement VIC,Moyen-Orient
TP002257,CUST00585,2026-04-27,Appel conseiller de vente,Moyen-Orient
TP002258,CUST00585,2026-04-17,Visite site e-commerce,Moyen-Orient
TP002259,CUST00586,2025-03-11,Événement VIC,USA
TP002260,CUST00586,2025-02-27,Visite site e-commerce,USA
TP002261,CUST00587,2026-01-14,Événement VIC,Japon
TP002262,CUST00587,2026-01-17,Rendez-vous boutique,Japon
TP002263,CUST00587,2026-05-25,Appel conseiller de vente,Japon
TP002264,CUST00587,2026-06-07,Visite site e-commerce,Japon
TP002265,CUST00588,2025-06-02,Appel conseiller de vente,France (siège)
TP002266,CUST00588,2025-11-21,Rendez-vous boutique,France (siège)
TP002267,CUST00588,2025-12-07,Appel conseiller de vente,France (siège)
TP002268,CUST00588,2025-11-29,Visite site e-commerce,France (siège)
TP002269,CUST00588,2026-05-05,Ouverture newsletter,France (siège)
TP002270,CUST00589,2025-06-03,Rendez-vous boutique,France (siège)
TP002271,CUST00589,2025-05-20,Événement VIC,France (siège)
TP002272,CUST00589,2025-11-07,Appel conseiller de vente,France (siège)
TP002273,CUST00589,2025-11-24,Ouverture newsletter,France (siège)
TP002274,CUST00589,2025-11-04,Rendez-vous boutique,France (siège)
TP002275,CUST00589,2026-05-13,Rendez-vous boutique,France (siège)
TP002276,CUST00589,2026-05-23,Événement VIC,France (siège)
TP002277,CUST00590,2025-09-18,Ouverture newsletter,USA
TP002278,CUST00590,2025-09-09,Appel conseiller de vente,USA
TP002279,CUST00590,2025-09-10,Ouverture newsletter,USA
TP002280,CUST00590,2026-02-19,Appel conseiller de vente,USA
TP002281,CUST00590,2026-03-14,Ouverture newsletter,USA
TP002282,CUST00591,2026-02-10,Appel conseiller de vente,France (siège)
TP002283,CUST00591,2026-02-14,Visite site e-commerce,France (siège)
TP002284,CUST00591,2026-07-02,Visite site e-commerce,France (siège)
TP002285,CUST00591,2026-07-03,Rendez-vous boutique,France (siège)
TP002286,CUST00591,2026-06-26,Ouverture newsletter,France (siège)
TP002287,CUST00592,2025-06-11,Rendez-vous boutique,USA
TP002288,CUST00592,2025-06-19,Visite site e-commerce,USA
TP002289,CUST00592,2025-06-22,Ouverture newsletter,USA
TP002290,CUST00592,2025-11-17,Appel conseiller de vente,USA
TP002291,CUST00592,2025-11-05,Ouverture newsletter,USA
TP002292,CUST00592,2026-04-26,Rendez-vous boutique,USA
TP002293,CUST00593,2026-02-28,Appel conseiller de vente,USA
TP002294,CUST00593,2026-03-12,Événement VIC,USA
TP002295,CUST00594,2026-06-30,Événement VIC,Chine
TP002296,CUST00594,2026-07-19,Événement VIC,Chine
TP002297,CUST00595,2025-09-20,Rendez-vous boutique,USA
TP002298,CUST00595,2025-09-15,Événement VIC,USA
TP002299,CUST00595,2025-09-13,Appel conseiller de vente,USA
TP002300,CUST00595,2026-01-10,Visite site e-commerce,USA
TP002301,CUST00595,2026-01-29,Rendez-vous boutique,USA
TP002302,CUST00595,2026-01-25,Appel conseiller de vente,USA
TP002303,CUST00595,2026-07-22,Visite site e-commerce,USA
TP002304,CUST00596,2026-07-06,Événement VIC,Chine
TP002305,CUST00596,2026-06-28,Ouverture newsletter,Chine
TP002306,CUST00597,2025-12-27,Visite site e-commerce,USA
TP002307,CUST00597,2026-01-03,Visite site e-commerce,USA
TP002308,CUST00598,2026-02-18,Appel conseiller de vente,France (siège)
TP002309,CUST00598,2026-03-02,Ouverture newsletter,France (siège)
TP002310,CUST00598,2026-02-25,Rendez-vous boutique,France (siège)
TP002311,CUST00598,2026-06-08,Appel conseiller de vente,France (siège)
TP002312,CUST00598,2026-05-29,Ouverture newsletter,France (siège)
TP002313,CUST00598,2026-06-18,Appel conseiller de vente,France (siège)
TP002314,CUST00599,2025-03-23,Rendez-vous boutique,Chine
TP002315,CUST00599,2025-04-07,Visite site e-commerce,Chine
TP002316,CUST00599,2025-03-25,Visite site e-commerce,Chine
TP002317,CUST00599,2025-09-01,Événement VIC,Chine
TP002318,CUST00599,2026-01-20,Visite site e-commerce,Chine
TP002319,CUST00599,2026-01-06,Visite site e-commerce,Chine
TP002320,CUST00599,2026-07-06,Appel conseiller de vente,Chine
TP002321,CUST00599,2026-07-15,Rendez-vous boutique,Chine
TP002322,CUST00600,2025-09-13,Appel conseiller de vente,France (siège)
TP002323,CUST00601,2025-04-10,Ouverture newsletter,Japon
TP002324,CUST00601,2025-04-20,Rendez-vous boutique,Japon
TP002325,CUST00601,2025-04-28,Appel conseiller de vente,Japon
TP002326,CUST00601,2025-10-11,Rendez-vous boutique,Japon
TP002327,CUST00601,2026-04-02,Appel conseiller de vente,Japon
TP002328,CUST00601,2026-04-05,Rendez-vous boutique,Japon
TP002329,CUST00602,2025-08-17,Événement VIC,Moyen-Orient
TP002330,CUST00602,2025-08-09,Visite site e-commerce,Moyen-Orient
TP002331,CUST00602,2026-01-10,Ouverture newsletter,Moyen-Orient
TP002332,CUST00602,2026-01-09,Rendez-vous boutique,Moyen-Orient
TP002333,CUST00602,2026-01-15,Ouverture newsletter,Moyen-Orient
TP002334,CUST00602,2026-06-28,Ouverture newsletter,Moyen-Orient
TP002335,CUST00603,2025-02-22,Ouverture newsletter,USA
TP002336,CUST00603,2025-03-12,Événement VIC,USA
TP002337,CUST00603,2025-09-03,Rendez-vous boutique,USA
TP002338,CUST00604,2026-06-02,Ouverture newsletter,Moyen-Orient
TP002339,CUST00604,2026-05-27,Rendez-vous boutique,Moyen-Orient
TP002340,CUST00604,2026-06-02,Visite site e-commerce,Moyen-Orient
TP002341,CUST00605,2025-10-18,Appel conseiller de vente,France (siège)
TP002342,CUST00605,2026-03-24,Événement VIC,France (siège)
TP002343,CUST00605,2026-04-05,Visite site e-commerce,France (siège)
TP002344,CUST00606,2026-07-09,Ouverture newsletter,Moyen-Orient
TP002345,CUST00607,2025-09-08,Rendez-vous boutique,Chine
TP002346,CUST00607,2025-09-25,Ouverture newsletter,Chine
TP002347,CUST00607,2025-09-20,Rendez-vous boutique,Chine
TP002348,CUST00607,2026-01-18,Appel conseiller de vente,Chine
TP002349,CUST00607,2026-04-19,Ouverture newsletter,Chine
TP002350,CUST00607,2026-04-26,Événement VIC,Chine
TP002351,CUST00607,2026-05-05,Ouverture newsletter,Chine
TP002352,CUST00608,2026-02-23,Rendez-vous boutique,France (siège)
TP002353,CUST00608,2026-07-22,Rendez-vous boutique,France (siège)
TP002354,CUST00609,2026-02-05,Visite site e-commerce,Chine
TP002355,CUST00609,2026-07-21,Ouverture newsletter,Chine
TP002356,CUST00609,2026-07-11,Appel conseiller de vente,Chine
TP002357,CUST00610,2025-12-28,Rendez-vous boutique,Moyen-Orient
TP002358,CUST00610,2025-12-31,Appel conseiller de vente,Moyen-Orient
TP002359,CUST00610,2025-12-30,Rendez-vous boutique,Moyen-Orient
TP002360,CUST00610,2026-07-09,Appel conseiller de vente,Moyen-Orient
TP002361,CUST00611,2026-04-17,Ouverture newsletter,France (siège)
TP002362,CUST00611,2026-04-28,Ouverture newsletter,France (siège)
TP002363,CUST00613,2025-02-18,Événement VIC,Chine
TP002364,CUST00613,2025-02-16,Ouverture newsletter,Chine
TP002365,CUST00613,2025-06-29,Appel conseiller de vente,Chine
TP002366,CUST00613,2025-07-01,Rendez-vous boutique,Chine
TP002367,CUST00613,2025-11-07,Événement VIC,Chine
TP002368,CUST00613,2025-11-04,Ouverture newsletter,Chine
TP002369,CUST00613,2025-11-14,Ouverture newsletter,Chine
TP002370,CUST00613,2026-03-15,Visite site e-commerce,Chine
TP002371,CUST00613,2026-03-16,Événement VIC,Chine
TP002372,CUST00613,2026-03-14,Événement VIC,Chine
TP002373,CUST00614,2026-07-03,Ouverture newsletter,USA
TP002374,CUST00614,2026-07-05,Appel conseiller de vente,USA
TP002375,CUST00614,2026-07-24,Appel conseiller de vente,USA
TP002376,CUST00615,2025-11-01,Événement VIC,Moyen-Orient
TP002377,CUST00615,2025-10-14,Appel conseiller de vente,Moyen-Orient
TP002378,CUST00615,2026-05-22,Événement VIC,Moyen-Orient
TP002379,CUST00615,2026-05-14,Visite site e-commerce,Moyen-Orient
TP002380,CUST00615,2026-05-15,Appel conseiller de vente,Moyen-Orient
TP002381,CUST00616,2026-02-07,Événement VIC,USA
TP002382,CUST00617,2025-10-22,Visite site e-commerce,Japon
TP002383,CUST00617,2026-04-27,Ouverture newsletter,Japon
TP002384,CUST00619,2025-05-16,Appel conseiller de vente,USA
TP002385,CUST00619,2025-05-29,Événement VIC,USA
TP002386,CUST00620,2025-07-03,Rendez-vous boutique,Japon
TP002387,CUST00620,2025-06-25,Ouverture newsletter,Japon
TP002388,CUST00620,2025-06-25,Appel conseiller de vente,Japon
TP002389,CUST00620,2025-12-25,Visite site e-commerce,Japon
TP002390,CUST00620,2025-12-30,Visite site e-commerce,Japon
TP002391,CUST00620,2026-06-02,Rendez-vous boutique,Japon
TP002392,CUST00621,2025-11-20,Rendez-vous boutique,Japon
TP002393,CUST00621,2025-11-22,Ouverture newsletter,Japon
TP002394,CUST00621,2026-04-26,Événement VIC,Japon
TP002395,CUST00624,2025-09-15,Événement VIC,Chine
TP002396,CUST00624,2025-10-06,Événement VIC,Chine
TP002397,CUST00624,2026-02-04,Ouverture newsletter,Chine
TP002398,CUST00624,2026-02-01,Événement VIC,Chine
TP002399,CUST00624,2026-01-21,Événement VIC,Chine
TP002400,CUST00624,2026-05-30,Visite site e-commerce,Chine
TP002401,CUST00624,2026-05-29,Événement VIC,Chine
TP002402,CUST00624,2026-05-13,Visite site e-commerce,Chine
TP002403,CUST00625,2026-07-01,Événement VIC,Moyen-Orient
TP002404,CUST00625,2026-07-03,Ouverture newsletter,Moyen-Orient
TP002405,CUST00626,2026-05-29,Événement VIC,France (siège)
TP002406,CUST00626,2026-05-09,Appel conseiller de vente,France (siège)
TP002407,CUST00626,2026-05-09,Visite site e-commerce,France (siège)
TP002408,CUST00627,2025-10-22,Appel conseiller de vente,Moyen-Orient
TP002409,CUST00627,2026-04-01,Visite site e-commerce,Moyen-Orient
TP002410,CUST00627,2026-03-21,Visite site e-commerce,Moyen-Orient
TP002411,CUST00628,2026-01-02,Rendez-vous boutique,Moyen-Orient
TP002412,CUST00628,2025-12-22,Appel conseiller de vente,Moyen-Orient
TP002413,CUST00628,2026-01-02,Visite site e-commerce,Moyen-Orient
TP002414,CUST00628,2026-04-01,Ouverture newsletter,Moyen-Orient
TP002415,CUST00628,2026-04-03,Appel conseiller de vente,Moyen-Orient
TP002416,CUST00629,2025-10-07,Appel conseiller de vente,USA
TP002417,CUST00629,2025-09-23,Rendez-vous boutique,USA
TP002418,CUST00629,2025-10-11,Ouverture newsletter,USA
TP002419,CUST00629,2026-01-28,Visite site e-commerce,USA
TP002420,CUST00629,2026-01-18,Appel conseiller de vente,USA
TP002421,CUST00629,2026-01-19,Rendez-vous boutique,USA
TP002422,CUST00630,2025-08-26,Événement VIC,Japon
TP002423,CUST00630,2025-12-08,Appel conseiller de vente,Japon
TP002424,CUST00630,2025-12-30,Appel conseiller de vente,Japon
TP002425,CUST00630,2025-12-19,Appel conseiller de vente,Japon
TP002426,CUST00630,2026-04-21,Visite site e-commerce,Japon
TP002427,CUST00630,2026-04-29,Événement VIC,Japon
TP002428,CUST00631,2025-07-23,Visite site e-commerce,France (siège)
TP002429,CUST00631,2026-01-01,Rendez-vous boutique,France (siège)
TP002430,CUST00631,2026-06-19,Rendez-vous boutique,France (siège)
TP002431,CUST00631,2026-06-30,Visite site e-commerce,France (siège)
TP002432,CUST00631,2026-06-30,Rendez-vous boutique,France (siège)
TP002433,CUST00632,2025-11-11,Appel conseiller de vente,USA
TP002434,CUST00632,2026-04-26,Appel conseiller de vente,USA
TP002435,CUST00632,2026-05-16,Ouverture newsletter,USA
TP002436,CUST00632,2026-05-03,Événement VIC,USA
TP002437,CUST00633,2026-06-01,Ouverture newsletter,Chine
TP002438,CUST00633,2026-06-10,Événement VIC,Chine
TP002439,CUST00633,2026-06-09,Ouverture newsletter,Chine
TP002440,CUST00634,2025-09-14,Appel conseiller de vente,Moyen-Orient
TP002441,CUST00634,2025-10-01,Ouverture newsletter,Moyen-Orient
TP002442,CUST00634,2025-12-29,Événement VIC,Moyen-Orient
TP002443,CUST00634,2025-12-20,Rendez-vous boutique,Moyen-Orient
TP002444,CUST00634,2025-12-30,Ouverture newsletter,Moyen-Orient
TP002445,CUST00634,2026-03-20,Événement VIC,Moyen-Orient
TP002446,CUST00634,2026-04-04,Ouverture newsletter,Moyen-Orient
TP002447,CUST00634,2026-04-06,Visite site e-commerce,Moyen-Orient
TP002448,CUST00634,2026-06-26,Événement VIC,Moyen-Orient
TP002449,CUST00635,2025-12-29,Ouverture newsletter,Moyen-Orient
TP002450,CUST00635,2026-01-08,Événement VIC,Moyen-Orient
TP002451,CUST00635,2026-05-19,Visite site e-commerce,Moyen-Orient
TP002452,CUST00636,2025-06-25,Ouverture newsletter,USA
TP002453,CUST00636,2025-06-30,Appel conseiller de vente,USA
TP002454,CUST00636,2025-06-23,Rendez-vous boutique,USA
TP002455,CUST00636,2025-10-17,Appel conseiller de vente,USA
TP002456,CUST00636,2025-10-17,Événement VIC,USA
TP002457,CUST00636,2026-04-01,Rendez-vous boutique,USA
TP002458,CUST00636,2026-03-26,Événement VIC,USA
TP002459,CUST00636,2026-03-27,Ouverture newsletter,USA
TP002460,CUST00637,2025-02-03,Visite site e-commerce,Chine
TP002461,CUST00637,2025-02-01,Visite site e-commerce,Chine
TP002462,CUST00637,2025-08-07,Visite site e-commerce,Chine
TP002463,CUST00637,2025-07-27,Visite site e-commerce,Chine
TP002464,CUST00637,2025-07-30,Événement VIC,Chine
TP002465,CUST00637,2026-01-28,Rendez-vous boutique,Chine
TP002466,CUST00637,2026-01-21,Ouverture newsletter,Chine
TP002467,CUST00637,2026-02-04,Appel conseiller de vente,Chine
TP002468,CUST00637,2026-07-09,Appel conseiller de vente,Chine
TP002469,CUST00637,2026-07-14,Visite site e-commerce,Chine
TP002470,CUST00637,2026-07-16,Événement VIC,Chine
TP002471,CUST00638,2025-10-09,Ouverture newsletter,Moyen-Orient
TP002472,CUST00638,2025-10-04,Appel conseiller de vente,Moyen-Orient
TP002473,CUST00638,2026-04-02,Événement VIC,Moyen-Orient
TP002474,CUST00638,2026-04-20,Visite site e-commerce,Moyen-Orient
TP002475,CUST00638,2026-04-08,Rendez-vous boutique,Moyen-Orient
TP002476,CUST00639,2026-02-18,Événement VIC,Chine
TP002477,CUST00639,2026-02-19,Rendez-vous boutique,Chine
TP002478,CUST00639,2026-03-01,Visite site e-commerce,Chine
TP002479,CUST00640,2025-10-04,Rendez-vous boutique,France (siège)
TP002480,CUST00640,2025-09-26,Visite site e-commerce,France (siège)
TP002481,CUST00640,2026-03-08,Rendez-vous boutique,France (siège)
TP002482,CUST00640,2026-03-29,Ouverture newsletter,France (siège)
TP002483,CUST00640,2026-03-25,Événement VIC,France (siège)
TP002484,CUST00641,2026-02-14,Ouverture newsletter,France (siège)
TP002485,CUST00642,2025-03-20,Appel conseiller de vente,Moyen-Orient
TP002486,CUST00642,2025-04-04,Ouverture newsletter,Moyen-Orient
TP002487,CUST00642,2025-04-01,Événement VIC,Moyen-Orient
TP002488,CUST00642,2025-08-27,Visite site e-commerce,Moyen-Orient
TP002489,CUST00642,2025-08-29,Ouverture newsletter,Moyen-Orient
TP002490,CUST00643,2026-03-15,Ouverture newsletter,France (siège)
TP002491,CUST00643,2026-03-09,Appel conseiller de vente,France (siège)
TP002492,CUST00643,2026-03-17,Rendez-vous boutique,France (siège)
TP002493,CUST00644,2026-07-15,Rendez-vous boutique,France (siège)
TP002494,CUST00645,2026-04-06,Visite site e-commerce,USA
TP002495,CUST00646,2026-02-07,Appel conseiller de vente,USA
TP002496,CUST00646,2026-02-27,Événement VIC,USA
TP002497,CUST00646,2026-02-12,Appel conseiller de vente,USA
TP002498,CUST00647,2026-02-19,Rendez-vous boutique,Japon
TP002499,CUST00647,2026-03-01,Rendez-vous boutique,Japon
TP002500,CUST00648,2026-04-04,Rendez-vous boutique,Chine
TP002501,CUST00648,2026-04-09,Ouverture newsletter,Chine
TP002502,CUST00649,2026-06-23,Visite site e-commerce,Moyen-Orient
TP002503,CUST00650,2026-06-01,Ouverture newsletter,France (siège)
TP002504,CUST00650,2026-06-15,Appel conseiller de vente,France (siège)
TP002505,CUST00650,2026-05-31,Appel conseiller de vente,France (siège)
TP002506,CUST00652,2026-01-23,Rendez-vous boutique,France (siège)
TP002507,CUST00652,2026-01-02,Visite site e-commerce,France (siège)
TP002508,CUST00652,2026-01-14,Ouverture newsletter,France (siège)
TP002509,CUST00652,2026-07-01,Événement VIC,France (siège)
TP002510,CUST00652,2026-07-20,Visite site e-commerce,France (siège)
TP002511,CUST00653,2026-03-09,Appel conseiller de vente,Japon
TP002512,CUST00654,2026-01-26,Appel conseiller de vente,Moyen-Orient
TP002513,CUST00655,2026-01-26,Rendez-vous boutique,Japon
TP002514,CUST00655,2026-06-23,Visite site e-commerce,Japon
TP002515,CUST00655,2026-06-09,Événement VIC,Japon
TP002516,CUST00657,2025-08-14,Rendez-vous boutique,USA
TP002517,CUST00657,2025-07-25,Ouverture newsletter,USA
TP002518,CUST00657,2025-08-09,Visite site e-commerce,USA
TP002519,CUST00657,2025-12-18,Visite site e-commerce,USA
TP002520,CUST00657,2025-12-23,Rendez-vous boutique,USA
TP002521,CUST00657,2026-05-22,Rendez-vous boutique,USA
TP002522,CUST00657,2026-05-24,Événement VIC,USA
TP002523,CUST00657,2026-05-22,Événement VIC,USA
TP002524,CUST00658,2025-09-19,Appel conseiller de vente,Moyen-Orient
TP002525,CUST00658,2025-09-01,Appel conseiller de vente,Moyen-Orient
TP002526,CUST00658,2025-09-15,Appel conseiller de vente,Moyen-Orient
TP002527,CUST00658,2026-02-08,Appel conseiller de vente,Moyen-Orient
TP002528,CUST00658,2026-01-28,Visite site e-commerce,Moyen-Orient
TP002529,CUST00658,2026-06-09,Événement VIC,Moyen-Orient
TP002530,CUST00658,2026-06-16,Visite site e-commerce,Moyen-Orient
TP002531,CUST00658,2026-06-09,Rendez-vous boutique,Moyen-Orient
TP002532,CUST00659,2025-01-30,Ouverture newsletter,Chine
TP002533,CUST00659,2025-02-15,Appel conseiller de vente,Chine
TP002534,CUST00659,2025-06-11,Événement VIC,Chine
TP002535,CUST00659,2025-11-03,Visite site e-commerce,Chine
TP002536,CUST00659,2025-11-11,Événement VIC,Chine
TP002537,CUST00659,2026-04-11,Rendez-vous boutique,Chine
TP002538,CUST00659,2026-03-29,Ouverture newsletter,Chine
TP002539,CUST00660,2026-05-24,Rendez-vous boutique,Japon
TP002540,CUST00660,2026-05-13,Appel conseiller de vente,Japon
TP002541,CUST00660,2026-05-19,Ouverture newsletter,Japon
TP002542,CUST00661,2025-07-11,Visite site e-commerce,Chine
TP002543,CUST00661,2026-01-04,Ouverture newsletter,Chine
TP002544,CUST00661,2026-07-09,Rendez-vous boutique,Chine
TP002545,CUST00661,2026-06-26,Événement VIC,Chine
TP002546,CUST00662,2026-01-13,Visite site e-commerce,Japon
TP002547,CUST00662,2025-12-26,Appel conseiller de vente,Japon
TP002548,CUST00662,2026-01-12,Appel conseiller de vente,Japon
TP002549,CUST00662,2026-05-12,Visite site e-commerce,Japon
TP002550,CUST00663,2025-09-25,Rendez-vous boutique,France (siège)
TP002551,CUST00663,2025-10-13,Visite site e-commerce,France (siège)
TP002552,CUST00663,2026-04-05,Ouverture newsletter,France (siège)
TP002553,CUST00663,2026-04-18,Événement VIC,France (siège)
TP002554,CUST00664,2024-12-29,Événement VIC,Japon
TP002555,CUST00664,2025-01-11,Événement VIC,Japon
TP002556,CUST00664,2025-01-06,Appel conseiller de vente,Japon
TP002557,CUST00664,2025-07-14,Visite site e-commerce,Japon
TP002558,CUST00664,2025-08-04,Événement VIC,Japon
TP002559,CUST00664,2025-08-01,Événement VIC,Japon
TP002560,CUST00664,2026-01-17,Visite site e-commerce,Japon
TP002561,CUST00664,2026-06-20,Rendez-vous boutique,Japon
TP002562,CUST00664,2026-06-07,Rendez-vous boutique,Japon
TP002563,CUST00665,2025-10-12,Ouverture newsletter,France (siège)
TP002564,CUST00665,2025-10-17,Ouverture newsletter,France (siège)
TP002565,CUST00665,2025-10-11,Appel conseiller de vente,France (siège)
TP002566,CUST00665,2026-04-26,Rendez-vous boutique,France (siège)
TP002567,CUST00665,2026-04-21,Événement VIC,France (siège)
TP002568,CUST00665,2026-04-15,Appel conseiller de vente,France (siège)
TP002569,CUST00666,2026-06-18,Ouverture newsletter,Moyen-Orient
TP002570,CUST00667,2025-12-27,Événement VIC,Japon
TP002571,CUST00667,2025-12-08,Rendez-vous boutique,Japon
TP002572,CUST00667,2025-12-25,Appel conseiller de vente,Japon
TP002573,CUST00667,2026-05-30,Ouverture newsletter,Japon
TP002574,CUST00667,2026-05-20,Événement VIC,Japon
TP002575,CUST00667,2026-05-24,Rendez-vous boutique,Japon
TP002576,CUST00668,2026-03-21,Événement VIC,France (siège)
TP002577,CUST00668,2026-03-30,Visite site e-commerce,France (siège)
TP002578,CUST00668,2026-03-24,Événement VIC,France (siège)
TP002579,CUST00669,2025-04-13,Ouverture newsletter,USA
TP002580,CUST00669,2025-07-16,Événement VIC,USA
TP002581,CUST00669,2025-11-20,Visite site e-commerce,USA
TP002582,CUST00669,2026-03-13,Rendez-vous boutique,USA
TP002583,CUST00669,2026-06-22,Événement VIC,USA
TP002584,CUST00669,2026-06-27,Appel conseiller de vente,USA
TP002585,CUST00669,2026-06-21,Événement VIC,USA
TP002586,CUST00670,2025-10-25,Visite site e-commerce,Chine
TP002587,CUST00670,2025-10-24,Visite site e-commerce,Chine
TP002588,CUST00670,2025-10-09,Appel conseiller de vente,Chine
TP002589,CUST00670,2026-03-06,Appel conseiller de vente,Chine
TP002590,CUST00670,2026-03-17,Rendez-vous boutique,Chine
TP002591,CUST00671,2026-04-29,Événement VIC,France (siège)
TP002592,CUST00671,2026-05-10,Rendez-vous boutique,France (siège)
TP002593,CUST00671,2026-04-25,Appel conseiller de vente,France (siège)
TP002594,CUST00672,2025-11-23,Appel conseiller de vente,Chine
TP002595,CUST00672,2025-11-12,Ouverture newsletter,Chine
TP002596,CUST00672,2026-05-18,Appel conseiller de vente,Chine
TP002597,CUST00672,2026-05-15,Visite site e-commerce,Chine
TP002598,CUST00673,2025-03-17,Visite site e-commerce,Moyen-Orient
TP002599,CUST00673,2025-09-26,Visite site e-commerce,Moyen-Orient
TP002600,CUST00673,2025-09-10,Visite site e-commerce,Moyen-Orient
TP002601,CUST00673,2025-09-17,Visite site e-commerce,Moyen-Orient
TP002602,CUST00673,2026-02-23,Ouverture newsletter,Moyen-Orient
TP002603,CUST00673,2026-03-03,Appel conseiller de vente,Moyen-Orient
TP002604,CUST00673,2026-03-07,Visite site e-commerce,Moyen-Orient
TP002605,CUST00675,2026-02-25,Ouverture newsletter,Chine
TP002606,CUST00675,2026-02-18,Rendez-vous boutique,Chine
TP002607,CUST00675,2026-02-19,Événement VIC,Chine
TP002608,CUST00676,2025-05-15,Ouverture newsletter,Chine
TP002609,CUST00676,2025-05-25,Rendez-vous boutique,Chine
TP002610,CUST00676,2025-10-22,Appel conseiller de vente,Chine
TP002611,CUST00676,2025-10-25,Visite site e-commerce,Chine
TP002612,CUST00676,2026-04-01,Appel conseiller de vente,Chine
TP002613,CUST00676,2026-03-31,Appel conseiller de vente,Chine
TP002614,CUST00676,2026-03-27,Rendez-vous boutique,Chine
TP002615,CUST00677,2026-02-09,Événement VIC,France (siège)
TP002616,CUST00677,2026-01-30,Événement VIC,France (siège)
TP002617,CUST00677,2026-07-15,Ouverture newsletter,France (siège)
TP002618,CUST00677,2026-06-23,Appel conseiller de vente,France (siège)
TP002619,CUST00678,2025-10-04,Appel conseiller de vente,France (siège)
TP002620,CUST00678,2025-09-17,Ouverture newsletter,France (siège)
TP002621,CUST00678,2025-09-15,Rendez-vous boutique,France (siège)
TP002622,CUST00678,2026-03-07,Événement VIC,France (siège)
TP002623,CUST00679,2026-04-26,Ouverture newsletter,USA
TP002624,CUST00679,2026-05-03,Ouverture newsletter,USA
TP002625,CUST00680,2025-02-19,Événement VIC,Japon
TP002626,CUST00680,2025-10-08,Appel conseiller de vente,Japon
TP002627,CUST00681,2026-04-29,Événement VIC,Chine
TP002628,CUST00682,2026-03-19,Événement VIC,France (siège)
TP002629,CUST00682,2026-03-30,Rendez-vous boutique,France (siège)
TP002630,CUST00682,2026-03-14,Visite site e-commerce,France (siège)
TP002631,CUST00683,2026-04-08,Événement VIC,Chine
TP002632,CUST00684,2025-07-21,Appel conseiller de vente,France (siège)
TP002633,CUST00684,2025-12-05,Rendez-vous boutique,France (siège)
TP002634,CUST00685,2026-07-28,Ouverture newsletter,Moyen-Orient
TP002635,CUST00685,2026-07-26,Rendez-vous boutique,Moyen-Orient
TP002636,CUST00685,2026-07-17,Ouverture newsletter,Moyen-Orient
TP002637,CUST00686,2025-05-01,Rendez-vous boutique,Moyen-Orient
TP002638,CUST00686,2025-05-12,Ouverture newsletter,Moyen-Orient
TP002639,CUST00686,2025-08-29,Événement VIC,Moyen-Orient
TP002640,CUST00686,2025-09-10,Événement VIC,Moyen-Orient
TP002641,CUST00686,2026-01-07,Appel conseiller de vente,Moyen-Orient
TP002642,CUST00686,2025-12-31,Visite site e-commerce,Moyen-Orient
TP002643,CUST00686,2026-04-26,Visite site e-commerce,Moyen-Orient
TP002644,CUST00686,2026-04-27,Ouverture newsletter,Moyen-Orient
TP002645,CUST00686,2026-04-26,Rendez-vous boutique,Moyen-Orient
TP002646,CUST00687,2025-01-30,Rendez-vous boutique,USA
TP002647,CUST00687,2025-06-14,Ouverture newsletter,USA
TP002648,CUST00687,2025-06-12,Rendez-vous boutique,USA
TP002649,CUST00687,2025-12-23,Ouverture newsletter,USA
TP002650,CUST00687,2025-12-13,Visite site e-commerce,USA
TP002651,CUST00687,2025-12-18,Rendez-vous boutique,USA
TP002652,CUST00688,2026-03-23,Visite site e-commerce,Chine
TP002653,CUST00688,2026-03-15,Rendez-vous boutique,Chine
TP002654,CUST00688,2026-03-04,Appel conseiller de vente,Chine
TP002655,CUST00689,2025-08-01,Visite site e-commerce,USA
TP002656,CUST00689,2026-01-26,Appel conseiller de vente,USA
TP002657,CUST00689,2026-01-16,Appel conseiller de vente,USA
TP002658,CUST00689,2026-06-02,Ouverture newsletter,USA
TP002659,CUST00689,2026-05-31,Rendez-vous boutique,USA
TP002660,CUST00690,2024-12-21,Événement VIC,Moyen-Orient
TP002661,CUST00690,2024-12-12,Rendez-vous boutique,Moyen-Orient
TP002662,CUST00690,2024-12-18,Événement VIC,Moyen-Orient
TP002663,CUST00690,2025-04-08,Visite site e-commerce,Moyen-Orient
TP002664,CUST00690,2025-07-26,Événement VIC,Moyen-Orient
TP002665,CUST00690,2025-08-05,Visite site e-commerce,Moyen-Orient
TP002666,CUST00690,2025-12-24,Visite site e-commerce,Moyen-Orient
TP002667,CUST00690,2025-12-10,Événement VIC,Moyen-Orient
TP002668,CUST00690,2026-02-21,Visite site e-commerce,Moyen-Orient
TP002669,CUST00690,2026-02-24,Rendez-vous boutique,Moyen-Orient
TP002670,CUST00690,2026-07-15,Événement VIC,Moyen-Orient
TP002671,CUST00690,2026-07-20,Rendez-vous boutique,Moyen-Orient
TP002672,CUST00690,2026-07-18,Ouverture newsletter,Moyen-Orient
TP002673,CUST00691,2025-12-27,Appel conseiller de vente,Chine
TP002674,CUST00691,2026-01-16,Visite site e-commerce,Chine
TP002675,CUST00691,2026-01-03,Rendez-vous boutique,Chine
TP002676,CUST00691,2026-05-27,Événement VIC,Chine
TP002677,CUST00692,2025-08-04,Rendez-vous boutique,Japon
TP002678,CUST00692,2025-08-08,Événement VIC,Japon
TP002679,CUST00692,2025-07-25,Visite site e-commerce,Japon
TP002680,CUST00692,2026-01-15,Rendez-vous boutique,Japon
TP002681,CUST00692,2025-12-31,Événement VIC,Japon
TP002682,CUST00692,2026-06-14,Appel conseiller de vente,Japon
TP002683,CUST00693,2025-05-22,Rendez-vous boutique,Japon
TP002684,CUST00693,2025-06-07,Rendez-vous boutique,Japon
TP002685,CUST00693,2025-10-04,Rendez-vous boutique,Japon
TP002686,CUST00693,2025-09-17,Événement VIC,Japon
TP002687,CUST00693,2025-10-07,Visite site e-commerce,Japon
TP002688,CUST00693,2026-03-07,Événement VIC,Japon
TP002689,CUST00693,2026-03-15,Visite site e-commerce,Japon
TP002690,CUST00693,2026-03-10,Visite site e-commerce,Japon
TP002691,CUST00693,2026-07-26,Ouverture newsletter,Japon
TP002692,CUST00693,2026-07-12,Événement VIC,Japon
TP002693,CUST00693,2026-07-17,Visite site e-commerce,Japon
TP002694,CUST00695,2025-12-23,Appel conseiller de vente,Chine
TP002695,CUST00695,2026-04-24,Ouverture newsletter,Chine
TP002696,CUST00695,2026-05-08,Rendez-vous boutique,Chine
TP002697,CUST00696,2026-05-22,Ouverture newsletter,France (siège)
TP002698,CUST00696,2026-05-21,Visite site e-commerce,France (siège)
TP002699,CUST00697,2026-04-24,Ouverture newsletter,France (siège)
TP002700,CUST00697,2026-05-09,Visite site e-commerce,France (siège)
TP002701,CUST00698,2025-07-17,Événement VIC,France (siège)
TP002702,CUST00698,2025-07-15,Appel conseiller de vente,France (siège)
TP002703,CUST00698,2025-11-06,Événement VIC,France (siège)
TP002704,CUST00698,2026-03-28,Rendez-vous boutique,France (siège)
TP002705,CUST00698,2026-03-10,Ouverture newsletter,France (siège)
TP002706,CUST00699,2026-01-30,Ouverture newsletter,Chine
TP002707,CUST00699,2026-07-19,Appel conseiller de vente,Chine
TP002708,CUST00699,2026-07-17,Événement VIC,Chine
TP002709,CUST00700,2026-05-03,Événement VIC,USA
TP002710,CUST00701,2026-05-07,Ouverture newsletter,France (siège)
TP002711,CUST00701,2026-05-03,Visite site e-commerce,France (siège)
TP002712,CUST00701,2026-05-09,Événement VIC,France (siège)
TP002713,CUST00702,2025-10-23,Visite site e-commerce,Chine
TP002714,CUST00702,2025-10-09,Événement VIC,Chine
TP002715,CUST00702,2025-10-25,Événement VIC,Chine
TP002716,CUST00702,2026-03-02,Ouverture newsletter,Chine
TP002717,CUST00704,2025-08-15,Événement VIC,Moyen-Orient
TP002718,CUST00704,2025-08-09,Ouverture newsletter,Moyen-Orient
TP002719,CUST00704,2026-02-06,Appel conseiller de vente,Moyen-Orient
TP002720,CUST00705,2025-05-18,Appel conseiller de vente,France (siège)
TP002721,CUST00705,2025-05-13,Événement VIC,France (siège)
TP002722,CUST00705,2025-10-26,Ouverture newsletter,France (siège)
TP002723,CUST00705,2026-03-20,Rendez-vous boutique,France (siège)
TP002724,CUST00705,2026-03-21,Visite site e-commerce,France (siège)
TP002725,CUST00705,2026-03-18,Événement VIC,France (siège)
TP002726,CUST00706,2026-01-27,Rendez-vous boutique,France (siège)
TP002727,CUST00706,2026-01-08,Visite site e-commerce,France (siège)
TP002728,CUST00706,2026-01-13,Visite site e-commerce,France (siège)
TP002729,CUST00706,2026-05-20,Événement VIC,France (siège)
TP002730,CUST00706,2026-05-10,Événement VIC,France (siège)
TP002731,CUST00706,2026-05-17,Visite site e-commerce,France (siège)
TP002732,CUST00707,2026-05-23,Ouverture newsletter,Chine
TP002733,CUST00708,2025-10-11,Visite site e-commerce,Chine
TP002734,CUST00708,2025-10-16,Ouverture newsletter,Chine
TP002735,CUST00708,2026-02-25,Visite site e-commerce,Chine
TP002736,CUST00708,2026-06-26,Appel conseiller de vente,Chine
TP002737,CUST00708,2026-06-12,Rendez-vous boutique,Chine
TP002738,CUST00709,2025-09-29,Rendez-vous boutique,Moyen-Orient
TP002739,CUST00710,2025-05-01,Ouverture newsletter,Moyen-Orient
TP002740,CUST00710,2025-08-27,Visite site e-commerce,Moyen-Orient
TP002741,CUST00710,2025-08-24,Appel conseiller de vente,Moyen-Orient
TP002742,CUST00710,2025-09-06,Événement VIC,Moyen-Orient
TP002743,CUST00710,2026-01-28,Appel conseiller de vente,Moyen-Orient
TP002744,CUST00710,2026-01-24,Ouverture newsletter,Moyen-Orient
TP002745,CUST00710,2026-01-28,Appel conseiller de vente,Moyen-Orient
TP002746,CUST00710,2026-04-29,Appel conseiller de vente,Moyen-Orient
TP002747,CUST00711,2025-03-01,Ouverture newsletter,USA
TP002748,CUST00711,2025-02-23,Visite site e-commerce,USA
TP002749,CUST00711,2025-02-21,Rendez-vous boutique,USA
TP002750,CUST00711,2025-09-18,Ouverture newsletter,USA
TP002751,CUST00711,2025-09-02,Appel conseiller de vente,USA
TP002752,CUST00711,2026-02-12,Rendez-vous boutique,USA
TP002753,CUST00711,2026-02-07,Ouverture newsletter,USA
TP002754,CUST00713,2026-03-14,Ouverture newsletter,USA
TP002755,CUST00713,2026-03-05,Appel conseiller de vente,USA
TP002756,CUST00713,2026-03-10,Rendez-vous boutique,USA
TP002757,CUST00714,2025-10-16,Ouverture newsletter,Chine
TP002758,CUST00714,2026-03-20,Appel conseiller de vente,Chine
TP002759,CUST00715,2025-11-29,Appel conseiller de vente,France (siège)
TP002760,CUST00715,2026-04-11,Visite site e-commerce,France (siège)
TP002761,CUST00715,2026-03-27,Appel conseiller de vente,France (siège)
TP002762,CUST00716,2026-04-29,Appel conseiller de vente,Chine
TP002763,CUST00717,2025-01-16,Rendez-vous boutique,France (siège)
TP002764,CUST00717,2025-07-04,Appel conseiller de vente,France (siège)
TP002765,CUST00717,2025-06-24,Appel conseiller de vente,France (siège)
TP002766,CUST00717,2025-07-05,Événement VIC,France (siège)
TP002767,CUST00719,2026-07-19,Ouverture newsletter,USA
TP002768,CUST00719,2026-07-21,Ouverture newsletter,USA
TP002769,CUST00719,2026-07-13,Ouverture newsletter,USA
TP002770,CUST00720,2025-09-16,Rendez-vous boutique,USA
TP002771,CUST00720,2026-03-11,Rendez-vous boutique,USA
TP002772,CUST00720,2026-03-15,Appel conseiller de vente,USA
TP002773,CUST00720,2026-07-09,Appel conseiller de vente,USA
TP002774,CUST00720,2026-07-16,Visite site e-commerce,USA
TP002775,CUST00720,2026-06-23,Rendez-vous boutique,USA
TP002776,CUST00721,2025-07-12,Rendez-vous boutique,Moyen-Orient
TP002777,CUST00721,2025-07-26,Événement VIC,Moyen-Orient
TP002778,CUST00721,2025-07-30,Ouverture newsletter,Moyen-Orient
TP002779,CUST00721,2026-01-24,Événement VIC,Moyen-Orient
TP002780,CUST00721,2026-01-05,Appel conseiller de vente,Moyen-Orient
TP002781,CUST00721,2026-01-06,Visite site e-commerce,Moyen-Orient
TP002782,CUST00721,2026-06-11,Rendez-vous boutique,Moyen-Orient
TP002783,CUST00721,2026-06-22,Ouverture newsletter,Moyen-Orient
TP002784,CUST00721,2026-06-26,Visite site e-commerce,Moyen-Orient
TP002785,CUST00722,2025-12-19,Événement VIC,USA
TP002786,CUST00722,2026-06-05,Rendez-vous boutique,USA
TP002787,CUST00722,2026-06-07,Ouverture newsletter,USA
TP002788,CUST00722,2026-06-09,Ouverture newsletter,USA
TP002789,CUST00723,2026-01-22,Rendez-vous boutique,France (siège)
TP002790,CUST00723,2026-01-15,Rendez-vous boutique,France (siège)
TP002791,CUST00723,2026-05-30,Ouverture newsletter,France (siège)
TP002792,CUST00723,2026-05-12,Événement VIC,France (siège)
TP002793,CUST00723,2026-05-21,Appel conseiller de vente,France (siège)
TP002794,CUST00724,2025-04-09,Ouverture newsletter,Chine
TP002795,CUST00724,2025-04-11,Visite site e-commerce,Chine
TP002796,CUST00724,2025-04-04,Rendez-vous boutique,Chine
TP002797,CUST00725,2025-02-13,Événement VIC,USA
TP002798,CUST00725,2025-02-24,Ouverture newsletter,USA
TP002799,CUST00725,2025-07-11,Ouverture newsletter,USA
TP002800,CUST00725,2025-07-17,Événement VIC,USA
TP002801,CUST00725,2025-11-05,Ouverture newsletter,USA
TP002802,CUST00725,2025-11-10,Événement VIC,USA
TP002803,CUST00725,2025-11-09,Ouverture newsletter,USA
TP002804,CUST00726,2025-07-14,Événement VIC,Japon
TP002805,CUST00726,2025-07-03,Visite site e-commerce,Japon
TP002806,CUST00726,2025-07-15,Rendez-vous boutique,Japon
TP002807,CUST00726,2025-12-17,Événement VIC,Japon
TP002808,CUST00726,2025-12-16,Rendez-vous boutique,Japon
TP002809,CUST00726,2025-11-25,Événement VIC,Japon
TP002810,CUST00726,2026-06-24,Rendez-vous boutique,Japon
TP002811,CUST00727,2025-02-24,Visite site e-commerce,USA
TP002812,CUST00727,2025-02-07,Appel conseiller de vente,USA
TP002813,CUST00728,2025-03-10,Visite site e-commerce,France (siège)
TP002814,CUST00728,2025-03-08,Appel conseiller de vente,France (siège)
TP002815,CUST00728,2025-03-19,Événement VIC,France (siège)
TP002816,CUST00728,2025-09-21,Événement VIC,France (siège)
TP002817,CUST00728,2025-09-17,Ouverture newsletter,France (siège)
TP002818,CUST00728,2026-03-08,Visite site e-commerce,France (siège)
TP002819,CUST00729,2025-05-04,Événement VIC,USA
TP002820,CUST00729,2025-05-07,Ouverture newsletter,USA
TP002821,CUST00729,2025-08-08,Appel conseiller de vente,USA
TP002822,CUST00729,2025-08-23,Visite site e-commerce,USA
TP002823,CUST00729,2025-08-11,Ouverture newsletter,USA
TP002824,CUST00729,2025-12-07,Appel conseiller de vente,USA
TP002825,CUST00729,2025-11-25,Rendez-vous boutique,USA
TP002826,CUST00729,2026-04-29,Appel conseiller de vente,USA
TP002827,CUST00730,2026-01-05,Rendez-vous boutique,Moyen-Orient
TP002828,CUST00731,2025-03-13,Événement VIC,Japon
TP002829,CUST00731,2025-03-29,Appel conseiller de vente,Japon
TP002830,CUST00731,2025-03-22,Rendez-vous boutique,Japon
TP002831,CUST00731,2025-09-14,Visite site e-commerce,Japon
TP002832,CUST00731,2026-03-11,Rendez-vous boutique,Japon
TP002833,CUST00731,2026-03-03,Appel conseiller de vente,Japon
TP002834,CUST00731,2026-03-10,Visite site e-commerce,Japon
TP002835,CUST00732,2025-04-12,Appel conseiller de vente,Moyen-Orient
TP002836,CUST00732,2025-10-10,Visite site e-commerce,Moyen-Orient
TP002837,CUST00732,2026-03-06,Rendez-vous boutique,Moyen-Orient
TP002838,CUST00732,2026-02-26,Rendez-vous boutique,Moyen-Orient
TP002839,CUST00733,2025-12-17,Ouverture newsletter,Chine
TP002840,CUST00733,2025-12-10,Rendez-vous boutique,Chine
TP002841,CUST00733,2026-05-31,Événement VIC,Chine
TP002842,CUST00733,2026-06-15,Ouverture newsletter,Chine
TP002843,CUST00733,2026-06-17,Événement VIC,Chine
TP002844,CUST00734,2025-07-16,Rendez-vous boutique,Chine
TP002845,CUST00734,2025-07-15,Rendez-vous boutique,Chine
TP002846,CUST00734,2025-07-25,Appel conseiller de vente,Chine
TP002847,CUST00734,2025-12-27,Appel conseiller de vente,Chine
TP002848,CUST00734,2025-12-29,Ouverture newsletter,Chine
TP002849,CUST00734,2026-01-01,Appel conseiller de vente,Chine
TP002850,CUST00734,2026-05-03,Appel conseiller de vente,Chine
TP002851,CUST00734,2026-05-07,Ouverture newsletter,Chine
TP002852,CUST00734,2026-04-22,Ouverture newsletter,Chine
TP002853,CUST00735,2025-07-22,Rendez-vous boutique,USA
TP002854,CUST00735,2025-07-22,Appel conseiller de vente,USA
TP002855,CUST00735,2025-07-16,Visite site e-commerce,USA
TP002856,CUST00735,2025-12-11,Appel conseiller de vente,USA
TP002857,CUST00735,2026-04-05,Appel conseiller de vente,USA
TP002858,CUST00735,2026-04-17,Événement VIC,USA
TP002859,CUST00736,2025-10-06,Appel conseiller de vente,Moyen-Orient
TP002860,CUST00736,2025-09-29,Rendez-vous boutique,Moyen-Orient
TP002861,CUST00736,2025-10-08,Appel conseiller de vente,Moyen-Orient
TP002862,CUST00736,2026-03-08,Rendez-vous boutique,Moyen-Orient
TP002863,CUST00738,2026-03-22,Événement VIC,France (siège)
TP002864,CUST00740,2026-05-20,Appel conseiller de vente,Chine
TP002865,CUST00740,2026-06-01,Événement VIC,Chine
TP002866,CUST00740,2026-05-24,Rendez-vous boutique,Chine
TP002867,CUST00741,2026-01-16,Rendez-vous boutique,Japon
TP002868,CUST00741,2026-06-12,Appel conseiller de vente,Japon
TP002869,CUST00741,2026-06-30,Rendez-vous boutique,Japon
TP002870,CUST00741,2026-07-06,Rendez-vous boutique,Japon
TP002871,CUST00742,2025-09-14,Rendez-vous boutique,Moyen-Orient
TP002872,CUST00742,2026-02-01,Appel conseiller de vente,Moyen-Orient
TP002873,CUST00742,2026-07-16,Visite site e-commerce,Moyen-Orient
TP002874,CUST00742,2026-07-18,Ouverture newsletter,Moyen-Orient
TP002875,CUST00742,2026-07-28,Visite site e-commerce,Moyen-Orient
TP002876,CUST00743,2026-03-18,Appel conseiller de vente,Chine
TP002877,CUST00744,2025-03-22,Ouverture newsletter,Japon
TP002878,CUST00744,2025-03-30,Appel conseiller de vente,Japon
TP002879,CUST00744,2025-03-27,Visite site e-commerce,Japon
TP002880,CUST00744,2025-07-21,Ouverture newsletter,Japon
TP002881,CUST00744,2025-08-07,Rendez-vous boutique,Japon
TP002882,CUST00744,2025-07-29,Événement VIC,Japon
TP002883,CUST00744,2025-12-28,Événement VIC,Japon
TP002884,CUST00744,2026-05-24,Appel conseiller de vente,Japon
TP002885,CUST00744,2026-06-03,Rendez-vous boutique,Japon
TP002886,CUST00744,2026-06-02,Ouverture newsletter,Japon
TP002887,CUST00745,2025-03-31,Visite site e-commerce,Japon
TP002888,CUST00745,2025-03-11,Appel conseiller de vente,Japon
TP002889,CUST00745,2025-03-21,Événement VIC,Japon
TP002890,CUST00745,2025-08-17,Visite site e-commerce,Japon
TP002891,CUST00745,2025-08-06,Événement VIC,Japon
TP002892,CUST00745,2025-07-31,Événement VIC,Japon
TP002893,CUST00745,2026-01-18,Ouverture newsletter,Japon
TP002894,CUST00745,2026-05-09,Appel conseiller de vente,Japon
TP002895,CUST00745,2026-04-30,Visite site e-commerce,Japon
TP002896,CUST00746,2026-01-09,Événement VIC,Japon
TP002897,CUST00746,2026-06-08,Appel conseiller de vente,Japon
TP002898,CUST00746,2026-06-11,Rendez-vous boutique,Japon
TP002899,CUST00747,2025-08-25,Visite site e-commerce,Moyen-Orient
TP002900,CUST00747,2025-09-06,Ouverture newsletter,Moyen-Orient
TP002901,CUST00747,2025-08-30,Événement VIC,Moyen-Orient
TP002902,CUST00747,2026-02-02,Événement VIC,Moyen-Orient
TP002903,CUST00747,2026-07-13,Appel conseiller de vente,Moyen-Orient
TP002904,CUST00749,2025-04-19,Événement VIC,Moyen-Orient
TP002905,CUST00749,2025-04-21,Événement VIC,Moyen-Orient
TP002906,CUST00749,2025-09-30,Événement VIC,Moyen-Orient
TP002907,CUST00749,2025-10-18,Événement VIC,Moyen-Orient
TP002908,CUST00749,2026-03-22,Visite site e-commerce,Moyen-Orient
TP002909,CUST00750,2026-06-22,Visite site e-commerce,France (siège)
TP002910,CUST00751,2025-04-18,Appel conseiller de vente,Moyen-Orient
TP002911,CUST00751,2025-04-29,Événement VIC,Moyen-Orient
TP002912,CUST00751,2025-10-31,Appel conseiller de vente,Moyen-Orient
TP002913,CUST00751,2026-05-10,Appel conseiller de vente,Moyen-Orient
TP002914,CUST00751,2026-04-24,Ouverture newsletter,Moyen-Orient
TP002915,CUST00751,2026-04-26,Appel conseiller de vente,Moyen-Orient
TP002916,CUST00752,2025-12-27,Visite site e-commerce,USA
TP002917,CUST00752,2025-12-27,Rendez-vous boutique,USA
TP002918,CUST00752,2026-04-28,Ouverture newsletter,USA
TP002919,CUST00752,2026-05-13,Ouverture newsletter,USA
TP002920,CUST00753,2026-01-01,Événement VIC,Japon
TP002921,CUST00753,2026-01-12,Appel conseiller de vente,Japon
TP002922,CUST00753,2026-01-04,Ouverture newsletter,Japon
TP002923,CUST00753,2026-06-25,Ouverture newsletter,Japon
TP002924,CUST00754,2025-08-13,Événement VIC,France (siège)
TP002925,CUST00754,2025-08-07,Ouverture newsletter,France (siège)
TP002926,CUST00754,2025-07-28,Événement VIC,France (siège)
TP002927,CUST00754,2026-01-24,Visite site e-commerce,France (siège)
TP002928,CUST00754,2026-06-19,Ouverture newsletter,France (siège)
TP002929,CUST00755,2026-07-24,Visite site e-commerce,Moyen-Orient
TP002930,CUST00756,2025-12-10,Ouverture newsletter,Moyen-Orient
TP002931,CUST00756,2026-05-17,Ouverture newsletter,Moyen-Orient
TP002932,CUST00756,2026-05-12,Ouverture newsletter,Moyen-Orient
TP002933,CUST00757,2025-09-10,Rendez-vous boutique,Japon
TP002934,CUST00757,2025-08-25,Ouverture newsletter,Japon
TP002935,CUST00757,2026-01-13,Événement VIC,Japon
TP002936,CUST00757,2026-01-26,Événement VIC,Japon
TP002937,CUST00757,2026-06-21,Appel conseiller de vente,Japon
TP002938,CUST00757,2026-06-18,Ouverture newsletter,Japon
TP002939,CUST00758,2025-02-23,Ouverture newsletter,USA
TP002940,CUST00758,2025-02-15,Rendez-vous boutique,USA
TP002941,CUST00758,2025-02-19,Événement VIC,USA
TP002942,CUST00758,2025-07-17,Rendez-vous boutique,USA
TP002943,CUST00758,2025-12-12,Événement VIC,USA
TP002944,CUST00758,2025-12-13,Appel conseiller de vente,USA
TP002945,CUST00758,2025-12-31,Ouverture newsletter,USA
TP002946,CUST00758,2026-06-17,Ouverture newsletter,USA
TP002947,CUST00759,2025-11-18,Événement VIC,Japon
TP002948,CUST00759,2026-04-04,Appel conseiller de vente,Japon
TP002949,CUST00759,2026-03-31,Ouverture newsletter,Japon
TP002950,CUST00759,2026-03-15,Appel conseiller de vente,Japon
TP002951,CUST00760,2026-07-04,Ouverture newsletter,France (siège)
TP002952,CUST00761,2025-12-11,Événement VIC,Moyen-Orient
TP002953,CUST00761,2026-04-25,Événement VIC,Moyen-Orient
TP002954,CUST00761,2026-04-30,Rendez-vous boutique,Moyen-Orient
TP002955,CUST00761,2026-04-15,Événement VIC,Moyen-Orient
TP002956,CUST00762,2025-02-06,Événement VIC,France (siège)
TP002957,CUST00762,2025-02-06,Visite site e-commerce,France (siège)
TP002958,CUST00762,2025-02-02,Rendez-vous boutique,France (siège)
TP002959,CUST00762,2025-05-19,Visite site e-commerce,France (siège)
TP002960,CUST00762,2025-05-07,Événement VIC,France (siège)
TP002961,CUST00762,2025-09-07,Appel conseiller de vente,France (siège)
TP002962,CUST00762,2025-08-30,Événement VIC,France (siège)
TP002963,CUST00762,2025-09-10,Visite site e-commerce,France (siège)
TP002964,CUST00762,2025-12-24,Rendez-vous boutique,France (siège)
TP002965,CUST00762,2026-01-14,Appel conseiller de vente,France (siège)
TP002966,CUST00762,2026-03-16,Rendez-vous boutique,France (siège)
TP002967,CUST00764,2025-07-18,Ouverture newsletter,USA
TP002968,CUST00764,2025-11-27,Rendez-vous boutique,USA
TP002969,CUST00764,2025-12-02,Appel conseiller de vente,USA
TP002970,CUST00764,2025-11-15,Ouverture newsletter,USA
TP002971,CUST00764,2026-03-27,Ouverture newsletter,USA
TP002972,CUST00764,2026-03-26,Événement VIC,USA
TP002973,CUST00764,2026-04-02,Événement VIC,USA
TP002974,CUST00764,2026-07-16,Rendez-vous boutique,USA
TP002975,CUST00764,2026-07-09,Événement VIC,USA
TP002976,CUST00764,2026-06-29,Événement VIC,USA
TP002977,CUST00766,2026-07-04,Événement VIC,France (siège)
TP002978,CUST00768,2025-07-07,Visite site e-commerce,USA
TP002979,CUST00768,2025-09-25,Événement VIC,USA
TP002980,CUST00768,2026-01-19,Visite site e-commerce,USA
TP002981,CUST00768,2026-05-16,Rendez-vous boutique,USA
TP002982,CUST00768,2026-05-22,Rendez-vous boutique,USA
TP002983,CUST00768,2026-05-25,Ouverture newsletter,USA
TP002984,CUST00769,2025-10-25,Appel conseiller de vente,Japon
TP002985,CUST00769,2026-03-12,Ouverture newsletter,Japon
TP002986,CUST00769,2026-02-27,Événement VIC,Japon
TP002987,CUST00769,2026-03-11,Événement VIC,Japon
TP002988,CUST00770,2025-06-23,Ouverture newsletter,USA
TP002989,CUST00770,2025-11-17,Appel conseiller de vente,USA
TP002990,CUST00770,2026-05-19,Événement VIC,USA
TP002991,CUST00770,2026-05-06,Visite site e-commerce,USA
TP002992,CUST00771,2025-09-04,Visite site e-commerce,Moyen-Orient
TP002993,CUST00771,2026-04-20,Appel conseiller de vente,Moyen-Orient
TP002994,CUST00771,2026-04-22,Événement VIC,Moyen-Orient
TP002995,CUST00772,2025-10-30,Ouverture newsletter,Chine
TP002996,CUST00772,2025-10-18,Appel conseiller de vente,Chine
TP002997,CUST00773,2025-05-24,Rendez-vous boutique,USA
TP002998,CUST00773,2025-06-10,Ouverture newsletter,USA
TP002999,CUST00774,2026-01-14,Appel conseiller de vente,Moyen-Orient
TP003000,CUST00774,2026-01-19,Appel conseiller de vente,Moyen-Orient
TP003001,CUST00774,2026-01-19,Visite site e-commerce,Moyen-Orient
TP003002,CUST00775,2026-02-09,Rendez-vous boutique,Japon
TP003003,CUST00775,2026-02-12,Ouverture newsletter,Japon
TP003004,CUST00775,2026-02-18,Ouverture newsletter,Japon
TP003005,CUST00775,2026-06-24,Appel conseiller de vente,Japon
TP003006,CUST00775,2026-07-08,Événement VIC,Japon
TP003007,CUST00775,2026-07-16,Ouverture newsletter,Japon
TP003008,CUST00776,2025-05-25,Ouverture newsletter,Chine
TP003009,CUST00776,2025-05-02,Visite site e-commerce,Chine
TP003010,CUST00776,2025-05-15,Rendez-vous boutique,Chine
TP003011,CUST00776,2025-10-30,Ouverture newsletter,Chine
TP003012,CUST00776,2025-11-11,Rendez-vous boutique,Chine
TP003013,CUST00776,2026-04-11,Événement VIC,Chine
TP003014,CUST00776,2026-04-13,Rendez-vous boutique,Chine
TP003015,CUST00777,2025-03-13,Ouverture newsletter,USA
TP003016,CUST00777,2025-03-23,Visite site e-commerce,USA
TP003017,CUST00777,2025-03-25,Visite site e-commerce,USA
TP003018,CUST00777,2025-08-06,Appel conseiller de vente,USA
TP003019,CUST00777,2025-07-22,Rendez-vous boutique,USA
TP003020,CUST00777,2025-08-08,Visite site e-commerce,USA
TP003021,CUST00777,2025-12-16,Événement VIC,USA
TP003022,CUST00777,2025-12-02,Visite site e-commerce,USA
TP003023,CUST00777,2025-12-20,Appel conseiller de vente,USA
TP003024,CUST00777,2026-05-06,Appel conseiller de vente,USA
TP003025,CUST00779,2025-12-04,Événement VIC,Chine
TP003026,CUST00779,2025-12-04,Visite site e-commerce,Chine
TP003027,CUST00779,2025-12-04,Appel conseiller de vente,Chine
TP003028,CUST00780,2025-12-22,Ouverture newsletter,France (siège)
TP003029,CUST00780,2026-05-24,Événement VIC,France (siège)
TP003030,CUST00780,2026-06-02,Ouverture newsletter,France (siège)
TP003031,CUST00781,2025-12-09,Appel conseiller de vente,USA
TP003032,CUST00781,2026-06-16,Appel conseiller de vente,USA
TP003033,CUST00782,2026-06-15,Appel conseiller de vente,Japon
TP003034,CUST00782,2026-06-17,Rendez-vous boutique,Japon
TP003035,CUST00782,2026-06-28,Appel conseiller de vente,Japon
TP003036,CUST00783,2025-02-18,Rendez-vous boutique,France (siège)
TP003037,CUST00783,2025-02-24,Ouverture newsletter,France (siège)
TP003038,CUST00783,2025-02-15,Visite site e-commerce,France (siège)
TP003039,CUST00783,2025-08-11,Événement VIC,France (siège)
TP003040,CUST00783,2025-08-31,Visite site e-commerce,France (siège)
TP003041,CUST00783,2025-08-31,Rendez-vous boutique,France (siège)
TP003042,CUST00783,2026-03-09,Événement VIC,France (siège)
TP003043,CUST00783,2026-06-30,Ouverture newsletter,France (siège)
TP003044,CUST00784,2025-11-17,Événement VIC,France (siège)
TP003045,CUST00784,2025-11-28,Rendez-vous boutique,France (siège)
TP003046,CUST00784,2025-12-07,Événement VIC,France (siège)
TP003047,CUST00784,2026-04-09,Ouverture newsletter,France (siège)
TP003048,CUST00787,2025-04-18,Visite site e-commerce,Chine
TP003049,CUST00787,2025-04-14,Rendez-vous boutique,Chine
TP003050,CUST00787,2025-08-17,Appel conseiller de vente,Chine
TP003051,CUST00787,2025-08-25,Ouverture newsletter,Chine
TP003052,CUST00788,2025-08-12,Appel conseiller de vente,Japon
TP003053,CUST00788,2025-12-29,Appel conseiller de vente,Japon
TP003054,CUST00788,2025-12-28,Visite site e-commerce,Japon
TP003055,CUST00788,2026-05-03,Rendez-vous boutique,Japon
TP003056,CUST00788,2026-05-15,Ouverture newsletter,Japon
TP003057,CUST00788,2026-05-08,Rendez-vous boutique,Japon
TP003058,CUST00789,2026-06-02,Visite site e-commerce,USA
TP003059,CUST00790,2026-06-03,Visite site e-commerce,France (siège)
TP003060,CUST00790,2026-05-30,Rendez-vous boutique,France (siège)
TP003061,CUST00791,2025-03-24,Rendez-vous boutique,USA
TP003062,CUST00791,2025-09-04,Appel conseiller de vente,USA
TP003063,CUST00791,2025-09-06,Appel conseiller de vente,USA
TP003064,CUST00791,2025-08-28,Rendez-vous boutique,USA
TP003065,CUST00791,2026-02-19,Ouverture newsletter,USA
TP003066,CUST00791,2026-02-19,Événement VIC,USA
TP003067,CUST00791,2026-02-13,Événement VIC,USA
TP003068,CUST00793,2026-01-23,Événement VIC,France (siège)
TP003069,CUST00793,2026-01-29,Visite site e-commerce,France (siège)
TP003070,CUST00793,2026-01-18,Visite site e-commerce,France (siège)
TP003071,CUST00793,2026-06-27,Appel conseiller de vente,France (siège)
TP003072,CUST00793,2026-06-22,Visite site e-commerce,France (siège)
TP003073,CUST00793,2026-07-05,Appel conseiller de vente,France (siège)
TP003074,CUST00794,2025-06-15,Appel conseiller de vente,Japon
TP003075,CUST00794,2025-12-09,Ouverture newsletter,Japon
TP003076,CUST00794,2025-12-05,Rendez-vous boutique,Japon
TP003077,CUST00794,2026-06-08,Ouverture newsletter,Japon
TP003078,CUST00794,2026-06-07,Ouverture newsletter,Japon
TP003079,CUST00796,2025-06-14,Rendez-vous boutique,Japon
TP003080,CUST00796,2026-01-05,Événement VIC,Japon
TP003081,CUST00796,2025-12-30,Visite site e-commerce,Japon
TP003082,CUST00796,2026-06-11,Événement VIC,Japon
TP003083,CUST00796,2026-05-23,Ouverture newsletter,Japon
TP003084,CUST00796,2026-06-08,Appel conseiller de vente,Japon
TP003085,CUST00797,2025-06-05,Rendez-vous boutique,Chine
TP003086,CUST00797,2025-06-02,Rendez-vous boutique,Chine
TP003087,CUST00798,2026-04-13,Appel conseiller de vente,Chine
TP003088,CUST00798,2026-04-22,Événement VIC,Chine
TP003089,CUST00798,2026-04-07,Rendez-vous boutique,Chine
TP003090,CUST00799,2026-04-21,Rendez-vous boutique,Japon
TP003091,CUST00800,2025-10-09,Appel conseiller de vente,Japon
TP003092,CUST00800,2025-09-22,Visite site e-commerce,Japon
TP003093,CUST00800,2025-09-22,Événement VIC,Japon
TP003094,CUST00800,2026-03-26,Rendez-vous boutique,Japon
TP003095,CUST00802,2025-10-11,Ouverture newsletter,France (siège)
TP003096,CUST00802,2026-05-24,Ouverture newsletter,France (siège)
TP003097,CUST00802,2026-05-18,Visite site e-commerce,France (siège)
TP003098,CUST00803,2025-09-01,Visite site e-commerce,Moyen-Orient
TP003099,CUST00803,2025-08-19,Événement VIC,Moyen-Orient
TP003100,CUST00803,2025-08-18,Appel conseiller de vente,Moyen-Orient
TP003101,CUST00803,2026-03-10,Ouverture newsletter,Moyen-Orient
TP003102,CUST00803,2026-03-09,Appel conseiller de vente,Moyen-Orient
TP003103,CUST00803,2026-03-02,Ouverture newsletter,Moyen-Orient
TP003104,CUST00805,2026-07-09,Rendez-vous boutique,Chine
TP003105,CUST00806,2025-09-21,Visite site e-commerce,Moyen-Orient
TP003106,CUST00806,2025-10-04,Événement VIC,Moyen-Orient
TP003107,CUST00806,2025-10-12,Appel conseiller de vente,Moyen-Orient
TP003108,CUST00806,2026-03-19,Ouverture newsletter,Moyen-Orient
TP003109,CUST00806,2026-03-03,Visite site e-commerce,Moyen-Orient
TP003110,CUST00807,2025-05-19,Ouverture newsletter,Japon
TP003111,CUST00807,2025-05-11,Visite site e-commerce,Japon
TP003112,CUST00807,2025-10-01,Rendez-vous boutique,Japon
TP003113,CUST00807,2026-03-30,Ouverture newsletter,Japon
TP003114,CUST00807,2026-07-27,Visite site e-commerce,Japon
TP003115,CUST00808,2026-05-19,Événement VIC,France (siège)
TP003116,CUST00809,2026-07-11,Événement VIC,USA
TP003117,CUST00810,2026-02-04,Appel conseiller de vente,Chine
TP003118,CUST00810,2026-02-10,Événement VIC,Chine
TP003119,CUST00811,2026-02-16,Appel conseiller de vente,France (siège)
TP003120,CUST00811,2026-03-06,Ouverture newsletter,France (siège)
TP003121,CUST00811,2026-06-06,Événement VIC,France (siège)
TP003122,CUST00811,2026-06-01,Appel conseiller de vente,France (siège)
TP003123,CUST00811,2026-05-31,Ouverture newsletter,France (siège)
TP003124,CUST00812,2025-05-28,Visite site e-commerce,Japon
TP003125,CUST00812,2025-11-29,Appel conseiller de vente,Japon
TP003126,CUST00812,2026-03-29,Appel conseiller de vente,Japon
TP003127,CUST00812,2026-03-11,Ouverture newsletter,Japon
TP003128,CUST00812,2026-03-15,Ouverture newsletter,Japon
TP003129,CUST00813,2026-06-06,Ouverture newsletter,USA
TP003130,CUST00813,2026-06-11,Ouverture newsletter,USA
TP003131,CUST00814,2026-04-01,Événement VIC,France (siège)
TP003132,CUST00814,2026-03-31,Événement VIC,France (siège)
TP003133,CUST00815,2025-03-09,Visite site e-commerce,Moyen-Orient
TP003134,CUST00815,2025-03-04,Ouverture newsletter,Moyen-Orient
TP003135,CUST00815,2025-03-02,Visite site e-commerce,Moyen-Orient
TP003136,CUST00815,2025-07-30,Ouverture newsletter,Moyen-Orient
TP003137,CUST00815,2025-07-30,Appel conseiller de vente,Moyen-Orient
TP003138,CUST00815,2025-11-25,Événement VIC,Moyen-Orient
TP003139,CUST00815,2025-11-21,Visite site e-commerce,Moyen-Orient
TP003140,CUST00815,2026-05-02,Rendez-vous boutique,Moyen-Orient
TP003141,CUST00815,2026-04-29,Appel conseiller de vente,Moyen-Orient
TP003142,CUST00815,2026-05-03,Rendez-vous boutique,Moyen-Orient
TP003143,CUST00816,2025-06-09,Visite site e-commerce,France (siège)
TP003144,CUST00816,2025-08-17,Appel conseiller de vente,France (siège)
TP003145,CUST00816,2025-09-02,Appel conseiller de vente,France (siège)
TP003146,CUST00816,2025-12-14,Appel conseiller de vente,France (siège)
TP003147,CUST00816,2025-12-15,Visite site e-commerce,France (siège)
TP003148,CUST00816,2026-03-26,Événement VIC,France (siège)
TP003149,CUST00817,2025-10-20,Événement VIC,USA
TP003150,CUST00817,2025-10-22,Visite site e-commerce,USA
TP003151,CUST00817,2025-10-18,Événement VIC,USA
TP003152,CUST00817,2026-03-16,Visite site e-commerce,USA
TP003153,CUST00818,2025-11-17,Appel conseiller de vente,Moyen-Orient
TP003154,CUST00818,2025-11-19,Ouverture newsletter,Moyen-Orient
TP003155,CUST00818,2026-06-20,Appel conseiller de vente,Moyen-Orient
TP003156,CUST00818,2026-06-25,Appel conseiller de vente,Moyen-Orient
TP003157,CUST00819,2025-05-04,Événement VIC,Japon
TP003158,CUST00819,2025-05-12,Visite site e-commerce,Japon
TP003159,CUST00819,2025-09-11,Appel conseiller de vente,Japon
TP003160,CUST00819,2025-09-17,Visite site e-commerce,Japon
TP003161,CUST00819,2026-01-31,Rendez-vous boutique,Japon
TP003162,CUST00819,2026-01-28,Rendez-vous boutique,Japon
TP003163,CUST00819,2026-05-15,Ouverture newsletter,Japon
TP003164,CUST00819,2026-05-24,Rendez-vous boutique,Japon
TP003165,CUST00819,2026-05-12,Appel conseiller de vente,Japon
TP003166,CUST00820,2025-11-12,Événement VIC,Chine
TP003167,CUST00820,2025-11-01,Appel conseiller de vente,Chine
TP003168,CUST00820,2026-05-04,Appel conseiller de vente,Chine
TP003169,CUST00820,2026-05-07,Visite site e-commerce,Chine
TP003170,CUST00821,2026-01-23,Appel conseiller de vente,France (siège)
TP003171,CUST00821,2026-01-07,Événement VIC,France (siège)
TP003172,CUST00821,2026-06-10,Appel conseiller de vente,France (siège)
TP003173,CUST00821,2026-06-14,Visite site e-commerce,France (siège)
TP003174,CUST00821,2026-05-28,Événement VIC,France (siège)
TP003175,CUST00823,2025-08-09,Appel conseiller de vente,Chine
TP003176,CUST00823,2025-08-11,Rendez-vous boutique,Chine
TP003177,CUST00824,2025-09-06,Événement VIC,Moyen-Orient
TP003178,CUST00824,2025-09-10,Événement VIC,Moyen-Orient
TP003179,CUST00824,2025-09-18,Visite site e-commerce,Moyen-Orient
TP003180,CUST00824,2026-02-09,Rendez-vous boutique,Moyen-Orient
TP003181,CUST00824,2026-07-14,Rendez-vous boutique,Moyen-Orient
TP003182,CUST00825,2025-05-21,Événement VIC,USA
TP003183,CUST00825,2025-05-19,Rendez-vous boutique,USA
TP003184,CUST00825,2025-11-08,Événement VIC,USA
TP003185,CUST00825,2025-11-14,Événement VIC,USA
TP003186,CUST00825,2026-05-01,Rendez-vous boutique,USA
TP003187,CUST00825,2026-04-22,Ouverture newsletter,USA
TP003188,CUST00825,2026-04-25,Appel conseiller de vente,USA
TP003189,CUST00826,2025-11-21,Visite site e-commerce,USA
TP003190,CUST00826,2025-12-03,Appel conseiller de vente,USA
TP003191,CUST00826,2025-11-20,Ouverture newsletter,USA
TP003192,CUST00826,2026-06-17,Ouverture newsletter,USA
TP003193,CUST00828,2025-12-25,Événement VIC,Moyen-Orient
TP003194,CUST00828,2025-12-20,Événement VIC,Moyen-Orient
TP003195,CUST00828,2026-06-06,Rendez-vous boutique,Moyen-Orient
TP003196,CUST00829,2025-06-21,Rendez-vous boutique,USA
TP003197,CUST00829,2025-11-30,Ouverture newsletter,USA
TP003198,CUST00829,2025-12-13,Rendez-vous boutique,USA
TP003199,CUST00829,2026-06-27,Événement VIC,USA
TP003200,CUST00829,2026-07-02,Ouverture newsletter,USA
TP003201,CUST00829,2026-07-07,Appel conseiller de vente,USA
TP003202,CUST00830,2026-03-07,Visite site e-commerce,Japon
TP003203,CUST00831,2025-09-02,Appel conseiller de vente,USA
TP003204,CUST00831,2025-08-25,Rendez-vous boutique,USA
TP003205,CUST00831,2025-08-19,Rendez-vous boutique,USA
TP003206,CUST00832,2025-08-31,Ouverture newsletter,France (siège)
TP003207,CUST00832,2026-02-02,Appel conseiller de vente,France (siège)
TP003208,CUST00832,2026-01-22,Rendez-vous boutique,France (siège)
TP003209,CUST00832,2026-01-22,Événement VIC,France (siège)
TP003210,CUST00833,2025-05-26,Rendez-vous boutique,Chine
TP003211,CUST00833,2025-05-25,Rendez-vous boutique,Chine
TP003212,CUST00833,2025-11-06,Visite site e-commerce,Chine
TP003213,CUST00833,2026-04-02,Rendez-vous boutique,Chine
TP003214,CUST00833,2026-04-01,Visite site e-commerce,Chine
TP003215,CUST00834,2024-12-07,Événement VIC,France (siège)
TP003216,CUST00834,2024-12-21,Rendez-vous boutique,France (siège)
TP003217,CUST00834,2024-12-11,Événement VIC,France (siège)
TP003218,CUST00834,2025-04-27,Rendez-vous boutique,France (siège)
TP003219,CUST00834,2025-10-05,Rendez-vous boutique,France (siège)
TP003220,CUST00834,2025-09-18,Ouverture newsletter,France (siège)
TP003221,CUST00834,2026-01-26,Rendez-vous boutique,France (siège)
TP003222,CUST00834,2026-02-07,Ouverture newsletter,France (siège)
TP003223,CUST00834,2026-02-17,Ouverture newsletter,France (siège)
TP003224,CUST00834,2026-06-12,Appel conseiller de vente,France (siège)
TP003225,CUST00835,2025-10-11,Rendez-vous boutique,Japon
TP003226,CUST00835,2025-10-14,Ouverture newsletter,Japon
TP003227,CUST00835,2025-10-06,Événement VIC,Japon
TP003228,CUST00835,2026-02-25,Événement VIC,Japon
TP003229,CUST00835,2026-02-22,Visite site e-commerce,Japon
TP003230,CUST00835,2026-02-23,Événement VIC,Japon
TP003231,CUST00836,2025-04-08,Rendez-vous boutique,France (siège)
TP003232,CUST00836,2025-08-20,Ouverture newsletter,France (siège)
TP003233,CUST00836,2026-01-14,Visite site e-commerce,France (siège)
TP003234,CUST00837,2026-01-11,Appel conseiller de vente,Moyen-Orient
TP003235,CUST00837,2026-01-13,Appel conseiller de vente,Moyen-Orient
TP003236,CUST00838,2026-01-09,Appel conseiller de vente,France (siège)
TP003237,CUST00838,2026-01-04,Visite site e-commerce,France (siège)
TP003238,CUST00838,2026-01-12,Événement VIC,France (siège)
TP003239,CUST00838,2026-06-23,Événement VIC,France (siège)
TP003240,CUST00838,2026-06-27,Visite site e-commerce,France (siège)
TP003241,CUST00839,2025-08-05,Visite site e-commerce,France (siège)
TP003242,CUST00839,2025-07-16,Visite site e-commerce,France (siège)
TP003243,CUST00839,2025-07-20,Appel conseiller de vente,France (siège)
TP003244,CUST00839,2025-10-17,Événement VIC,France (siège)
TP003245,CUST00839,2025-10-08,Événement VIC,France (siège)
TP003246,CUST00839,2025-10-30,Visite site e-commerce,France (siège)
TP003247,CUST00839,2026-03-04,Rendez-vous boutique,France (siège)
TP003248,CUST00839,2026-07-06,Ouverture newsletter,France (siège)
TP003249,CUST00840,2026-05-05,Rendez-vous boutique,Chine
TP003250,CUST00840,2026-04-26,Événement VIC,Chine
TP003251,CUST00841,2026-04-16,Rendez-vous boutique,Japon
TP003252,CUST00841,2026-04-16,Appel conseiller de vente,Japon
TP003253,CUST00842,2026-05-10,Appel conseiller de vente,Chine
TP003254,CUST00843,2025-10-02,Événement VIC,Chine
TP003255,CUST00843,2026-03-06,Événement VIC,Chine
TP003256,CUST00843,2026-03-03,Ouverture newsletter,Chine
TP003257,CUST00843,2026-02-21,Appel conseiller de vente,Chine
TP003258,CUST00843,2026-07-14,Visite site e-commerce,Chine
TP003259,CUST00843,2026-07-20,Événement VIC,Chine
TP003260,CUST00843,2026-07-18,Ouverture newsletter,Chine
TP003261,CUST00845,2025-01-30,Ouverture newsletter,Chine
TP003262,CUST00845,2025-01-13,Visite site e-commerce,Chine
TP003263,CUST00845,2025-01-23,Rendez-vous boutique,Chine
TP003264,CUST00845,2025-06-22,Visite site e-commerce,Chine
TP003265,CUST00845,2025-06-06,Ouverture newsletter,Chine
TP003266,CUST00845,2025-06-11,Ouverture newsletter,Chine
TP003267,CUST00845,2025-11-21,Appel conseiller de vente,Chine
TP003268,CUST00845,2026-04-05,Rendez-vous boutique,Chine
TP003269,CUST00845,2026-03-25,Appel conseiller de vente,Chine
TP003270,CUST00845,2026-03-27,Événement VIC,Chine
TP003271,CUST00846,2026-03-18,Événement VIC,Chine
TP003272,CUST00847,2025-02-17,Rendez-vous boutique,USA
TP003273,CUST00847,2025-08-15,Ouverture newsletter,USA
TP003274,CUST00847,2025-07-28,Rendez-vous boutique,USA
TP003275,CUST00847,2026-01-13,Événement VIC,USA
TP003276,CUST00847,2025-12-20,Rendez-vous boutique,USA
TP003277,CUST00847,2026-01-09,Appel conseiller de vente,USA
TP003278,CUST00847,2026-05-30,Visite site e-commerce,USA
TP003279,CUST00847,2026-05-20,Ouverture newsletter,USA
TP003280,CUST00847,2026-06-01,Rendez-vous boutique,USA
TP003281,CUST00848,2025-01-10,Événement VIC,Chine
TP003282,CUST00849,2025-04-28,Visite site e-commerce,Chine
TP003283,CUST00849,2025-04-18,Visite site e-commerce,Chine
TP003284,CUST00849,2025-08-15,Visite site e-commerce,Chine
TP003285,CUST00849,2025-11-05,Événement VIC,Chine
TP003286,CUST00849,2025-11-15,Rendez-vous boutique,Chine
TP003287,CUST00849,2026-02-25,Événement VIC,Chine
TP003288,CUST00849,2026-02-26,Événement VIC,Chine
TP003289,CUST00849,2026-06-02,Rendez-vous boutique,Chine
TP003290,CUST00849,2026-05-27,Ouverture newsletter,Chine
TP003291,CUST00850,2025-04-01,Visite site e-commerce,USA
TP003292,CUST00850,2025-04-20,Visite site e-commerce,USA
TP003293,CUST00850,2025-09-05,Ouverture newsletter,USA
TP003294,CUST00850,2025-09-10,Événement VIC,USA
TP003295,CUST00850,2025-09-01,Rendez-vous boutique,USA
TP003296,CUST00851,2025-11-01,Événement VIC,France (siège)
TP003297,CUST00851,2025-11-13,Événement VIC,France (siège)
TP003298,CUST00851,2026-04-09,Rendez-vous boutique,France (siège)
TP003299,CUST00851,2026-04-10,Ouverture newsletter,France (siège)
TP003300,CUST00852,2026-07-27,Appel conseiller de vente,France (siège)
TP003301,CUST00852,2026-07-09,Ouverture newsletter,France (siège)
TP003302,CUST00853,2025-06-14,Appel conseiller de vente,USA
TP003303,CUST00853,2025-06-09,Visite site e-commerce,USA
TP003304,CUST00853,2025-06-02,Ouverture newsletter,USA
TP003305,CUST00853,2025-12-23,Visite site e-commerce,USA
TP003306,CUST00853,2025-12-18,Appel conseiller de vente,USA
TP003307,CUST00853,2025-12-12,Ouverture newsletter,USA
TP003308,CUST00853,2026-06-07,Ouverture newsletter,USA
TP003309,CUST00855,2026-07-09,Visite site e-commerce,Japon
TP003310,CUST00856,2025-04-04,Événement VIC,Chine
TP003311,CUST00856,2025-04-02,Rendez-vous boutique,Chine
TP003312,CUST00856,2025-04-11,Visite site e-commerce,Chine
TP003313,CUST00856,2025-10-10,Ouverture newsletter,Chine
TP003314,CUST00856,2025-09-20,Ouverture newsletter,Chine
TP003315,CUST00856,2026-05-01,Rendez-vous boutique,Chine
TP003316,CUST00856,2026-05-11,Rendez-vous boutique,Chine
TP003317,CUST00856,2026-04-22,Appel conseiller de vente,Chine
TP003318,CUST00857,2025-03-11,Rendez-vous boutique,Moyen-Orient
TP003319,CUST00857,2025-08-04,Événement VIC,Moyen-Orient
TP003320,CUST00857,2025-08-14,Ouverture newsletter,Moyen-Orient
TP003321,CUST00857,2026-01-12,Rendez-vous boutique,Moyen-Orient
TP003322,CUST00857,2026-05-23,Rendez-vous boutique,Moyen-Orient
TP003323,CUST00857,2026-05-19,Événement VIC,Moyen-Orient
TP003324,CUST00858,2025-05-04,Événement VIC,France (siège)
TP003325,CUST00858,2025-05-09,Visite site e-commerce,France (siège)
TP003326,CUST00858,2025-11-10,Événement VIC,France (siège)
TP003327,CUST00858,2026-05-08,Rendez-vous boutique,France (siège)
TP003328,CUST00858,2026-04-29,Ouverture newsletter,France (siège)
TP003329,CUST00858,2026-05-10,Appel conseiller de vente,France (siège)
TP003330,CUST00859,2025-01-23,Visite site e-commerce,France (siège)
TP003331,CUST00859,2025-01-18,Appel conseiller de vente,France (siège)
TP003332,CUST00859,2025-06-25,Appel conseiller de vente,France (siège)
TP003333,CUST00859,2025-11-16,Événement VIC,France (siège)
TP003334,CUST00859,2025-11-15,Visite site e-commerce,France (siège)
TP003335,CUST00859,2026-04-28,Ouverture newsletter,France (siège)
TP003336,CUST00859,2026-05-14,Rendez-vous boutique,France (siège)
TP003337,CUST00859,2026-05-06,Visite site e-commerce,France (siège)
TP003338,CUST00860,2025-09-28,Rendez-vous boutique,Chine
TP003339,CUST00860,2025-10-20,Rendez-vous boutique,Chine
TP003340,CUST00860,2026-03-01,Événement VIC,Chine
TP003341,CUST00861,2026-05-20,Événement VIC,France (siège)
TP003342,CUST00862,2026-07-08,Ouverture newsletter,France (siège)
TP003343,CUST00862,2026-07-25,Appel conseiller de vente,France (siège)
TP003344,CUST00862,2026-07-11,Rendez-vous boutique,France (siège)
TP003345,CUST00863,2026-07-07,Appel conseiller de vente,USA
TP003346,CUST00863,2026-07-11,Événement VIC,USA
TP003347,CUST00864,2025-06-01,Événement VIC,USA
TP003348,CUST00864,2025-10-26,Rendez-vous boutique,USA
TP003349,CUST00864,2025-11-02,Appel conseiller de vente,USA
TP003350,CUST00864,2025-10-29,Visite site e-commerce,USA
TP003351,CUST00864,2026-03-28,Visite site e-commerce,USA
TP003352,CUST00864,2026-03-28,Visite site e-commerce,USA
TP003353,CUST00865,2026-03-22,Ouverture newsletter,USA
TP003354,CUST00865,2026-03-17,Ouverture newsletter,USA
TP003355,CUST00865,2026-03-11,Ouverture newsletter,USA
TP003356,CUST00866,2025-08-13,Événement VIC,Moyen-Orient
TP003357,CUST00866,2026-01-14,Rendez-vous boutique,Moyen-Orient
TP003358,CUST00866,2026-06-17,Appel conseiller de vente,Moyen-Orient
TP003359,CUST00866,2026-06-20,Visite site e-commerce,Moyen-Orient
TP003360,CUST00866,2026-06-28,Ouverture newsletter,Moyen-Orient
TP003361,CUST00867,2026-05-18,Événement VIC,France (siège)
TP003362,CUST00867,2026-05-09,Ouverture newsletter,France (siège)
TP003363,CUST00867,2026-05-13,Appel conseiller de vente,France (siège)
TP003364,CUST00868,2026-04-11,Visite site e-commerce,Japon
TP003365,CUST00868,2026-04-19,Événement VIC,Japon
TP003366,CUST00869,2025-07-02,Rendez-vous boutique,USA
TP003367,CUST00869,2025-10-09,Appel conseiller de vente,USA
TP003368,CUST00869,2025-10-11,Événement VIC,USA
TP003369,CUST00869,2026-01-09,Ouverture newsletter,USA
TP003370,CUST00869,2025-12-26,Visite site e-commerce,USA
TP003371,CUST00869,2025-12-20,Événement VIC,USA
TP003372,CUST00869,2026-05-01,Ouverture newsletter,USA
TP003373,CUST00869,2026-05-06,Ouverture newsletter,USA
TP003374,CUST00869,2026-04-19,Ouverture newsletter,USA
TP003375,CUST00870,2025-12-02,Rendez-vous boutique,Chine
TP003376,CUST00870,2025-11-22,Visite site e-commerce,Chine
TP003377,CUST00870,2026-03-23,Rendez-vous boutique,Chine
TP003378,CUST00870,2026-03-24,Événement VIC,Chine
TP003379,CUST00870,2026-04-02,Rendez-vous boutique,Chine
TP003380,CUST00871,2025-02-24,Ouverture newsletter,USA
TP003381,CUST00871,2025-02-27,Visite site e-commerce,USA
TP003382,CUST00871,2025-09-16,Ouverture newsletter,USA
TP003383,CUST00871,2025-09-10,Rendez-vous boutique,USA
TP003384,CUST00871,2025-09-26,Appel conseiller de vente,USA
TP003385,CUST00871,2026-02-15,Événement VIC,USA
TP003386,CUST00871,2026-02-04,Rendez-vous boutique,USA
TP003387,CUST00872,2025-11-30,Visite site e-commerce,USA
TP003388,CUST00872,2025-11-21,Visite site e-commerce,USA
TP003389,CUST00872,2025-11-23,Événement VIC,USA
TP003390,CUST00872,2026-05-12,Visite site e-commerce,USA
TP003391,CUST00872,2026-05-11,Événement VIC,USA
TP003392,CUST00873,2025-09-12,Rendez-vous boutique,USA
TP003393,CUST00873,2026-02-22,Rendez-vous boutique,USA
TP003394,CUST00873,2026-02-09,Appel conseiller de vente,USA
TP003395,CUST00874,2025-05-19,Appel conseiller de vente,Chine
TP003396,CUST00874,2025-05-15,Événement VIC,Chine
TP003397,CUST00874,2025-05-01,Visite site e-commerce,Chine
TP003398,CUST00874,2025-08-19,Rendez-vous boutique,Chine
TP003399,CUST00874,2025-08-28,Ouverture newsletter,Chine
TP003400,CUST00874,2026-01-30,Appel conseiller de vente,Chine
TP003401,CUST00874,2026-02-02,Ouverture newsletter,Chine
TP003402,CUST00874,2026-02-01,Rendez-vous boutique,Chine
TP003403,CUST00874,2026-05-15,Ouverture newsletter,Chine
TP003404,CUST00874,2026-05-26,Événement VIC,Chine
TP003405,CUST00876,2026-07-15,Ouverture newsletter,USA
TP003406,CUST00876,2026-07-21,Rendez-vous boutique,USA
TP003407,CUST00877,2025-02-27,Événement VIC,Chine
TP003408,CUST00877,2025-03-01,Rendez-vous boutique,Chine
TP003409,CUST00877,2025-07-20,Appel conseiller de vente,Chine
TP003410,CUST00877,2025-08-01,Événement VIC,Chine
TP003411,CUST00877,2025-07-29,Ouverture newsletter,Chine
TP003412,CUST00877,2025-12-25,Événement VIC,Chine
TP003413,CUST00877,2026-01-10,Ouverture newsletter,Chine
TP003414,CUST00878,2026-06-15,Appel conseiller de vente,Japon
TP003415,CUST00878,2026-06-03,Appel conseiller de vente,Japon
TP003416,CUST00878,2026-06-25,Ouverture newsletter,Japon
TP003417,CUST00879,2025-07-01,Ouverture newsletter,Chine
TP003418,CUST00879,2025-11-13,Rendez-vous boutique,Chine
TP003419,CUST00879,2025-11-14,Rendez-vous boutique,Chine
TP003420,CUST00879,2026-04-10,Événement VIC,Chine
TP003421,CUST00879,2026-04-05,Visite site e-commerce,Chine
TP003422,CUST00880,2026-06-20,Rendez-vous boutique,Chine
TP003423,CUST00881,2026-05-04,Ouverture newsletter,France (siège)
TP003424,CUST00881,2026-04-21,Rendez-vous boutique,France (siège)
TP003425,CUST00882,2026-04-30,Visite site e-commerce,Moyen-Orient
TP003426,CUST00884,2026-07-22,Appel conseiller de vente,Chine
TP003427,CUST00885,2025-04-15,Visite site e-commerce,Chine
TP003428,CUST00885,2025-04-13,Visite site e-commerce,Chine
TP003429,CUST00885,2025-08-31,Appel conseiller de vente,Chine
TP003430,CUST00885,2025-08-26,Événement VIC,Chine
TP003431,CUST00885,2025-12-25,Ouverture newsletter,Chine
TP003432,CUST00885,2025-12-24,Rendez-vous boutique,Chine
TP003433,CUST00885,2026-04-28,Événement VIC,Chine
TP003434,CUST00886,2025-06-21,Appel conseiller de vente,Chine
TP003435,CUST00886,2025-12-26,Événement VIC,Chine
TP003436,CUST00886,2025-12-17,Visite site e-commerce,Chine
TP003437,CUST00886,2026-06-20,Visite site e-commerce,Chine
TP003438,CUST00887,2025-03-03,Visite site e-commerce,Chine
TP003439,CUST00887,2025-03-05,Visite site e-commerce,Chine
TP003440,CUST00887,2025-06-14,Visite site e-commerce,Chine
TP003441,CUST00887,2025-05-25,Événement VIC,Chine
TP003442,CUST00887,2025-05-31,Rendez-vous boutique,Chine
TP003443,CUST00887,2025-09-25,Rendez-vous boutique,Chine
TP003444,CUST00887,2025-09-18,Ouverture newsletter,Chine
TP003445,CUST00887,2026-01-25,Événement VIC,Chine
TP003446,CUST00887,2026-01-20,Événement VIC,Chine
TP003447,CUST00888,2026-04-11,Ouverture newsletter,Moyen-Orient
TP003448,CUST00888,2026-04-11,Événement VIC,Moyen-Orient
TP003449,CUST00889,2026-05-12,Événement VIC,France (siège)
TP003450,CUST00889,2026-05-05,Ouverture newsletter,France (siège)
TP003451,CUST00889,2026-05-01,Événement VIC,France (siège)
TP003452,CUST00890,2026-05-22,Appel conseiller de vente,USA
TP003453,CUST00890,2026-05-17,Rendez-vous boutique,USA
TP003454,CUST00890,2026-05-04,Visite site e-commerce,USA
TP003455,CUST00891,2025-10-25,Appel conseiller de vente,USA
TP003456,CUST00891,2025-11-14,Événement VIC,USA
TP003457,CUST00891,2026-04-22,Appel conseiller de vente,USA
TP003458,CUST00892,2025-05-04,Appel conseiller de vente,USA
TP003459,CUST00892,2025-10-01,Ouverture newsletter,USA
TP003460,CUST00892,2025-10-08,Visite site e-commerce,USA
TP003461,CUST00892,2025-10-14,Ouverture newsletter,USA
TP003462,CUST00892,2026-04-02,Visite site e-commerce,USA
TP003463,CUST00892,2026-04-14,Rendez-vous boutique,USA
TP003464,CUST00892,2026-04-04,Visite site e-commerce,USA
TP003465,CUST00894,2026-01-25,Ouverture newsletter,USA
TP003466,CUST00894,2026-01-25,Appel conseiller de vente,USA
TP003467,CUST00895,2025-04-20,Rendez-vous boutique,Chine
TP003468,CUST00895,2025-04-28,Rendez-vous boutique,Chine
TP003469,CUST00895,2025-04-24,Visite site e-commerce,Chine
TP003470,CUST00895,2025-09-19,Ouverture newsletter,Chine
TP003471,CUST00895,2026-03-18,Rendez-vous boutique,Chine
TP003472,CUST00895,2026-03-18,Visite site e-commerce,Chine
TP003473,CUST00895,2026-03-18,Appel conseiller de vente,Chine
TP003474,CUST00895,2026-07-10,Appel conseiller de vente,Chine
TP003475,CUST00895,2026-07-03,Visite site e-commerce,Chine
TP003476,CUST00895,2026-07-21,Événement VIC,Chine
TP003477,CUST00896,2026-07-06,Appel conseiller de vente,Chine
TP003478,CUST00896,2026-07-11,Rendez-vous boutique,Chine
TP003479,CUST00896,2026-07-22,Rendez-vous boutique,Chine
TP003480,CUST00897,2025-06-29,Appel conseiller de vente,Japon
TP003481,CUST00897,2026-01-08,Appel conseiller de vente,Japon
TP003482,CUST00897,2026-01-08,Visite site e-commerce,Japon
TP003483,CUST00897,2026-01-08,Appel conseiller de vente,Japon
TP003484,CUST00897,2026-06-12,Événement VIC,Japon
TP003485,CUST00897,2026-06-16,Événement VIC,Japon
TP003486,CUST00898,2025-03-14,Rendez-vous boutique,Chine
TP003487,CUST00898,2025-03-16,Visite site e-commerce,Chine
TP003488,CUST00898,2025-08-19,Ouverture newsletter,Chine
TP003489,CUST00898,2025-08-18,Rendez-vous boutique,Chine
TP003490,CUST00898,2025-08-16,Événement VIC,Chine
TP003491,CUST00898,2025-12-26,Appel conseiller de vente,Chine
TP003492,CUST00898,2025-12-18,Rendez-vous boutique,Chine
TP003493,CUST00898,2026-06-10,Ouverture newsletter,Chine
TP003494,CUST00899,2026-06-01,Appel conseiller de vente,Moyen-Orient
TP003495,CUST00900,2026-07-02,Appel conseiller de vente,Moyen-Orient
TP003496,CUST00900,2026-07-15,Ouverture newsletter,Moyen-Orient
TP003497,CUST00900,2026-07-12,Rendez-vous boutique,Moyen-Orient
TP003498,CUST00901,2026-04-27,Rendez-vous boutique,France (siège)
TP003499,CUST00901,2026-05-07,Rendez-vous boutique,France (siège)
TP003500,CUST00902,2025-09-29,Ouverture newsletter,Chine
TP003501,CUST00902,2026-02-09,Rendez-vous boutique,Chine
TP003502,CUST00902,2026-02-11,Appel conseiller de vente,Chine
TP003503,CUST00902,2026-06-25,Ouverture newsletter,Chine
TP003504,CUST00902,2026-06-09,Appel conseiller de vente,Chine
TP003505,CUST00902,2026-06-23,Ouverture newsletter,Chine
TP003506,CUST00903,2026-01-27,Ouverture newsletter,Chine
TP003507,CUST00903,2026-01-31,Événement VIC,Chine
TP003508,CUST00904,2025-12-07,Ouverture newsletter,Chine
TP003509,CUST00904,2025-11-29,Rendez-vous boutique,Chine
TP003510,CUST00904,2025-11-28,Appel conseiller de vente,Chine
TP003511,CUST00904,2026-03-07,Visite site e-commerce,Chine
TP003512,CUST00904,2026-05-22,Ouverture newsletter,Chine
TP003513,CUST00904,2026-05-27,Appel conseiller de vente,Chine
TP003514,CUST00906,2025-11-27,Visite site e-commerce,USA
TP003515,CUST00906,2025-11-16,Appel conseiller de vente,USA
TP003516,CUST00906,2025-12-02,Visite site e-commerce,USA
TP003517,CUST00907,2025-07-26,Rendez-vous boutique,France (siège)
TP003518,CUST00907,2026-01-02,Événement VIC,France (siège)
TP003519,CUST00907,2025-12-26,Ouverture newsletter,France (siège)
TP003520,CUST00907,2026-07-02,Ouverture newsletter,France (siège)
TP003521,CUST00908,2025-03-04,Ouverture newsletter,Japon
TP003522,CUST00908,2025-03-10,Rendez-vous boutique,Japon
TP003523,CUST00908,2025-03-01,Appel conseiller de vente,Japon
TP003524,CUST00908,2025-08-30,Visite site e-commerce,Japon
TP003525,CUST00908,2026-03-07,Visite site e-commerce,Japon
TP003526,CUST00910,2026-06-22,Rendez-vous boutique,Chine
TP003527,CUST00910,2026-07-14,Ouverture newsletter,Chine
TP003528,CUST00911,2025-11-05,Ouverture newsletter,Japon
TP003529,CUST00911,2025-11-24,Visite site e-commerce,Japon
TP003530,CUST00911,2026-04-22,Événement VIC,Japon
TP003531,CUST00911,2026-04-15,Événement VIC,Japon
TP003532,CUST00912,2026-07-11,Événement VIC,Chine
TP003533,CUST00912,2026-07-07,Ouverture newsletter,Chine
TP003534,CUST00912,2026-07-23,Événement VIC,Chine
TP003535,CUST00913,2025-10-06,Rendez-vous boutique,France (siège)
TP003536,CUST00913,2025-10-20,Visite site e-commerce,France (siège)
TP003537,CUST00913,2025-10-22,Événement VIC,France (siège)
TP003538,CUST00913,2026-04-08,Visite site e-commerce,France (siège)
TP003539,CUST00913,2026-04-22,Ouverture newsletter,France (siège)
TP003540,CUST00913,2026-04-22,Ouverture newsletter,France (siège)
TP003541,CUST00915,2025-04-18,Événement VIC,USA
TP003542,CUST00915,2025-10-05,Événement VIC,USA
TP003543,CUST00915,2025-10-06,Événement VIC,USA
TP003544,CUST00915,2026-02-02,Appel conseiller de vente,USA
TP003545,CUST00915,2026-06-12,Ouverture newsletter,USA
TP003546,CUST00915,2026-06-09,Visite site e-commerce,USA
TP003547,CUST00915,2026-06-21,Rendez-vous boutique,USA
TP003548,CUST00916,2026-02-10,Ouverture newsletter,Japon
TP003549,CUST00916,2026-01-24,Visite site e-commerce,Japon
TP003550,CUST00916,2026-07-03,Événement VIC,Japon
TP003551,CUST00916,2026-07-12,Ouverture newsletter,Japon
TP003552,CUST00917,2025-07-24,Visite site e-commerce,France (siège)
TP003553,CUST00917,2025-07-11,Ouverture newsletter,France (siège)
TP003554,CUST00917,2025-07-10,Rendez-vous boutique,France (siège)
TP003555,CUST00917,2026-02-14,Visite site e-commerce,France (siège)
TP003556,CUST00917,2026-02-16,Événement VIC,France (siège)
TP003557,CUST00917,2026-07-31,Visite site e-commerce,France (siège)
TP003558,CUST00917,2026-07-21,Appel conseiller de vente,France (siège)
TP003559,CUST00917,2026-07-24,Visite site e-commerce,France (siège)
TP003560,CUST00918,2026-03-20,Appel conseiller de vente,France (siège)
TP003561,CUST00918,2026-03-06,Ouverture newsletter,France (siège)
TP003562,CUST00919,2025-12-26,Rendez-vous boutique,Chine
TP003563,CUST00919,2025-12-13,Appel conseiller de vente,Chine
TP003564,CUST00919,2025-12-11,Visite site e-commerce,Chine
TP003565,CUST00919,2026-05-13,Ouverture newsletter,Chine
TP003566,CUST00920,2026-06-24,Ouverture newsletter,Chine
TP003567,CUST00920,2026-06-24,Rendez-vous boutique,Chine
TP003568,CUST00920,2026-06-27,Visite site e-commerce,Chine
TP003569,CUST00922,2025-09-10,Appel conseiller de vente,France (siège)
TP003570,CUST00922,2025-08-21,Visite site e-commerce,France (siège)
TP003571,CUST00922,2025-08-24,Appel conseiller de vente,France (siège)
TP003572,CUST00922,2026-01-07,Appel conseiller de vente,France (siège)
TP003573,CUST00922,2026-01-02,Rendez-vous boutique,France (siège)
TP003574,CUST00922,2026-06-05,Visite site e-commerce,France (siège)
TP003575,CUST00922,2026-06-05,Événement VIC,France (siège)
TP003576,CUST00923,2026-07-13,Rendez-vous boutique,Chine
TP003577,CUST00923,2026-06-19,Événement VIC,Chine
TP003578,CUST00923,2026-06-25,Visite site e-commerce,Chine
TP003579,CUST00924,2026-07-03,Ouverture newsletter,France (siège)
TP003580,CUST00924,2026-06-30,Ouverture newsletter,France (siège)
TP003581,CUST00925,2025-06-04,Ouverture newsletter,Chine
TP003582,CUST00925,2025-06-15,Événement VIC,Chine
TP003583,CUST00925,2025-05-22,Appel conseiller de vente,Chine
TP003584,CUST00925,2025-10-27,Rendez-vous boutique,Chine
TP003585,CUST00925,2025-10-30,Rendez-vous boutique,Chine
TP003586,CUST00925,2026-03-07,Rendez-vous boutique,Chine
TP003587,CUST00925,2026-02-17,Appel conseiller de vente,Chine
TP003588,CUST00925,2026-07-28,Ouverture newsletter,Chine
TP003589,CUST00926,2026-04-21,Événement VIC,Japon
TP003590,CUST00927,2026-05-29,Ouverture newsletter,Japon
TP003591,CUST00927,2026-05-14,Appel conseiller de vente,Japon
TP003592,CUST00927,2026-05-30,Visite site e-commerce,Japon
TP003593,CUST00928,2025-02-15,Événement VIC,Moyen-Orient
TP003594,CUST00928,2025-02-06,Événement VIC,Moyen-Orient
TP003595,CUST00928,2025-01-28,Appel conseiller de vente,Moyen-Orient
TP003596,CUST00928,2025-07-10,Appel conseiller de vente,Moyen-Orient
TP003597,CUST00928,2025-07-17,Visite site e-commerce,Moyen-Orient
TP003598,CUST00928,2025-07-05,Appel conseiller de vente,Moyen-Orient
TP003599,CUST00928,2026-02-06,Rendez-vous boutique,Moyen-Orient
TP003600,CUST00928,2026-01-31,Événement VIC,Moyen-Orient
TP003601,CUST00928,2026-02-09,Ouverture newsletter,Moyen-Orient
TP003602,CUST00928,2026-07-19,Ouverture newsletter,Moyen-Orient
TP003603,CUST00928,2026-07-26,Ouverture newsletter,Moyen-Orient
TP003604,CUST00928,2026-07-30,Ouverture newsletter,Moyen-Orient
TP003605,CUST00929,2025-07-23,Événement VIC,France (siège)
TP003606,CUST00929,2025-08-04,Appel conseiller de vente,France (siège)
TP003607,CUST00929,2025-07-18,Visite site e-commerce,France (siège)
TP003608,CUST00931,2025-03-22,Événement VIC,Japon
TP003609,CUST00931,2025-03-12,Appel conseiller de vente,Japon
TP003610,CUST00931,2025-07-21,Rendez-vous boutique,Japon
TP003611,CUST00931,2025-07-12,Rendez-vous boutique,Japon
TP003612,CUST00931,2025-07-15,Appel conseiller de vente,Japon
TP003613,CUST00931,2025-12-04,Rendez-vous boutique,Japon
TP003614,CUST00931,2025-11-29,Ouverture newsletter,Japon
TP003615,CUST00931,2026-05-26,Rendez-vous boutique,Japon
TP003616,CUST00931,2026-05-09,Ouverture newsletter,Japon
TP003617,CUST00931,2026-05-27,Rendez-vous boutique,Japon
TP003618,CUST00932,2025-04-01,Visite site e-commerce,Chine
TP003619,CUST00932,2025-04-08,Événement VIC,Chine
TP003620,CUST00933,2025-10-10,Ouverture newsletter,Japon
TP003621,CUST00933,2025-10-24,Visite site e-commerce,Japon
TP003622,CUST00933,2025-10-18,Appel conseiller de vente,Japon
TP003623,CUST00933,2026-03-13,Rendez-vous boutique,Japon
TP003624,CUST00933,2026-03-13,Rendez-vous boutique,Japon
TP003625,CUST00933,2026-03-25,Visite site e-commerce,Japon
TP003626,CUST00934,2025-03-16,Appel conseiller de vente,Moyen-Orient
TP003627,CUST00934,2025-07-17,Événement VIC,Moyen-Orient
TP003628,CUST00934,2025-08-04,Événement VIC,Moyen-Orient
TP003629,CUST00934,2026-01-06,Événement VIC,Moyen-Orient
TP003630,CUST00934,2026-01-13,Visite site e-commerce,Moyen-Orient
TP003631,CUST00934,2026-05-13,Ouverture newsletter,Moyen-Orient
TP003632,CUST00934,2026-06-03,Appel conseiller de vente,Moyen-Orient
TP003633,CUST00934,2026-05-18,Événement VIC,Moyen-Orient
TP003634,CUST00935,2026-07-25,Événement VIC,France (siège)
TP003635,CUST00935,2026-07-25,Ouverture newsletter,France (siège)
TP003636,CUST00935,2026-07-24,Appel conseiller de vente,France (siège)
TP003637,CUST00936,2026-07-07,Appel conseiller de vente,Moyen-Orient
TP003638,CUST00936,2026-07-12,Ouverture newsletter,Moyen-Orient
TP003639,CUST00936,2026-07-05,Visite site e-commerce,Moyen-Orient
TP003640,CUST00937,2025-11-22,Appel conseiller de vente,Chine
TP003641,CUST00937,2026-03-19,Ouverture newsletter,Chine
TP003642,CUST00938,2025-12-26,Rendez-vous boutique,USA
TP003643,CUST00938,2025-12-11,Événement VIC,USA
TP003644,CUST00940,2025-09-09,Ouverture newsletter,Chine
TP003645,CUST00941,2026-06-05,Rendez-vous boutique,USA
TP003646,CUST00942,2026-06-22,Rendez-vous boutique,Moyen-Orient
TP003647,CUST00943,2026-02-07,Rendez-vous boutique,USA
TP003648,CUST00943,2026-02-05,Appel conseiller de vente,USA
TP003649,CUST00943,2026-02-02,Visite site e-commerce,USA
TP003650,CUST00944,2025-07-05,Événement VIC,USA
TP003651,CUST00944,2025-07-25,Visite site e-commerce,USA
TP003652,CUST00944,2025-07-14,Visite site e-commerce,USA
TP003653,CUST00944,2025-11-24,Rendez-vous boutique,USA
TP003654,CUST00944,2025-11-09,Ouverture newsletter,USA
TP003655,CUST00944,2025-11-21,Rendez-vous boutique,USA
TP003656,CUST00944,2026-03-31,Visite site e-commerce,USA
TP003657,CUST00944,2026-03-31,Visite site e-commerce,USA
TP003658,CUST00944,2026-03-26,Appel conseiller de vente,USA
TP003659,CUST00944,2026-07-11,Ouverture newsletter,USA
TP003660,CUST00945,2026-04-09,Événement VIC,Chine
TP003661,CUST00945,2026-04-10,Rendez-vous boutique,Chine
TP003662,CUST00946,2025-12-13,Visite site e-commerce,France (siège)
TP003663,CUST00946,2025-12-08,Visite site e-commerce,France (siège)
TP003664,CUST00946,2025-12-22,Appel conseiller de vente,France (siège)
TP003665,CUST00946,2026-05-28,Visite site e-commerce,France (siège)
TP003666,CUST00946,2026-06-01,Événement VIC,France (siège)
TP003667,CUST00947,2026-04-15,Rendez-vous boutique,France (siège)
TP003668,CUST00947,2026-04-06,Événement VIC,France (siège)
TP003669,CUST00948,2025-06-09,Événement VIC,France (siège)
TP003670,CUST00948,2025-06-20,Événement VIC,France (siège)
TP003671,CUST00948,2025-06-15,Appel conseiller de vente,France (siège)
TP003672,CUST00948,2025-09-27,Événement VIC,France (siège)
TP003673,CUST00948,2026-03-29,Ouverture newsletter,France (siège)
TP003674,CUST00948,2026-04-12,Appel conseiller de vente,France (siège)
TP003675,CUST00949,2025-07-20,Événement VIC,Moyen-Orient
TP003676,CUST00949,2025-07-18,Visite site e-commerce,Moyen-Orient
TP003677,CUST00949,2025-07-27,Ouverture newsletter,Moyen-Orient
TP003678,CUST00949,2025-11-12,Appel conseiller de vente,Moyen-Orient
TP003679,CUST00949,2026-03-02,Ouverture newsletter,Moyen-Orient
TP003680,CUST00949,2026-05-11,Ouverture newsletter,Moyen-Orient
TP003681,CUST00949,2026-05-21,Événement VIC,Moyen-Orient
TP003682,CUST00950,2026-07-06,Appel conseiller de vente,Japon
TP003683,CUST00951,2025-11-05,Appel conseiller de vente,Japon
TP003684,CUST00951,2025-11-20,Événement VIC,Japon
TP003685,CUST00951,2025-11-18,Ouverture newsletter,Japon
TP003686,CUST00951,2026-04-09,Visite site e-commerce,Japon
TP003687,CUST00952,2025-04-04,Visite site e-commerce,Chine
TP003688,CUST00952,2025-03-24,Appel conseiller de vente,Chine
TP003689,CUST00952,2025-09-10,Événement VIC,Chine
TP003690,CUST00952,2025-08-28,Appel conseiller de vente,Chine
TP003691,CUST00952,2026-03-17,Rendez-vous boutique,Chine
TP003692,CUST00953,2025-04-21,Rendez-vous boutique,Chine
TP003693,CUST00953,2025-04-10,Rendez-vous boutique,Chine
TP003694,CUST00953,2025-08-27,Rendez-vous boutique,Chine
TP003695,CUST00953,2025-09-19,Événement VIC,Chine
TP003696,CUST00953,2026-02-05,Ouverture newsletter,Chine
TP003697,CUST00953,2026-02-02,Appel conseiller de vente,Chine
TP003698,CUST00955,2025-12-19,Événement VIC,France (siège)
TP003699,CUST00955,2025-12-22,Événement VIC,France (siège)
TP003700,CUST00955,2025-12-23,Visite site e-commerce,France (siège)
TP003701,CUST00956,2026-05-04,Ouverture newsletter,Chine
TP003702,CUST00957,2025-06-16,Appel conseiller de vente,France (siège)
TP003703,CUST00957,2025-06-21,Événement VIC,France (siège)
TP003704,CUST00957,2025-06-14,Rendez-vous boutique,France (siège)
TP003705,CUST00957,2025-10-07,Rendez-vous boutique,France (siège)
TP003706,CUST00957,2025-10-19,Ouverture newsletter,France (siège)
TP003707,CUST00958,2025-07-07,Visite site e-commerce,Japon
TP003708,CUST00958,2025-09-28,Visite site e-commerce,Japon
TP003709,CUST00958,2025-09-28,Rendez-vous boutique,Japon
TP003710,CUST00958,2026-01-02,Rendez-vous boutique,Japon
TP003711,CUST00958,2026-04-03,Ouverture newsletter,Japon
TP003712,CUST00958,2026-03-21,Ouverture newsletter,Japon
TP003713,CUST00958,2026-06-29,Visite site e-commerce,Japon
TP003714,CUST00960,2025-08-29,Rendez-vous boutique,Japon
TP003715,CUST00960,2026-01-26,Appel conseiller de vente,Japon
TP003716,CUST00960,2026-01-25,Visite site e-commerce,Japon
TP003717,CUST00960,2026-01-23,Visite site e-commerce,Japon
TP003718,CUST00962,2025-07-05,Ouverture newsletter,Moyen-Orient
TP003719,CUST00962,2025-07-07,Rendez-vous boutique,Moyen-Orient
TP003720,CUST00962,2025-07-09,Visite site e-commerce,Moyen-Orient
TP003721,CUST00963,2025-02-28,Ouverture newsletter,Moyen-Orient
TP003722,CUST00963,2025-02-25,Ouverture newsletter,Moyen-Orient
TP003723,CUST00963,2025-08-10,Rendez-vous boutique,Moyen-Orient
TP003724,CUST00963,2025-08-10,Visite site e-commerce,Moyen-Orient
TP003725,CUST00963,2025-08-12,Appel conseiller de vente,Moyen-Orient
TP003726,CUST00963,2026-02-10,Ouverture newsletter,Moyen-Orient
TP003727,CUST00963,2026-02-12,Appel conseiller de vente,Moyen-Orient
TP003728,CUST00963,2026-07-29,Rendez-vous boutique,Moyen-Orient
TP003729,CUST00964,2025-10-31,Ouverture newsletter,France (siège)
TP003730,CUST00964,2025-11-06,Événement VIC,France (siège)
TP003731,CUST00965,2026-06-08,Appel conseiller de vente,Japon
TP003732,CUST00966,2025-03-12,Événement VIC,France (siège)
TP003733,CUST00966,2025-08-22,Événement VIC,France (siège)
TP003734,CUST00966,2025-09-07,Appel conseiller de vente,France (siège)
TP003735,CUST00966,2026-01-20,Événement VIC,France (siège)
TP003736,CUST00966,2026-01-28,Ouverture newsletter,France (siège)
TP003737,CUST00966,2026-07-22,Événement VIC,France (siège)
TP003738,CUST00966,2026-07-02,Visite site e-commerce,France (siège)
TP003739,CUST00968,2025-08-16,Appel conseiller de vente,Chine
TP003740,CUST00968,2025-08-14,Événement VIC,Chine
TP003741,CUST00968,2025-10-21,Événement VIC,Chine
TP003742,CUST00968,2025-10-21,Appel conseiller de vente,Chine
TP003743,CUST00968,2025-10-31,Ouverture newsletter,Chine
TP003744,CUST00968,2026-03-27,Ouverture newsletter,Chine
TP003745,CUST00968,2026-07-22,Appel conseiller de vente,Chine
TP003746,CUST00969,2025-06-21,Visite site e-commerce,Chine
TP003747,CUST00969,2025-11-22,Visite site e-commerce,Chine
TP003748,CUST00969,2025-12-03,Événement VIC,Chine
TP003749,CUST00969,2026-05-17,Événement VIC,Chine
TP003750,CUST00969,2026-05-29,Appel conseiller de vente,Chine
TP003751,CUST00970,2025-01-26,Ouverture newsletter,USA
TP003752,CUST00970,2025-01-28,Ouverture newsletter,USA
TP003753,CUST00970,2025-01-27,Événement VIC,USA
TP003754,CUST00970,2025-06-14,Visite site e-commerce,USA
TP003755,CUST00970,2025-06-23,Événement VIC,USA
TP003756,CUST00970,2025-07-05,Ouverture newsletter,USA
TP003757,CUST00970,2025-11-07,Rendez-vous boutique,USA
TP003758,CUST00970,2025-11-23,Visite site e-commerce,USA
TP003759,CUST00970,2026-04-04,Visite site e-commerce,USA
TP003760,CUST00970,2026-04-11,Appel conseiller de vente,USA
TP003761,CUST00970,2026-04-06,Rendez-vous boutique,USA
TP003762,CUST00971,2025-06-26,Rendez-vous boutique,USA
TP003763,CUST00971,2025-07-03,Rendez-vous boutique,USA
TP003764,CUST00971,2025-10-17,Visite site e-commerce,USA
TP003765,CUST00971,2025-10-16,Appel conseiller de vente,USA
TP003766,CUST00971,2026-01-12,Événement VIC,USA
TP003767,CUST00971,2026-01-17,Appel conseiller de vente,USA
TP003768,CUST00971,2026-01-03,Événement VIC,USA
TP003769,CUST00971,2026-03-09,Ouverture newsletter,USA
TP003770,CUST00971,2026-06-08,Visite site e-commerce,USA
TP003771,CUST00971,2026-06-09,Ouverture newsletter,USA
TP003772,CUST00972,2025-04-12,Événement VIC,France (siège)
TP003773,CUST00972,2025-05-03,Rendez-vous boutique,France (siège)
TP003774,CUST00972,2025-10-10,Rendez-vous boutique,France (siège)
TP003775,CUST00973,2026-07-04,Ouverture newsletter,Chine
TP003776,CUST00973,2026-06-20,Ouverture newsletter,Chine
TP003777,CUST00974,2025-07-11,Visite site e-commerce,France (siège)
TP003778,CUST00974,2025-12-22,Visite site e-commerce,France (siège)
TP003779,CUST00974,2025-12-27,Ouverture newsletter,France (siège)
TP003780,CUST00974,2026-05-20,Événement VIC,France (siège)
TP003781,CUST00976,2026-02-14,Appel conseiller de vente,USA
TP003782,CUST00976,2026-02-26,Visite site e-commerce,USA
TP003783,CUST00976,2026-03-06,Visite site e-commerce,USA
TP003784,CUST00977,2025-04-21,Ouverture newsletter,France (siège)
TP003785,CUST00977,2025-05-02,Rendez-vous boutique,France (siège)
TP003786,CUST00977,2025-10-02,Appel conseiller de vente,France (siège)
TP003787,CUST00977,2026-03-06,Rendez-vous boutique,France (siège)
TP003788,CUST00977,2026-03-03,Visite site e-commerce,France (siège)
TP003789,CUST00978,2026-07-20,Événement VIC,USA
TP003790,CUST00978,2026-07-22,Événement VIC,USA
TP003791,CUST00978,2026-07-29,Rendez-vous boutique,USA
TP003792,CUST00980,2025-03-07,Visite site e-commerce,France (siège)
TP003793,CUST00980,2025-08-03,Appel conseiller de vente,France (siège)
TP003794,CUST00980,2025-07-22,Rendez-vous boutique,France (siège)
TP003795,CUST00980,2025-12-03,Appel conseiller de vente,France (siège)
TP003796,CUST00980,2026-05-23,Rendez-vous boutique,France (siège)
TP003797,CUST00980,2026-05-21,Rendez-vous boutique,France (siège)
TP003798,CUST00981,2025-04-17,Rendez-vous boutique,France (siège)
TP003799,CUST00981,2025-09-25,Événement VIC,France (siège)
TP003800,CUST00981,2026-03-19,Appel conseiller de vente,France (siège)
TP003801,CUST00981,2026-03-26,Appel conseiller de vente,France (siège)
TP003802,CUST00981,2026-03-15,Ouverture newsletter,France (siège)
TP003803,CUST00982,2025-11-14,Appel conseiller de vente,Japon
TP003804,CUST00982,2026-05-21,Événement VIC,Japon
TP003805,CUST00983,2025-07-10,Événement VIC,USA
TP003806,CUST00983,2025-11-12,Ouverture newsletter,USA
TP003807,CUST00983,2025-11-14,Ouverture newsletter,USA
TP003808,CUST00983,2025-11-03,Ouverture newsletter,USA
TP003809,CUST00983,2026-05-01,Visite site e-commerce,USA
TP003810,CUST00984,2025-08-07,Appel conseiller de vente,France (siège)
TP003811,CUST00984,2025-12-20,Rendez-vous boutique,France (siège)
TP003812,CUST00984,2025-12-08,Visite site e-commerce,France (siège)
TP003813,CUST00984,2025-12-05,Ouverture newsletter,France (siège)
TP003814,CUST00984,2026-03-29,Événement VIC,France (siège)
TP003815,CUST00984,2026-04-15,Rendez-vous boutique,France (siège)
TP003816,CUST00984,2026-06-30,Rendez-vous boutique,France (siège)
TP003817,CUST00984,2026-06-07,Visite site e-commerce,France (siège)
TP003818,CUST00984,2026-06-29,Événement VIC,France (siège)
TP003819,CUST00985,2026-05-12,Ouverture newsletter,Chine
TP003820,CUST00986,2025-09-24,Rendez-vous boutique,France (siège)
TP003821,CUST00986,2026-02-04,Ouverture newsletter,France (siège)
TP003822,CUST00986,2026-02-06,Rendez-vous boutique,France (siège)
TP003823,CUST00986,2026-01-20,Appel conseiller de vente,France (siège)
TP003824,CUST00986,2026-07-08,Visite site e-commerce,France (siège)
TP003825,CUST00986,2026-07-09,Visite site e-commerce,France (siège)
TP003826,CUST00986,2026-06-29,Appel conseiller de vente,France (siège)
TP003827,CUST00987,2025-06-18,Rendez-vous boutique,USA
TP003828,CUST00988,2025-07-17,Visite site e-commerce,Moyen-Orient
TP003829,CUST00988,2025-07-15,Événement VIC,Moyen-Orient
TP003830,CUST00988,2025-08-03,Ouverture newsletter,Moyen-Orient
TP003831,CUST00988,2026-01-14,Visite site e-commerce,Moyen-Orient
TP003832,CUST00988,2026-01-25,Appel conseiller de vente,Moyen-Orient
TP003833,CUST00988,2026-01-25,Appel conseiller de vente,Moyen-Orient
TP003834,CUST00988,2026-07-13,Rendez-vous boutique,Moyen-Orient
TP003835,CUST00989,2026-05-24,Ouverture newsletter,France (siège)
TP003836,CUST00989,2026-06-09,Rendez-vous boutique,France (siège)
TP003837,CUST00989,2026-05-23,Rendez-vous boutique,France (siège)
TP003838,CUST00990,2025-05-26,Ouverture newsletter,Chine
TP003839,CUST00990,2025-05-15,Rendez-vous boutique,Chine
TP003840,CUST00991,2026-05-12,Événement VIC,Moyen-Orient
TP003841,CUST00991,2026-05-27,Visite site e-commerce,Moyen-Orient
TP003842,CUST00991,2026-05-13,Appel conseiller de vente,Moyen-Orient
TP003843,CUST00992,2025-10-05,Rendez-vous boutique,USA
TP003844,CUST00992,2025-10-07,Événement VIC,USA
TP003845,CUST00992,2025-10-25,Visite site e-commerce,USA
TP003846,CUST00992,2026-02-22,Ouverture newsletter,USA
TP003847,CUST00993,2026-02-02,Événement VIC,France (siège)
TP003848,CUST00994,2025-08-22,Ouverture newsletter,Chine
TP003849,CUST00994,2026-02-01,Rendez-vous boutique,Chine
TP003850,CUST00994,2026-01-28,Événement VIC,Chine
TP003851,CUST00994,2026-02-04,Ouverture newsletter,Chine
TP003852,CUST00994,2026-07-09,Événement VIC,Chine
TP003853,CUST00995,2025-01-04,Ouverture newsletter,Chine
TP003854,CUST00995,2024-12-30,Visite site e-commerce,Chine
TP003855,CUST00995,2025-04-17,Événement VIC,Chine
TP003856,CUST00995,2025-04-22,Ouverture newsletter,Chine
TP003857,CUST00995,2025-10-15,Événement VIC,Chine
TP003858,CUST00995,2025-10-12,Rendez-vous boutique,Chine
TP003859,CUST00995,2026-03-24,Appel conseiller de vente,Chine
TP003860,CUST00995,2026-03-29,Visite site e-commerce,Chine
TP003861,CUST00995,2026-03-27,Appel conseiller de vente,Chine
TP003862,CUST00996,2026-02-03,Appel conseiller de vente,France (siège)
TP003863,CUST00996,2026-02-17,Ouverture newsletter,France (siège)
TP003864,CUST00996,2026-07-07,Appel conseiller de vente,France (siège)
TP003865,CUST00996,2026-06-17,Visite site e-commerce,France (siège)
TP003866,CUST00998,2025-11-20,Rendez-vous boutique,USA
TP003867,CUST00998,2025-10-31,Ouverture newsletter,USA
TP003868,CUST00998,2025-11-18,Rendez-vous boutique,USA
TP003869,CUST00998,2026-04-19,Ouverture newsletter,USA
TP003870,CUST00998,2026-04-22,Visite site e-commerce,USA
TP003871,CUST00998,2026-04-21,Rendez-vous boutique,USA
TP003872,CUST00999,2025-01-07,Rendez-vous boutique,Chine
TP003873,CUST00999,2025-07-10,Visite site e-commerce,Chine
TP003874,CUST00999,2025-12-24,Visite site e-commerce,Chine
TP003875,CUST00999,2025-12-22,Visite site e-commerce,Chine
TP003876,CUST00999,2025-12-27,Ouverture newsletter,Chine
TP003877,CUST00999,2026-06-30,Rendez-vous boutique,Chine
TP003878,CUST00999,2026-06-21,Visite site e-commerce,Chine
TP003879,CUST00999,2026-07-12,Appel conseiller de vente,Chine
TP003880,CUST01001,2026-07-07,Rendez-vous boutique,France (siège)
TP003881,CUST01002,2025-03-11,Visite site e-commerce,Chine
TP003882,CUST01002,2025-03-21,Événement VIC,Chine
TP003883,CUST01002,2025-09-02,Événement VIC,Chine
TP003884,CUST01002,2025-08-28,Ouverture newsletter,Chine
TP003885,CUST01002,2026-02-16,Visite site e-commerce,Chine
TP003886,CUST01003,2026-04-08,Ouverture newsletter,Chine
TP003887,CUST01003,2026-04-08,Événement VIC,Chine
TP003888,CUST01004,2026-04-10,Visite site e-commerce,USA
TP003889,CUST01004,2026-04-06,Ouverture newsletter,USA
TP003890,CUST01004,2026-04-09,Ouverture newsletter,USA
TP003891,CUST01005,2025-03-23,Ouverture newsletter,France (siège)
TP003892,CUST01005,2025-03-30,Ouverture newsletter,France (siège)
TP003893,CUST01005,2025-03-28,Appel conseiller de vente,France (siège)
TP003894,CUST01005,2025-08-31,Appel conseiller de vente,France (siège)
TP003895,CUST01005,2025-09-04,Événement VIC,France (siège)
TP003896,CUST01005,2025-09-01,Rendez-vous boutique,France (siège)
TP003897,CUST01005,2026-02-20,Appel conseiller de vente,France (siège)
TP003898,CUST01005,2026-02-03,Visite site e-commerce,France (siège)
TP003899,CUST01006,2025-11-29,Événement VIC,Chine
TP003900,CUST01006,2025-12-04,Visite site e-commerce,Chine
TP003901,CUST01006,2026-06-13,Rendez-vous boutique,Chine
TP003902,CUST01006,2026-06-16,Visite site e-commerce,Chine
TP003903,CUST01006,2026-06-27,Visite site e-commerce,Chine
TP003904,CUST01007,2025-12-02,Événement VIC,France (siège)
TP003905,CUST01007,2026-04-13,Appel conseiller de vente,France (siège)
TP003906,CUST01007,2026-04-22,Événement VIC,France (siège)
TP003907,CUST01008,2025-12-09,Événement VIC,Moyen-Orient
TP003908,CUST01008,2026-05-14,Événement VIC,Moyen-Orient
TP003909,CUST01008,2026-05-07,Événement VIC,Moyen-Orient
TP003910,CUST01009,2026-01-19,Appel conseiller de vente,France (siège)
TP003911,CUST01009,2026-06-06,Appel conseiller de vente,France (siège)
TP003912,CUST01009,2026-06-24,Rendez-vous boutique,France (siège)
TP003913,CUST01010,2026-03-21,Ouverture newsletter,USA
TP003914,CUST01010,2026-03-12,Événement VIC,USA
TP003915,CUST01010,2026-04-01,Ouverture newsletter,USA
TP003916,CUST01011,2025-09-19,Ouverture newsletter,USA
TP003917,CUST01011,2026-02-09,Événement VIC,USA
TP003918,CUST01011,2026-02-21,Appel conseiller de vente,USA
TP003919,CUST01012,2025-05-19,Ouverture newsletter,Chine
TP003920,CUST01012,2025-05-03,Visite site e-commerce,Chine
TP003921,CUST01012,2025-11-13,Appel conseiller de vente,Chine
TP003922,CUST01012,2026-04-24,Appel conseiller de vente,Chine
TP003923,CUST01013,2026-03-21,Appel conseiller de vente,USA
TP003924,CUST01014,2025-05-17,Événement VIC,Japon
TP003925,CUST01014,2025-09-12,Appel conseiller de vente,Japon
TP003926,CUST01014,2025-09-06,Appel conseiller de vente,Japon
TP003927,CUST01014,2025-09-15,Appel conseiller de vente,Japon
TP003928,CUST01014,2026-02-20,Visite site e-commerce,Japon
TP003929,CUST01014,2026-02-12,Événement VIC,Japon
TP003930,CUST01014,2026-06-26,Visite site e-commerce,Japon
TP003931,CUST01015,2026-07-10,Appel conseiller de vente,USA
TP003932,CUST01015,2026-07-05,Ouverture newsletter,USA
TP003933,CUST01016,2026-05-01,Rendez-vous boutique,USA
TP003934,CUST01016,2026-04-26,Ouverture newsletter,USA
TP003935,CUST01016,2026-05-08,Visite site e-commerce,USA
TP003936,CUST01018,2026-03-12,Visite site e-commerce,Chine
TP003937,CUST01018,2026-03-24,Appel conseiller de vente,Chine
TP003938,CUST01018,2026-07-25,Visite site e-commerce,Chine
TP003939,CUST01019,2026-03-23,Ouverture newsletter,Moyen-Orient
TP003940,CUST01019,2026-03-26,Ouverture newsletter,Moyen-Orient
TP003941,CUST01019,2026-03-13,Visite site e-commerce,Moyen-Orient
TP003942,CUST01020,2025-12-20,Appel conseiller de vente,USA
TP003943,CUST01020,2025-11-29,Ouverture newsletter,USA
TP003944,CUST01020,2026-05-15,Visite site e-commerce,USA
TP003945,CUST01020,2026-05-30,Événement VIC,USA
TP003946,CUST01021,2025-10-03,Ouverture newsletter,Chine
TP003947,CUST01021,2025-09-24,Ouverture newsletter,Chine
TP003948,CUST01021,2025-09-21,Ouverture newsletter,Chine
TP003949,CUST01021,2026-03-08,Événement VIC,Chine
TP003950,CUST01021,2026-03-04,Appel conseiller de vente,Chine
TP003951,CUST01021,2026-02-26,Appel conseiller de vente,Chine
TP003952,CUST01022,2025-10-16,Appel conseiller de vente,France (siège)
TP003953,CUST01022,2026-02-24,Rendez-vous boutique,France (siège)
TP003954,CUST01022,2026-03-14,Rendez-vous boutique,France (siège)
TP003955,CUST01022,2026-07-20,Appel conseiller de vente,France (siège)
TP003956,CUST01022,2026-07-17,Événement VIC,France (siège)
TP003957,CUST01023,2026-05-30,Rendez-vous boutique,USA
TP003958,CUST01024,2025-12-14,Ouverture newsletter,France (siège)
TP003959,CUST01024,2026-04-17,Rendez-vous boutique,France (siège)
TP003960,CUST01024,2026-04-19,Événement VIC,France (siège)
TP003961,CUST01025,2025-12-15,Visite site e-commerce,USA
TP003962,CUST01025,2025-12-19,Ouverture newsletter,USA
TP003963,CUST01025,2026-06-12,Visite site e-commerce,USA
TP003964,CUST01026,2025-06-07,Rendez-vous boutique,France (siège)
TP003965,CUST01026,2025-06-14,Visite site e-commerce,France (siège)
TP003966,CUST01026,2025-12-17,Visite site e-commerce,France (siège)
TP003967,CUST01026,2025-12-08,Appel conseiller de vente,France (siège)
TP003968,CUST01026,2025-12-17,Ouverture newsletter,France (siège)
TP003969,CUST01026,2026-06-05,Visite site e-commerce,France (siège)
TP003970,CUST01026,2026-06-13,Événement VIC,France (siège)
TP003971,CUST01026,2026-06-05,Ouverture newsletter,France (siège)
TP003972,CUST01027,2025-02-16,Visite site e-commerce,USA
TP003973,CUST01027,2025-03-03,Rendez-vous boutique,USA
TP003974,CUST01027,2025-06-20,Rendez-vous boutique,USA
TP003975,CUST01027,2025-06-30,Ouverture newsletter,USA
TP003976,CUST01027,2025-10-03,Rendez-vous boutique,USA
TP003977,CUST01027,2026-02-09,Ouverture newsletter,USA
TP003978,CUST01027,2026-02-11,Événement VIC,USA
TP003979,CUST01027,2026-06-09,Appel conseiller de vente,USA
TP003980,CUST01027,2026-06-03,Événement VIC,USA
TP003981,CUST01028,2025-07-10,Appel conseiller de vente,Chine
TP003982,CUST01028,2026-01-08,Appel conseiller de vente,Chine
TP003983,CUST01028,2025-12-25,Rendez-vous boutique,Chine
TP003984,CUST01028,2026-01-10,Rendez-vous boutique,Chine
TP003985,CUST01028,2026-07-02,Événement VIC,Chine
TP003986,CUST01028,2026-06-24,Ouverture newsletter,Chine
TP003987,CUST01030,2025-08-04,Rendez-vous boutique,Chine
TP003988,CUST01030,2026-01-24,Rendez-vous boutique,Chine
TP003989,CUST01030,2026-05-12,Événement VIC,Chine
TP003990,CUST01030,2026-05-07,Appel conseiller de vente,Chine
TP003991,CUST01031,2026-06-01,Ouverture newsletter,Chine
TP003992,CUST01031,2026-06-01,Ouverture newsletter,Chine
TP003993,CUST01032,2026-02-24,Appel conseiller de vente,USA
TP003994,CUST01032,2026-02-10,Appel conseiller de vente,USA
TP003995,CUST01033,2025-10-10,Rendez-vous boutique,USA
TP003996,CUST01033,2025-10-14,Rendez-vous boutique,USA
TP003997,CUST01033,2026-03-09,Appel conseiller de vente,USA
TP003998,CUST01033,2026-03-09,Appel conseiller de vente,USA
TP003999,CUST01033,2026-03-17,Visite site e-commerce,USA
TP004000,CUST01034,2025-05-10,Événement VIC,USA
TP004001,CUST01034,2025-05-16,Ouverture newsletter,USA
TP004002,CUST01034,2025-05-21,Rendez-vous boutique,USA
TP004003,CUST01035,2025-03-04,Visite site e-commerce,Japon
TP004004,CUST01035,2025-02-28,Appel conseiller de vente,Japon
TP004005,CUST01035,2025-08-12,Événement VIC,Japon
TP004006,CUST01035,2026-02-19,Rendez-vous boutique,Japon
TP004007,CUST01035,2026-02-02,Rendez-vous boutique,Japon
TP004008,CUST01035,2026-02-16,Ouverture newsletter,Japon
TP004009,CUST01035,2026-07-26,Visite site e-commerce,Japon
TP004010,CUST01035,2026-07-30,Événement VIC,Japon
TP004011,CUST01036,2025-08-30,Ouverture newsletter,USA
TP004012,CUST01036,2025-08-19,Rendez-vous boutique,USA
TP004013,CUST01036,2025-08-30,Ouverture newsletter,USA
TP004014,CUST01036,2026-01-01,Rendez-vous boutique,USA
TP004015,CUST01036,2025-12-25,Événement VIC,USA
TP004016,CUST01036,2026-05-21,Visite site e-commerce,USA
TP004017,CUST01036,2026-05-31,Rendez-vous boutique,USA
TP004018,CUST01037,2026-04-26,Appel conseiller de vente,Moyen-Orient
TP004019,CUST01037,2026-04-12,Rendez-vous boutique,Moyen-Orient
TP004020,CUST01038,2026-02-16,Visite site e-commerce,France (siège)
TP004021,CUST01039,2025-06-23,Rendez-vous boutique,Moyen-Orient
TP004022,CUST01039,2025-06-30,Événement VIC,Moyen-Orient
TP004023,CUST01039,2025-06-20,Visite site e-commerce,Moyen-Orient
TP004024,CUST01039,2025-12-07,Rendez-vous boutique,Moyen-Orient
TP004025,CUST01039,2026-04-19,Visite site e-commerce,Moyen-Orient
TP004026,CUST01040,2025-12-26,Ouverture newsletter,Moyen-Orient
TP004027,CUST01040,2025-12-27,Rendez-vous boutique,Moyen-Orient
TP004028,CUST01040,2026-05-11,Appel conseiller de vente,Moyen-Orient
TP004029,CUST01041,2025-10-14,Visite site e-commerce,France (siège)
TP004030,CUST01041,2026-05-01,Appel conseiller de vente,France (siège)
TP004031,CUST01042,2025-04-09,Ouverture newsletter,Japon
TP004032,CUST01042,2025-04-08,Appel conseiller de vente,Japon
TP004033,CUST01042,2025-04-11,Événement VIC,Japon
TP004034,CUST01042,2025-08-29,Visite site e-commerce,Japon
TP004035,CUST01042,2025-09-05,Ouverture newsletter,Japon
TP004036,CUST01042,2026-02-14,Rendez-vous boutique,Japon
TP004037,CUST01042,2026-02-19,Visite site e-commerce,Japon
TP004038,CUST01043,2026-05-03,Rendez-vous boutique,USA
TP004039,CUST01043,2026-04-17,Ouverture newsletter,USA
TP004040,CUST01044,2024-12-03,Rendez-vous boutique,Japon
TP004041,CUST01044,2025-04-15,Rendez-vous boutique,Japon
TP004042,CUST01044,2025-08-21,Ouverture newsletter,Japon
TP004043,CUST01044,2025-11-07,Visite site e-commerce,Japon
TP004044,CUST01044,2026-03-17,Appel conseiller de vente,Japon
TP004045,CUST01044,2026-03-17,Ouverture newsletter,Japon
TP004046,CUST01044,2026-07-15,Appel conseiller de vente,Japon
TP004047,CUST01044,2026-07-07,Ouverture newsletter,Japon
TP004048,CUST01045,2026-05-18,Événement VIC,Moyen-Orient
TP004049,CUST01046,2026-01-02,Visite site e-commerce,Chine
TP004050,CUST01046,2025-12-25,Événement VIC,Chine
TP004051,CUST01046,2025-12-29,Rendez-vous boutique,Chine
TP004052,CUST01047,2025-07-13,Rendez-vous boutique,USA
TP004053,CUST01047,2025-07-15,Appel conseiller de vente,USA
TP004054,CUST01047,2025-07-09,Rendez-vous boutique,USA
TP004055,CUST01047,2025-12-09,Événement VIC,USA
TP004056,CUST01047,2026-05-18,Ouverture newsletter,USA
TP004057,CUST01047,2026-05-18,Visite site e-commerce,USA
TP004058,CUST01047,2026-05-27,Événement VIC,USA
TP004059,CUST01048,2026-05-12,Ouverture newsletter,Moyen-Orient
TP004060,CUST01049,2025-11-19,Visite site e-commerce,USA
TP004061,CUST01049,2025-12-04,Appel conseiller de vente,USA
TP004062,CUST01049,2025-11-16,Rendez-vous boutique,USA
TP004063,CUST01049,2026-04-17,Événement VIC,USA
TP004064,CUST01049,2026-05-07,Ouverture newsletter,USA
TP004065,CUST01050,2026-05-24,Rendez-vous boutique,Chine
TP004066,CUST01051,2025-06-23,Rendez-vous boutique,Japon
TP004067,CUST01051,2026-01-05,Événement VIC,Japon
TP004068,CUST01051,2025-12-31,Rendez-vous boutique,Japon
TP004069,CUST01051,2025-12-30,Événement VIC,Japon
TP004070,CUST01051,2026-06-28,Visite site e-commerce,Japon
TP004071,CUST01052,2026-03-16,Rendez-vous boutique,Chine
TP004072,CUST01052,2026-03-15,Appel conseiller de vente,Chine
TP004073,CUST01052,2026-03-17,Rendez-vous boutique,Chine
TP004074,CUST01052,2026-07-20,Ouverture newsletter,Chine
TP004075,CUST01052,2026-07-07,Événement VIC,Chine
TP004076,CUST01052,2026-07-18,Visite site e-commerce,Chine
TP004077,CUST01054,2026-03-10,Ouverture newsletter,France (siège)
TP004078,CUST01055,2025-12-08,Ouverture newsletter,France (siège)
TP004079,CUST01055,2025-11-25,Appel conseiller de vente,France (siège)
TP004080,CUST01055,2026-06-13,Ouverture newsletter,France (siège)
TP004081,CUST01056,2025-09-08,Événement VIC,Moyen-Orient
TP004082,CUST01056,2026-02-18,Ouverture newsletter,Moyen-Orient
TP004083,CUST01056,2026-02-23,Appel conseiller de vente,Moyen-Orient
TP004084,CUST01057,2026-03-29,Rendez-vous boutique,Moyen-Orient
TP004085,CUST01058,2025-07-22,Ouverture newsletter,Japon
TP004086,CUST01058,2025-11-01,Appel conseiller de vente,Japon
TP004087,CUST01058,2025-10-22,Visite site e-commerce,Japon
TP004088,CUST01058,2026-02-05,Ouverture newsletter,Japon
TP004089,CUST01058,2026-06-02,Visite site e-commerce,Japon
TP004090,CUST01058,2026-05-25,Appel conseiller de vente,Japon
TP004091,CUST01058,2026-05-13,Ouverture newsletter,Japon
TP004092,CUST01059,2026-06-22,Appel conseiller de vente,Japon
TP004093,CUST01059,2026-06-22,Rendez-vous boutique,Japon
TP004094,CUST01060,2025-06-14,Appel conseiller de vente,France (siège)
TP004095,CUST01060,2025-11-21,Appel conseiller de vente,France (siège)
TP004096,CUST01060,2026-05-22,Rendez-vous boutique,France (siège)
TP004097,CUST01061,2025-09-03,Rendez-vous boutique,Japon
TP004098,CUST01061,2025-08-30,Ouverture newsletter,Japon
TP004099,CUST01061,2026-01-31,Rendez-vous boutique,Japon
TP004100,CUST01061,2026-01-24,Événement VIC,Japon
TP004101,CUST01061,2026-07-06,Rendez-vous boutique,Japon
TP004102,CUST01061,2026-07-10,Événement VIC,Japon
TP004103,CUST01061,2026-07-26,Appel conseiller de vente,Japon
TP004104,CUST01062,2025-10-17,Événement VIC,Japon
TP004105,CUST01062,2025-10-27,Ouverture newsletter,Japon
TP004106,CUST01062,2025-10-24,Visite site e-commerce,Japon
TP004107,CUST01062,2026-03-08,Événement VIC,Japon
TP004108,CUST01064,2025-02-18,Rendez-vous boutique,Chine
TP004109,CUST01064,2025-02-27,Ouverture newsletter,Chine
TP004110,CUST01064,2025-02-11,Appel conseiller de vente,Chine
TP004111,CUST01064,2025-07-28,Appel conseiller de vente,Chine
TP004112,CUST01064,2025-12-30,Visite site e-commerce,Chine
TP004113,CUST01064,2026-01-04,Appel conseiller de vente,Chine
TP004114,CUST01064,2026-01-01,Rendez-vous boutique,Chine
TP004115,CUST01064,2026-05-24,Appel conseiller de vente,Chine
TP004116,CUST01064,2026-05-23,Visite site e-commerce,Chine
TP004117,CUST01064,2026-06-13,Visite site e-commerce,Chine
TP004118,CUST01065,2026-06-17,Ouverture newsletter,Chine
TP004119,CUST01065,2026-07-05,Appel conseiller de vente,Chine
TP004120,CUST01065,2026-06-27,Appel conseiller de vente,Chine
TP004121,CUST01066,2025-03-14,Appel conseiller de vente,Japon
TP004122,CUST01066,2025-03-22,Ouverture newsletter,Japon
TP004123,CUST01066,2025-03-16,Appel conseiller de vente,Japon
TP004124,CUST01066,2025-09-10,Appel conseiller de vente,Japon
TP004125,CUST01066,2025-09-13,Événement VIC,Japon
TP004126,CUST01066,2026-03-13,Visite site e-commerce,Japon
TP004127,CUST01066,2026-03-28,Événement VIC,Japon
TP004128,CUST01066,2026-03-28,Appel conseiller de vente,Japon
TP004129,CUST01067,2025-12-13,Événement VIC,Japon
TP004130,CUST01067,2025-12-31,Événement VIC,Japon
TP004131,CUST01067,2026-04-19,Rendez-vous boutique,Japon
TP004132,CUST01067,2026-04-01,Rendez-vous boutique,Japon
TP004133,CUST01068,2026-02-14,Visite site e-commerce,USA
TP004134,CUST01068,2026-02-07,Ouverture newsletter,USA
TP004135,CUST01069,2025-12-25,Appel conseiller de vente,USA
TP004136,CUST01069,2026-06-10,Rendez-vous boutique,USA
TP004137,CUST01070,2025-06-04,Événement VIC,France (siège)
TP004138,CUST01070,2025-11-26,Rendez-vous boutique,France (siège)
TP004139,CUST01070,2025-11-21,Rendez-vous boutique,France (siège)
TP004140,CUST01070,2026-06-08,Rendez-vous boutique,France (siège)
TP004141,CUST01070,2026-06-07,Visite site e-commerce,France (siège)
TP004142,CUST01070,2026-06-22,Rendez-vous boutique,France (siège)
TP004143,CUST01071,2025-07-28,Appel conseiller de vente,France (siège)
TP004144,CUST01071,2026-01-16,Événement VIC,France (siège)
TP004145,CUST01072,2026-04-15,Visite site e-commerce,France (siège)
TP004146,CUST01072,2026-04-23,Événement VIC,France (siège)
TP004147,CUST01073,2025-06-17,Visite site e-commerce,USA
TP004148,CUST01073,2025-11-11,Visite site e-commerce,USA
TP004149,CUST01073,2026-04-25,Rendez-vous boutique,USA
TP004150,CUST01073,2026-04-08,Appel conseiller de vente,USA
TP004151,CUST01074,2025-04-01,Rendez-vous boutique,Chine
TP004152,CUST01074,2025-09-29,Rendez-vous boutique,Chine
TP004153,CUST01074,2026-03-08,Visite site e-commerce,Chine
TP004154,CUST01075,2025-12-08,Rendez-vous boutique,Moyen-Orient
TP004155,CUST01075,2025-12-23,Visite site e-commerce,Moyen-Orient
TP004156,CUST01075,2025-12-14,Visite site e-commerce,Moyen-Orient
TP004157,CUST01075,2026-05-02,Visite site e-commerce,Moyen-Orient
TP004158,CUST01076,2025-02-26,Appel conseiller de vente,France (siège)
TP004159,CUST01076,2025-02-25,Rendez-vous boutique,France (siège)
TP004160,CUST01076,2025-08-12,Visite site e-commerce,France (siège)
TP004161,CUST01076,2025-08-05,Visite site e-commerce,France (siège)
TP004162,CUST01076,2025-08-19,Appel conseiller de vente,France (siège)
TP004163,CUST01076,2025-12-11,Ouverture newsletter,France (siège)
TP004164,CUST01076,2026-07-08,Appel conseiller de vente,France (siège)
TP004165,CUST01076,2026-07-07,Visite site e-commerce,France (siège)
TP004166,CUST01077,2026-06-09,Appel conseiller de vente,Moyen-Orient
TP004167,CUST01077,2026-05-26,Appel conseiller de vente,Moyen-Orient
TP004168,CUST01078,2025-10-05,Visite site e-commerce,France (siège)
TP004169,CUST01078,2025-09-27,Visite site e-commerce,France (siège)
TP004170,CUST01078,2025-10-12,Événement VIC,France (siège)
TP004171,CUST01078,2026-04-10,Événement VIC,France (siège)
TP004172,CUST01079,2025-06-22,Événement VIC,Chine
TP004173,CUST01079,2025-06-27,Visite site e-commerce,Chine
TP004174,CUST01079,2025-11-11,Appel conseiller de vente,Chine
TP004175,CUST01079,2025-11-25,Rendez-vous boutique,Chine
TP004176,CUST01079,2026-05-16,Événement VIC,Chine
TP004177,CUST01079,2026-05-17,Ouverture newsletter,Chine
TP004178,CUST01079,2026-05-21,Événement VIC,Chine
TP004179,CUST01080,2026-02-01,Ouverture newsletter,Moyen-Orient
TP004180,CUST01080,2026-07-29,Appel conseiller de vente,Moyen-Orient
TP004181,CUST01082,2025-03-02,Visite site e-commerce,Chine
TP004182,CUST01082,2025-06-19,Visite site e-commerce,Chine
TP004183,CUST01082,2025-07-05,Rendez-vous boutique,Chine
TP004184,CUST01082,2025-10-17,Ouverture newsletter,Chine
TP004185,CUST01082,2026-03-07,Rendez-vous boutique,Chine
TP004186,CUST01082,2026-07-16,Visite site e-commerce,Chine
TP004187,CUST01082,2026-07-22,Événement VIC,Chine
TP004188,CUST01082,2026-07-11,Visite site e-commerce,Chine
TP004189,CUST01084,2025-12-26,Événement VIC,USA
TP004190,CUST01084,2026-06-06,Rendez-vous boutique,USA
TP004191,CUST01084,2026-06-14,Appel conseiller de vente,USA
TP004192,CUST01085,2026-06-21,Événement VIC,France (siège)
TP004193,CUST01086,2025-09-09,Ouverture newsletter,Chine
TP004194,CUST01086,2026-01-25,Appel conseiller de vente,Chine
TP004195,CUST01087,2025-06-27,Visite site e-commerce,France (siège)
TP004196,CUST01087,2025-06-30,Visite site e-commerce,France (siège)
TP004197,CUST01087,2025-06-23,Visite site e-commerce,France (siège)
TP004198,CUST01087,2025-11-23,Ouverture newsletter,France (siège)
TP004199,CUST01087,2025-12-06,Appel conseiller de vente,France (siège)
TP004200,CUST01087,2026-05-20,Visite site e-commerce,France (siège)
TP004201,CUST01087,2026-05-27,Événement VIC,France (siège)
TP004202,CUST01087,2026-05-20,Rendez-vous boutique,France (siège)
TP004203,CUST01088,2025-08-25,Appel conseiller de vente,France (siège)
TP004204,CUST01088,2026-01-22,Visite site e-commerce,France (siège)
TP004205,CUST01088,2026-06-25,Rendez-vous boutique,France (siège)
TP004206,CUST01089,2026-06-15,Appel conseiller de vente,Moyen-Orient
TP004207,CUST01089,2026-06-15,Visite site e-commerce,Moyen-Orient
TP004208,CUST01089,2026-06-23,Appel conseiller de vente,Moyen-Orient
TP004209,CUST01090,2025-09-12,Rendez-vous boutique,USA
TP004210,CUST01091,2026-02-21,Événement VIC,France (siège)
TP004211,CUST01092,2026-07-20,Événement VIC,Chine
TP004212,CUST01092,2026-07-15,Événement VIC,Chine
TP004213,CUST01093,2025-07-15,Ouverture newsletter,Japon
TP004214,CUST01093,2025-08-02,Appel conseiller de vente,Japon
TP004215,CUST01093,2025-07-14,Événement VIC,Japon
TP004216,CUST01093,2025-12-03,Appel conseiller de vente,Japon
TP004217,CUST01093,2025-12-15,Événement VIC,Japon
TP004218,CUST01093,2026-04-15,Visite site e-commerce,Japon
TP004219,CUST01093,2026-03-26,Rendez-vous boutique,Japon
TP004220,CUST01093,2026-04-09,Rendez-vous boutique,Japon
TP004221,CUST01093,2026-07-20,Rendez-vous boutique,Japon
TP004222,CUST01093,2026-07-15,Ouverture newsletter,Japon
TP004223,CUST01093,2026-06-30,Visite site e-commerce,Japon
TP004224,CUST01094,2026-03-15,Ouverture newsletter,France (siège)
TP004225,CUST01094,2026-03-13,Rendez-vous boutique,France (siège)
TP004226,CUST01094,2026-07-08,Événement VIC,France (siège)
TP004227,CUST01094,2026-07-07,Événement VIC,France (siège)
TP004228,CUST01094,2026-07-15,Rendez-vous boutique,France (siège)
TP004229,CUST01095,2026-04-05,Rendez-vous boutique,Japon
TP004230,CUST01095,2026-03-29,Appel conseiller de vente,Japon
TP004231,CUST01095,2026-03-28,Ouverture newsletter,Japon
TP004232,CUST01096,2025-06-13,Événement VIC,USA
TP004233,CUST01096,2025-06-08,Rendez-vous boutique,USA
TP004234,CUST01096,2025-10-17,Ouverture newsletter,USA
TP004235,CUST01097,2026-04-17,Événement VIC,France (siège)
TP004236,CUST01097,2026-04-01,Visite site e-commerce,France (siège)
TP004237,CUST01098,2025-12-27,Ouverture newsletter,Moyen-Orient
TP004238,CUST01098,2025-12-22,Appel conseiller de vente,Moyen-Orient
TP004239,CUST01098,2026-01-09,Rendez-vous boutique,Moyen-Orient
TP004240,CUST01098,2026-05-08,Visite site e-commerce,Moyen-Orient
TP004241,CUST01098,2026-05-17,Appel conseiller de vente,Moyen-Orient
TP004242,CUST01099,2025-07-28,Visite site e-commerce,France (siège)
TP004243,CUST01099,2025-08-07,Événement VIC,France (siège)
TP004244,CUST01099,2025-08-13,Ouverture newsletter,France (siège)
TP004245,CUST01099,2025-12-28,Appel conseiller de vente,France (siège)
TP004246,CUST01099,2025-12-29,Visite site e-commerce,France (siège)
TP004247,CUST01099,2026-03-05,Visite site e-commerce,France (siège)
TP004248,CUST01100,2026-04-10,Ouverture newsletter,France (siège)
TP004249,CUST01100,2026-04-13,Rendez-vous boutique,France (siège)
TP004250,CUST01101,2026-06-07,Rendez-vous boutique,Chine
TP004251,CUST01101,2026-06-02,Visite site e-commerce,Chine
TP004252,CUST01101,2026-06-07,Événement VIC,Chine
TP004253,CUST01102,2026-06-28,Appel conseiller de vente,Chine
TP004254,CUST01102,2026-06-21,Rendez-vous boutique,Chine
TP004255,CUST01103,2026-03-13,Appel conseiller de vente,France (siège)
TP004256,CUST01103,2026-02-27,Ouverture newsletter,France (siège)
TP004257,CUST01105,2025-03-15,Visite site e-commerce,Japon
TP004258,CUST01105,2025-03-07,Ouverture newsletter,Japon
TP004259,CUST01105,2025-08-22,Appel conseiller de vente,Japon
TP004260,CUST01105,2025-08-26,Ouverture newsletter,Japon
TP004261,CUST01105,2026-02-17,Appel conseiller de vente,Japon
TP004262,CUST01106,2026-04-27,Visite site e-commerce,France (siège)
TP004263,CUST01107,2025-08-29,Événement VIC,Moyen-Orient
TP004264,CUST01107,2025-08-16,Événement VIC,Moyen-Orient
TP004265,CUST01107,2025-08-10,Rendez-vous boutique,Moyen-Orient
TP004266,CUST01107,2026-01-15,Appel conseiller de vente,Moyen-Orient
TP004267,CUST01108,2025-01-05,Événement VIC,Chine
TP004268,CUST01108,2025-05-06,Visite site e-commerce,Chine
TP004269,CUST01108,2025-05-24,Visite site e-commerce,Chine
TP004270,CUST01108,2025-05-04,Ouverture newsletter,Chine
TP004271,CUST01108,2025-10-03,Événement VIC,Chine
TP004272,CUST01108,2026-02-13,Appel conseiller de vente,Chine
TP004273,CUST01108,2026-02-05,Appel conseiller de vente,Chine
TP004274,CUST01108,2026-02-04,Ouverture newsletter,Chine
TP004275,CUST01108,2026-05-31,Appel conseiller de vente,Chine
TP004276,CUST01110,2025-07-24,Appel conseiller de vente,France (siège)
TP004277,CUST01111,2025-03-15,Rendez-vous boutique,France (siège)
TP004278,CUST01112,2026-06-22,Événement VIC,Japon
TP004279,CUST01113,2025-05-09,Rendez-vous boutique,France (siège)
TP004280,CUST01113,2025-05-02,Ouverture newsletter,France (siège)
TP004281,CUST01113,2025-10-18,Visite site e-commerce,France (siège)
TP004282,CUST01113,2026-03-24,Ouverture newsletter,France (siège)
TP004283,CUST01114,2026-07-18,Appel conseiller de vente,USA
TP004284,CUST01116,2025-09-03,Visite site e-commerce,Chine
TP004285,CUST01116,2025-08-25,Visite site e-commerce,Chine
TP004286,CUST01116,2026-01-22,Ouverture newsletter,Chine
TP004287,CUST01118,2026-02-25,Événement VIC,Chine
TP004288,CUST01118,2026-02-13,Ouverture newsletter,Chine
TP004289,CUST01118,2026-02-21,Ouverture newsletter,Chine
TP004290,CUST01119,2026-02-26,Visite site e-commerce,Japon
TP004291,CUST01119,2026-02-20,Appel conseiller de vente,Japon
TP004292,CUST01119,2026-03-02,Rendez-vous boutique,Japon
TP004293,CUST01120,2026-04-06,Rendez-vous boutique,USA
TP004294,CUST01120,2026-03-21,Appel conseiller de vente,USA
TP004295,CUST01120,2026-04-03,Événement VIC,USA
TP004296,CUST01121,2026-03-11,Rendez-vous boutique,Moyen-Orient
TP004297,CUST01122,2026-01-23,Événement VIC,USA
TP004298,CUST01122,2026-01-24,Ouverture newsletter,USA
TP004299,CUST01122,2026-01-30,Événement VIC,USA
TP004300,CUST01122,2026-06-27,Événement VIC,USA
TP004301,CUST01123,2025-12-18,Visite site e-commerce,Chine
TP004302,CUST01123,2025-12-23,Ouverture newsletter,Chine
TP004303,CUST01123,2026-06-20,Appel conseiller de vente,Chine
TP004304,CUST01123,2026-06-02,Rendez-vous boutique,Chine
TP004305,CUST01123,2026-06-12,Visite site e-commerce,Chine
TP004306,CUST01124,2026-07-11,Appel conseiller de vente,Moyen-Orient
TP004307,CUST01125,2026-01-22,Rendez-vous boutique,Chine
TP004308,CUST01125,2026-01-27,Événement VIC,Chine
TP004309,CUST01125,2026-07-07,Ouverture newsletter,Chine
TP004310,CUST01126,2026-02-10,Visite site e-commerce,Chine
TP004311,CUST01126,2026-07-21,Rendez-vous boutique,Chine
TP004312,CUST01126,2026-07-23,Appel conseiller de vente,Chine
TP004313,CUST01127,2025-11-11,Événement VIC,USA
TP004314,CUST01127,2025-11-02,Appel conseiller de vente,USA
TP004315,CUST01127,2025-11-05,Visite site e-commerce,USA
TP004316,CUST01128,2025-05-27,Appel conseiller de vente,France (siège)
TP004317,CUST01128,2025-10-31,Appel conseiller de vente,France (siège)
TP004318,CUST01128,2025-10-17,Rendez-vous boutique,France (siège)
TP004319,CUST01129,2025-11-02,Visite site e-commerce,Japon
TP004320,CUST01129,2025-11-02,Rendez-vous boutique,Japon
TP004321,CUST01129,2026-03-08,Visite site e-commerce,Japon
TP004322,CUST01130,2025-08-12,Rendez-vous boutique,France (siège)
TP004323,CUST01130,2026-01-01,Rendez-vous boutique,France (siège)
TP004324,CUST01132,2025-07-10,Événement VIC,Moyen-Orient
TP004325,CUST01132,2025-07-06,Rendez-vous boutique,Moyen-Orient
TP004326,CUST01132,2026-02-05,Ouverture newsletter,Moyen-Orient
TP004327,CUST01132,2026-01-21,Visite site e-commerce,Moyen-Orient
TP004328,CUST01133,2026-05-10,Visite site e-commerce,Chine
TP004329,CUST01133,2026-05-10,Événement VIC,Chine
TP004330,CUST01134,2025-10-10,Visite site e-commerce,Moyen-Orient
TP004331,CUST01134,2025-10-13,Ouverture newsletter,Moyen-Orient
TP004332,CUST01134,2026-03-10,Rendez-vous boutique,Moyen-Orient
TP004333,CUST01134,2026-03-24,Événement VIC,Moyen-Orient
TP004334,CUST01134,2026-03-29,Événement VIC,Moyen-Orient
TP004335,CUST01134,2026-07-20,Visite site e-commerce,Moyen-Orient
TP004336,CUST01134,2026-07-15,Visite site e-commerce,Moyen-Orient
TP004337,CUST01135,2025-07-21,Événement VIC,Chine
TP004338,CUST01135,2025-07-10,Événement VIC,Chine
TP004339,CUST01135,2026-02-10,Ouverture newsletter,Chine
TP004340,CUST01135,2026-02-20,Événement VIC,Chine
TP004341,CUST01136,2025-11-04,Appel conseiller de vente,USA
TP004342,CUST01137,2025-03-13,Visite site e-commerce,Moyen-Orient
TP004343,CUST01137,2025-06-22,Événement VIC,Moyen-Orient
TP004344,CUST01137,2025-12-23,Appel conseiller de vente,Moyen-Orient
TP004345,CUST01137,2025-12-20,Ouverture newsletter,Moyen-Orient
TP004346,CUST01137,2026-04-10,Événement VIC,Moyen-Orient
TP004347,CUST01137,2026-03-28,Appel conseiller de vente,Moyen-Orient
TP004348,CUST01138,2026-07-05,Appel conseiller de vente,Chine
TP004349,CUST01138,2026-07-11,Ouverture newsletter,Chine
TP004350,CUST01138,2026-07-15,Appel conseiller de vente,Chine
TP004351,CUST01139,2025-10-24,Événement VIC,USA
TP004352,CUST01139,2026-02-11,Appel conseiller de vente,USA
TP004353,CUST01139,2026-02-11,Événement VIC,USA
TP004354,CUST01140,2025-10-24,Rendez-vous boutique,France (siège)
TP004355,CUST01140,2025-10-01,Appel conseiller de vente,France (siège)
TP004356,CUST01140,2025-10-08,Appel conseiller de vente,France (siège)
TP004357,CUST01140,2026-04-23,Rendez-vous boutique,France (siège)
TP004358,CUST01140,2026-04-11,Appel conseiller de vente,France (siège)
TP004359,CUST01140,2026-04-04,Visite site e-commerce,France (siège)
TP004360,CUST01141,2025-04-19,Appel conseiller de vente,USA
TP004361,CUST01142,2025-03-25,Événement VIC,Chine
TP004362,CUST01142,2025-04-05,Visite site e-commerce,Chine
TP004363,CUST01142,2025-03-18,Événement VIC,Chine
TP004364,CUST01142,2025-10-20,Événement VIC,Chine
TP004365,CUST01142,2025-10-10,Ouverture newsletter,Chine
TP004366,CUST01142,2025-10-16,Visite site e-commerce,Chine
TP004367,CUST01142,2026-04-19,Rendez-vous boutique,Chine
TP004368,CUST01143,2025-12-19,Rendez-vous boutique,Chine
TP004369,CUST01143,2026-05-19,Appel conseiller de vente,Chine
TP004370,CUST01144,2025-06-07,Appel conseiller de vente,USA
TP004371,CUST01144,2025-06-12,Appel conseiller de vente,USA
TP004372,CUST01144,2025-06-16,Appel conseiller de vente,USA
TP004373,CUST01145,2026-05-07,Ouverture newsletter,France (siège)
TP004374,CUST01145,2026-04-19,Appel conseiller de vente,France (siège)
TP004375,CUST01146,2026-07-07,Événement VIC,France (siège)
TP004376,CUST01146,2026-07-16,Événement VIC,France (siège)
TP004377,CUST01146,2026-06-24,Ouverture newsletter,France (siège)
TP004378,CUST01147,2025-10-22,Rendez-vous boutique,France (siège)
TP004379,CUST01147,2025-10-30,Ouverture newsletter,France (siège)
TP004380,CUST01147,2026-04-29,Appel conseiller de vente,France (siège)
TP004381,CUST01147,2026-04-16,Ouverture newsletter,France (siège)
TP004382,CUST01148,2025-02-28,Événement VIC,Moyen-Orient
TP004383,CUST01148,2025-02-24,Rendez-vous boutique,Moyen-Orient
TP004384,CUST01148,2025-02-20,Événement VIC,Moyen-Orient
TP004385,CUST01149,2025-03-10,Ouverture newsletter,Chine
TP004386,CUST01149,2025-03-10,Événement VIC,Chine
TP004387,CUST01149,2025-03-12,Événement VIC,Chine
TP004388,CUST01149,2025-08-19,Événement VIC,Chine
TP004389,CUST01149,2026-02-20,Événement VIC,Chine
TP004390,CUST01149,2026-02-23,Visite site e-commerce,Chine
TP004391,CUST01149,2026-02-04,Événement VIC,Chine
TP004392,CUST01150,2026-01-12,Visite site e-commerce,Chine
TP004393,CUST01150,2026-01-15,Rendez-vous boutique,Chine
TP004394,CUST01150,2026-01-24,Visite site e-commerce,Chine
TP004395,CUST01150,2026-07-13,Visite site e-commerce,Chine
TP004396,CUST01150,2026-07-12,Appel conseiller de vente,Chine
TP004397,CUST01150,2026-07-05,Appel conseiller de vente,Chine
TP004398,CUST01151,2025-08-01,Visite site e-commerce,France (siège)
TP004399,CUST01151,2025-07-28,Ouverture newsletter,France (siège)
TP004400,CUST01151,2025-08-07,Ouverture newsletter,France (siège)
TP004401,CUST01151,2026-02-10,Événement VIC,France (siège)
TP004402,CUST01151,2026-01-17,Appel conseiller de vente,France (siège)
TP004403,CUST01151,2026-01-17,Événement VIC,France (siège)
TP004404,CUST01151,2026-07-03,Ouverture newsletter,France (siège)
TP004405,CUST01152,2026-01-28,Rendez-vous boutique,USA
TP004406,CUST01152,2026-01-30,Ouverture newsletter,USA
TP004407,CUST01152,2026-01-18,Rendez-vous boutique,USA
TP004408,CUST01153,2025-01-29,Ouverture newsletter,France (siège)
TP004409,CUST01153,2025-02-16,Visite site e-commerce,France (siège)
TP004410,CUST01153,2025-01-28,Visite site e-commerce,France (siège)
TP004411,CUST01154,2025-09-09,Ouverture newsletter,France (siège)
TP004412,CUST01154,2025-11-26,Appel conseiller de vente,France (siège)
TP004413,CUST01154,2026-01-29,Appel conseiller de vente,France (siège)
TP004414,CUST01154,2026-05-29,Ouverture newsletter,France (siège)
TP004415,CUST01154,2026-05-26,Rendez-vous boutique,France (siège)
TP004416,CUST01155,2026-05-03,Événement VIC,Moyen-Orient
TP004417,CUST01155,2026-04-22,Événement VIC,Moyen-Orient
TP004418,CUST01156,2025-03-07,Rendez-vous boutique,USA
TP004419,CUST01156,2025-03-10,Ouverture newsletter,USA
TP004420,CUST01156,2025-03-02,Ouverture newsletter,USA
TP004421,CUST01156,2025-09-04,Appel conseiller de vente,USA
TP004422,CUST01156,2026-02-03,Rendez-vous boutique,USA
TP004423,CUST01156,2026-01-26,Ouverture newsletter,USA
TP004424,CUST01156,2026-01-29,Visite site e-commerce,USA
TP004425,CUST01156,2026-06-20,Ouverture newsletter,USA
TP004426,CUST01157,2025-02-06,Visite site e-commerce,Japon
TP004427,CUST01157,2025-01-31,Rendez-vous boutique,Japon
TP004428,CUST01157,2025-07-12,Visite site e-commerce,Japon
TP004429,CUST01157,2025-06-30,Ouverture newsletter,Japon
TP004430,CUST01157,2025-07-07,Appel conseiller de vente,Japon
TP004431,CUST01157,2025-12-20,Visite site e-commerce,Japon
TP004432,CUST01157,2025-12-08,Événement VIC,Japon
TP004433,CUST01157,2026-05-25,Appel conseiller de vente,Japon
TP004434,CUST01158,2026-02-12,Visite site e-commerce,USA
TP004435,CUST01158,2026-07-30,Rendez-vous boutique,USA
TP004436,CUST01158,2026-07-14,Ouverture newsletter,USA
TP004437,CUST01159,2026-05-15,Événement VIC,Japon
TP004438,CUST01160,2025-06-21,Visite site e-commerce,Chine
TP004439,CUST01160,2025-06-08,Rendez-vous boutique,Chine
TP004440,CUST01160,2025-12-01,Visite site e-commerce,Chine
TP004441,CUST01160,2026-05-07,Ouverture newsletter,Chine
TP004442,CUST01161,2026-03-23,Visite site e-commerce,France (siège)
TP004443,CUST01162,2025-01-31,Appel conseiller de vente,Chine
TP004444,CUST01162,2025-06-19,Visite site e-commerce,Chine
TP004445,CUST01162,2025-11-07,Appel conseiller de vente,Chine
TP004446,CUST01162,2025-10-29,Événement VIC,Chine
TP004447,CUST01162,2025-10-21,Événement VIC,Chine
TP004448,CUST01162,2026-03-13,Ouverture newsletter,Chine
TP004449,CUST01162,2026-03-27,Événement VIC,Chine
TP004450,CUST01162,2026-03-10,Visite site e-commerce,Chine
TP004451,CUST01163,2026-03-14,Événement VIC,France (siège)
TP004452,CUST01163,2026-03-21,Visite site e-commerce,France (siège)
TP004453,CUST01164,2026-01-14,Événement VIC,USA
TP004454,CUST01164,2026-02-04,Rendez-vous boutique,USA
TP004455,CUST01164,2026-01-24,Événement VIC,USA
TP004456,CUST01164,2026-06-16,Ouverture newsletter,USA
TP004457,CUST01167,2025-07-13,Événement VIC,USA
TP004458,CUST01167,2025-07-19,Appel conseiller de vente,USA
TP004459,CUST01167,2025-07-07,Appel conseiller de vente,USA
TP004460,CUST01167,2025-11-08,Ouverture newsletter,USA
TP004461,CUST01167,2026-03-17,Appel conseiller de vente,USA
TP004462,CUST01167,2026-04-03,Événement VIC,USA
TP004463,CUST01168,2026-03-11,Événement VIC,USA
TP004464,CUST01168,2026-02-25,Appel conseiller de vente,USA
TP004465,CUST01169,2026-01-18,Appel conseiller de vente,Chine
TP004466,CUST01169,2026-02-06,Appel conseiller de vente,Chine
TP004467,CUST01170,2026-05-29,Événement VIC,Moyen-Orient
TP004468,CUST01170,2026-05-15,Rendez-vous boutique,Moyen-Orient
TP004469,CUST01170,2026-05-24,Rendez-vous boutique,Moyen-Orient
TP004470,CUST01171,2025-10-18,Rendez-vous boutique,USA
TP004471,CUST01171,2025-10-25,Rendez-vous boutique,USA
TP004472,CUST01171,2025-10-18,Événement VIC,USA
TP004473,CUST01171,2026-03-19,Rendez-vous boutique,USA
TP004474,CUST01171,2026-02-27,Ouverture newsletter,USA
TP004475,CUST01171,2026-07-07,Visite site e-commerce,USA
TP004476,CUST01172,2025-08-31,Ouverture newsletter,France (siège)
TP004477,CUST01172,2025-09-07,Appel conseiller de vente,France (siège)
TP004478,CUST01172,2025-09-03,Rendez-vous boutique,France (siège)
TP004479,CUST01172,2026-02-13,Événement VIC,France (siège)
TP004480,CUST01172,2026-02-13,Rendez-vous boutique,France (siège)
TP004481,CUST01172,2026-02-15,Ouverture newsletter,France (siège)
TP004482,CUST01173,2025-04-05,Ouverture newsletter,USA
TP004483,CUST01173,2025-03-18,Événement VIC,USA
TP004484,CUST01173,2025-04-01,Événement VIC,USA
TP004485,CUST01173,2025-07-25,Appel conseiller de vente,USA
TP004486,CUST01173,2025-07-13,Événement VIC,USA
TP004487,CUST01173,2025-11-27,Visite site e-commerce,USA
TP004488,CUST01173,2025-11-18,Rendez-vous boutique,USA
TP004489,CUST01173,2025-11-22,Ouverture newsletter,USA
TP004490,CUST01173,2026-04-11,Rendez-vous boutique,USA
TP004491,CUST01174,2026-03-19,Ouverture newsletter,France (siège)
TP004492,CUST01174,2026-03-14,Ouverture newsletter,France (siège)
TP004493,CUST01174,2026-03-22,Rendez-vous boutique,France (siège)
TP004494,CUST01175,2025-04-03,Rendez-vous boutique,Japon
TP004495,CUST01175,2025-03-22,Appel conseiller de vente,Japon
TP004496,CUST01175,2025-04-08,Événement VIC,Japon
TP004497,CUST01175,2025-08-05,Appel conseiller de vente,Japon
TP004498,CUST01175,2025-12-23,Visite site e-commerce,Japon
TP004499,CUST01175,2025-12-22,Événement VIC,Japon
TP004500,CUST01175,2026-04-25,Rendez-vous boutique,Japon
TP004501,CUST01175,2026-04-23,Rendez-vous boutique,Japon
TP004502,CUST01176,2026-07-16,Rendez-vous boutique,USA
TP004503,CUST01177,2025-05-21,Rendez-vous boutique,USA
TP004504,CUST01179,2025-11-12,Événement VIC,France (siège)
TP004505,CUST01179,2025-12-02,Rendez-vous boutique,France (siège)
TP004506,CUST01179,2025-12-04,Événement VIC,France (siège)
TP004507,CUST01179,2026-04-18,Rendez-vous boutique,France (siège)
TP004508,CUST01179,2026-04-15,Ouverture newsletter,France (siège)
TP004509,CUST01179,2026-04-04,Événement VIC,France (siège)
TP004510,CUST01180,2025-12-05,Rendez-vous boutique,Japon
TP004511,CUST01180,2025-12-05,Appel conseiller de vente,Japon
TP004512,CUST01180,2025-12-28,Rendez-vous boutique,Japon
TP004513,CUST01180,2026-05-10,Appel conseiller de vente,Japon
TP004514,CUST01180,2026-05-13,Visite site e-commerce,Japon
TP004515,CUST01181,2025-06-07,Ouverture newsletter,USA
TP004516,CUST01181,2025-06-15,Appel conseiller de vente,USA
TP004517,CUST01181,2025-12-26,Ouverture newsletter,USA
TP004518,CUST01181,2025-12-29,Ouverture newsletter,USA
TP004519,CUST01181,2026-06-15,Visite site e-commerce,USA
TP004520,CUST01181,2026-06-25,Visite site e-commerce,USA
TP004521,CUST01181,2026-06-15,Visite site e-commerce,USA
TP004522,CUST01182,2026-04-18,Visite site e-commerce,Japon
TP004523,CUST01183,2026-07-24,Rendez-vous boutique,Chine
TP004524,CUST01184,2025-06-27,Événement VIC,Japon
TP004525,CUST01184,2026-01-19,Rendez-vous boutique,Japon
TP004526,CUST01184,2026-01-04,Appel conseiller de vente,Japon
TP004527,CUST01186,2025-10-09,Rendez-vous boutique,France (siège)
TP004528,CUST01186,2025-10-06,Événement VIC,France (siège)
TP004529,CUST01186,2026-02-15,Événement VIC,France (siège)
TP004530,CUST01186,2026-02-26,Événement VIC,France (siège)
TP004531,CUST01186,2026-07-18,Visite site e-commerce,France (siège)
TP004532,CUST01186,2026-07-26,Ouverture newsletter,France (siège)
TP004533,CUST01187,2025-05-12,Visite site e-commerce,France (siège)
TP004534,CUST01187,2025-05-18,Ouverture newsletter,France (siège)
TP004535,CUST01187,2025-05-04,Événement VIC,France (siège)
TP004536,CUST01187,2025-11-22,Ouverture newsletter,France (siège)
TP004537,CUST01187,2026-04-21,Appel conseiller de vente,France (siège)
TP004538,CUST01187,2026-05-04,Appel conseiller de vente,France (siège)
TP004539,CUST01187,2026-05-03,Visite site e-commerce,France (siège)
TP004540,CUST01188,2025-06-07,Appel conseiller de vente,Moyen-Orient
TP004541,CUST01189,2026-02-19,Événement VIC,Chine
TP004542,CUST01189,2026-02-27,Appel conseiller de vente,Chine
TP004543,CUST01190,2025-10-01,Visite site e-commerce,USA
TP004544,CUST01190,2025-10-03,Appel conseiller de vente,USA
TP004545,CUST01190,2025-09-29,Appel conseiller de vente,USA
TP004546,CUST01190,2026-03-28,Rendez-vous boutique,USA
TP004547,CUST01190,2026-03-06,Visite site e-commerce,USA
TP004548,CUST01190,2026-03-05,Appel conseiller de vente,USA
TP004549,CUST01191,2025-03-06,Visite site e-commerce,USA
TP004550,CUST01191,2025-03-04,Ouverture newsletter,USA
TP004551,CUST01191,2025-03-08,Ouverture newsletter,USA
TP004552,CUST01191,2025-08-06,Rendez-vous boutique,USA
TP004553,CUST01191,2025-08-18,Visite site e-commerce,USA
TP004554,CUST01191,2025-08-27,Ouverture newsletter,USA
TP004555,CUST01191,2025-12-12,Rendez-vous boutique,USA
TP004556,CUST01191,2025-12-19,Événement VIC,USA
TP004557,CUST01191,2026-05-03,Appel conseiller de vente,USA
TP004558,CUST01192,2025-06-24,Rendez-vous boutique,Chine
TP004559,CUST01192,2025-06-09,Ouverture newsletter,Chine
TP004560,CUST01192,2025-11-06,Appel conseiller de vente,Chine
TP004561,CUST01192,2026-05-15,Visite site e-commerce,Chine
TP004562,CUST01192,2026-05-07,Rendez-vous boutique,Chine
TP004563,CUST01194,2025-08-25,Appel conseiller de vente,USA
TP004564,CUST01194,2026-01-25,Rendez-vous boutique,USA
TP004565,CUST01194,2026-06-15,Ouverture newsletter,USA
TP004566,CUST01195,2026-04-15,Ouverture newsletter,France (siège)
TP004567,CUST01195,2026-04-25,Événement VIC,France (siège)
TP004568,CUST01196,2026-07-28,Ouverture newsletter,Chine
TP004569,CUST01197,2026-02-01,Ouverture newsletter,USA
TP004570,CUST01197,2026-07-04,Appel conseiller de vente,USA
TP004571,CUST01197,2026-06-25,Événement VIC,USA
TP004572,CUST01197,2026-07-03,Événement VIC,USA
TP004573,CUST01198,2025-05-12,Événement VIC,Moyen-Orient
TP004574,CUST01198,2025-08-23,Ouverture newsletter,Moyen-Orient
TP004575,CUST01198,2025-08-22,Rendez-vous boutique,Moyen-Orient
TP004576,CUST01198,2025-08-24,Rendez-vous boutique,Moyen-Orient
TP004577,CUST01198,2025-12-16,Rendez-vous boutique,Moyen-Orient
TP004578,CUST01198,2025-12-02,Appel conseiller de vente,Moyen-Orient
TP004579,CUST01198,2025-12-18,Événement VIC,Moyen-Orient
TP004580,CUST01198,2026-02-27,Rendez-vous boutique,Moyen-Orient
TP004581,CUST01198,2026-02-26,Ouverture newsletter,Moyen-Orient
TP004582,CUST01198,2026-02-23,Ouverture newsletter,Moyen-Orient
TP004583,CUST01198,2026-07-16,Appel conseiller de vente,Moyen-Orient
TP004584,CUST01198,2026-07-17,Rendez-vous boutique,Moyen-Orient
TP004585,CUST01198,2026-07-21,Appel conseiller de vente,Moyen-Orient
TP004586,CUST01199,2025-11-22,Événement VIC,France (siège)
TP004587,CUST01199,2026-04-06,Événement VIC,France (siège)
TP004588,CUST01199,2026-03-18,Visite site e-commerce,France (siège)
TP004589,CUST01200,2026-01-02,Événement VIC,Moyen-Orient
TP004590,CUST01200,2026-06-18,Visite site e-commerce,Moyen-Orient
TP004591,CUST01200,2026-06-21,Appel conseiller de vente,Moyen-Orient
TP004592,CUST01200,2026-06-28,Visite site e-commerce,Moyen-Orient
TP004593,CUST01201,2025-03-10,Rendez-vous boutique,Chine
TP004594,CUST01201,2025-02-22,Appel conseiller de vente,Chine
TP004595,CUST01201,2025-03-08,Rendez-vous boutique,Chine
TP004596,CUST01201,2025-08-22,Rendez-vous boutique,Chine
TP004597,CUST01201,2026-02-06,Appel conseiller de vente,Chine
TP004598,CUST01201,2026-02-13,Appel conseiller de vente,Chine
TP004599,CUST01201,2026-02-15,Événement VIC,Chine
TP004600,CUST01201,2026-06-19,Ouverture newsletter,Chine
TP004601,CUST01201,2026-06-19,Événement VIC,Chine
TP004602,CUST01202,2025-09-27,Événement VIC,Moyen-Orient
TP004603,CUST01202,2025-09-15,Événement VIC,Moyen-Orient
TP004604,CUST01202,2026-02-15,Rendez-vous boutique,Moyen-Orient
TP004605,CUST01202,2026-02-17,Événement VIC,Moyen-Orient
TP004606,CUST01203,2025-12-26,Ouverture newsletter,Chine
TP004607,CUST01203,2025-12-31,Ouverture newsletter,Chine
TP004608,CUST01203,2026-01-01,Rendez-vous boutique,Chine
TP004609,CUST01205,2025-03-08,Appel conseiller de vente,Chine
TP004610,CUST01205,2025-03-15,Appel conseiller de vente,Chine
TP004611,CUST01205,2025-03-02,Événement VIC,Chine
TP004612,CUST01205,2025-06-13,Rendez-vous boutique,Chine
TP004613,CUST01205,2025-06-02,Visite site e-commerce,Chine
TP004614,CUST01205,2025-07-21,Appel conseiller de vente,Chine
TP004615,CUST01205,2025-08-05,Événement VIC,Chine
TP004616,CUST01205,2025-12-08,Appel conseiller de vente,Chine
TP004617,CUST01205,2025-11-26,Événement VIC,Chine
TP004618,CUST01205,2026-03-25,Événement VIC,Chine
TP004619,CUST01205,2026-07-24,Ouverture newsletter,Chine
TP004620,CUST01205,2026-07-11,Événement VIC,Chine
TP004621,CUST01205,2026-07-16,Visite site e-commerce,Chine
TP004622,CUST01206,2025-09-01,Rendez-vous boutique,Chine
TP004623,CUST01207,2026-02-17,Rendez-vous boutique,USA
TP004624,CUST01207,2026-02-25,Ouverture newsletter,USA
TP004625,CUST01207,2026-02-16,Visite site e-commerce,USA
TP004626,CUST01208,2025-07-24,Rendez-vous boutique,USA
TP004627,CUST01208,2025-11-11,Ouverture newsletter,USA
TP004628,CUST01209,2025-03-25,Appel conseiller de vente,Japon
TP004629,CUST01209,2025-08-13,Ouverture newsletter,Japon
TP004630,CUST01209,2025-08-21,Ouverture newsletter,Japon
TP004631,CUST01209,2025-08-02,Événement VIC,Japon
TP004632,CUST01209,2025-12-30,Visite site e-commerce,Japon
TP004633,CUST01209,2026-05-12,Ouverture newsletter,Japon
TP004634,CUST01211,2025-03-04,Appel conseiller de vente,France (siège)
TP004635,CUST01211,2025-02-24,Événement VIC,France (siège)
TP004636,CUST01211,2025-02-15,Rendez-vous boutique,France (siège)
TP004637,CUST01211,2025-08-22,Visite site e-commerce,France (siège)
TP004638,CUST01211,2025-08-15,Événement VIC,France (siège)
TP004639,CUST01211,2026-03-26,Appel conseiller de vente,France (siège)
TP004640,CUST01211,2026-04-01,Événement VIC,France (siège)
TP004641,CUST01211,2026-04-10,Ouverture newsletter,France (siège)
TP004642,CUST01212,2025-07-16,Visite site e-commerce,France (siège)
TP004643,CUST01212,2025-07-24,Visite site e-commerce,France (siège)
TP004644,CUST01212,2025-07-29,Appel conseiller de vente,France (siège)
TP004645,CUST01212,2026-01-08,Événement VIC,France (siège)
TP004646,CUST01212,2026-06-02,Visite site e-commerce,France (siège)
TP004647,CUST01212,2026-06-14,Ouverture newsletter,France (siège)
TP004648,CUST01212,2026-06-20,Ouverture newsletter,France (siège)
TP004649,CUST01213,2026-05-17,Événement VIC,Chine
TP004650,CUST01213,2026-05-19,Événement VIC,Chine
TP004651,CUST01214,2025-07-10,Ouverture newsletter,France (siège)
TP004652,CUST01214,2025-06-19,Appel conseiller de vente,France (siège)
TP004653,CUST01214,2025-12-03,Ouverture newsletter,France (siège)
TP004654,CUST01214,2025-11-19,Rendez-vous boutique,France (siège)
TP004655,CUST01214,2025-12-05,Événement VIC,France (siège)
TP004656,CUST01214,2026-05-24,Rendez-vous boutique,France (siège)
TP004657,CUST01214,2026-05-17,Appel conseiller de vente,France (siège)
TP004658,CUST01215,2026-01-12,Rendez-vous boutique,Chine
TP004659,CUST01215,2026-01-28,Événement VIC,Chine
TP004660,CUST01215,2026-01-29,Événement VIC,Chine
TP004661,CUST01216,2025-02-05,Événement VIC,France (siège)
TP004662,CUST01216,2025-02-09,Événement VIC,France (siège)
TP004663,CUST01216,2025-01-29,Visite site e-commerce,France (siège)
TP004664,CUST01216,2025-07-03,Événement VIC,France (siège)
TP004665,CUST01216,2025-06-13,Visite site e-commerce,France (siège)
TP004666,CUST01216,2025-06-14,Rendez-vous boutique,France (siège)
TP004667,CUST01216,2026-01-05,Ouverture newsletter,France (siège)
TP004668,CUST01216,2025-12-27,Visite site e-commerce,France (siège)
TP004669,CUST01216,2026-05-14,Événement VIC,France (siège)
TP004670,CUST01216,2026-05-30,Événement VIC,France (siège)
TP004671,CUST01217,2025-04-22,Rendez-vous boutique,USA
TP004672,CUST01217,2025-08-11,Ouverture newsletter,USA
TP004673,CUST01217,2025-12-21,Événement VIC,USA
TP004674,CUST01217,2026-04-05,Ouverture newsletter,USA
TP004675,CUST01217,2026-04-04,Ouverture newsletter,USA
TP004676,CUST01219,2025-05-16,Appel conseiller de vente,Moyen-Orient
TP004677,CUST01219,2025-11-21,Appel conseiller de vente,Moyen-Orient
TP004678,CUST01219,2025-11-24,Ouverture newsletter,Moyen-Orient
TP004679,CUST01219,2026-05-18,Événement VIC,Moyen-Orient
TP004680,CUST01219,2026-05-17,Événement VIC,Moyen-Orient
TP004681,CUST01219,2026-05-27,Ouverture newsletter,Moyen-Orient
TP004682,CUST01220,2026-05-13,Ouverture newsletter,USA
TP004683,CUST01221,2026-07-17,Événement VIC,Moyen-Orient
TP004684,CUST01222,2026-01-26,Appel conseiller de vente,Chine
TP004685,CUST01222,2026-02-11,Appel conseiller de vente,Chine
TP004686,CUST01222,2026-02-12,Événement VIC,Chine
TP004687,CUST01223,2026-07-30,Ouverture newsletter,Moyen-Orient
TP004688,CUST01223,2026-07-30,Ouverture newsletter,Moyen-Orient
TP004689,CUST01223,2026-07-10,Appel conseiller de vente,Moyen-Orient
TP004690,CUST01224,2025-08-17,Événement VIC,Chine
TP004691,CUST01224,2025-07-26,Événement VIC,Chine
TP004692,CUST01224,2025-08-04,Appel conseiller de vente,Chine
TP004693,CUST01224,2026-01-25,Visite site e-commerce,Chine
TP004694,CUST01224,2026-01-29,Visite site e-commerce,Chine
TP004695,CUST01224,2026-07-24,Rendez-vous boutique,Chine
TP004696,CUST01226,2025-08-23,Appel conseiller de vente,France (siège)
TP004697,CUST01226,2025-09-10,Visite site e-commerce,France (siège)
TP004698,CUST01226,2025-09-13,Visite site e-commerce,France (siège)
TP004699,CUST01226,2026-01-26,Rendez-vous boutique,France (siège)
TP004700,CUST01226,2026-01-24,Ouverture newsletter,France (siège)
TP004701,CUST01226,2026-07-08,Ouverture newsletter,France (siège)
TP004702,CUST01226,2026-06-27,Événement VIC,France (siège)
TP004703,CUST01226,2026-07-08,Événement VIC,France (siège)
TP004704,CUST01227,2025-10-04,Visite site e-commerce,Moyen-Orient
TP004705,CUST01227,2026-02-27,Événement VIC,Moyen-Orient
TP004706,CUST01227,2026-02-24,Rendez-vous boutique,Moyen-Orient
TP004707,CUST01227,2026-07-05,Événement VIC,Moyen-Orient
TP004708,CUST01228,2025-06-24,Événement VIC,France (siège)
TP004709,CUST01228,2025-06-27,Ouverture newsletter,France (siège)
TP004710,CUST01228,2025-06-30,Rendez-vous boutique,France (siège)
TP004711,CUST01228,2025-12-15,Appel conseiller de vente,France (siège)
TP004712,CUST01228,2025-12-18,Rendez-vous boutique,France (siège)
TP004713,CUST01228,2025-12-22,Rendez-vous boutique,France (siège)
TP004714,CUST01229,2026-04-18,Ouverture newsletter,Chine
TP004715,CUST01230,2025-03-17,Rendez-vous boutique,Japon
TP004716,CUST01230,2025-08-20,Visite site e-commerce,Japon
TP004717,CUST01230,2025-08-28,Événement VIC,Japon
TP004718,CUST01230,2025-12-31,Événement VIC,Japon
TP004719,CUST01231,2026-01-20,Visite site e-commerce,France (siège)
TP004720,CUST01231,2026-01-28,Appel conseiller de vente,France (siège)
TP004721,CUST01231,2026-01-12,Ouverture newsletter,France (siège)
TP004722,CUST01233,2026-04-14,Ouverture newsletter,Japon
TP004723,CUST01233,2026-04-19,Visite site e-commerce,Japon
TP004724,CUST01233,2026-04-20,Événement VIC,Japon
TP004725,CUST01234,2025-04-09,Ouverture newsletter,USA
TP004726,CUST01234,2025-09-05,Appel conseiller de vente,USA
TP004727,CUST01234,2025-09-08,Visite site e-commerce,USA
TP004728,CUST01234,2025-08-30,Ouverture newsletter,USA
TP004729,CUST01234,2026-01-02,Événement VIC,USA
TP004730,CUST01234,2026-01-25,Visite site e-commerce,USA
TP004731,CUST01234,2026-01-09,Événement VIC,USA
TP004732,CUST01234,2026-07-20,Événement VIC,USA
TP004733,CUST01234,2026-07-03,Événement VIC,USA
TP004734,CUST01235,2026-04-03,Appel conseiller de vente,France (siège)
TP004735,CUST01235,2026-03-23,Événement VIC,France (siège)
TP004736,CUST01236,2025-05-19,Événement VIC,USA
TP004737,CUST01236,2025-05-01,Ouverture newsletter,USA
TP004738,CUST01236,2025-04-28,Appel conseiller de vente,USA
TP004739,CUST01236,2025-10-27,Visite site e-commerce,USA
TP004740,CUST01236,2025-11-05,Ouverture newsletter,USA
TP004741,CUST01236,2026-03-06,Événement VIC,USA
TP004742,CUST01236,2026-02-28,Appel conseiller de vente,USA
TP004743,CUST01237,2025-07-14,Ouverture newsletter,USA
TP004744,CUST01237,2026-01-20,Ouverture newsletter,USA
TP004745,CUST01237,2026-01-25,Ouverture newsletter,USA
TP004746,CUST01237,2026-02-05,Ouverture newsletter,USA
TP004747,CUST01237,2026-07-26,Événement VIC,USA
TP004748,CUST01237,2026-07-22,Appel conseiller de vente,USA
TP004749,CUST01237,2026-07-20,Ouverture newsletter,USA
TP004750,CUST01238,2026-07-04,Événement VIC,USA
TP004751,CUST01238,2026-07-05,Visite site e-commerce,USA
TP004752,CUST01238,2026-06-21,Événement VIC,USA
TP004753,CUST01239,2025-07-23,Visite site e-commerce,USA
TP004754,CUST01239,2025-08-03,Ouverture newsletter,USA
TP004755,CUST01239,2025-08-03,Rendez-vous boutique,USA
TP004756,CUST01239,2026-01-10,Visite site e-commerce,USA
TP004757,CUST01239,2026-01-02,Appel conseiller de vente,USA
TP004758,CUST01239,2026-01-13,Appel conseiller de vente,USA
TP004759,CUST01239,2026-07-18,Appel conseiller de vente,USA
TP004760,CUST01239,2026-07-18,Visite site e-commerce,USA
TP004761,CUST01240,2026-02-05,Appel conseiller de vente,Chine
TP004762,CUST01240,2026-02-03,Appel conseiller de vente,Chine
TP004763,CUST01241,2025-08-24,Visite site e-commerce,USA
TP004764,CUST01241,2026-03-12,Visite site e-commerce,USA
TP004765,CUST01241,2026-03-19,Rendez-vous boutique,USA
TP004766,CUST01242,2026-03-06,Ouverture newsletter,France (siège)
TP004767,CUST01242,2026-03-23,Événement VIC,France (siège)
TP004768,CUST01242,2026-03-23,Rendez-vous boutique,France (siège)
TP004769,CUST01244,2026-01-30,Ouverture newsletter,France (siège)
TP004770,CUST01244,2026-06-12,Événement VIC,France (siège)
TP004771,CUST01244,2026-07-03,Rendez-vous boutique,France (siège)
TP004772,CUST01245,2026-02-22,Visite site e-commerce,USA
TP004773,CUST01245,2026-07-30,Rendez-vous boutique,USA
TP004774,CUST01246,2025-11-06,Événement VIC,Moyen-Orient
TP004775,CUST01246,2025-11-04,Événement VIC,Moyen-Orient
TP004776,CUST01246,2025-11-15,Événement VIC,Moyen-Orient
TP004777,CUST01246,2026-03-25,Ouverture newsletter,Moyen-Orient
TP004778,CUST01247,2025-06-16,Événement VIC,USA
TP004779,CUST01247,2025-06-17,Appel conseiller de vente,USA
TP004780,CUST01247,2025-06-22,Visite site e-commerce,USA
TP004781,CUST01247,2025-11-21,Ouverture newsletter,USA
TP004782,CUST01247,2025-11-10,Rendez-vous boutique,USA
TP004783,CUST01247,2025-11-12,Événement VIC,USA
TP004784,CUST01248,2025-10-07,Événement VIC,USA
TP004785,CUST01248,2025-10-04,Visite site e-commerce,USA
TP004786,CUST01248,2026-02-23,Rendez-vous boutique,USA
TP004787,CUST01248,2026-02-26,Événement VIC,USA
TP004788,CUST01248,2026-03-01,Rendez-vous boutique,USA
TP004789,CUST01249,2026-01-22,Rendez-vous boutique,Chine
TP004790,CUST01249,2026-01-31,Rendez-vous boutique,Chine
TP004791,CUST01249,2026-01-22,Appel conseiller de vente,Chine
TP004792,CUST01250,2026-02-20,Événement VIC,Japon
TP004793,CUST01250,2026-02-16,Rendez-vous boutique,Japon
TP004794,CUST01251,2025-06-25,Rendez-vous boutique,Moyen-Orient
TP004795,CUST01251,2025-06-22,Appel conseiller de vente,Moyen-Orient
TP004796,CUST01251,2025-12-19,Événement VIC,Moyen-Orient
TP004797,CUST01251,2025-12-23,Ouverture newsletter,Moyen-Orient
TP004798,CUST01251,2025-12-21,Événement VIC,Moyen-Orient
TP004799,CUST01251,2026-06-09,Ouverture newsletter,Moyen-Orient
TP004800,CUST01251,2026-06-09,Ouverture newsletter,Moyen-Orient
TP004801,CUST01252,2025-10-26,Rendez-vous boutique,Chine
TP004802,CUST01252,2025-10-21,Rendez-vous boutique,Chine
TP004803,CUST01252,2025-10-27,Visite site e-commerce,Chine
TP004804,CUST01252,2026-04-03,Appel conseiller de vente,Chine
TP004805,CUST01253,2026-07-18,Appel conseiller de vente,Chine
TP004806,CUST01253,2026-07-18,Visite site e-commerce,Chine
TP004807,CUST01254,2025-02-01,Appel conseiller de vente,France (siège)
TP004808,CUST01254,2025-01-21,Visite site e-commerce,France (siège)
TP004809,CUST01254,2025-06-20,Appel conseiller de vente,France (siège)
TP004810,CUST01254,2025-12-09,Rendez-vous boutique,France (siège)
TP004811,CUST01254,2025-12-03,Visite site e-commerce,France (siège)
TP004812,CUST01254,2025-12-13,Visite site e-commerce,France (siège)
TP004813,CUST01254,2026-06-09,Rendez-vous boutique,France (siège)
TP004814,CUST01254,2026-06-16,Ouverture newsletter,France (siège)
TP004815,CUST01254,2026-06-02,Ouverture newsletter,France (siège)
TP004816,CUST01255,2026-01-30,Rendez-vous boutique,France (siège)
TP004817,CUST01255,2026-02-08,Ouverture newsletter,France (siège)
TP004818,CUST01255,2026-06-10,Ouverture newsletter,France (siège)
TP004819,CUST01255,2026-06-15,Rendez-vous boutique,France (siège)
TP004820,CUST01255,2026-06-20,Visite site e-commerce,France (siège)
TP004821,CUST01256,2026-03-05,Événement VIC,France (siège)
TP004822,CUST01256,2026-06-30,Visite site e-commerce,France (siège)
TP004823,CUST01256,2026-07-09,Événement VIC,France (siège)
TP004824,CUST01257,2025-05-26,Rendez-vous boutique,Moyen-Orient
TP004825,CUST01257,2025-09-27,Événement VIC,Moyen-Orient
TP004826,CUST01257,2026-02-23,Appel conseiller de vente,Moyen-Orient
TP004827,CUST01257,2026-02-19,Ouverture newsletter,Moyen-Orient
TP004828,CUST01257,2026-03-02,Appel conseiller de vente,Moyen-Orient
TP004829,CUST01258,2025-06-17,Rendez-vous boutique,Chine
TP004830,CUST01258,2025-06-05,Ouverture newsletter,Chine
TP004831,CUST01258,2025-06-01,Événement VIC,Chine
TP004832,CUST01258,2025-12-05,Ouverture newsletter,Chine
TP004833,CUST01258,2026-05-30,Rendez-vous boutique,Chine
TP004834,CUST01260,2025-06-29,Visite site e-commerce,France (siège)
TP004835,CUST01260,2025-07-03,Appel conseiller de vente,France (siège)
TP004836,CUST01260,2025-11-08,Ouverture newsletter,France (siège)
TP004837,CUST01260,2025-11-12,Visite site e-commerce,France (siège)
TP004838,CUST01260,2025-11-16,Ouverture newsletter,France (siège)
TP004839,CUST01260,2026-03-16,Visite site e-commerce,France (siège)
TP004840,CUST01260,2026-03-16,Ouverture newsletter,France (siège)
TP004841,CUST01260,2026-07-30,Événement VIC,France (siège)
TP004842,CUST01261,2025-06-09,Événement VIC,Moyen-Orient
TP004843,CUST01261,2025-11-18,Ouverture newsletter,Moyen-Orient
TP004844,CUST01261,2025-11-01,Visite site e-commerce,Moyen-Orient
TP004845,CUST01261,2026-04-16,Visite site e-commerce,Moyen-Orient
TP004846,CUST01261,2026-03-31,Appel conseiller de vente,Moyen-Orient
TP004847,CUST01263,2026-05-05,Ouverture newsletter,Chine
TP004848,CUST01263,2026-05-07,Rendez-vous boutique,Chine
TP004849,CUST01263,2026-05-06,Rendez-vous boutique,Chine
TP004850,CUST01264,2026-03-24,Ouverture newsletter,France (siège)
TP004851,CUST01264,2026-07-16,Événement VIC,France (siège)
TP004852,CUST01264,2026-07-04,Appel conseiller de vente,France (siège)
TP004853,CUST01264,2026-07-09,Ouverture newsletter,France (siège)
TP004854,CUST01266,2026-03-10,Événement VIC,Japon
TP004855,CUST01266,2026-03-07,Visite site e-commerce,Japon
TP004856,CUST01266,2026-03-12,Ouverture newsletter,Japon
TP004857,CUST01267,2026-07-13,Rendez-vous boutique,France (siège)
TP004858,CUST01267,2026-07-04,Ouverture newsletter,France (siège)
TP004859,CUST01268,2025-05-08,Appel conseiller de vente,Chine
TP004860,CUST01268,2025-05-15,Ouverture newsletter,Chine
TP004861,CUST01268,2025-05-10,Rendez-vous boutique,Chine
TP004862,CUST01268,2025-09-23,Ouverture newsletter,Chine
TP004863,CUST01268,2026-02-19,Événement VIC,Chine
TP004864,CUST01269,2025-04-26,Visite site e-commerce,Chine
TP004865,CUST01269,2025-04-29,Événement VIC,Chine
TP004866,CUST01269,2025-09-20,Ouverture newsletter,Chine
TP004867,CUST01269,2025-10-08,Événement VIC,Chine
TP004868,CUST01269,2025-09-25,Appel conseiller de vente,Chine
TP004869,CUST01269,2026-03-20,Appel conseiller de vente,Chine
TP004870,CUST01270,2025-08-28,Rendez-vous boutique,USA
TP004871,CUST01270,2026-02-09,Visite site e-commerce,USA
TP004872,CUST01270,2026-01-31,Appel conseiller de vente,USA
TP004873,CUST01270,2026-02-10,Ouverture newsletter,USA
TP004874,CUST01270,2026-07-18,Événement VIC,USA
TP004875,CUST01271,2026-01-12,Événement VIC,Japon
TP004876,CUST01271,2026-01-23,Rendez-vous boutique,Japon
TP004877,CUST01271,2026-01-30,Visite site e-commerce,Japon
TP004878,CUST01273,2025-05-28,Appel conseiller de vente,Moyen-Orient
TP004879,CUST01273,2025-05-27,Appel conseiller de vente,Moyen-Orient
TP004880,CUST01273,2025-05-14,Rendez-vous boutique,Moyen-Orient
TP004881,CUST01274,2025-05-31,Ouverture newsletter,USA
TP004882,CUST01274,2025-06-02,Événement VIC,USA
TP004883,CUST01274,2025-06-11,Appel conseiller de vente,USA
TP004884,CUST01274,2025-11-15,Appel conseiller de vente,USA
TP004885,CUST01274,2025-11-16,Événement VIC,USA
TP004886,CUST01274,2026-05-03,Événement VIC,USA
TP004887,CUST01274,2026-04-28,Ouverture newsletter,USA
TP004888,CUST01275,2025-06-24,Ouverture newsletter,USA
TP004889,CUST01276,2025-01-10,Appel conseiller de vente,Chine
TP004890,CUST01276,2025-06-28,Visite site e-commerce,Chine
TP004891,CUST01276,2025-06-22,Rendez-vous boutique,Chine
TP004892,CUST01276,2025-11-03,Appel conseiller de vente,Chine
TP004893,CUST01276,2026-04-05,Appel conseiller de vente,Chine
TP004894,CUST01277,2025-10-27,Appel conseiller de vente,Moyen-Orient
TP004895,CUST01277,2025-10-20,Visite site e-commerce,Moyen-Orient
TP004896,CUST01277,2026-01-27,Rendez-vous boutique,Moyen-Orient
TP004897,CUST01277,2026-01-17,Appel conseiller de vente,Moyen-Orient
TP004898,CUST01277,2026-02-10,Ouverture newsletter,Moyen-Orient
TP004899,CUST01277,2026-07-21,Visite site e-commerce,Moyen-Orient
TP004900,CUST01278,2026-02-09,Événement VIC,USA
TP004901,CUST01278,2026-01-20,Événement VIC,USA
TP004902,CUST01278,2026-02-09,Événement VIC,USA
TP004903,CUST01278,2026-07-04,Visite site e-commerce,USA
TP004904,CUST01279,2025-10-25,Rendez-vous boutique,Japon
TP004905,CUST01279,2025-11-04,Ouverture newsletter,Japon
TP004906,CUST01279,2026-05-19,Appel conseiller de vente,Japon
TP004907,CUST01280,2025-02-08,Événement VIC,France (siège)
TP004908,CUST01280,2025-02-21,Rendez-vous boutique,France (siège)
TP004909,CUST01280,2025-08-04,Visite site e-commerce,France (siège)
TP004910,CUST01280,2025-07-25,Appel conseiller de vente,France (siège)
TP004911,CUST01280,2026-01-28,Appel conseiller de vente,France (siège)
TP004912,CUST01280,2026-01-29,Rendez-vous boutique,France (siège)
TP004913,CUST01281,2025-04-20,Appel conseiller de vente,Chine
TP004914,CUST01281,2025-04-17,Événement VIC,Chine
TP004915,CUST01281,2025-05-06,Ouverture newsletter,Chine
TP004916,CUST01281,2025-09-20,Ouverture newsletter,Chine
TP004917,CUST01281,2026-03-06,Ouverture newsletter,Chine
TP004918,CUST01281,2026-02-26,Rendez-vous boutique,Chine
TP004919,CUST01281,2026-06-24,Visite site e-commerce,Chine
TP004920,CUST01281,2026-06-23,Visite site e-commerce,Chine
TP004921,CUST01282,2025-06-05,Appel conseiller de vente,Japon
TP004922,CUST01282,2025-05-28,Ouverture newsletter,Japon
TP004923,CUST01282,2025-09-09,Rendez-vous boutique,Japon
TP004924,CUST01282,2026-01-02,Événement VIC,Japon
TP004925,CUST01282,2026-01-16,Événement VIC,Japon
TP004926,CUST01282,2026-04-23,Ouverture newsletter,Japon
TP004927,CUST01282,2026-04-24,Événement VIC,Japon
TP004928,CUST01282,2026-04-23,Ouverture newsletter,Japon
TP004929,CUST01283,2026-02-28,Visite site e-commerce,France (siège)
TP004930,CUST01283,2026-02-23,Ouverture newsletter,France (siège)
TP004931,CUST01283,2026-02-11,Ouverture newsletter,France (siège)
TP004932,CUST01283,2026-07-27,Événement VIC,France (siège)
TP004933,CUST01283,2026-07-26,Visite site e-commerce,France (siège)
TP004934,CUST01284,2024-12-21,Ouverture newsletter,Japon
TP004935,CUST01284,2025-03-25,Ouverture newsletter,Japon
TP004936,CUST01284,2025-03-21,Ouverture newsletter,Japon
TP004937,CUST01284,2025-06-17,Visite site e-commerce,Japon
TP004938,CUST01284,2025-06-19,Appel conseiller de vente,Japon
TP004939,CUST01284,2025-10-04,Événement VIC,Japon
TP004940,CUST01284,2025-10-17,Appel conseiller de vente,Japon
TP004941,CUST01284,2026-01-14,Ouverture newsletter,Japon
TP004942,CUST01284,2026-01-25,Appel conseiller de vente,Japon
TP004943,CUST01284,2026-01-20,Ouverture newsletter,Japon
TP004944,CUST01284,2026-04-14,Visite site e-commerce,Japon
TP004945,CUST01285,2026-05-11,Ouverture newsletter,Japon
TP004946,CUST01285,2026-06-02,Ouverture newsletter,Japon
TP004947,CUST01285,2026-05-12,Appel conseiller de vente,Japon
TP004948,CUST01286,2025-09-25,Appel conseiller de vente,USA
TP004949,CUST01286,2026-04-28,Événement VIC,USA
TP004950,CUST01286,2026-04-16,Appel conseiller de vente,USA
TP004951,CUST01286,2026-04-10,Ouverture newsletter,USA
TP004952,CUST01287,2025-11-12,Appel conseiller de vente,France (siège)
TP004953,CUST01287,2025-10-23,Visite site e-commerce,France (siège)
TP004954,CUST01287,2025-10-31,Événement VIC,France (siège)
TP004955,CUST01287,2026-03-11,Rendez-vous boutique,France (siège)
TP004956,CUST01290,2025-04-02,Visite site e-commerce,USA
TP004957,CUST01290,2025-03-11,Appel conseiller de vente,USA
TP004958,CUST01290,2025-09-16,Ouverture newsletter,USA
TP004959,CUST01290,2025-09-14,Rendez-vous boutique,USA
TP004960,CUST01290,2026-03-19,Appel conseiller de vente,USA
TP004961,CUST01291,2026-01-07,Ouverture newsletter,Moyen-Orient
TP004962,CUST01291,2026-01-03,Visite site e-commerce,Moyen-Orient
TP004963,CUST01291,2026-06-22,Rendez-vous boutique,Moyen-Orient
TP004964,CUST01292,2025-11-29,Rendez-vous boutique,USA
TP004965,CUST01293,2025-05-29,Appel conseiller de vente,Japon
TP004966,CUST01293,2025-05-17,Visite site e-commerce,Japon
TP004967,CUST01293,2025-05-19,Ouverture newsletter,Japon
TP004968,CUST01293,2025-10-23,Événement VIC,Japon
TP004969,CUST01293,2025-11-13,Appel conseiller de vente,Japon
TP004970,CUST01293,2026-04-21,Visite site e-commerce,Japon
TP004971,CUST01293,2026-04-19,Ouverture newsletter,Japon
TP004972,CUST01294,2026-03-28,Ouverture newsletter,USA
TP004973,CUST01294,2026-04-06,Visite site e-commerce,USA
TP004974,CUST01294,2026-03-30,Appel conseiller de vente,USA
TP004975,CUST01296,2025-09-15,Visite site e-commerce,Chine
TP004976,CUST01296,2025-10-02,Visite site e-commerce,Chine
TP004977,CUST01296,2025-12-27,Rendez-vous boutique,Chine
TP004978,CUST01296,2025-12-28,Visite site e-commerce,Chine
TP004979,CUST01296,2026-04-12,Ouverture newsletter,Chine
TP004980,CUST01296,2026-04-12,Visite site e-commerce,Chine
TP004981,CUST01297,2025-05-16,Visite site e-commerce,Japon
TP004982,CUST01297,2025-05-26,Ouverture newsletter,Japon
TP004983,CUST01297,2025-05-09,Rendez-vous boutique,Japon
TP004984,CUST01297,2025-10-08,Appel conseiller de vente,Japon
TP004985,CUST01297,2026-04-17,Appel conseiller de vente,Japon
TP004986,CUST01297,2026-04-19,Ouverture newsletter,Japon
TP004987,CUST01298,2025-04-10,Appel conseiller de vente,Chine
TP004988,CUST01298,2025-04-11,Visite site e-commerce,Chine
TP004989,CUST01298,2025-04-04,Visite site e-commerce,Chine
TP004990,CUST01300,2025-07-17,Ouverture newsletter,Chine
TP004991,CUST01300,2025-07-16,Appel conseiller de vente,Chine
TP004992,CUST01300,2025-06-26,Rendez-vous boutique,Chine
TP004993,CUST01300,2025-12-22,Visite site e-commerce,Chine
TP004994,CUST01300,2026-06-30,Visite site e-commerce,Chine
TP004995,CUST01301,2025-05-25,Visite site e-commerce,USA
TP004996,CUST01301,2025-10-27,Rendez-vous boutique,USA
TP004997,CUST01301,2025-10-26,Appel conseiller de vente,USA
TP004998,CUST01301,2026-04-15,Appel conseiller de vente,USA
TP004999,CUST01302,2025-07-17,Visite site e-commerce,Moyen-Orient
TP005000,CUST01302,2025-07-28,Événement VIC,Moyen-Orient
TP005001,CUST01302,2025-07-23,Appel conseiller de vente,Moyen-Orient
TP005002,CUST01302,2025-12-17,Visite site e-commerce,Moyen-Orient
TP005003,CUST01302,2026-04-29,Événement VIC,Moyen-Orient
TP005004,CUST01303,2025-04-15,Événement VIC,Moyen-Orient
TP005005,CUST01303,2025-04-15,Rendez-vous boutique,Moyen-Orient
TP005006,CUST01303,2025-04-26,Ouverture newsletter,Moyen-Orient
TP005007,CUST01303,2025-09-15,Événement VIC,Moyen-Orient
TP005008,CUST01303,2025-09-22,Visite site e-commerce,Moyen-Orient
TP005009,CUST01303,2025-09-30,Appel conseiller de vente,Moyen-Orient
TP005010,CUST01303,2026-03-02,Événement VIC,Moyen-Orient
TP005011,CUST01304,2026-04-30,Ouverture newsletter,Japon
TP005012,CUST01304,2026-05-16,Appel conseiller de vente,Japon
TP005013,CUST01304,2026-05-05,Événement VIC,Japon
TP005014,CUST01305,2025-01-22,Ouverture newsletter,Chine
TP005015,CUST01305,2025-05-21,Événement VIC,Chine
TP005016,CUST01305,2025-05-21,Visite site e-commerce,Chine
TP005017,CUST01305,2025-06-07,Rendez-vous boutique,Chine
TP005018,CUST01305,2025-11-11,Visite site e-commerce,Chine
TP005019,CUST01305,2025-11-26,Rendez-vous boutique,Chine
TP005020,CUST01306,2025-09-04,Rendez-vous boutique,Chine
TP005021,CUST01306,2025-09-22,Appel conseiller de vente,Chine
TP005022,CUST01306,2026-02-12,Visite site e-commerce,Chine
TP005023,CUST01306,2026-02-10,Visite site e-commerce,Chine
TP005024,CUST01306,2026-03-02,Visite site e-commerce,Chine
TP005025,CUST01306,2026-07-20,Appel conseiller de vente,Chine
TP005026,CUST01306,2026-07-16,Ouverture newsletter,Chine
TP005027,CUST01307,2025-06-20,Rendez-vous boutique,Japon
TP005028,CUST01307,2025-07-05,Visite site e-commerce,Japon
TP005029,CUST01307,2026-02-02,Visite site e-commerce,Japon
TP005030,CUST01307,2026-01-31,Appel conseiller de vente,Japon
TP005031,CUST01307,2026-01-11,Appel conseiller de vente,Japon
TP005032,CUST01307,2026-07-06,Rendez-vous boutique,Japon
TP005033,CUST01308,2026-07-12,Ouverture newsletter,France (siège)
TP005034,CUST01308,2026-06-24,Appel conseiller de vente,France (siège)
TP005035,CUST01308,2026-06-25,Événement VIC,France (siège)
TP005036,CUST01309,2025-01-11,Rendez-vous boutique,Chine
TP005037,CUST01309,2025-08-31,Événement VIC,Chine
TP005038,CUST01309,2026-02-01,Rendez-vous boutique,Chine
TP005039,CUST01309,2026-02-10,Ouverture newsletter,Chine
TP005040,CUST01309,2026-02-07,Visite site e-commerce,Chine
TP005041,CUST01309,2026-07-27,Événement VIC,Chine
TP005042,CUST01309,2026-07-21,Ouverture newsletter,Chine
TP005043,CUST01311,2026-02-17,Appel conseiller de vente,USA
TP005044,CUST01311,2026-02-07,Événement VIC,USA
TP005045,CUST01312,2025-06-08,Ouverture newsletter,USA
TP005046,CUST01312,2025-05-22,Rendez-vous boutique,USA
TP005047,CUST01312,2025-11-17,Visite site e-commerce,USA
TP005048,CUST01312,2026-04-30,Rendez-vous boutique,USA
TP005049,CUST01312,2026-04-18,Ouverture newsletter,USA
TP005050,CUST01313,2025-07-24,Visite site e-commerce,Chine
TP005051,CUST01313,2026-01-02,Appel conseiller de vente,Chine
TP005052,CUST01313,2026-05-20,Appel conseiller de vente,Chine
TP005053,CUST01313,2026-05-24,Ouverture newsletter,Chine
TP005054,CUST01313,2026-06-04,Rendez-vous boutique,Chine
TP005055,CUST01314,2025-12-27,Visite site e-commerce,USA
TP005056,CUST01314,2025-12-12,Appel conseiller de vente,USA
TP005057,CUST01314,2025-12-08,Événement VIC,USA
TP005058,CUST01315,2025-08-21,Visite site e-commerce,Moyen-Orient
TP005059,CUST01315,2026-03-06,Ouverture newsletter,Moyen-Orient
TP005060,CUST01315,2026-02-20,Ouverture newsletter,Moyen-Orient
TP005061,CUST01315,2026-03-11,Ouverture newsletter,Moyen-Orient
TP005062,CUST01316,2025-06-27,Rendez-vous boutique,Moyen-Orient
TP005063,CUST01316,2025-06-18,Appel conseiller de vente,Moyen-Orient
TP005064,CUST01316,2025-12-07,Ouverture newsletter,Moyen-Orient
TP005065,CUST01316,2026-05-15,Rendez-vous boutique,Moyen-Orient
TP005066,CUST01317,2026-03-20,Rendez-vous boutique,USA
TP005067,CUST01317,2026-03-23,Appel conseiller de vente,USA
TP005068,CUST01317,2026-03-28,Visite site e-commerce,USA
TP005069,CUST01318,2025-10-23,Appel conseiller de vente,Japon
TP005070,CUST01319,2026-06-10,Appel conseiller de vente,Chine
TP005071,CUST01320,2025-09-30,Événement VIC,USA
TP005072,CUST01320,2025-09-20,Événement VIC,USA
TP005073,CUST01320,2025-09-24,Événement VIC,USA
TP005074,CUST01320,2026-03-02,Appel conseiller de vente,USA
TP005075,CUST01321,2025-05-13,Ouverture newsletter,France (siège)
TP005076,CUST01321,2025-05-29,Visite site e-commerce,France (siège)
TP005077,CUST01321,2025-05-29,Appel conseiller de vente,France (siège)
TP005078,CUST01321,2025-12-03,Rendez-vous boutique,France (siège)
TP005079,CUST01321,2025-11-30,Rendez-vous boutique,France (siège)
TP005080,CUST01321,2025-11-26,Rendez-vous boutique,France (siège)
TP005081,CUST01321,2026-04-29,Rendez-vous boutique,France (siège)
TP005082,CUST01321,2026-04-27,Appel conseiller de vente,France (siège)
TP005083,CUST01322,2025-10-11,Visite site e-commerce,USA
TP005084,CUST01322,2025-10-30,Rendez-vous boutique,USA
TP005085,CUST01323,2025-03-03,Appel conseiller de vente,USA
TP005086,CUST01323,2025-07-30,Événement VIC,USA
TP005087,CUST01323,2025-08-02,Événement VIC,USA
TP005088,CUST01323,2025-12-29,Visite site e-commerce,USA
TP005089,CUST01323,2026-06-02,Visite site e-commerce,USA
TP005090,CUST01323,2026-06-15,Événement VIC,USA
TP005091,CUST01324,2025-08-07,Événement VIC,Chine
TP005092,CUST01324,2025-08-05,Ouverture newsletter,Chine
TP005093,CUST01324,2025-07-17,Ouverture newsletter,Chine
TP005094,CUST01324,2025-11-20,Visite site e-commerce,Chine
TP005095,CUST01324,2025-11-13,Visite site e-commerce,Chine
TP005096,CUST01324,2026-04-07,Rendez-vous boutique,Chine
TP005097,CUST01324,2026-07-22,Événement VIC,Chine
TP005098,CUST01326,2026-05-13,Ouverture newsletter,USA
TP005099,CUST01326,2026-04-28,Visite site e-commerce,USA
TP005100,CUST01327,2025-09-13,Rendez-vous boutique,Japon
TP005101,CUST01327,2026-03-02,Ouverture newsletter,Japon
TP005102,CUST01327,2026-03-06,Visite site e-commerce,Japon
TP005103,CUST01327,2026-02-23,Appel conseiller de vente,Japon
TP005104,CUST01327,2026-07-15,Visite site e-commerce,Japon
TP005105,CUST01327,2026-06-23,Rendez-vous boutique,Japon
TP005106,CUST01327,2026-07-06,Ouverture newsletter,Japon
TP005107,CUST01328,2026-04-18,Appel conseiller de vente,Japon
TP005108,CUST01329,2025-07-07,Appel conseiller de vente,France (siège)
TP005109,CUST01329,2025-07-24,Appel conseiller de vente,France (siège)
TP005110,CUST01329,2025-07-25,Événement VIC,France (siège)
TP005111,CUST01331,2025-02-23,Appel conseiller de vente,Moyen-Orient
TP005112,CUST01331,2025-03-01,Appel conseiller de vente,Moyen-Orient
TP005113,CUST01331,2025-07-26,Visite site e-commerce,Moyen-Orient
TP005114,CUST01331,2025-08-12,Appel conseiller de vente,Moyen-Orient
TP005115,CUST01331,2026-01-20,Visite site e-commerce,Moyen-Orient
TP005116,CUST01331,2026-01-06,Visite site e-commerce,Moyen-Orient
TP005117,CUST01331,2026-01-10,Ouverture newsletter,Moyen-Orient
TP005118,CUST01331,2026-06-12,Appel conseiller de vente,Moyen-Orient
TP005119,CUST01331,2026-07-04,Ouverture newsletter,Moyen-Orient
TP005120,CUST01331,2026-06-16,Visite site e-commerce,Moyen-Orient
TP005121,CUST01332,2025-05-30,Appel conseiller de vente,USA
TP005122,CUST01332,2025-05-30,Rendez-vous boutique,USA
TP005123,CUST01332,2025-11-19,Ouverture newsletter,USA
TP005124,CUST01332,2025-12-04,Ouverture newsletter,USA
TP005125,CUST01332,2025-12-05,Appel conseiller de vente,USA
TP005126,CUST01332,2026-04-15,Événement VIC,USA
TP005127,CUST01332,2026-04-13,Visite site e-commerce,USA
TP005128,CUST01333,2025-01-28,Visite site e-commerce,USA
TP005129,CUST01333,2025-05-22,Appel conseiller de vente,USA
TP005130,CUST01334,2026-07-08,Rendez-vous boutique,Chine
TP005131,CUST01334,2026-07-11,Événement VIC,Chine
TP005132,CUST01334,2026-06-26,Événement VIC,Chine
TP005133,CUST01335,2026-05-25,Appel conseiller de vente,France (siège)
TP005134,CUST01336,2025-02-07,Appel conseiller de vente,USA
TP005135,CUST01336,2025-08-15,Visite site e-commerce,USA
TP005136,CUST01336,2025-08-08,Appel conseiller de vente,USA
TP005137,CUST01336,2025-08-11,Rendez-vous boutique,USA
TP005138,CUST01338,2026-01-14,Visite site e-commerce,Moyen-Orient
TP005139,CUST01339,2025-09-14,Appel conseiller de vente,USA
TP005140,CUST01339,2025-10-01,Ouverture newsletter,USA
TP005141,CUST01339,2026-03-09,Événement VIC,USA
TP005142,CUST01339,2026-03-09,Visite site e-commerce,USA
TP005143,CUST01340,2025-09-28,Visite site e-commerce,France (siège)
TP005144,CUST01340,2025-10-03,Rendez-vous boutique,France (siège)
TP005145,CUST01340,2025-09-20,Appel conseiller de vente,France (siège)
TP005146,CUST01340,2026-02-19,Appel conseiller de vente,France (siège)
TP005147,CUST01340,2026-03-04,Ouverture newsletter,France (siège)
TP005148,CUST01340,2026-02-24,Visite site e-commerce,France (siège)
TP005149,CUST01341,2024-12-29,Visite site e-commerce,Japon
TP005150,CUST01341,2025-05-23,Rendez-vous boutique,Japon
TP005151,CUST01341,2025-09-01,Rendez-vous boutique,Japon
TP005152,CUST01341,2025-09-07,Événement VIC,Japon
TP005153,CUST01341,2025-08-21,Appel conseiller de vente,Japon
TP005154,CUST01341,2026-01-12,Rendez-vous boutique,Japon
TP005155,CUST01341,2026-02-03,Événement VIC,Japon
TP005156,CUST01341,2026-01-13,Visite site e-commerce,Japon
TP005157,CUST01341,2026-05-23,Ouverture newsletter,Japon
TP005158,CUST01341,2026-05-20,Ouverture newsletter,Japon
TP005159,CUST01341,2026-05-21,Appel conseiller de vente,Japon
TP005160,CUST01342,2025-05-27,Ouverture newsletter,Chine
TP005161,CUST01342,2025-05-19,Événement VIC,Chine
TP005162,CUST01342,2025-05-19,Visite site e-commerce,Chine
TP005163,CUST01343,2026-02-26,Rendez-vous boutique,France (siège)
TP005164,CUST01343,2026-02-24,Rendez-vous boutique,France (siège)
TP005165,CUST01343,2026-02-20,Ouverture newsletter,France (siège)
TP005166,CUST01344,2026-01-16,Visite site e-commerce,Japon
TP005167,CUST01344,2026-06-05,Ouverture newsletter,Japon
TP005168,CUST01344,2026-06-01,Visite site e-commerce,Japon
TP005169,CUST01345,2025-05-21,Rendez-vous boutique,Moyen-Orient
TP005170,CUST01345,2025-05-24,Rendez-vous boutique,Moyen-Orient
TP005171,CUST01345,2025-10-31,Appel conseiller de vente,Moyen-Orient
TP005172,CUST01345,2026-05-15,Visite site e-commerce,Moyen-Orient
TP005173,CUST01346,2025-08-09,Rendez-vous boutique,USA
TP005174,CUST01346,2025-08-15,Ouverture newsletter,USA
TP005175,CUST01346,2026-01-13,Appel conseiller de vente,USA
TP005176,CUST01346,2025-12-22,Événement VIC,USA
TP005177,CUST01346,2026-01-02,Ouverture newsletter,USA
TP005178,CUST01347,2025-10-14,Événement VIC,USA
TP005179,CUST01347,2026-03-01,Visite site e-commerce,USA
TP005180,CUST01347,2026-02-11,Ouverture newsletter,USA
TP005181,CUST01347,2026-02-13,Visite site e-commerce,USA
TP005182,CUST01347,2026-07-25,Visite site e-commerce,USA
TP005183,CUST01349,2025-04-21,Visite site e-commerce,Moyen-Orient
TP005184,CUST01349,2025-04-18,Rendez-vous boutique,Moyen-Orient
TP005185,CUST01349,2025-09-26,Visite site e-commerce,Moyen-Orient
TP005186,CUST01349,2025-10-14,Événement VIC,Moyen-Orient
TP005187,CUST01349,2026-03-11,Événement VIC,Moyen-Orient
TP005188,CUST01349,2026-03-22,Visite site e-commerce,Moyen-Orient
TP005189,CUST01349,2026-03-14,Appel conseiller de vente,Moyen-Orient
TP005190,CUST01350,2026-02-04,Événement VIC,Moyen-Orient
TP005191,CUST01350,2026-02-01,Événement VIC,Moyen-Orient
TP005192,CUST01350,2026-02-10,Appel conseiller de vente,Moyen-Orient
TP005193,CUST01350,2026-05-31,Événement VIC,Moyen-Orient
TP005194,CUST01350,2026-06-23,Visite site e-commerce,Moyen-Orient
TP005195,CUST01350,2026-06-23,Visite site e-commerce,Moyen-Orient
TP005196,CUST01351,2026-03-10,Visite site e-commerce,Chine
TP005197,CUST01351,2026-03-14,Appel conseiller de vente,Chine
TP005198,CUST01352,2025-11-02,Appel conseiller de vente,USA
TP005199,CUST01352,2025-11-13,Appel conseiller de vente,USA
TP005200,CUST01352,2025-11-05,Rendez-vous boutique,USA
TP005201,CUST01352,2026-03-10,Rendez-vous boutique,USA
TP005202,CUST01352,2026-07-21,Ouverture newsletter,USA
TP005203,CUST01352,2026-07-17,Ouverture newsletter,USA
TP005204,CUST01352,2026-07-17,Visite site e-commerce,USA
TP005205,CUST01353,2025-12-22,Visite site e-commerce,Moyen-Orient
TP005206,CUST01354,2025-10-19,Événement VIC,Chine
TP005207,CUST01354,2026-04-01,Ouverture newsletter,Chine
TP005208,CUST01354,2026-03-23,Événement VIC,Chine
TP005209,CUST01355,2025-08-19,Appel conseiller de vente,Japon
TP005210,CUST01355,2025-08-24,Rendez-vous boutique,Japon
TP005211,CUST01355,2026-01-07,Rendez-vous boutique,Japon
TP005212,CUST01355,2026-01-29,Événement VIC,Japon
TP005213,CUST01356,2026-04-14,Rendez-vous boutique,Chine
TP005214,CUST01356,2026-04-23,Visite site e-commerce,Chine
TP005215,CUST01356,2026-04-29,Visite site e-commerce,Chine
TP005216,CUST01357,2025-09-02,Ouverture newsletter,Moyen-Orient
TP005217,CUST01357,2025-09-18,Rendez-vous boutique,Moyen-Orient
TP005218,CUST01357,2025-09-20,Visite site e-commerce,Moyen-Orient
TP005219,CUST01357,2026-04-09,Visite site e-commerce,Moyen-Orient
TP005220,CUST01357,2026-04-02,Appel conseiller de vente,Moyen-Orient
TP005221,CUST01358,2026-05-23,Ouverture newsletter,USA
TP005222,CUST01358,2026-05-02,Appel conseiller de vente,USA
TP005223,CUST01358,2026-05-19,Événement VIC,USA
TP005224,CUST01359,2025-06-15,Rendez-vous boutique,France (siège)
TP005225,CUST01359,2025-06-15,Rendez-vous boutique,France (siège)
TP005226,CUST01359,2026-01-03,Ouverture newsletter,France (siège)
TP005227,CUST01359,2025-12-18,Visite site e-commerce,France (siège)
TP005228,CUST01359,2026-06-12,Rendez-vous boutique,France (siège)
TP005229,CUST01359,2026-05-24,Événement VIC,France (siège)
TP005230,CUST01359,2026-06-11,Ouverture newsletter,France (siège)
TP005231,CUST01360,2025-07-06,Événement VIC,France (siège)
TP005232,CUST01360,2025-07-10,Ouverture newsletter,France (siège)
TP005233,CUST01360,2026-01-01,Rendez-vous boutique,France (siège)
TP005234,CUST01360,2026-05-26,Ouverture newsletter,France (siège)
TP005235,CUST01360,2026-05-29,Ouverture newsletter,France (siège)
TP005236,CUST01361,2025-08-25,Visite site e-commerce,USA
TP005237,CUST01361,2025-08-13,Événement VIC,USA
TP005238,CUST01361,2026-01-05,Appel conseiller de vente,USA
TP005239,CUST01361,2026-01-15,Ouverture newsletter,USA
TP005240,CUST01361,2026-07-14,Événement VIC,USA
TP005241,CUST01362,2025-11-04,Visite site e-commerce,USA
TP005242,CUST01362,2025-11-03,Rendez-vous boutique,USA
TP005243,CUST01362,2025-11-03,Événement VIC,USA
TP005244,CUST01362,2026-06-16,Appel conseiller de vente,USA
TP005245,CUST01363,2025-06-03,Événement VIC,Chine
TP005246,CUST01363,2025-11-21,Événement VIC,Chine
TP005247,CUST01363,2025-11-09,Événement VIC,Chine
TP005248,CUST01363,2026-05-19,Appel conseiller de vente,Chine
TP005249,CUST01363,2026-05-03,Ouverture newsletter,Chine
TP005250,CUST01363,2026-05-14,Ouverture newsletter,Chine
TP005251,CUST01364,2025-12-02,Rendez-vous boutique,Japon
TP005252,CUST01364,2025-11-27,Événement VIC,Japon
TP005253,CUST01364,2025-11-20,Ouverture newsletter,Japon
TP005254,CUST01364,2026-03-25,Visite site e-commerce,Japon
TP005255,CUST01365,2025-08-28,Appel conseiller de vente,Japon
TP005256,CUST01365,2026-03-01,Ouverture newsletter,Japon
TP005257,CUST01365,2026-02-17,Événement VIC,Japon
TP005258,CUST01365,2026-02-17,Ouverture newsletter,Japon
TP005259,CUST01365,2026-07-16,Rendez-vous boutique,Japon
TP005260,CUST01366,2025-02-10,Ouverture newsletter,France (siège)
TP005261,CUST01366,2025-07-01,Rendez-vous boutique,France (siège)
TP005262,CUST01366,2025-12-04,Visite site e-commerce,France (siège)
TP005263,CUST01366,2025-12-19,Rendez-vous boutique,France (siège)
TP005264,CUST01366,2026-06-12,Rendez-vous boutique,France (siège)
TP005265,CUST01366,2026-06-16,Visite site e-commerce,France (siège)
TP005266,CUST01366,2026-06-05,Rendez-vous boutique,France (siège)
TP005267,CUST01367,2026-05-09,Événement VIC,Japon
TP005268,CUST01367,2026-04-30,Ouverture newsletter,Japon
TP005269,CUST01368,2025-04-30,Ouverture newsletter,France (siège)
TP005270,CUST01368,2025-04-20,Événement VIC,France (siège)
TP005271,CUST01368,2025-09-23,Ouverture newsletter,France (siège)
TP005272,CUST01368,2026-02-17,Ouverture newsletter,France (siège)
TP005273,CUST01368,2026-02-20,Rendez-vous boutique,France (siège)
TP005274,CUST01368,2026-02-18,Visite site e-commerce,France (siège)
TP005275,CUST01369,2025-05-16,Rendez-vous boutique,USA
TP005276,CUST01369,2025-05-16,Appel conseiller de vente,USA
TP005277,CUST01369,2025-12-02,Visite site e-commerce,USA
TP005278,CUST01369,2026-05-06,Ouverture newsletter,USA
TP005279,CUST01370,2025-09-13,Ouverture newsletter,USA
TP005280,CUST01370,2025-09-19,Rendez-vous boutique,USA
TP005281,CUST01370,2025-09-15,Rendez-vous boutique,USA
TP005282,CUST01370,2026-03-14,Visite site e-commerce,USA
TP005283,CUST01371,2025-05-25,Rendez-vous boutique,USA
TP005284,CUST01371,2025-05-11,Appel conseiller de vente,USA
TP005285,CUST01371,2025-05-06,Événement VIC,USA
TP005286,CUST01371,2025-11-18,Appel conseiller de vente,USA
TP005287,CUST01371,2025-11-12,Visite site e-commerce,USA
TP005288,CUST01371,2026-03-30,Appel conseiller de vente,USA
TP005289,CUST01371,2026-03-26,Ouverture newsletter,USA
TP005290,CUST01371,2026-03-10,Événement VIC,USA
TP005291,CUST01372,2025-03-12,Appel conseiller de vente,Japon
TP005292,CUST01372,2025-03-06,Événement VIC,Japon
TP005293,CUST01372,2025-08-04,Visite site e-commerce,Japon
TP005294,CUST01372,2025-07-18,Événement VIC,Japon
TP005295,CUST01372,2025-07-27,Visite site e-commerce,Japon
TP005296,CUST01372,2025-12-17,Ouverture newsletter,Japon
TP005297,CUST01372,2025-12-20,Événement VIC,Japon
TP005298,CUST01372,2026-05-22,Appel conseiller de vente,Japon
TP005299,CUST01373,2026-07-06,Ouverture newsletter,Moyen-Orient
TP005300,CUST01373,2026-07-06,Ouverture newsletter,Moyen-Orient
TP005301,CUST01373,2026-07-13,Ouverture newsletter,Moyen-Orient
TP005302,CUST01374,2025-12-01,Appel conseiller de vente,Chine
TP005303,CUST01374,2025-12-15,Rendez-vous boutique,Chine
TP005304,CUST01374,2026-05-22,Ouverture newsletter,Chine
TP005305,CUST01374,2026-05-03,Événement VIC,Chine
TP005306,CUST01375,2026-05-07,Événement VIC,USA
TP005307,CUST01376,2026-03-26,Événement VIC,USA
TP005308,CUST01376,2026-04-12,Visite site e-commerce,USA
TP005309,CUST01377,2026-04-04,Appel conseiller de vente,Moyen-Orient
TP005310,CUST01377,2026-04-12,Événement VIC,Moyen-Orient
TP005311,CUST01377,2026-04-16,Visite site e-commerce,Moyen-Orient
TP005312,CUST01379,2025-06-21,Appel conseiller de vente,France (siège)
TP005313,CUST01379,2025-06-12,Visite site e-commerce,France (siège)
TP005314,CUST01379,2025-05-29,Événement VIC,France (siège)
TP005315,CUST01380,2026-03-24,Ouverture newsletter,Japon
TP005316,CUST01380,2026-03-19,Événement VIC,Japon
TP005317,CUST01380,2026-03-18,Ouverture newsletter,Japon
TP005318,CUST01381,2025-09-17,Événement VIC,France (siège)
TP005319,CUST01381,2026-01-30,Événement VIC,France (siège)
TP005320,CUST01381,2026-02-04,Rendez-vous boutique,France (siège)
TP005321,CUST01381,2026-02-01,Visite site e-commerce,France (siège)
TP005322,CUST01381,2026-07-03,Visite site e-commerce,France (siège)
TP005323,CUST01382,2025-12-14,Rendez-vous boutique,USA
TP005324,CUST01382,2025-12-17,Événement VIC,USA
TP005325,CUST01382,2026-06-21,Rendez-vous boutique,USA
TP005326,CUST01382,2026-06-10,Événement VIC,USA
TP005327,CUST01383,2026-01-17,Rendez-vous boutique,Japon
TP005328,CUST01383,2026-01-29,Événement VIC,Japon
TP005329,CUST01383,2026-01-16,Ouverture newsletter,Japon
TP005330,CUST01383,2026-07-23,Ouverture newsletter,Japon
TP005331,CUST01384,2026-05-28,Rendez-vous boutique,Japon
TP005332,CUST01386,2025-01-17,Appel conseiller de vente,Moyen-Orient
TP005333,CUST01386,2025-05-12,Ouverture newsletter,Moyen-Orient
TP005334,CUST01386,2025-05-14,Appel conseiller de vente,Moyen-Orient
TP005335,CUST01386,2025-05-29,Ouverture newsletter,Moyen-Orient
TP005336,CUST01386,2025-08-31,Appel conseiller de vente,Moyen-Orient
TP005337,CUST01386,2025-08-20,Événement VIC,Moyen-Orient
TP005338,CUST01386,2025-08-26,Appel conseiller de vente,Moyen-Orient
TP005339,CUST01386,2026-01-01,Ouverture newsletter,Moyen-Orient
TP005340,CUST01386,2026-01-07,Ouverture newsletter,Moyen-Orient
TP005341,CUST01386,2026-05-06,Événement VIC,Moyen-Orient
TP005342,CUST01387,2026-05-22,Ouverture newsletter,Chine
TP005343,CUST01387,2026-05-08,Appel conseiller de vente,Chine
TP005344,CUST01388,2025-04-28,Rendez-vous boutique,France (siège)
TP005345,CUST01388,2025-05-02,Visite site e-commerce,France (siège)
TP005346,CUST01388,2025-04-18,Rendez-vous boutique,France (siège)
TP005347,CUST01388,2025-08-21,Ouverture newsletter,France (siège)
TP005348,CUST01388,2026-01-30,Appel conseiller de vente,France (siège)
TP005349,CUST01388,2026-01-28,Rendez-vous boutique,France (siège)
TP005350,CUST01388,2026-05-22,Rendez-vous boutique,France (siège)
TP005351,CUST01388,2026-05-20,Visite site e-commerce,France (siège)
TP005352,CUST01388,2026-05-31,Rendez-vous boutique,France (siège)
TP005353,CUST01389,2025-04-17,Rendez-vous boutique,France (siège)
TP005354,CUST01389,2025-04-09,Événement VIC,France (siège)
TP005355,CUST01391,2025-03-09,Visite site e-commerce,Chine
TP005356,CUST01391,2025-03-13,Appel conseiller de vente,Chine
TP005357,CUST01391,2025-03-08,Appel conseiller de vente,Chine
TP005358,CUST01391,2025-08-03,Événement VIC,Chine
TP005359,CUST01391,2025-08-09,Événement VIC,Chine
TP005360,CUST01391,2025-08-07,Visite site e-commerce,Chine
TP005361,CUST01391,2025-12-23,Visite site e-commerce,Chine
TP005362,CUST01391,2025-12-29,Visite site e-commerce,Chine
TP005363,CUST01391,2026-05-29,Rendez-vous boutique,Chine
TP005364,CUST01393,2026-07-04,Événement VIC,Chine
TP005365,CUST01393,2026-07-05,Appel conseiller de vente,Chine
TP005366,CUST01393,2026-07-04,Événement VIC,Chine
TP005367,CUST01394,2026-06-24,Événement VIC,Japon
TP005368,CUST01394,2026-06-27,Appel conseiller de vente,Japon
TP005369,CUST01395,2025-11-01,Appel conseiller de vente,Chine
TP005370,CUST01395,2025-11-02,Événement VIC,Chine
TP005371,CUST01395,2026-03-23,Appel conseiller de vente,Chine
TP005372,CUST01395,2026-03-24,Événement VIC,Chine
TP005373,CUST01397,2026-05-30,Ouverture newsletter,France (siège)
TP005374,CUST01397,2026-05-18,Ouverture newsletter,France (siège)
TP005375,CUST01397,2026-05-18,Événement VIC,France (siège)
TP005376,CUST01398,2025-04-16,Rendez-vous boutique,France (siège)
TP005377,CUST01398,2025-07-28,Visite site e-commerce,France (siège)
TP005378,CUST01398,2025-07-21,Ouverture newsletter,France (siège)
TP005379,CUST01398,2025-08-05,Ouverture newsletter,France (siège)
TP005380,CUST01398,2025-11-21,Visite site e-commerce,France (siège)
TP005381,CUST01398,2025-11-12,Appel conseiller de vente,France (siège)
TP005382,CUST01398,2026-04-29,Visite site e-commerce,France (siège)
TP005383,CUST01398,2026-05-09,Rendez-vous boutique,France (siège)
TP005384,CUST01398,2026-05-10,Appel conseiller de vente,France (siège)
TP005385,CUST01399,2025-08-15,Ouverture newsletter,Japon
TP005386,CUST01399,2026-01-27,Appel conseiller de vente,Japon
TP005387,CUST01399,2026-02-02,Appel conseiller de vente,Japon
TP005388,CUST01399,2026-01-18,Événement VIC,Japon
TP005389,CUST01400,2025-03-30,Rendez-vous boutique,USA
TP005390,CUST01400,2025-08-24,Ouverture newsletter,USA
TP005391,CUST01400,2025-08-26,Rendez-vous boutique,USA
TP005392,CUST01400,2025-12-28,Ouverture newsletter,USA
TP005393,CUST01400,2026-01-19,Appel conseiller de vente,USA
TP005394,CUST01400,2026-07-15,Rendez-vous boutique,USA
TP005395,CUST01402,2025-12-19,Rendez-vous boutique,France (siège)
TP005396,CUST01402,2026-05-16,Visite site e-commerce,France (siège)
TP005397,CUST01402,2026-05-15,Appel conseiller de vente,France (siège)
TP005398,CUST01403,2025-04-20,Événement VIC,Chine
TP005399,CUST01403,2025-04-20,Ouverture newsletter,Chine
TP005400,CUST01403,2025-04-20,Appel conseiller de vente,Chine
TP005401,CUST01403,2025-09-10,Événement VIC,Chine
TP005402,CUST01403,2025-09-13,Ouverture newsletter,Chine
TP005403,CUST01403,2026-03-23,Ouverture newsletter,Chine
TP005404,CUST01405,2025-02-11,Visite site e-commerce,USA
TP005405,CUST01405,2025-03-04,Événement VIC,USA
TP005406,CUST01405,2025-02-11,Événement VIC,USA
TP005407,CUST01405,2025-08-12,Appel conseiller de vente,USA
TP005408,CUST01405,2025-11-14,Appel conseiller de vente,USA
TP005409,CUST01405,2025-11-22,Événement VIC,USA
TP005410,CUST01405,2026-04-17,Ouverture newsletter,USA
TP005411,CUST01405,2026-04-07,Appel conseiller de vente,USA
TP005412,CUST01405,2026-04-15,Ouverture newsletter,USA
TP005413,CUST01406,2025-12-05,Visite site e-commerce,Chine
TP005414,CUST01406,2025-12-13,Appel conseiller de vente,Chine
TP005415,CUST01406,2026-06-24,Événement VIC,Chine
TP005416,CUST01408,2026-01-29,Rendez-vous boutique,Moyen-Orient
TP005417,CUST01408,2026-02-01,Événement VIC,Moyen-Orient
TP005418,CUST01409,2026-03-30,Appel conseiller de vente,France (siège)
TP005419,CUST01409,2026-03-26,Événement VIC,France (siège)
TP005420,CUST01410,2026-07-03,Rendez-vous boutique,Japon
TP005421,CUST01410,2026-06-30,Événement VIC,Japon
TP005422,CUST01410,2026-06-19,Appel conseiller de vente,Japon
TP005423,CUST01411,2026-03-10,Appel conseiller de vente,France (siège)
TP005424,CUST01412,2025-05-13,Appel conseiller de vente,France (siège)
TP005425,CUST01412,2025-09-21,Événement VIC,France (siège)
TP005426,CUST01412,2025-09-14,Ouverture newsletter,France (siège)
TP005427,CUST01413,2025-10-09,Visite site e-commerce,USA
TP005428,CUST01413,2025-10-09,Visite site e-commerce,USA
TP005429,CUST01414,2026-06-17,Ouverture newsletter,USA
TP005430,CUST01414,2026-06-30,Rendez-vous boutique,USA
TP005431,CUST01414,2026-06-29,Ouverture newsletter,USA
TP005432,CUST01415,2025-11-26,Visite site e-commerce,France (siège)
TP005433,CUST01415,2026-05-10,Rendez-vous boutique,France (siège)
TP005434,CUST01416,2025-05-31,Visite site e-commerce,USA
TP005435,CUST01416,2025-05-15,Événement VIC,USA
TP005436,CUST01416,2025-06-01,Événement VIC,USA
TP005437,CUST01416,2025-10-06,Appel conseiller de vente,USA
TP005438,CUST01416,2026-04-11,Événement VIC,USA
TP005439,CUST01416,2026-04-27,Rendez-vous boutique,USA
TP005440,CUST01416,2026-04-17,Appel conseiller de vente,USA
TP005441,CUST01417,2025-05-18,Événement VIC,Japon
TP005442,CUST01417,2025-05-14,Rendez-vous boutique,Japon
TP005443,CUST01417,2025-06-01,Appel conseiller de vente,Japon
TP005444,CUST01418,2025-11-27,Rendez-vous boutique,USA
TP005445,CUST01418,2026-03-30,Appel conseiller de vente,USA
TP005446,CUST01418,2026-07-11,Visite site e-commerce,USA
TP005447,CUST01418,2026-07-06,Ouverture newsletter,USA
TP005448,CUST01419,2026-06-01,Appel conseiller de vente,Chine
TP005449,CUST01419,2026-06-10,Appel conseiller de vente,Chine
TP005450,CUST01419,2026-06-15,Ouverture newsletter,Chine
TP005451,CUST01420,2025-08-01,Appel conseiller de vente,Chine
TP005452,CUST01420,2025-08-03,Ouverture newsletter,Chine
TP005453,CUST01420,2025-08-02,Appel conseiller de vente,Chine
TP005454,CUST01420,2026-01-04,Appel conseiller de vente,Chine
TP005455,CUST01420,2026-07-05,Ouverture newsletter,Chine
TP005456,CUST01420,2026-07-09,Rendez-vous boutique,Chine
TP005457,CUST01420,2026-07-15,Ouverture newsletter,Chine
TP005458,CUST01421,2026-06-09,Événement VIC,France (siège)
TP005459,CUST01422,2025-05-25,Ouverture newsletter,Moyen-Orient
TP005460,CUST01422,2025-05-12,Appel conseiller de vente,Moyen-Orient
TP005461,CUST01422,2025-10-06,Événement VIC,Moyen-Orient
TP005462,CUST01422,2026-03-27,Événement VIC,Moyen-Orient
TP005463,CUST01423,2026-06-04,Ouverture newsletter,Moyen-Orient
TP005464,CUST01423,2026-06-08,Appel conseiller de vente,Moyen-Orient
TP005465,CUST01424,2026-04-24,Événement VIC,USA
TP005466,CUST01424,2026-04-30,Événement VIC,USA
TP005467,CUST01424,2026-04-09,Rendez-vous boutique,USA
TP005468,CUST01426,2025-07-23,Ouverture newsletter,Japon
TP005469,CUST01426,2026-01-28,Rendez-vous boutique,Japon
TP005470,CUST01426,2026-06-25,Rendez-vous boutique,Japon
TP005471,CUST01426,2026-06-25,Événement VIC,Japon
TP005472,CUST01426,2026-06-15,Événement VIC,Japon
TP005473,CUST01427,2025-08-26,Événement VIC,Japon
TP005474,CUST01427,2025-09-01,Événement VIC,Japon
TP005475,CUST01427,2025-08-31,Événement VIC,Japon
TP005476,CUST01427,2026-01-27,Ouverture newsletter,Japon
TP005477,CUST01427,2026-02-10,Rendez-vous boutique,Japon
TP005478,CUST01427,2026-01-25,Visite site e-commerce,Japon
TP005479,CUST01427,2026-06-22,Événement VIC,Japon
TP005480,CUST01427,2026-07-10,Événement VIC,Japon
TP005481,CUST01427,2026-06-19,Ouverture newsletter,Japon
TP005482,CUST01428,2025-10-22,Événement VIC,Chine
TP005483,CUST01428,2025-11-04,Événement VIC,Chine
TP005484,CUST01428,2026-01-08,Visite site e-commerce,Chine
TP005485,CUST01428,2026-03-30,Événement VIC,Chine
TP005486,CUST01429,2026-03-11,Ouverture newsletter,Moyen-Orient
TP005487,CUST01430,2025-02-28,Appel conseiller de vente,Chine
TP005488,CUST01430,2025-03-04,Ouverture newsletter,Chine
TP005489,CUST01430,2025-02-25,Appel conseiller de vente,Chine
TP005490,CUST01430,2025-07-11,Rendez-vous boutique,Chine
TP005491,CUST01430,2025-07-21,Visite site e-commerce,Chine
TP005492,CUST01430,2025-07-21,Ouverture newsletter,Chine
TP005493,CUST01430,2025-11-27,Ouverture newsletter,Chine
TP005494,CUST01430,2026-04-17,Appel conseiller de vente,Chine
TP005495,CUST01430,2026-04-14,Ouverture newsletter,Chine
TP005496,CUST01430,2026-04-08,Rendez-vous boutique,Chine
TP005497,CUST01431,2025-09-30,Appel conseiller de vente,Chine
TP005498,CUST01431,2025-10-03,Rendez-vous boutique,Chine
TP005499,CUST01432,2025-09-16,Rendez-vous boutique,Japon
TP005500,CUST01432,2025-09-12,Appel conseiller de vente,Japon
TP005501,CUST01432,2025-09-05,Appel conseiller de vente,Japon
TP005502,CUST01432,2026-02-11,Événement VIC,Japon
TP005503,CUST01433,2025-03-26,Visite site e-commerce,France (siège)
TP005504,CUST01433,2025-08-26,Rendez-vous boutique,France (siège)
TP005505,CUST01433,2025-08-23,Événement VIC,France (siège)
TP005506,CUST01433,2026-02-24,Ouverture newsletter,France (siège)
TP005507,CUST01433,2026-03-07,Visite site e-commerce,France (siège)
TP005508,CUST01434,2026-06-26,Appel conseiller de vente,Chine
TP005509,CUST01435,2026-03-22,Visite site e-commerce,France (siège)
TP005510,CUST01435,2026-04-11,Événement VIC,France (siège)
TP005511,CUST01435,2026-03-21,Événement VIC,France (siège)
TP005512,CUST01436,2026-06-22,Événement VIC,Moyen-Orient
TP005513,CUST01436,2026-07-10,Événement VIC,Moyen-Orient
TP005514,CUST01436,2026-07-05,Événement VIC,Moyen-Orient
TP005515,CUST01437,2025-02-26,Appel conseiller de vente,USA
TP005516,CUST01437,2025-08-12,Événement VIC,USA
TP005517,CUST01437,2025-08-12,Ouverture newsletter,USA
TP005518,CUST01437,2025-08-04,Rendez-vous boutique,USA
TP005519,CUST01437,2026-01-16,Appel conseiller de vente,USA
TP005520,CUST01437,2026-02-03,Événement VIC,USA
TP005521,CUST01437,2026-01-18,Appel conseiller de vente,USA
TP005522,CUST01437,2026-06-07,Événement VIC,USA
TP005523,CUST01437,2026-05-30,Appel conseiller de vente,USA
TP005524,CUST01438,2025-06-07,Événement VIC,USA
TP005525,CUST01438,2025-05-30,Appel conseiller de vente,USA
TP005526,CUST01438,2025-11-10,Rendez-vous boutique,USA
TP005527,CUST01438,2025-11-12,Visite site e-commerce,USA
TP005528,CUST01438,2025-11-01,Rendez-vous boutique,USA
TP005529,CUST01438,2026-06-03,Appel conseiller de vente,USA
TP005530,CUST01438,2026-05-16,Visite site e-commerce,USA
TP005531,CUST01439,2026-05-21,Événement VIC,France (siège)
TP005532,CUST01440,2025-05-10,Événement VIC,Chine
TP005533,CUST01440,2025-05-11,Visite site e-commerce,Chine
TP005534,CUST01440,2025-09-23,Rendez-vous boutique,Chine
TP005535,CUST01440,2025-09-21,Rendez-vous boutique,Chine
TP005536,CUST01440,2026-03-09,Visite site e-commerce,Chine
TP005537,CUST01440,2026-02-20,Ouverture newsletter,Chine
TP005538,CUST01440,2026-02-14,Appel conseiller de vente,Chine
TP005539,CUST01440,2026-07-29,Visite site e-commerce,Chine
TP005540,CUST01440,2026-07-16,Appel conseiller de vente,Chine
TP005541,CUST01441,2025-08-27,Rendez-vous boutique,Japon
TP005542,CUST01441,2025-09-09,Visite site e-commerce,Japon
TP005543,CUST01441,2025-09-12,Ouverture newsletter,Japon
TP005544,CUST01441,2026-03-10,Ouverture newsletter,Japon
TP005545,CUST01442,2025-08-20,Événement VIC,Japon
TP005546,CUST01442,2025-08-18,Appel conseiller de vente,Japon
TP005547,CUST01442,2026-03-07,Appel conseiller de vente,Japon
TP005548,CUST01443,2025-06-17,Ouverture newsletter,France (siège)
TP005549,CUST01443,2025-06-17,Appel conseiller de vente,France (siège)
TP005550,CUST01443,2025-06-13,Rendez-vous boutique,France (siège)
TP005551,CUST01443,2025-12-06,Événement VIC,France (siège)
TP005552,CUST01443,2025-12-07,Appel conseiller de vente,France (siège)
TP005553,CUST01443,2026-05-30,Événement VIC,France (siège)
TP005554,CUST01443,2026-05-20,Ouverture newsletter,France (siège)
TP005555,CUST01443,2026-05-30,Événement VIC,France (siège)
TP005556,CUST01444,2026-01-15,Événement VIC,Chine
TP005557,CUST01444,2026-07-09,Rendez-vous boutique,Chine
TP005558,CUST01444,2026-06-25,Visite site e-commerce,Chine
TP005559,CUST01444,2026-07-01,Rendez-vous boutique,Chine
TP005560,CUST01445,2025-08-13,Appel conseiller de vente,France (siège)
TP005561,CUST01445,2025-08-14,Ouverture newsletter,France (siège)
TP005562,CUST01445,2025-08-13,Ouverture newsletter,France (siège)
TP005563,CUST01445,2026-01-20,Rendez-vous boutique,France (siège)
TP005564,CUST01446,2025-09-13,Rendez-vous boutique,USA
TP005565,CUST01446,2026-01-30,Appel conseiller de vente,USA
TP005566,CUST01446,2026-01-27,Appel conseiller de vente,USA
TP005567,CUST01446,2026-06-16,Rendez-vous boutique,USA
TP005568,CUST01446,2026-06-12,Rendez-vous boutique,USA
TP005569,CUST01447,2025-10-30,Ouverture newsletter,Moyen-Orient
TP005570,CUST01447,2025-10-30,Événement VIC,Moyen-Orient
TP005571,CUST01447,2025-10-22,Rendez-vous boutique,Moyen-Orient
TP005572,CUST01447,2026-04-10,Ouverture newsletter,Moyen-Orient
TP005573,CUST01447,2026-03-26,Événement VIC,Moyen-Orient
TP005574,CUST01448,2025-05-08,Rendez-vous boutique,USA
TP005575,CUST01448,2025-05-27,Rendez-vous boutique,USA
TP005576,CUST01448,2025-05-21,Rendez-vous boutique,USA
TP005577,CUST01448,2025-10-01,Rendez-vous boutique,USA
TP005578,CUST01449,2025-03-20,Rendez-vous boutique,Japon
TP005579,CUST01449,2025-03-10,Rendez-vous boutique,Japon
TP005580,CUST01449,2025-03-17,Événement VIC,Japon
TP005581,CUST01449,2025-09-16,Événement VIC,Japon
TP005582,CUST01449,2025-09-02,Ouverture newsletter,Japon
TP005583,CUST01449,2025-09-04,Rendez-vous boutique,Japon
TP005584,CUST01449,2026-03-08,Événement VIC,Japon
TP005585,CUST01450,2026-04-30,Événement VIC,Chine
TP005586,CUST01450,2026-05-18,Rendez-vous boutique,Chine
TP005587,CUST01450,2026-05-19,Appel conseiller de vente,Chine
TP005588,CUST01451,2026-06-21,Appel conseiller de vente,Moyen-Orient
TP005589,CUST01451,2026-07-02,Événement VIC,Moyen-Orient
TP005590,CUST01452,2025-10-29,Ouverture newsletter,Moyen-Orient
TP005591,CUST01452,2026-02-11,Visite site e-commerce,Moyen-Orient
TP005592,CUST01452,2026-02-06,Ouverture newsletter,Moyen-Orient
TP005593,CUST01452,2026-05-05,Ouverture newsletter,Moyen-Orient
TP005594,CUST01453,2026-03-25,Appel conseiller de vente,France (siège)
TP005595,CUST01453,2026-03-10,Ouverture newsletter,France (siège)
TP005596,CUST01454,2026-06-30,Événement VIC,France (siège)
TP005597,CUST01454,2026-06-11,Événement VIC,France (siège)
TP005598,CUST01454,2026-06-24,Rendez-vous boutique,France (siège)
TP005599,CUST01455,2025-06-16,Événement VIC,France (siège)
TP005600,CUST01455,2025-06-02,Événement VIC,France (siège)
TP005601,CUST01455,2025-06-18,Ouverture newsletter,France (siège)
TP005602,CUST01455,2025-11-08,Ouverture newsletter,France (siège)
TP005603,CUST01455,2026-04-27,Rendez-vous boutique,France (siège)
TP005604,CUST01455,2026-04-24,Appel conseiller de vente,France (siège)
TP005605,CUST01455,2026-04-20,Visite site e-commerce,France (siège)
TP005606,CUST01456,2026-01-16,Visite site e-commerce,USA
TP005607,CUST01456,2026-01-21,Rendez-vous boutique,USA
TP005608,CUST01456,2026-01-15,Événement VIC,USA
TP005609,CUST01456,2026-05-30,Visite site e-commerce,USA
TP005610,CUST01456,2026-06-12,Événement VIC,USA
TP005611,CUST01456,2026-06-21,Appel conseiller de vente,USA
TP005612,CUST01457,2025-08-31,Visite site e-commerce,France (siège)
TP005613,CUST01457,2025-09-23,Ouverture newsletter,France (siège)
TP005614,CUST01457,2025-09-09,Rendez-vous boutique,France (siège)
TP005615,CUST01457,2026-02-06,Rendez-vous boutique,France (siège)
TP005616,CUST01457,2026-02-06,Visite site e-commerce,France (siège)
TP005617,CUST01457,2026-07-30,Ouverture newsletter,France (siège)
TP005618,CUST01458,2025-11-29,Rendez-vous boutique,Chine
TP005619,CUST01458,2025-12-03,Rendez-vous boutique,Chine
TP005620,CUST01458,2026-03-18,Visite site e-commerce,Chine
TP005621,CUST01459,2025-08-15,Appel conseiller de vente,Chine
TP005622,CUST01459,2025-08-24,Appel conseiller de vente,Chine
TP005623,CUST01459,2025-08-26,Événement VIC,Chine
TP005624,CUST01459,2026-03-22,Ouverture newsletter,Chine
TP005625,CUST01459,2026-04-04,Ouverture newsletter,Chine
TP005626,CUST01460,2026-03-26,Événement VIC,Chine
TP005627,CUST01460,2026-03-25,Appel conseiller de vente,Chine
TP005628,CUST01461,2025-07-17,Événement VIC,USA
TP005629,CUST01461,2025-07-16,Rendez-vous boutique,USA
TP005630,CUST01461,2025-12-21,Événement VIC,USA
TP005631,CUST01461,2026-06-10,Visite site e-commerce,USA
TP005632,CUST01461,2026-06-09,Ouverture newsletter,USA
TP005633,CUST01461,2026-06-05,Événement VIC,USA
TP005634,CUST01462,2026-05-30,Appel conseiller de vente,USA
TP005635,CUST01462,2026-05-28,Événement VIC,USA
TP005636,CUST01462,2026-05-25,Rendez-vous boutique,USA
TP005637,CUST01463,2026-01-17,Visite site e-commerce,Japon
TP005638,CUST01464,2025-07-17,Événement VIC,Japon
TP005639,CUST01464,2025-07-11,Ouverture newsletter,Japon
TP005640,CUST01464,2025-07-10,Événement VIC,Japon
TP005641,CUST01465,2025-11-28,Rendez-vous boutique,USA
TP005642,CUST01465,2025-12-02,Événement VIC,USA
TP005643,CUST01465,2025-11-26,Visite site e-commerce,USA
TP005644,CUST01465,2026-06-14,Appel conseiller de vente,USA
TP005645,CUST01466,2026-03-20,Ouverture newsletter,Chine
TP005646,CUST01466,2026-03-26,Visite site e-commerce,Chine
TP005647,CUST01466,2026-03-26,Appel conseiller de vente,Chine
TP005648,CUST01467,2025-11-06,Visite site e-commerce,Japon
TP005649,CUST01467,2025-11-21,Ouverture newsletter,Japon
TP005650,CUST01467,2025-11-27,Visite site e-commerce,Japon
TP005651,CUST01467,2026-04-27,Visite site e-commerce,Japon
TP005652,CUST01468,2026-01-18,Ouverture newsletter,Japon
TP005653,CUST01468,2026-01-23,Visite site e-commerce,Japon
TP005654,CUST01469,2026-02-07,Appel conseiller de vente,USA
TP005655,CUST01469,2026-01-30,Appel conseiller de vente,USA
TP005656,CUST01470,2025-12-17,Visite site e-commerce,USA
TP005657,CUST01470,2026-07-10,Visite site e-commerce,USA
TP005658,CUST01470,2026-07-17,Visite site e-commerce,USA
TP005659,CUST01471,2026-07-22,Visite site e-commerce,Chine
TP005660,CUST01471,2026-07-28,Appel conseiller de vente,Chine
TP005661,CUST01471,2026-07-18,Visite site e-commerce,Chine
TP005662,CUST01472,2025-08-15,Ouverture newsletter,Moyen-Orient
TP005663,CUST01472,2026-01-15,Ouverture newsletter,Moyen-Orient
TP005664,CUST01472,2026-02-01,Rendez-vous boutique,Moyen-Orient
TP005665,CUST01472,2026-01-26,Ouverture newsletter,Moyen-Orient
TP005666,CUST01472,2026-06-20,Ouverture newsletter,Moyen-Orient
TP005667,CUST01472,2026-07-01,Visite site e-commerce,Moyen-Orient
TP005668,CUST01472,2026-06-14,Événement VIC,Moyen-Orient
TP005669,CUST01473,2025-05-18,Rendez-vous boutique,Chine
TP005670,CUST01473,2025-05-25,Rendez-vous boutique,Chine
TP005671,CUST01473,2025-05-14,Appel conseiller de vente,Chine
TP005672,CUST01473,2025-09-21,Appel conseiller de vente,Chine
TP005673,CUST01473,2025-09-27,Rendez-vous boutique,Chine
TP005674,CUST01473,2026-02-08,Événement VIC,Chine
TP005675,CUST01473,2026-01-23,Événement VIC,Chine
TP005676,CUST01473,2026-06-15,Rendez-vous boutique,Chine
TP005677,CUST01473,2026-06-08,Appel conseiller de vente,Chine
TP005678,CUST01474,2026-04-03,Événement VIC,Moyen-Orient
TP005679,CUST01475,2025-12-25,Rendez-vous boutique,Japon
TP005680,CUST01475,2026-05-12,Appel conseiller de vente,Japon
TP005681,CUST01475,2026-05-23,Appel conseiller de vente,Japon
TP005682,CUST01475,2026-05-26,Appel conseiller de vente,Japon
TP005683,CUST01476,2025-02-09,Ouverture newsletter,Japon
TP005684,CUST01476,2025-08-15,Rendez-vous boutique,Japon
TP005685,CUST01476,2025-08-02,Visite site e-commerce,Japon
TP005686,CUST01476,2025-08-15,Appel conseiller de vente,Japon
TP005687,CUST01476,2026-02-13,Ouverture newsletter,Japon
TP005688,CUST01476,2026-01-31,Visite site e-commerce,Japon
TP005689,CUST01476,2026-01-27,Appel conseiller de vente,Japon
TP005690,CUST01477,2025-04-20,Visite site e-commerce,Moyen-Orient
TP005691,CUST01477,2025-04-23,Rendez-vous boutique,Moyen-Orient
TP005692,CUST01477,2025-04-16,Visite site e-commerce,Moyen-Orient
TP005693,CUST01477,2025-10-05,Événement VIC,Moyen-Orient
TP005694,CUST01477,2025-09-13,Rendez-vous boutique,Moyen-Orient
TP005695,CUST01477,2025-09-20,Appel conseiller de vente,Moyen-Orient
TP005696,CUST01477,2026-03-31,Rendez-vous boutique,Moyen-Orient
TP005697,CUST01477,2026-04-15,Appel conseiller de vente,Moyen-Orient
TP005698,CUST01478,2025-02-24,Rendez-vous boutique,Chine
TP005699,CUST01478,2025-09-18,Événement VIC,Chine
TP005700,CUST01478,2026-03-01,Ouverture newsletter,Chine
TP005701,CUST01478,2026-03-14,Événement VIC,Chine
TP005702,CUST01478,2026-02-26,Ouverture newsletter,Chine
TP005703,CUST01479,2025-06-30,Rendez-vous boutique,France (siège)
TP005704,CUST01479,2025-06-26,Appel conseiller de vente,France (siège)
TP005705,CUST01479,2025-11-28,Visite site e-commerce,France (siège)
TP005706,CUST01479,2026-05-17,Événement VIC,France (siège)
TP005707,CUST01480,2025-06-07,Appel conseiller de vente,USA
TP005708,CUST01480,2025-06-04,Appel conseiller de vente,USA
TP005709,CUST01480,2025-05-22,Ouverture newsletter,USA
TP005710,CUST01480,2025-11-21,Rendez-vous boutique,USA
TP005711,CUST01480,2026-04-07,Événement VIC,USA
TP005712,CUST01480,2026-04-07,Ouverture newsletter,USA
TP005713,CUST01481,2025-11-12,Rendez-vous boutique,Japon
TP005714,CUST01481,2025-11-22,Visite site e-commerce,Japon
TP005715,CUST01481,2025-11-23,Événement VIC,Japon
TP005716,CUST01481,2026-04-20,Événement VIC,Japon
TP005717,CUST01481,2026-04-08,Ouverture newsletter,Japon
TP005718,CUST01482,2025-12-25,Visite site e-commerce,Chine
TP005719,CUST01482,2025-12-27,Visite site e-commerce,Chine
TP005720,CUST01482,2025-12-30,Appel conseiller de vente,Chine
TP005721,CUST01482,2026-06-19,Événement VIC,Chine
TP005722,CUST01482,2026-06-30,Événement VIC,Chine
TP005723,CUST01482,2026-06-25,Ouverture newsletter,Chine
TP005724,CUST01483,2026-03-30,Appel conseiller de vente,Japon
TP005725,CUST01483,2026-04-13,Événement VIC,Japon
TP005726,CUST01484,2026-05-26,Appel conseiller de vente,Moyen-Orient
TP005727,CUST01484,2026-05-30,Rendez-vous boutique,Moyen-Orient
TP005728,CUST01484,2026-05-24,Événement VIC,Moyen-Orient
TP005729,CUST01485,2026-02-15,Ouverture newsletter,Japon
TP005730,CUST01485,2026-03-06,Événement VIC,Japon
TP005731,CUST01486,2026-06-01,Ouverture newsletter,Chine
TP005732,CUST01486,2026-06-01,Visite site e-commerce,Chine
TP005733,CUST01486,2026-05-18,Ouverture newsletter,Chine
TP005734,CUST01487,2025-04-03,Rendez-vous boutique,USA
TP005735,CUST01487,2025-08-05,Ouverture newsletter,USA
TP005736,CUST01487,2025-11-19,Événement VIC,USA
TP005737,CUST01487,2025-11-19,Visite site e-commerce,USA
TP005738,CUST01487,2026-03-24,Rendez-vous boutique,USA
TP005739,CUST01488,2026-05-25,Rendez-vous boutique,Japon
TP005740,CUST01489,2025-02-13,Rendez-vous boutique,Japon
TP005741,CUST01489,2025-02-11,Ouverture newsletter,Japon
TP005742,CUST01490,2025-04-10,Ouverture newsletter,Japon
TP005743,CUST01490,2025-08-17,Rendez-vous boutique,Japon
TP005744,CUST01490,2025-08-21,Rendez-vous boutique,Japon
TP005745,CUST01490,2026-03-13,Appel conseiller de vente,Japon
TP005746,CUST01490,2026-03-13,Ouverture newsletter,Japon
TP005747,CUST01490,2026-02-20,Rendez-vous boutique,Japon
TP005748,CUST01493,2025-10-04,Visite site e-commerce,USA
TP005749,CUST01493,2025-10-01,Visite site e-commerce,USA
TP005750,CUST01493,2026-01-24,Visite site e-commerce,USA
TP005751,CUST01493,2026-02-03,Événement VIC,USA
TP005752,CUST01493,2026-06-05,Appel conseiller de vente,USA
TP005753,CUST01493,2026-06-13,Rendez-vous boutique,USA
TP005754,CUST01493,2026-06-21,Rendez-vous boutique,USA
TP005755,CUST01495,2025-08-03,Ouverture newsletter,France (siège)
TP005756,CUST01495,2026-02-01,Appel conseiller de vente,France (siège)
TP005757,CUST01495,2026-01-23,Ouverture newsletter,France (siège)
TP005758,CUST01495,2026-06-21,Appel conseiller de vente,France (siège)
TP005759,CUST01495,2026-07-01,Rendez-vous boutique,France (siège)
TP005760,CUST01495,2026-06-16,Ouverture newsletter,France (siège)
TP005761,CUST01496,2025-08-13,Rendez-vous boutique,France (siège)
TP005762,CUST01496,2025-08-02,Appel conseiller de vente,France (siège)
TP005763,CUST01496,2025-12-12,Appel conseiller de vente,France (siège)
TP005764,CUST01496,2026-01-03,Appel conseiller de vente,France (siège)
TP005765,CUST01496,2025-12-21,Événement VIC,France (siège)
TP005766,CUST01496,2026-05-11,Événement VIC,France (siège)
TP005767,CUST01496,2026-05-10,Appel conseiller de vente,France (siège)
TP005768,CUST01497,2026-01-22,Événement VIC,France (siège)
TP005769,CUST01499,2025-12-04,Ouverture newsletter,Moyen-Orient
TP005770,CUST01499,2025-12-03,Rendez-vous boutique,Moyen-Orient
TP005771,CUST01499,2025-11-15,Visite site e-commerce,Moyen-Orient
TP005772,CUST01499,2026-04-30,Rendez-vous boutique,Moyen-Orient
TP005773,CUST01499,2026-04-13,Ouverture newsletter,Moyen-Orient
TP005774,CUST01499,2026-04-20,Visite site e-commerce,Moyen-Orient
TP005775,CUST01500,2025-12-25,Rendez-vous boutique,Chine
TP005776,CUST01500,2025-12-21,Appel conseiller de vente,Chine
TP005777,CUST01500,2026-01-07,Ouverture newsletter,Chine
TP005778,CUST01500,2026-07-10,Appel conseiller de vente,Chine
TP005779,CUST01500,2026-07-04,Événement VIC,Chine
TP005780,CUST01501,2025-05-23,Appel conseiller de vente,Moyen-Orient
TP005781,CUST01501,2025-11-05,Ouverture newsletter,Moyen-Orient
TP005782,CUST01501,2026-03-28,Visite site e-commerce,Moyen-Orient
TP005783,CUST01501,2026-03-27,Rendez-vous boutique,Moyen-Orient
TP005784,CUST01502,2026-05-17,Appel conseiller de vente,USA
TP005785,CUST01502,2026-05-14,Rendez-vous boutique,USA
TP005786,CUST01502,2026-05-20,Appel conseiller de vente,USA
TP005787,CUST01503,2026-04-04,Ouverture newsletter,Japon
TP005788,CUST01503,2026-04-13,Visite site e-commerce,Japon
TP005789,CUST01504,2026-01-22,Ouverture newsletter,France (siège)
TP005790,CUST01504,2026-01-25,Événement VIC,France (siège)
TP005791,CUST01504,2026-07-07,Ouverture newsletter,France (siège)
TP005792,CUST01504,2026-06-20,Ouverture newsletter,France (siège)
TP005793,CUST01504,2026-07-04,Événement VIC,France (siège)
TP005794,CUST01506,2025-09-24,Ouverture newsletter,Chine
TP005795,CUST01506,2025-09-29,Visite site e-commerce,Chine
TP005796,CUST01506,2026-02-20,Rendez-vous boutique,Chine
TP005797,CUST01506,2026-02-13,Rendez-vous boutique,Chine
TP005798,CUST01506,2026-02-21,Appel conseiller de vente,Chine
TP005799,CUST01507,2025-10-28,Événement VIC,USA
TP005800,CUST01507,2025-10-24,Appel conseiller de vente,USA
TP005801,CUST01507,2026-05-30,Ouverture newsletter,USA
TP005802,CUST01507,2026-05-20,Ouverture newsletter,USA
TP005803,CUST01507,2026-05-22,Appel conseiller de vente,USA
TP005804,CUST01508,2025-08-02,Événement VIC,USA
TP005805,CUST01508,2025-07-24,Visite site e-commerce,USA
TP005806,CUST01508,2025-07-21,Ouverture newsletter,USA
TP005807,CUST01508,2025-12-14,Ouverture newsletter,USA
TP005808,CUST01508,2025-12-11,Événement VIC,USA
TP005809,CUST01508,2025-12-02,Événement VIC,USA
TP005810,CUST01508,2026-05-11,Ouverture newsletter,USA
TP005811,CUST01508,2026-05-25,Rendez-vous boutique,USA
TP005812,CUST01508,2026-05-21,Ouverture newsletter,USA
TP005813,CUST01509,2025-12-06,Visite site e-commerce,France (siège)
TP005814,CUST01509,2026-04-03,Appel conseiller de vente,France (siège)
TP005815,CUST01510,2025-12-25,Ouverture newsletter,USA
TP005816,CUST01510,2025-12-23,Appel conseiller de vente,USA
TP005817,CUST01511,2026-07-08,Événement VIC,France (siège)
TP005818,CUST01511,2026-07-11,Événement VIC,France (siège)
TP005819,CUST01512,2025-12-10,Visite site e-commerce,Chine
TP005820,CUST01512,2025-12-08,Ouverture newsletter,Chine
TP005821,CUST01512,2025-12-07,Ouverture newsletter,Chine
TP005822,CUST01512,2026-05-15,Visite site e-commerce,Chine
TP005823,CUST01513,2025-02-16,Événement VIC,Japon
TP005824,CUST01513,2025-03-01,Ouverture newsletter,Japon
TP005825,CUST01513,2025-06-14,Événement VIC,Japon
TP005826,CUST01513,2025-11-04,Ouverture newsletter,Japon
TP005827,CUST01513,2026-04-11,Appel conseiller de vente,Japon
TP005828,CUST01513,2026-04-14,Ouverture newsletter,Japon
TP005829,CUST01513,2026-04-06,Appel conseiller de vente,Japon
TP005830,CUST01514,2026-01-20,Visite site e-commerce,France (siège)
TP005831,CUST01515,2026-02-20,Ouverture newsletter,Moyen-Orient
TP005832,CUST01515,2026-02-09,Ouverture newsletter,Moyen-Orient
TP005833,CUST01515,2026-03-05,Appel conseiller de vente,Moyen-Orient
TP005834,CUST01516,2026-02-10,Visite site e-commerce,Japon
TP005835,CUST01516,2026-03-02,Visite site e-commerce,Japon
TP005836,CUST01517,2025-11-24,Ouverture newsletter,Japon
TP005837,CUST01517,2025-12-01,Événement VIC,Japon
TP005838,CUST01517,2026-04-21,Visite site e-commerce,Japon
TP005839,CUST01518,2026-03-26,Événement VIC,Chine
TP005840,CUST01519,2025-01-23,Événement VIC,Japon
TP005841,CUST01519,2025-07-16,Ouverture newsletter,Japon
TP005842,CUST01519,2026-01-04,Visite site e-commerce,Japon
TP005843,CUST01519,2025-12-25,Ouverture newsletter,Japon
TP005844,CUST01519,2026-01-06,Visite site e-commerce,Japon
TP005845,CUST01521,2025-12-17,Appel conseiller de vente,Chine
TP005846,CUST01521,2026-01-08,Événement VIC,Chine
TP005847,CUST01521,2026-01-07,Rendez-vous boutique,Chine
TP005848,CUST01521,2026-07-03,Appel conseiller de vente,Chine
TP005849,CUST01522,2025-02-23,Rendez-vous boutique,USA
TP005850,CUST01522,2025-03-06,Appel conseiller de vente,USA
TP005851,CUST01522,2025-03-03,Rendez-vous boutique,USA
TP005852,CUST01522,2025-06-26,Appel conseiller de vente,USA
TP005853,CUST01522,2025-11-21,Rendez-vous boutique,USA
TP005854,CUST01522,2026-04-12,Appel conseiller de vente,USA
TP005855,CUST01522,2026-05-02,Ouverture newsletter,USA
TP005856,CUST01522,2026-04-11,Visite site e-commerce,USA
TP005857,CUST01524,2025-11-14,Appel conseiller de vente,France (siège)
TP005858,CUST01524,2025-11-20,Appel conseiller de vente,France (siège)
TP005859,CUST01524,2026-03-28,Événement VIC,France (siège)
TP005860,CUST01524,2026-04-05,Événement VIC,France (siège)
TP005861,CUST01524,2026-04-14,Appel conseiller de vente,France (siège)
TP005862,CUST01525,2026-05-28,Appel conseiller de vente,USA
TP005863,CUST01525,2026-05-06,Rendez-vous boutique,USA
TP005864,CUST01525,2026-05-13,Visite site e-commerce,USA
TP005865,CUST01526,2026-06-05,Événement VIC,Japon
TP005866,CUST01527,2026-03-03,Appel conseiller de vente,Japon
TP005867,CUST01528,2026-01-27,Ouverture newsletter,Japon
TP005868,CUST01528,2026-06-21,Appel conseiller de vente,Japon
TP005869,CUST01528,2026-07-07,Visite site e-commerce,Japon
TP005870,CUST01528,2026-06-19,Visite site e-commerce,Japon
TP005871,CUST01529,2025-12-26,Appel conseiller de vente,Japon
TP005872,CUST01529,2025-12-23,Rendez-vous boutique,Japon
TP005873,CUST01529,2025-12-31,Événement VIC,Japon
TP005874,CUST01529,2026-05-25,Visite site e-commerce,Japon
TP005875,CUST01530,2025-05-15,Événement VIC,Japon
TP005876,CUST01530,2025-05-25,Visite site e-commerce,Japon
TP005877,CUST01530,2025-09-29,Rendez-vous boutique,Japon
TP005878,CUST01530,2026-03-28,Appel conseiller de vente,Japon
TP005879,CUST01531,2025-03-31,Appel conseiller de vente,USA
TP005880,CUST01531,2025-08-23,Événement VIC,USA
TP005881,CUST01531,2026-01-25,Ouverture newsletter,USA
TP005882,CUST01531,2026-02-05,Appel conseiller de vente,USA
TP005883,CUST01531,2026-07-26,Événement VIC,USA
TP005884,CUST01532,2025-07-17,Visite site e-commerce,USA
TP005885,CUST01532,2025-07-19,Événement VIC,USA
TP005886,CUST01534,2026-07-19,Ouverture newsletter,France (siège)
TP005887,CUST01535,2025-06-24,Rendez-vous boutique,Chine
TP005888,CUST01535,2025-06-29,Appel conseiller de vente,Chine
TP005889,CUST01535,2025-06-23,Visite site e-commerce,Chine
TP005890,CUST01536,2025-02-14,Événement VIC,France (siège)
TP005891,CUST01536,2025-02-05,Rendez-vous boutique,France (siège)
TP005892,CUST01536,2025-02-06,Ouverture newsletter,France (siège)
TP005893,CUST01536,2025-06-21,Ouverture newsletter,France (siège)
TP005894,CUST01536,2025-09-30,Événement VIC,France (siège)
TP005895,CUST01536,2025-10-13,Appel conseiller de vente,France (siège)
TP005896,CUST01536,2025-10-14,Événement VIC,France (siège)
TP005897,CUST01536,2026-02-12,Visite site e-commerce,France (siège)
TP005898,CUST01536,2026-02-13,Rendez-vous boutique,France (siège)
TP005899,CUST01536,2026-02-14,Événement VIC,France (siège)
TP005900,CUST01536,2026-06-11,Appel conseiller de vente,France (siège)
TP005901,CUST01536,2026-06-25,Appel conseiller de vente,France (siège)
TP005902,CUST01537,2025-08-30,Visite site e-commerce,France (siège)
TP005903,CUST01537,2025-09-10,Appel conseiller de vente,France (siège)
TP005904,CUST01537,2025-09-09,Visite site e-commerce,France (siège)
TP005905,CUST01537,2026-02-22,Visite site e-commerce,France (siège)
TP005906,CUST01537,2026-02-24,Visite site e-commerce,France (siège)
TP005907,CUST01537,2026-02-18,Rendez-vous boutique,France (siège)
TP005908,CUST01538,2026-01-01,Visite site e-commerce,Moyen-Orient
TP005909,CUST01538,2025-12-21,Rendez-vous boutique,Moyen-Orient
TP005910,CUST01538,2026-06-01,Rendez-vous boutique,Moyen-Orient
TP005911,CUST01538,2026-05-25,Rendez-vous boutique,Moyen-Orient
TP005912,CUST01539,2026-04-14,Visite site e-commerce,Chine
TP005913,CUST01539,2026-04-01,Appel conseiller de vente,Chine
TP005914,CUST01539,2026-04-04,Appel conseiller de vente,Chine
TP005915,CUST01539,2026-07-14,Événement VIC,Chine
TP005916,CUST01540,2026-07-25,Visite site e-commerce,Chine
TP005917,CUST01541,2025-04-12,Événement VIC,Japon
TP005918,CUST01541,2025-04-17,Rendez-vous boutique,Japon
TP005919,CUST01541,2025-04-09,Appel conseiller de vente,Japon
TP005920,CUST01541,2025-09-28,Appel conseiller de vente,Japon
TP005921,CUST01542,2025-04-24,Appel conseiller de vente,France (siège)
TP005922,CUST01542,2025-04-25,Visite site e-commerce,France (siège)
TP005923,CUST01542,2025-04-12,Visite site e-commerce,France (siège)
TP005924,CUST01542,2025-09-19,Visite site e-commerce,France (siège)
TP005925,CUST01542,2026-01-14,Événement VIC,France (siège)
TP005926,CUST01542,2026-06-22,Événement VIC,France (siège)
TP005927,CUST01543,2026-06-04,Ouverture newsletter,France (siège)
TP005928,CUST01543,2026-06-02,Rendez-vous boutique,France (siège)
TP005929,CUST01543,2026-06-03,Appel conseiller de vente,France (siège)
TP005930,CUST01544,2026-07-05,Rendez-vous boutique,Moyen-Orient
TP005931,CUST01545,2025-09-11,Rendez-vous boutique,Chine
TP005932,CUST01545,2026-02-04,Appel conseiller de vente,Chine
TP005933,CUST01545,2026-02-15,Appel conseiller de vente,Chine
TP005934,CUST01545,2026-02-11,Ouverture newsletter,Chine
TP005935,CUST01547,2025-03-11,Ouverture newsletter,USA
TP005936,CUST01547,2025-03-10,Appel conseiller de vente,USA
TP005937,CUST01547,2025-03-18,Visite site e-commerce,USA
TP005938,CUST01547,2025-08-29,Appel conseiller de vente,USA
TP005939,CUST01547,2026-03-01,Rendez-vous boutique,USA
TP005940,CUST01547,2026-02-17,Événement VIC,USA
TP005941,CUST01548,2025-03-31,Appel conseiller de vente,France (siège)
TP005942,CUST01548,2025-10-05,Événement VIC,France (siège)
TP005943,CUST01548,2026-03-25,Ouverture newsletter,France (siège)
TP005944,CUST01548,2026-03-23,Rendez-vous boutique,France (siège)
TP005945,CUST01550,2025-10-17,Rendez-vous boutique,USA
TP005946,CUST01550,2025-10-31,Ouverture newsletter,USA
TP005947,CUST01550,2025-10-15,Visite site e-commerce,USA
TP005948,CUST01550,2026-02-06,Ouverture newsletter,USA
TP005949,CUST01550,2026-05-29,Ouverture newsletter,USA
TP005950,CUST01550,2026-06-14,Rendez-vous boutique,USA
TP005951,CUST01551,2025-10-01,Événement VIC,USA
TP005952,CUST01551,2026-03-18,Appel conseiller de vente,USA
TP005953,CUST01552,2025-10-08,Événement VIC,France (siège)
TP005954,CUST01552,2025-10-22,Appel conseiller de vente,France (siège)
TP005955,CUST01552,2025-10-24,Appel conseiller de vente,France (siège)
TP005956,CUST01553,2026-06-13,Ouverture newsletter,Chine
TP005957,CUST01554,2025-01-14,Visite site e-commerce,Chine
TP005958,CUST01554,2025-06-22,Ouverture newsletter,Chine
TP005959,CUST01554,2025-06-22,Appel conseiller de vente,Chine
TP005960,CUST01554,2025-07-05,Événement VIC,Chine
TP005961,CUST01554,2025-11-26,Événement VIC,Chine
TP005962,CUST01554,2026-03-28,Ouverture newsletter,Chine
TP005963,CUST01554,2026-03-24,Visite site e-commerce,Chine
TP005964,CUST01554,2026-03-19,Événement VIC,Chine
TP005965,CUST01555,2025-07-29,Visite site e-commerce,Japon
TP005966,CUST01555,2025-07-24,Appel conseiller de vente,Japon
TP005967,CUST01555,2025-07-31,Appel conseiller de vente,Japon
TP005968,CUST01555,2026-01-20,Rendez-vous boutique,Japon
TP005969,CUST01556,2026-07-18,Événement VIC,USA
TP005970,CUST01556,2026-07-10,Ouverture newsletter,USA
TP005971,CUST01557,2026-03-24,Rendez-vous boutique,France (siège)
TP005972,CUST01557,2026-03-12,Ouverture newsletter,France (siège)
TP005973,CUST01557,2026-03-17,Rendez-vous boutique,France (siège)
TP005974,CUST01558,2025-08-18,Rendez-vous boutique,France (siège)
TP005975,CUST01558,2025-08-25,Ouverture newsletter,France (siège)
TP005976,CUST01558,2025-08-31,Appel conseiller de vente,France (siège)
TP005977,CUST01558,2025-12-29,Visite site e-commerce,France (siège)
TP005978,CUST01558,2026-01-10,Appel conseiller de vente,France (siège)
TP005979,CUST01558,2026-06-02,Appel conseiller de vente,France (siège)
TP005980,CUST01559,2025-02-04,Rendez-vous boutique,France (siège)
TP005981,CUST01559,2025-02-23,Appel conseiller de vente,France (siège)
TP005982,CUST01559,2025-02-19,Événement VIC,France (siège)
TP005983,CUST01559,2025-05-10,Événement VIC,France (siège)
TP005984,CUST01559,2025-04-27,Rendez-vous boutique,France (siège)
TP005985,CUST01559,2025-08-29,Visite site e-commerce,France (siège)
TP005986,CUST01559,2026-02-02,Appel conseiller de vente,France (siège)
TP005987,CUST01560,2025-01-22,Appel conseiller de vente,USA
TP005988,CUST01560,2025-05-25,Ouverture newsletter,USA
TP005989,CUST01560,2025-05-23,Visite site e-commerce,USA
TP005990,CUST01560,2025-10-10,Appel conseiller de vente,USA
TP005991,CUST01560,2025-10-02,Ouverture newsletter,USA
TP005992,CUST01560,2025-10-01,Ouverture newsletter,USA
TP005993,CUST01560,2026-01-19,Événement VIC,USA
TP005994,CUST01560,2026-05-16,Rendez-vous boutique,USA
TP005995,CUST01560,2026-05-22,Événement VIC,USA
TP005996,CUST01561,2025-09-21,Événement VIC,USA
TP005997,CUST01561,2025-09-25,Appel conseiller de vente,USA
TP005998,CUST01561,2026-02-22,Événement VIC,USA
TP005999,CUST01561,2026-02-20,Rendez-vous boutique,USA
TP006000,CUST01561,2026-03-02,Visite site e-commerce,USA
TP006001,CUST01563,2025-12-29,Rendez-vous boutique,France (siège)
TP006002,CUST01563,2025-12-23,Appel conseiller de vente,France (siège)
TP006003,CUST01563,2025-12-20,Événement VIC,France (siège)
TP006004,CUST01563,2026-07-27,Ouverture newsletter,France (siège)
TP006005,CUST01563,2026-07-24,Événement VIC,France (siège)
TP006006,CUST01565,2025-05-26,Ouverture newsletter,Japon
TP006007,CUST01565,2025-05-29,Événement VIC,Japon
TP006008,CUST01565,2025-05-19,Rendez-vous boutique,Japon
TP006009,CUST01565,2025-11-23,Événement VIC,Japon
TP006010,CUST01565,2025-11-27,Événement VIC,Japon
TP006011,CUST01565,2026-06-19,Rendez-vous boutique,Japon
TP006012,CUST01565,2026-06-23,Appel conseiller de vente,Japon
TP006013,CUST01566,2026-07-08,Visite site e-commerce,USA
TP006014,CUST01566,2026-07-13,Rendez-vous boutique,USA
TP006015,CUST01567,2026-04-04,Visite site e-commerce,Moyen-Orient
TP006016,CUST01567,2026-03-26,Ouverture newsletter,Moyen-Orient
TP006017,CUST01568,2025-08-07,Visite site e-commerce,Moyen-Orient
TP006018,CUST01568,2025-08-17,Événement VIC,Moyen-Orient
TP006019,CUST01568,2025-11-29,Rendez-vous boutique,Moyen-Orient
TP006020,CUST01568,2025-12-18,Événement VIC,Moyen-Orient
TP006021,CUST01568,2025-12-04,Ouverture newsletter,Moyen-Orient
TP006022,CUST01569,2025-11-29,Visite site e-commerce,USA
TP006023,CUST01569,2025-12-07,Ouverture newsletter,USA
TP006024,CUST01569,2025-12-11,Ouverture newsletter,USA
TP006025,CUST01569,2026-05-25,Rendez-vous boutique,USA
TP006026,CUST01569,2026-05-22,Événement VIC,USA
TP006027,CUST01570,2026-02-07,Appel conseiller de vente,USA
TP006028,CUST01570,2026-02-03,Événement VIC,USA
TP006029,CUST01570,2026-06-16,Rendez-vous boutique,USA
TP006030,CUST01571,2025-05-25,Rendez-vous boutique,Moyen-Orient
TP006031,CUST01571,2025-05-02,Appel conseiller de vente,Moyen-Orient
TP006032,CUST01571,2025-10-10,Appel conseiller de vente,Moyen-Orient
TP006033,CUST01572,2025-12-03,Événement VIC,USA
TP006034,CUST01572,2025-11-21,Appel conseiller de vente,USA
TP006035,CUST01572,2026-02-21,Appel conseiller de vente,USA
TP006036,CUST01572,2026-03-06,Ouverture newsletter,USA
TP006037,CUST01572,2026-03-13,Rendez-vous boutique,USA
TP006038,CUST01572,2026-06-18,Rendez-vous boutique,USA
TP006039,CUST01572,2026-06-10,Événement VIC,USA
TP006040,CUST01573,2025-05-24,Rendez-vous boutique,Japon
TP006041,CUST01573,2025-05-20,Rendez-vous boutique,Japon
TP006042,CUST01573,2025-12-06,Ouverture newsletter,Japon
TP006043,CUST01573,2025-11-25,Ouverture newsletter,Japon
TP006044,CUST01573,2026-05-05,Visite site e-commerce,Japon
TP006045,CUST01573,2026-04-13,Ouverture newsletter,Japon
TP006046,CUST01573,2026-04-14,Ouverture newsletter,Japon
TP006047,CUST01574,2025-08-17,Appel conseiller de vente,France (siège)
TP006048,CUST01574,2025-08-10,Appel conseiller de vente,France (siège)
TP006049,CUST01574,2025-12-12,Rendez-vous boutique,France (siège)
TP006050,CUST01574,2025-12-11,Ouverture newsletter,France (siège)
TP006051,CUST01574,2025-12-12,Appel conseiller de vente,France (siège)
TP006052,CUST01574,2026-05-24,Ouverture newsletter,France (siège)
TP006053,CUST01574,2026-06-15,Visite site e-commerce,France (siège)
TP006054,CUST01575,2025-02-18,Visite site e-commerce,France (siège)
TP006055,CUST01575,2025-02-16,Appel conseiller de vente,France (siège)
TP006056,CUST01575,2025-07-21,Visite site e-commerce,France (siège)
TP006057,CUST01575,2025-07-14,Événement VIC,France (siège)
TP006058,CUST01575,2025-11-23,Rendez-vous boutique,France (siège)
TP006059,CUST01575,2025-12-01,Visite site e-commerce,France (siège)
TP006060,CUST01575,2025-11-26,Rendez-vous boutique,France (siège)
TP006061,CUST01575,2026-02-18,Appel conseiller de vente,France (siège)
TP006062,CUST01575,2026-03-03,Visite site e-commerce,France (siège)
TP006063,CUST01576,2026-03-11,Rendez-vous boutique,USA
TP006064,CUST01577,2025-09-08,Visite site e-commerce,Chine
TP006065,CUST01577,2025-09-02,Rendez-vous boutique,Chine
TP006066,CUST01577,2025-08-22,Rendez-vous boutique,Chine
TP006067,CUST01577,2025-12-26,Visite site e-commerce,Chine
TP006068,CUST01577,2026-05-19,Appel conseiller de vente,Chine
TP006069,CUST01578,2026-01-27,Appel conseiller de vente,Japon
TP006070,CUST01578,2026-01-22,Événement VIC,Japon
TP006071,CUST01578,2026-07-11,Visite site e-commerce,Japon
TP006072,CUST01578,2026-07-25,Rendez-vous boutique,Japon
TP006073,CUST01578,2026-07-24,Appel conseiller de vente,Japon
TP006074,CUST01580,2025-06-14,Ouverture newsletter,Moyen-Orient
TP006075,CUST01580,2025-06-06,Visite site e-commerce,Moyen-Orient
TP006076,CUST01580,2025-06-06,Ouverture newsletter,Moyen-Orient
TP006077,CUST01580,2025-11-25,Ouverture newsletter,Moyen-Orient
TP006078,CUST01580,2025-11-13,Appel conseiller de vente,Moyen-Orient
TP006079,CUST01580,2026-03-30,Événement VIC,Moyen-Orient
TP006080,CUST01581,2026-01-08,Événement VIC,Japon
TP006081,CUST01581,2026-06-27,Visite site e-commerce,Japon
TP006082,CUST01581,2026-06-19,Visite site e-commerce,Japon
TP006083,CUST01581,2026-06-05,Visite site e-commerce,Japon
TP006084,CUST01582,2025-11-02,Événement VIC,USA
TP006085,CUST01582,2025-10-25,Rendez-vous boutique,USA
TP006086,CUST01582,2026-03-17,Rendez-vous boutique,USA
TP006087,CUST01582,2026-03-18,Ouverture newsletter,USA
TP006088,CUST01583,2026-07-03,Rendez-vous boutique,Japon
TP006089,CUST01583,2026-06-25,Ouverture newsletter,Japon
TP006090,CUST01583,2026-06-25,Appel conseiller de vente,Japon
TP006091,CUST01584,2025-03-05,Événement VIC,USA
TP006092,CUST01584,2025-03-15,Rendez-vous boutique,USA
TP006093,CUST01584,2025-07-22,Ouverture newsletter,USA
TP006094,CUST01584,2025-07-16,Rendez-vous boutique,USA
TP006095,CUST01584,2025-07-04,Appel conseiller de vente,USA
TP006096,CUST01584,2025-11-17,Appel conseiller de vente,USA
TP006097,CUST01584,2026-03-30,Ouverture newsletter,USA
TP006098,CUST01584,2026-04-10,Événement VIC,USA
TP006099,CUST01585,2025-02-05,Appel conseiller de vente,France (siège)
TP006100,CUST01585,2025-08-18,Visite site e-commerce,France (siège)
TP006101,CUST01585,2025-08-19,Événement VIC,France (siège)
TP006102,CUST01586,2025-06-24,Rendez-vous boutique,Chine
TP006103,CUST01586,2026-01-01,Visite site e-commerce,Chine
TP006104,CUST01586,2026-05-30,Visite site e-commerce,Chine
TP006105,CUST01587,2025-01-27,Événement VIC,Japon
TP006106,CUST01587,2025-01-06,Appel conseiller de vente,Japon
TP006107,CUST01587,2025-04-25,Visite site e-commerce,Japon
TP006108,CUST01587,2025-04-29,Événement VIC,Japon
TP006109,CUST01587,2025-04-19,Visite site e-commerce,Japon
TP006110,CUST01587,2025-09-23,Appel conseiller de vente,Japon
TP006111,CUST01587,2026-01-14,Événement VIC,Japon
TP006112,CUST01587,2026-01-12,Ouverture newsletter,Japon
TP006113,CUST01587,2026-06-06,Ouverture newsletter,Japon
TP006114,CUST01587,2026-05-21,Appel conseiller de vente,Japon
TP006115,CUST01587,2026-06-07,Visite site e-commerce,Japon
TP006116,CUST01588,2025-12-17,Visite site e-commerce,Moyen-Orient
TP006117,CUST01588,2025-12-14,Visite site e-commerce,Moyen-Orient
TP006118,CUST01588,2025-12-15,Ouverture newsletter,Moyen-Orient
TP006119,CUST01588,2026-04-30,Événement VIC,Moyen-Orient
TP006120,CUST01588,2026-04-27,Rendez-vous boutique,Moyen-Orient
TP006121,CUST01589,2025-03-09,Rendez-vous boutique,Moyen-Orient
TP006122,CUST01589,2025-03-09,Appel conseiller de vente,Moyen-Orient
TP006123,CUST01589,2025-03-19,Rendez-vous boutique,Moyen-Orient
TP006124,CUST01589,2025-08-06,Rendez-vous boutique,Moyen-Orient
TP006125,CUST01589,2025-08-20,Appel conseiller de vente,Moyen-Orient
TP006126,CUST01589,2025-12-23,Ouverture newsletter,Moyen-Orient
TP006127,CUST01589,2026-04-23,Appel conseiller de vente,Moyen-Orient
TP006128,CUST01590,2026-03-21,Visite site e-commerce,France (siège)
TP006129,CUST01593,2026-06-23,Appel conseiller de vente,Chine
TP006130,CUST01593,2026-06-19,Ouverture newsletter,Chine
TP006131,CUST01594,2025-05-11,Événement VIC,France (siège)
TP006132,CUST01594,2025-05-03,Ouverture newsletter,France (siège)
TP006133,CUST01594,2025-10-11,Événement VIC,France (siège)
TP006134,CUST01594,2026-04-20,Événement VIC,France (siège)
TP006135,CUST01594,2026-04-09,Événement VIC,France (siège)
TP006136,CUST01595,2025-09-28,Visite site e-commerce,Japon
TP006137,CUST01595,2025-10-17,Visite site e-commerce,Japon
TP006138,CUST01595,2025-10-01,Visite site e-commerce,Japon
TP006139,CUST01595,2026-03-03,Rendez-vous boutique,Japon
TP006140,CUST01596,2026-05-01,Événement VIC,Moyen-Orient
TP006141,CUST01597,2026-04-07,Ouverture newsletter,Moyen-Orient
TP006142,CUST01598,2025-10-12,Événement VIC,USA
TP006143,CUST01598,2026-02-18,Appel conseiller de vente,USA
TP006144,CUST01598,2026-03-04,Rendez-vous boutique,USA
TP006145,CUST01598,2026-07-03,Ouverture newsletter,USA
TP006146,CUST01598,2026-07-25,Appel conseiller de vente,USA
TP006147,CUST01599,2025-07-19,Événement VIC,Moyen-Orient
TP006148,CUST01599,2025-07-26,Rendez-vous boutique,Moyen-Orient
TP006149,CUST01599,2025-12-22,Rendez-vous boutique,Moyen-Orient
TP006150,CUST01599,2026-01-05,Événement VIC,Moyen-Orient
TP006151,CUST01599,2026-07-07,Rendez-vous boutique,Moyen-Orient
TP006152,CUST01599,2026-07-05,Rendez-vous boutique,Moyen-Orient
TP006153,CUST01599,2026-06-30,Visite site e-commerce,Moyen-Orient
TP006154,CUST01600,2025-11-28,Visite site e-commerce,USA
TP006155,CUST01600,2025-11-28,Visite site e-commerce,USA
TP006156,CUST01600,2026-04-22,Ouverture newsletter,USA
TP006157,CUST01600,2026-04-20,Appel conseiller de vente,USA
TP006158,CUST01600,2026-04-23,Appel conseiller de vente,USA
TP006159,CUST01601,2026-04-12,Appel conseiller de vente,USA
TP006160,CUST01601,2026-04-09,Rendez-vous boutique,USA
TP006161,CUST01601,2026-04-28,Rendez-vous boutique,USA
TP006162,CUST01603,2026-01-23,Visite site e-commerce,France (siège)
TP006163,CUST01603,2026-02-10,Événement VIC,France (siège)
TP006164,CUST01603,2026-07-24,Rendez-vous boutique,France (siège)
TP006165,CUST01604,2025-10-13,Appel conseiller de vente,USA
TP006166,CUST01604,2025-10-07,Visite site e-commerce,USA
TP006167,CUST01604,2025-10-21,Ouverture newsletter,USA
TP006168,CUST01604,2026-04-12,Rendez-vous boutique,USA
TP006169,CUST01605,2026-07-05,Rendez-vous boutique,Chine
TP006170,CUST01605,2026-06-24,Rendez-vous boutique,Chine
TP006171,CUST01606,2026-05-07,Rendez-vous boutique,France (siège)
TP006172,CUST01607,2025-09-27,Visite site e-commerce,Chine
TP006173,CUST01607,2025-10-02,Événement VIC,Chine
TP006174,CUST01607,2025-09-27,Visite site e-commerce,Chine
TP006175,CUST01608,2025-03-15,Événement VIC,France (siège)
TP006176,CUST01608,2025-02-28,Événement VIC,France (siège)
TP006177,CUST01608,2025-09-11,Événement VIC,France (siège)
TP006178,CUST01608,2025-09-24,Ouverture newsletter,France (siège)
TP006179,CUST01608,2025-09-15,Appel conseiller de vente,France (siège)
TP006180,CUST01608,2026-03-27,Événement VIC,France (siège)
TP006181,CUST01608,2026-04-07,Visite site e-commerce,France (siège)
TP006182,CUST01608,2026-03-20,Visite site e-commerce,France (siège)
TP006183,CUST01609,2025-11-27,Rendez-vous boutique,Japon
TP006184,CUST01609,2025-12-12,Événement VIC,Japon
TP006185,CUST01609,2025-12-20,Rendez-vous boutique,Japon
TP006186,CUST01612,2025-10-15,Rendez-vous boutique,Japon
TP006187,CUST01612,2025-10-19,Ouverture newsletter,Japon
TP006188,CUST01612,2026-02-22,Événement VIC,Japon
TP006189,CUST01612,2026-03-05,Ouverture newsletter,Japon
TP006190,CUST01613,2025-12-31,Ouverture newsletter,Moyen-Orient
TP006191,CUST01613,2025-12-24,Appel conseiller de vente,Moyen-Orient
TP006192,CUST01613,2025-12-25,Rendez-vous boutique,Moyen-Orient
TP006193,CUST01613,2026-06-29,Rendez-vous boutique,Moyen-Orient
TP006194,CUST01613,2026-07-06,Événement VIC,Moyen-Orient
TP006195,CUST01614,2025-11-20,Rendez-vous boutique,Moyen-Orient
TP006196,CUST01614,2025-12-02,Ouverture newsletter,Moyen-Orient
TP006197,CUST01614,2026-04-23,Événement VIC,Moyen-Orient
TP006198,CUST01614,2026-05-11,Ouverture newsletter,Moyen-Orient
TP006199,CUST01614,2026-04-21,Ouverture newsletter,Moyen-Orient
TP006200,CUST01615,2026-01-04,Événement VIC,USA
TP006201,CUST01615,2026-01-14,Appel conseiller de vente,USA
TP006202,CUST01615,2026-05-25,Appel conseiller de vente,USA
TP006203,CUST01615,2026-06-03,Événement VIC,USA
TP006204,CUST01616,2025-07-31,Visite site e-commerce,Moyen-Orient
TP006205,CUST01617,2026-03-07,Appel conseiller de vente,USA
TP006206,CUST01617,2026-03-20,Événement VIC,USA
TP006207,CUST01618,2025-03-22,Rendez-vous boutique,Moyen-Orient
TP006208,CUST01618,2025-08-12,Visite site e-commerce,Moyen-Orient
TP006209,CUST01618,2025-08-08,Événement VIC,Moyen-Orient
TP006210,CUST01618,2025-08-10,Appel conseiller de vente,Moyen-Orient
TP006211,CUST01618,2025-12-15,Appel conseiller de vente,Moyen-Orient
TP006212,CUST01618,2026-01-01,Visite site e-commerce,Moyen-Orient
TP006213,CUST01618,2026-05-08,Rendez-vous boutique,Moyen-Orient
TP006214,CUST01618,2026-04-22,Visite site e-commerce,Moyen-Orient
TP006215,CUST01619,2025-02-20,Visite site e-commerce,Chine
TP006216,CUST01619,2025-07-22,Appel conseiller de vente,Chine
TP006217,CUST01619,2025-07-14,Appel conseiller de vente,Chine
TP006218,CUST01619,2025-07-18,Visite site e-commerce,Chine
TP006219,CUST01619,2025-12-28,Événement VIC,Chine
TP006220,CUST01619,2025-12-19,Événement VIC,Chine
TP006221,CUST01619,2026-01-02,Événement VIC,Chine
TP006222,CUST01619,2026-06-16,Visite site e-commerce,Chine
TP006223,CUST01620,2026-04-10,Appel conseiller de vente,Japon
TP006224,CUST01620,2026-04-04,Événement VIC,Japon
TP006225,CUST01620,2026-04-21,Visite site e-commerce,Japon
TP006226,CUST01622,2025-06-01,Visite site e-commerce,France (siège)
TP006227,CUST01622,2025-05-16,Appel conseiller de vente,France (siège)
TP006228,CUST01622,2025-11-11,Événement VIC,France (siège)
TP006229,CUST01623,2025-02-16,Événement VIC,USA
TP006230,CUST01623,2025-07-10,Rendez-vous boutique,USA
TP006231,CUST01623,2025-07-23,Appel conseiller de vente,USA
TP006232,CUST01623,2026-01-13,Appel conseiller de vente,USA
TP006233,CUST01623,2026-05-31,Visite site e-commerce,USA
TP006234,CUST01623,2026-06-17,Appel conseiller de vente,USA
TP006235,CUST01624,2025-04-01,Visite site e-commerce,Moyen-Orient
TP006236,CUST01624,2025-04-10,Rendez-vous boutique,Moyen-Orient
TP006237,CUST01624,2025-07-16,Visite site e-commerce,Moyen-Orient
TP006238,CUST01624,2025-10-27,Visite site e-commerce,Moyen-Orient
TP006239,CUST01624,2025-10-16,Rendez-vous boutique,Moyen-Orient
TP006240,CUST01624,2025-10-17,Ouverture newsletter,Moyen-Orient
TP006241,CUST01624,2026-02-15,Appel conseiller de vente,Moyen-Orient
TP006242,CUST01624,2026-02-26,Appel conseiller de vente,Moyen-Orient
TP006243,CUST01624,2026-05-25,Visite site e-commerce,Moyen-Orient
TP006244,CUST01624,2026-06-03,Appel conseiller de vente,Moyen-Orient
TP006245,CUST01624,2026-06-10,Ouverture newsletter,Moyen-Orient
TP006246,CUST01625,2026-04-16,Appel conseiller de vente,USA
TP006247,CUST01625,2026-04-19,Visite site e-commerce,USA
TP006248,CUST01626,2025-02-15,Visite site e-commerce,France (siège)
TP006249,CUST01626,2025-02-08,Événement VIC,France (siège)
TP006250,CUST01626,2025-02-08,Événement VIC,France (siège)
TP006251,CUST01626,2025-07-10,Appel conseiller de vente,France (siège)
TP006252,CUST01626,2025-10-04,Événement VIC,France (siège)
TP006253,CUST01626,2025-09-29,Visite site e-commerce,France (siège)
TP006254,CUST01626,2025-09-13,Ouverture newsletter,France (siège)
TP006255,CUST01626,2026-01-01,Rendez-vous boutique,France (siège)
TP006256,CUST01626,2026-05-10,Appel conseiller de vente,France (siège)
TP006257,CUST01626,2026-04-22,Rendez-vous boutique,France (siège)
TP006258,CUST01626,2026-04-23,Événement VIC,France (siège)
TP006259,CUST01627,2025-04-02,Rendez-vous boutique,Chine
TP006260,CUST01627,2025-04-05,Événement VIC,Chine
TP006261,CUST01627,2025-04-11,Ouverture newsletter,Chine
TP006262,CUST01627,2025-09-26,Rendez-vous boutique,Chine
TP006263,CUST01627,2025-09-29,Visite site e-commerce,Chine
TP006264,CUST01627,2025-09-29,Appel conseiller de vente,Chine
TP006265,CUST01627,2026-03-27,Ouverture newsletter,Chine
TP006266,CUST01627,2026-03-27,Visite site e-commerce,Chine
TP006267,CUST01627,2026-04-05,Événement VIC,Chine
TP006268,CUST01629,2025-07-04,Visite site e-commerce,Japon
TP006269,CUST01629,2025-07-12,Rendez-vous boutique,Japon
TP006270,CUST01629,2025-07-10,Visite site e-commerce,Japon
TP006271,CUST01629,2026-01-13,Rendez-vous boutique,Japon
TP006272,CUST01629,2026-01-20,Appel conseiller de vente,Japon
TP006273,CUST01629,2026-06-28,Visite site e-commerce,Japon
TP006274,CUST01629,2026-06-22,Visite site e-commerce,Japon
TP006275,CUST01630,2025-04-12,Visite site e-commerce,Chine
TP006276,CUST01630,2025-10-26,Rendez-vous boutique,Chine
TP006277,CUST01630,2025-11-05,Visite site e-commerce,Chine
TP006278,CUST01630,2025-10-29,Visite site e-commerce,Chine
TP006279,CUST01630,2026-04-07,Appel conseiller de vente,Chine
TP006280,CUST01630,2026-04-08,Ouverture newsletter,Chine
TP006281,CUST01631,2026-01-01,Ouverture newsletter,USA
TP006282,CUST01631,2026-01-05,Visite site e-commerce,USA
TP006283,CUST01631,2025-12-17,Événement VIC,USA
TP006284,CUST01631,2026-05-22,Rendez-vous boutique,USA
TP006285,CUST01631,2026-05-20,Rendez-vous boutique,USA
TP006286,CUST01632,2025-09-27,Événement VIC,Chine
TP006287,CUST01632,2026-03-25,Rendez-vous boutique,Chine
TP006288,CUST01632,2026-03-20,Événement VIC,Chine
TP006289,CUST01632,2026-04-02,Événement VIC,Chine
TP006290,CUST01633,2025-06-21,Événement VIC,USA
TP006291,CUST01633,2025-12-12,Rendez-vous boutique,USA
TP006292,CUST01633,2026-06-09,Appel conseiller de vente,USA
TP006293,CUST01634,2025-10-01,Événement VIC,USA
TP006294,CUST01634,2025-09-16,Ouverture newsletter,USA
TP006295,CUST01634,2025-10-06,Rendez-vous boutique,USA
TP006296,CUST01634,2025-12-10,Ouverture newsletter,USA
TP006297,CUST01634,2026-01-02,Rendez-vous boutique,USA
TP006298,CUST01634,2026-05-08,Visite site e-commerce,USA
TP006299,CUST01634,2026-04-30,Visite site e-commerce,USA
TP006300,CUST01634,2026-05-05,Visite site e-commerce,USA
TP006301,CUST01635,2026-03-22,Visite site e-commerce,Chine
TP006302,CUST01635,2026-03-12,Événement VIC,Chine
TP006303,CUST01635,2026-03-30,Visite site e-commerce,Chine
TP006304,CUST01635,2026-07-17,Événement VIC,Chine
TP006305,CUST01635,2026-07-20,Visite site e-commerce,Chine
TP006306,CUST01635,2026-07-10,Appel conseiller de vente,Chine
TP006307,CUST01636,2025-12-20,Appel conseiller de vente,Chine
TP006308,CUST01636,2025-12-31,Événement VIC,Chine
TP006309,CUST01636,2026-04-21,Visite site e-commerce,Chine
TP006310,CUST01636,2026-04-29,Événement VIC,Chine
TP006311,CUST01636,2026-04-23,Visite site e-commerce,Chine
TP006312,CUST01637,2025-04-22,Appel conseiller de vente,USA
TP006313,CUST01637,2025-04-02,Visite site e-commerce,USA
TP006314,CUST01637,2025-09-01,Événement VIC,USA
TP006315,CUST01637,2025-09-07,Événement VIC,USA
TP006316,CUST01637,2026-03-05,Appel conseiller de vente,USA
TP006317,CUST01637,2026-02-14,Événement VIC,USA
TP006318,CUST01637,2026-03-03,Événement VIC,USA
TP006319,CUST01638,2026-02-16,Événement VIC,Moyen-Orient
TP006320,CUST01638,2026-02-19,Visite site e-commerce,Moyen-Orient
TP006321,CUST01638,2026-06-30,Appel conseiller de vente,Moyen-Orient
TP006322,CUST01639,2026-02-21,Ouverture newsletter,Moyen-Orient
TP006323,CUST01640,2025-11-11,Ouverture newsletter,France (siège)
TP006324,CUST01640,2025-11-16,Appel conseiller de vente,France (siège)
TP006325,CUST01640,2025-11-27,Événement VIC,France (siège)
TP006326,CUST01640,2026-04-03,Visite site e-commerce,France (siège)
TP006327,CUST01640,2026-04-17,Appel conseiller de vente,France (siège)
TP006328,CUST01640,2026-04-13,Rendez-vous boutique,France (siège)
TP006329,CUST01641,2025-09-23,Rendez-vous boutique,France (siège)
TP006330,CUST01641,2025-09-06,Rendez-vous boutique,France (siège)
TP006331,CUST01641,2026-01-22,Ouverture newsletter,France (siège)
TP006332,CUST01641,2026-02-09,Appel conseiller de vente,France (siège)
TP006333,CUST01641,2026-01-24,Rendez-vous boutique,France (siège)
TP006334,CUST01642,2026-03-07,Visite site e-commerce,USA
TP006335,CUST01642,2026-03-07,Visite site e-commerce,USA
TP006336,CUST01642,2026-03-27,Rendez-vous boutique,USA
TP006337,CUST01643,2026-06-06,Ouverture newsletter,Japon
TP006338,CUST01643,2026-06-23,Visite site e-commerce,Japon
TP006339,CUST01643,2026-06-22,Événement VIC,Japon
TP006340,CUST01644,2025-10-19,Visite site e-commerce,Japon
TP006341,CUST01644,2025-11-06,Rendez-vous boutique,Japon
TP006342,CUST01644,2026-03-02,Événement VIC,Japon
TP006343,CUST01644,2026-03-04,Événement VIC,Japon
TP006344,CUST01646,2026-05-04,Rendez-vous boutique,Chine
TP006345,CUST01646,2026-05-09,Visite site e-commerce,Chine
TP006346,CUST01647,2025-02-15,Rendez-vous boutique,France (siège)
TP006347,CUST01647,2025-08-02,Visite site e-commerce,France (siège)
TP006348,CUST01647,2025-12-13,Ouverture newsletter,France (siège)
TP006349,CUST01647,2025-12-20,Rendez-vous boutique,France (siège)
TP006350,CUST01647,2026-05-28,Visite site e-commerce,France (siège)
TP006351,CUST01648,2026-07-05,Visite site e-commerce,France (siège)
TP006352,CUST01649,2026-04-28,Événement VIC,USA
TP006353,CUST01649,2026-05-01,Événement VIC,USA
TP006354,CUST01650,2026-01-03,Rendez-vous boutique,Moyen-Orient
TP006355,CUST01650,2026-01-02,Rendez-vous boutique,Moyen-Orient
TP006356,CUST01650,2026-01-03,Rendez-vous boutique,Moyen-Orient
TP006357,CUST01650,2026-06-13,Appel conseiller de vente,Moyen-Orient
TP006358,CUST01651,2025-04-16,Événement VIC,Chine
TP006359,CUST01651,2025-04-19,Visite site e-commerce,Chine
TP006360,CUST01651,2025-09-26,Événement VIC,Chine
TP006361,CUST01651,2025-09-21,Appel conseiller de vente,Chine
TP006362,CUST01651,2026-03-02,Ouverture newsletter,Chine
TP006363,CUST01651,2026-02-22,Ouverture newsletter,Chine
TP006364,CUST01651,2026-03-04,Ouverture newsletter,Chine
TP006365,CUST01652,2025-11-03,Rendez-vous boutique,Moyen-Orient
TP006366,CUST01652,2025-11-08,Événement VIC,Moyen-Orient
TP006367,CUST01652,2025-11-19,Visite site e-commerce,Moyen-Orient
TP006368,CUST01652,2026-04-08,Événement VIC,Moyen-Orient
TP006369,CUST01653,2025-06-10,Rendez-vous boutique,France (siège)
TP006370,CUST01653,2025-10-11,Rendez-vous boutique,France (siège)
TP006371,CUST01653,2025-10-17,Ouverture newsletter,France (siège)
TP006372,CUST01653,2025-09-23,Rendez-vous boutique,France (siège)
TP006373,CUST01653,2026-02-25,Événement VIC,France (siège)
TP006374,CUST01653,2026-03-10,Ouverture newsletter,France (siège)
TP006375,CUST01653,2026-03-07,Visite site e-commerce,France (siège)
TP006376,CUST01654,2026-02-09,Appel conseiller de vente,USA
TP006377,CUST01654,2026-01-25,Événement VIC,USA
TP006378,CUST01654,2026-01-22,Ouverture newsletter,USA
TP006379,CUST01655,2024-12-31,Événement VIC,Moyen-Orient
TP006380,CUST01655,2025-01-01,Appel conseiller de vente,Moyen-Orient
TP006381,CUST01655,2025-01-16,Appel conseiller de vente,Moyen-Orient
TP006382,CUST01655,2025-05-03,Ouverture newsletter,Moyen-Orient
TP006383,CUST01655,2025-09-06,Ouverture newsletter,Moyen-Orient
TP006384,CUST01655,2025-09-12,Appel conseiller de vente,Moyen-Orient
TP006385,CUST01655,2026-01-08,Visite site e-commerce,Moyen-Orient
TP006386,CUST01655,2026-01-10,Ouverture newsletter,Moyen-Orient
TP006387,CUST01655,2026-01-09,Visite site e-commerce,Moyen-Orient
TP006388,CUST01655,2026-05-18,Ouverture newsletter,Moyen-Orient
TP006389,CUST01656,2025-05-17,Ouverture newsletter,Chine
TP006390,CUST01656,2025-10-18,Ouverture newsletter,Chine
TP006391,CUST01656,2025-10-20,Ouverture newsletter,Chine
TP006392,CUST01656,2026-03-27,Rendez-vous boutique,Chine
TP006393,CUST01656,2026-03-16,Visite site e-commerce,Chine
TP006394,CUST01657,2025-10-08,Visite site e-commerce,France (siège)
TP006395,CUST01657,2025-09-25,Événement VIC,France (siège)
TP006396,CUST01657,2026-03-12,Rendez-vous boutique,France (siège)
TP006397,CUST01658,2025-08-30,Appel conseiller de vente,Japon
TP006398,CUST01659,2026-04-04,Rendez-vous boutique,USA
TP006399,CUST01659,2026-04-01,Ouverture newsletter,USA
TP006400,CUST01659,2026-03-31,Appel conseiller de vente,USA
TP006401,CUST01660,2026-05-25,Visite site e-commerce,USA
TP006402,CUST01660,2026-06-01,Visite site e-commerce,USA
TP006403,CUST01660,2026-05-22,Appel conseiller de vente,USA
TP006404,CUST01661,2025-08-24,Événement VIC,USA
TP006405,CUST01661,2025-09-02,Visite site e-commerce,USA
TP006406,CUST01661,2026-02-05,Événement VIC,USA
TP006407,CUST01661,2026-01-24,Visite site e-commerce,USA
TP006408,CUST01661,2026-01-31,Appel conseiller de vente,USA
TP006409,CUST01661,2026-06-29,Ouverture newsletter,USA
TP006410,CUST01662,2025-06-08,Rendez-vous boutique,Moyen-Orient
TP006411,CUST01662,2025-11-17,Visite site e-commerce,Moyen-Orient
TP006412,CUST01662,2025-12-01,Visite site e-commerce,Moyen-Orient
TP006413,CUST01662,2025-12-03,Événement VIC,Moyen-Orient
TP006414,CUST01662,2026-05-05,Événement VIC,Moyen-Orient
TP006415,CUST01663,2025-05-17,Événement VIC,France (siège)
TP006416,CUST01663,2025-08-08,Événement VIC,France (siège)
TP006417,CUST01663,2025-08-08,Visite site e-commerce,France (siège)
TP006418,CUST01663,2025-07-19,Ouverture newsletter,France (siège)
TP006419,CUST01663,2025-11-12,Rendez-vous boutique,France (siège)
TP006420,CUST01663,2025-11-08,Appel conseiller de vente,France (siège)
TP006421,CUST01663,2025-11-03,Ouverture newsletter,France (siège)
TP006422,CUST01663,2026-02-08,Rendez-vous boutique,France (siège)
TP006423,CUST01663,2026-02-25,Ouverture newsletter,France (siège)
TP006424,CUST01663,2026-05-01,Appel conseiller de vente,France (siège)
TP006425,CUST01665,2026-07-08,Visite site e-commerce,Japon
TP006426,CUST01665,2026-07-21,Appel conseiller de vente,Japon
TP006427,CUST01665,2026-07-14,Rendez-vous boutique,Japon
TP006428,CUST01666,2025-06-07,Visite site e-commerce,France (siège)
TP006429,CUST01666,2025-06-17,Appel conseiller de vente,France (siège)
TP006430,CUST01666,2025-12-28,Ouverture newsletter,France (siège)
TP006431,CUST01666,2025-12-08,Événement VIC,France (siège)
TP006432,CUST01666,2026-06-08,Appel conseiller de vente,France (siège)
TP006433,CUST01666,2026-06-04,Appel conseiller de vente,France (siège)
TP006434,CUST01667,2025-04-10,Appel conseiller de vente,Chine
TP006435,CUST01667,2025-04-03,Visite site e-commerce,Chine
TP006436,CUST01667,2025-09-05,Appel conseiller de vente,Chine
TP006437,CUST01667,2025-09-02,Appel conseiller de vente,Chine
TP006438,CUST01667,2025-09-16,Appel conseiller de vente,Chine
TP006439,CUST01667,2026-02-04,Ouverture newsletter,Chine
TP006440,CUST01667,2026-01-29,Appel conseiller de vente,Chine
TP006441,CUST01667,2026-05-20,Rendez-vous boutique,Chine
TP006442,CUST01667,2026-06-08,Événement VIC,Chine
TP006443,CUST01667,2026-05-28,Rendez-vous boutique,Chine
TP006444,CUST01668,2025-04-08,Ouverture newsletter,Japon
TP006445,CUST01668,2025-03-31,Ouverture newsletter,Japon
TP006446,CUST01668,2025-03-27,Ouverture newsletter,Japon
TP006447,CUST01668,2025-09-27,Ouverture newsletter,Japon
TP006448,CUST01668,2025-10-02,Appel conseiller de vente,Japon
TP006449,CUST01668,2025-10-20,Rendez-vous boutique,Japon
TP006450,CUST01668,2026-04-03,Événement VIC,Japon
TP006451,CUST01668,2026-04-03,Événement VIC,Japon
TP006452,CUST01668,2026-03-15,Rendez-vous boutique,Japon
TP006453,CUST01669,2025-07-03,Visite site e-commerce,USA
TP006454,CUST01669,2025-07-16,Rendez-vous boutique,USA
TP006455,CUST01669,2025-07-08,Appel conseiller de vente,USA
TP006456,CUST01669,2026-01-06,Rendez-vous boutique,USA
TP006457,CUST01669,2025-12-30,Ouverture newsletter,USA
TP006458,CUST01669,2026-06-27,Visite site e-commerce,USA
TP006459,CUST01669,2026-06-23,Événement VIC,USA
TP006460,CUST01670,2026-07-06,Événement VIC,USA
TP006461,CUST01670,2026-07-05,Événement VIC,USA
TP006462,CUST01670,2026-07-21,Appel conseiller de vente,USA
TP006463,CUST01671,2026-07-16,Visite site e-commerce,Chine
TP006464,CUST01671,2026-07-30,Ouverture newsletter,Chine
TP006465,CUST01671,2026-07-16,Visite site e-commerce,Chine
TP006466,CUST01672,2025-12-04,Visite site e-commerce,USA
TP006467,CUST01672,2025-11-27,Ouverture newsletter,USA
TP006468,CUST01672,2026-04-28,Ouverture newsletter,USA
TP006469,CUST01673,2025-04-06,Appel conseiller de vente,USA
TP006470,CUST01673,2025-04-19,Rendez-vous boutique,USA
TP006471,CUST01674,2025-07-07,Ouverture newsletter,France (siège)
TP006472,CUST01674,2025-07-07,Rendez-vous boutique,France (siège)
TP006473,CUST01674,2025-07-17,Visite site e-commerce,France (siège)
TP006474,CUST01674,2026-02-14,Rendez-vous boutique,France (siège)
TP006475,CUST01674,2026-02-11,Rendez-vous boutique,France (siège)
TP006476,CUST01674,2026-01-31,Visite site e-commerce,France (siège)
TP006477,CUST01674,2026-07-23,Rendez-vous boutique,France (siège)
TP006478,CUST01674,2026-07-28,Appel conseiller de vente,France (siège)
TP006479,CUST01675,2025-03-28,Événement VIC,USA
TP006480,CUST01675,2025-07-25,Événement VIC,USA
TP006481,CUST01675,2025-12-19,Appel conseiller de vente,USA
TP006482,CUST01675,2025-12-17,Événement VIC,USA
TP006483,CUST01676,2025-09-19,Rendez-vous boutique,France (siège)
TP006484,CUST01676,2026-01-29,Visite site e-commerce,France (siège)
TP006485,CUST01676,2026-02-12,Événement VIC,France (siège)
TP006486,CUST01676,2026-02-08,Rendez-vous boutique,France (siège)
TP006487,CUST01676,2026-07-25,Visite site e-commerce,France (siège)
TP006488,CUST01676,2026-07-08,Rendez-vous boutique,France (siège)
TP006489,CUST01677,2026-04-15,Visite site e-commerce,Moyen-Orient
TP006490,CUST01677,2026-04-01,Appel conseiller de vente,Moyen-Orient
TP006491,CUST01678,2025-03-17,Ouverture newsletter,Chine
TP006492,CUST01678,2025-03-21,Événement VIC,Chine
TP006493,CUST01679,2026-02-21,Ouverture newsletter,France (siège)
TP006494,CUST01680,2026-04-12,Ouverture newsletter,Chine
TP006495,CUST01680,2026-04-27,Rendez-vous boutique,Chine
TP006496,CUST01681,2026-04-21,Ouverture newsletter,France (siège)
TP006497,CUST01681,2026-05-05,Ouverture newsletter,France (siège)
TP006498,CUST01681,2026-05-09,Visite site e-commerce,France (siège)
TP006499,CUST01682,2025-01-03,Ouverture newsletter,USA
TP006500,CUST01682,2025-01-19,Rendez-vous boutique,USA
TP006501,CUST01682,2025-01-26,Ouverture newsletter,USA
TP006502,CUST01682,2025-07-21,Appel conseiller de vente,USA
TP006503,CUST01682,2025-07-15,Visite site e-commerce,USA
TP006504,CUST01682,2025-12-19,Visite site e-commerce,USA
TP006505,CUST01682,2025-12-17,Visite site e-commerce,USA
TP006506,CUST01682,2026-05-11,Rendez-vous boutique,USA
TP006507,CUST01682,2026-05-14,Rendez-vous boutique,USA
TP006508,CUST01683,2025-10-20,Appel conseiller de vente,Moyen-Orient
TP006509,CUST01683,2025-10-03,Ouverture newsletter,Moyen-Orient
TP006510,CUST01683,2025-10-19,Visite site e-commerce,Moyen-Orient
TP006511,CUST01683,2026-04-14,Rendez-vous boutique,Moyen-Orient
TP006512,CUST01683,2026-04-12,Visite site e-commerce,Moyen-Orient
TP006513,CUST01683,2026-03-25,Événement VIC,Moyen-Orient
TP006514,CUST01684,2026-01-17,Visite site e-commerce,Moyen-Orient
TP006515,CUST01684,2026-01-26,Rendez-vous boutique,Moyen-Orient
TP006516,CUST01684,2026-02-05,Ouverture newsletter,Moyen-Orient
TP006517,CUST01684,2026-06-11,Ouverture newsletter,Moyen-Orient
TP006518,CUST01685,2025-10-08,Ouverture newsletter,Japon
TP006519,CUST01685,2025-09-26,Appel conseiller de vente,Japon
TP006520,CUST01685,2025-09-23,Rendez-vous boutique,Japon
TP006521,CUST01686,2025-02-26,Visite site e-commerce,Chine
TP006522,CUST01686,2025-02-16,Événement VIC,Chine
TP006523,CUST01686,2025-05-19,Événement VIC,Chine
TP006524,CUST01686,2025-06-05,Rendez-vous boutique,Chine
TP006525,CUST01686,2025-10-11,Ouverture newsletter,Chine
TP006526,CUST01686,2025-09-25,Rendez-vous boutique,Chine
TP006527,CUST01686,2026-02-11,Rendez-vous boutique,Chine
TP006528,CUST01686,2026-02-13,Appel conseiller de vente,Chine
TP006529,CUST01686,2026-07-05,Ouverture newsletter,Chine
TP006530,CUST01686,2026-06-28,Appel conseiller de vente,Chine
TP006531,CUST01687,2025-09-18,Événement VIC,USA
TP006532,CUST01687,2025-10-08,Ouverture newsletter,USA
TP006533,CUST01687,2025-10-03,Appel conseiller de vente,USA
TP006534,CUST01687,2026-04-09,Événement VIC,USA
TP006535,CUST01687,2026-03-21,Rendez-vous boutique,USA
TP006536,CUST01688,2025-12-05,Rendez-vous boutique,Chine
TP006537,CUST01688,2026-07-20,Événement VIC,Chine
TP006538,CUST01688,2026-07-06,Rendez-vous boutique,Chine
TP006539,CUST01688,2026-07-02,Ouverture newsletter,Chine
TP006540,CUST01689,2025-07-06,Rendez-vous boutique,France (siège)
TP006541,CUST01689,2025-07-20,Ouverture newsletter,France (siège)
TP006542,CUST01690,2026-05-21,Rendez-vous boutique,USA
TP006543,CUST01690,2026-05-20,Rendez-vous boutique,USA
TP006544,CUST01690,2026-05-17,Événement VIC,USA
TP006545,CUST01691,2025-10-17,Appel conseiller de vente,Moyen-Orient
TP006546,CUST01691,2026-05-03,Appel conseiller de vente,Moyen-Orient
TP006547,CUST01691,2026-04-30,Événement VIC,Moyen-Orient
TP006548,CUST01691,2026-04-23,Visite site e-commerce,Moyen-Orient
TP006549,CUST01692,2026-04-24,Visite site e-commerce,Moyen-Orient
TP006550,CUST01692,2026-05-10,Rendez-vous boutique,Moyen-Orient
TP006551,CUST01692,2026-05-01,Rendez-vous boutique,Moyen-Orient
TP006552,CUST01693,2025-10-08,Ouverture newsletter,Moyen-Orient
TP006553,CUST01694,2025-11-22,Événement VIC,Japon
TP006554,CUST01694,2025-11-27,Ouverture newsletter,Japon
TP006555,CUST01694,2026-06-21,Visite site e-commerce,Japon
TP006556,CUST01695,2025-08-26,Ouverture newsletter,Moyen-Orient
TP006557,CUST01695,2025-08-29,Appel conseiller de vente,Moyen-Orient
TP006558,CUST01695,2026-01-30,Appel conseiller de vente,Moyen-Orient
TP006559,CUST01696,2025-04-29,Rendez-vous boutique,Moyen-Orient
TP006560,CUST01696,2025-04-30,Rendez-vous boutique,Moyen-Orient
TP006561,CUST01696,2025-05-06,Visite site e-commerce,Moyen-Orient
TP006562,CUST01696,2025-10-24,Ouverture newsletter,Moyen-Orient
TP006563,CUST01696,2025-11-04,Événement VIC,Moyen-Orient
TP006564,CUST01696,2025-10-30,Visite site e-commerce,Moyen-Orient
TP006565,CUST01696,2026-03-31,Ouverture newsletter,Moyen-Orient
TP006566,CUST01696,2026-03-22,Événement VIC,Moyen-Orient
TP006567,CUST01696,2026-03-22,Visite site e-commerce,Moyen-Orient
TP006568,CUST01697,2025-11-05,Rendez-vous boutique,France (siège)
TP006569,CUST01697,2025-10-21,Événement VIC,France (siège)
TP006570,CUST01697,2025-10-31,Ouverture newsletter,France (siège)
TP006571,CUST01697,2026-05-24,Visite site e-commerce,France (siège)
TP006572,CUST01698,2025-06-18,Rendez-vous boutique,Chine
TP006573,CUST01698,2025-05-31,Appel conseiller de vente,Chine
TP006574,CUST01698,2025-10-13,Visite site e-commerce,Chine
TP006575,CUST01698,2025-09-30,Rendez-vous boutique,Chine
TP006576,CUST01698,2026-02-20,Événement VIC,Chine
TP006577,CUST01698,2026-03-04,Appel conseiller de vente,Chine
TP006578,CUST01698,2026-02-14,Appel conseiller de vente,Chine
TP006579,CUST01698,2026-06-18,Appel conseiller de vente,Chine
TP006580,CUST01699,2025-09-03,Événement VIC,Chine
TP006581,CUST01699,2025-09-18,Ouverture newsletter,Chine
TP006582,CUST01699,2026-02-26,Ouverture newsletter,Chine
TP006583,CUST01699,2026-03-12,Rendez-vous boutique,Chine
TP006584,CUST01699,2026-02-23,Visite site e-commerce,Chine
TP006585,CUST01700,2026-04-28,Visite site e-commerce,Chine
TP006586,CUST01700,2026-04-22,Visite site e-commerce,Chine
TP006587,CUST01701,2025-12-13,Ouverture newsletter,USA
TP006588,CUST01701,2025-12-20,Rendez-vous boutique,USA
TP006589,CUST01701,2025-12-10,Ouverture newsletter,USA
TP006590,CUST01701,2026-05-18,Événement VIC,USA
TP006591,CUST01703,2025-04-15,Appel conseiller de vente,Moyen-Orient
TP006592,CUST01703,2025-04-29,Rendez-vous boutique,Moyen-Orient
TP006593,CUST01703,2025-08-07,Visite site e-commerce,Moyen-Orient
TP006594,CUST01703,2025-08-20,Événement VIC,Moyen-Orient
TP006595,CUST01703,2025-08-12,Visite site e-commerce,Moyen-Orient
TP006596,CUST01703,2026-01-12,Ouverture newsletter,Moyen-Orient
TP006597,CUST01703,2026-05-17,Appel conseiller de vente,Moyen-Orient
TP006598,CUST01703,2026-05-24,Ouverture newsletter,Moyen-Orient
TP006599,CUST01704,2026-02-19,Rendez-vous boutique,Chine
TP006600,CUST01704,2026-02-16,Rendez-vous boutique,Chine
TP006601,CUST01704,2026-02-11,Appel conseiller de vente,Chine
TP006602,CUST01704,2026-07-17,Rendez-vous boutique,Chine
TP006603,CUST01704,2026-07-07,Événement VIC,Chine
TP006604,CUST01704,2026-06-27,Appel conseiller de vente,Chine
TP006605,CUST01705,2026-03-20,Ouverture newsletter,USA
TP006606,CUST01705,2026-03-25,Événement VIC,USA
TP006607,CUST01707,2025-03-12,Rendez-vous boutique,Chine
TP006608,CUST01707,2025-08-19,Appel conseiller de vente,Chine
TP006609,CUST01707,2025-08-18,Appel conseiller de vente,Chine
TP006610,CUST01707,2025-08-16,Rendez-vous boutique,Chine
TP006611,CUST01707,2025-12-22,Visite site e-commerce,Chine
TP006612,CUST01707,2025-12-19,Visite site e-commerce,Chine
TP006613,CUST01707,2026-05-21,Rendez-vous boutique,Chine
TP006614,CUST01707,2026-05-27,Rendez-vous boutique,Chine
TP006615,CUST01707,2026-05-20,Visite site e-commerce,Chine
TP006616,CUST01708,2025-01-30,Appel conseiller de vente,Japon
TP006617,CUST01708,2025-02-08,Ouverture newsletter,Japon
TP006618,CUST01708,2025-06-10,Appel conseiller de vente,Japon
TP006619,CUST01708,2025-06-12,Événement VIC,Japon
TP006620,CUST01708,2025-11-22,Événement VIC,Japon
TP006621,CUST01708,2026-05-21,Visite site e-commerce,Japon
TP006622,CUST01709,2026-01-15,Rendez-vous boutique,France (siège)
TP006623,CUST01709,2026-05-11,Rendez-vous boutique,France (siège)
TP006624,CUST01709,2026-05-05,Événement VIC,France (siège)
TP006625,CUST01710,2026-04-19,Appel conseiller de vente,Japon
TP006626,CUST01710,2026-04-23,Événement VIC,Japon
TP006627,CUST01710,2026-05-04,Rendez-vous boutique,Japon
TP006628,CUST01711,2026-05-01,Ouverture newsletter,Moyen-Orient
TP006629,CUST01711,2026-05-14,Événement VIC,Moyen-Orient
TP006630,CUST01712,2025-04-18,Événement VIC,Chine
TP006631,CUST01712,2025-05-10,Ouverture newsletter,Chine
TP006632,CUST01712,2025-05-09,Visite site e-commerce,Chine
TP006633,CUST01712,2025-11-08,Ouverture newsletter,Chine
TP006634,CUST01712,2025-11-13,Ouverture newsletter,Chine
TP006635,CUST01712,2025-10-26,Rendez-vous boutique,Chine
TP006636,CUST01713,2026-01-29,Événement VIC,Moyen-Orient
TP006637,CUST01713,2026-01-15,Ouverture newsletter,Moyen-Orient
TP006638,CUST01713,2026-06-30,Ouverture newsletter,Moyen-Orient
TP006639,CUST01714,2026-01-19,Appel conseiller de vente,France (siège)
TP006640,CUST01714,2026-01-20,Ouverture newsletter,France (siège)
TP006641,CUST01714,2026-01-17,Appel conseiller de vente,France (siège)
TP006642,CUST01716,2026-05-11,Ouverture newsletter,France (siège)
TP006643,CUST01717,2025-06-15,Appel conseiller de vente,Moyen-Orient
TP006644,CUST01717,2025-12-18,Visite site e-commerce,Moyen-Orient
TP006645,CUST01717,2025-12-03,Ouverture newsletter,Moyen-Orient
TP006646,CUST01717,2026-05-27,Appel conseiller de vente,Moyen-Orient
TP006647,CUST01717,2026-05-03,Événement VIC,Moyen-Orient
TP006648,CUST01717,2026-05-11,Ouverture newsletter,Moyen-Orient
TP006649,CUST01718,2026-02-25,Ouverture newsletter,France (siège)
TP006650,CUST01718,2026-02-10,Ouverture newsletter,France (siège)
TP006651,CUST01718,2026-02-02,Appel conseiller de vente,France (siège)
TP006652,CUST01718,2026-07-12,Événement VIC,France (siège)
TP006653,CUST01719,2026-03-08,Appel conseiller de vente,Japon
TP006654,CUST01720,2025-06-14,Rendez-vous boutique,Japon
TP006655,CUST01721,2026-02-02,Rendez-vous boutique,Chine
TP006656,CUST01721,2026-02-15,Événement VIC,Chine
TP006657,CUST01722,2026-03-09,Événement VIC,USA
TP006658,CUST01722,2026-03-04,Visite site e-commerce,USA
TP006659,CUST01722,2026-05-27,Rendez-vous boutique,USA
TP006660,CUST01722,2026-06-03,Ouverture newsletter,USA
TP006661,CUST01722,2026-05-21,Événement VIC,USA
TP006662,CUST01723,2026-01-08,Événement VIC,France (siège)
TP006663,CUST01724,2025-04-26,Appel conseiller de vente,Chine
TP006664,CUST01724,2025-05-10,Visite site e-commerce,Chine
TP006665,CUST01724,2025-04-26,Rendez-vous boutique,Chine
TP006666,CUST01725,2025-04-15,Ouverture newsletter,Chine
TP006667,CUST01725,2025-04-15,Rendez-vous boutique,Chine
TP006668,CUST01725,2025-04-11,Visite site e-commerce,Chine
TP006669,CUST01725,2025-09-14,Ouverture newsletter,Chine
TP006670,CUST01725,2025-09-14,Appel conseiller de vente,Chine
TP006671,CUST01725,2025-09-08,Appel conseiller de vente,Chine
TP006672,CUST01725,2026-02-03,Ouverture newsletter,Chine
TP006673,CUST01725,2026-01-25,Visite site e-commerce,Chine
TP006674,CUST01725,2026-02-06,Appel conseiller de vente,Chine
TP006675,CUST01726,2025-08-31,Rendez-vous boutique,USA
TP006676,CUST01726,2026-03-13,Visite site e-commerce,USA
TP006677,CUST01727,2026-05-14,Visite site e-commerce,Japon
TP006678,CUST01727,2026-05-09,Visite site e-commerce,Japon
TP006679,CUST01728,2026-06-17,Visite site e-commerce,France (siège)
TP006680,CUST01728,2026-07-08,Visite site e-commerce,France (siège)
TP006681,CUST01728,2026-06-19,Appel conseiller de vente,France (siège)
TP006682,CUST01731,2026-04-14,Visite site e-commerce,France (siège)
TP006683,CUST01731,2026-04-10,Événement VIC,France (siège)
TP006684,CUST01731,2026-04-16,Rendez-vous boutique,France (siège)
TP006685,CUST01732,2025-12-20,Visite site e-commerce,France (siège)
TP006686,CUST01732,2025-12-02,Rendez-vous boutique,France (siège)
TP006687,CUST01732,2026-05-31,Ouverture newsletter,France (siège)
TP006688,CUST01732,2026-05-26,Rendez-vous boutique,France (siège)
TP006689,CUST01734,2025-03-10,Événement VIC,Moyen-Orient
TP006690,CUST01734,2025-03-06,Ouverture newsletter,Moyen-Orient
TP006691,CUST01734,2025-06-10,Appel conseiller de vente,Moyen-Orient
TP006692,CUST01734,2025-11-12,Ouverture newsletter,Moyen-Orient
TP006693,CUST01734,2025-11-16,Ouverture newsletter,Moyen-Orient
TP006694,CUST01734,2025-11-02,Appel conseiller de vente,Moyen-Orient
TP006695,CUST01735,2026-01-12,Ouverture newsletter,USA
TP006696,CUST01735,2026-05-17,Visite site e-commerce,USA
TP006697,CUST01736,2025-12-23,Événement VIC,Chine
TP006698,CUST01736,2025-12-22,Rendez-vous boutique,Chine
TP006699,CUST01736,2026-06-17,Appel conseiller de vente,Chine
TP006700,CUST01736,2026-06-22,Visite site e-commerce,Chine
TP006701,CUST01736,2026-06-04,Visite site e-commerce,Chine
TP006702,CUST01737,2025-01-17,Rendez-vous boutique,Moyen-Orient
TP006703,CUST01738,2026-04-28,Événement VIC,Moyen-Orient
TP006704,CUST01739,2026-05-07,Événement VIC,Chine
TP006705,CUST01739,2026-04-28,Appel conseiller de vente,Chine
TP006706,CUST01740,2025-11-20,Visite site e-commerce,Moyen-Orient
TP006707,CUST01740,2025-12-12,Ouverture newsletter,Moyen-Orient
TP006708,CUST01740,2025-12-01,Rendez-vous boutique,Moyen-Orient
TP006709,CUST01740,2026-04-09,Ouverture newsletter,Moyen-Orient
TP006710,CUST01741,2025-06-18,Rendez-vous boutique,Japon
TP006711,CUST01741,2025-06-14,Rendez-vous boutique,Japon
TP006712,CUST01741,2025-05-28,Rendez-vous boutique,Japon
TP006713,CUST01741,2025-11-15,Événement VIC,Japon
TP006714,CUST01741,2026-04-13,Appel conseiller de vente,Japon
TP006715,CUST01741,2026-04-06,Visite site e-commerce,Japon
TP006716,CUST01741,2026-04-16,Rendez-vous boutique,Japon
TP006717,CUST01742,2026-02-27,Rendez-vous boutique,USA
TP006718,CUST01742,2026-03-14,Événement VIC,USA
TP006719,CUST01742,2026-03-07,Appel conseiller de vente,USA
TP006720,CUST01742,2026-07-29,Ouverture newsletter,USA
TP006721,CUST01742,2026-07-23,Événement VIC,USA
TP006722,CUST01742,2026-07-13,Visite site e-commerce,USA
TP006723,CUST01743,2026-02-16,Rendez-vous boutique,USA
TP006724,CUST01743,2026-02-16,Rendez-vous boutique,USA
TP006725,CUST01744,2025-10-18,Événement VIC,France (siège)
TP006726,CUST01744,2025-10-03,Rendez-vous boutique,France (siège)
TP006727,CUST01744,2025-09-29,Visite site e-commerce,France (siège)
TP006728,CUST01744,2026-03-24,Appel conseiller de vente,France (siège)
TP006729,CUST01745,2025-02-14,Visite site e-commerce,USA
TP006730,CUST01745,2025-02-21,Événement VIC,USA
TP006731,CUST01745,2025-08-12,Ouverture newsletter,USA
TP006732,CUST01745,2025-08-13,Événement VIC,USA
TP006733,CUST01745,2025-08-09,Événement VIC,USA
TP006734,CUST01746,2026-04-15,Visite site e-commerce,France (siège)
TP006735,CUST01746,2026-04-21,Rendez-vous boutique,France (siège)
TP006736,CUST01747,2025-06-15,Ouverture newsletter,France (siège)
TP006737,CUST01747,2025-11-17,Rendez-vous boutique,France (siège)
TP006738,CUST01747,2025-12-05,Ouverture newsletter,France (siège)
TP006739,CUST01747,2026-04-23,Rendez-vous boutique,France (siège)
TP006740,CUST01747,2026-04-26,Appel conseiller de vente,France (siège)
TP006741,CUST01748,2026-01-10,Rendez-vous boutique,Chine
TP006742,CUST01748,2026-04-14,Appel conseiller de vente,Chine
TP006743,CUST01748,2026-04-12,Rendez-vous boutique,Chine
TP006744,CUST01748,2026-04-18,Rendez-vous boutique,Chine
TP006745,CUST01748,2026-07-12,Événement VIC,Chine
TP006746,CUST01749,2026-03-18,Ouverture newsletter,Moyen-Orient
TP006747,CUST01749,2026-03-18,Ouverture newsletter,Moyen-Orient
TP006748,CUST01749,2026-03-02,Événement VIC,Moyen-Orient
TP006749,CUST01750,2025-05-20,Appel conseiller de vente,Moyen-Orient
TP006750,CUST01750,2025-05-13,Appel conseiller de vente,Moyen-Orient
TP006751,CUST01750,2025-05-19,Événement VIC,Moyen-Orient
TP006752,CUST01750,2025-09-05,Appel conseiller de vente,Moyen-Orient
TP006753,CUST01750,2026-01-21,Appel conseiller de vente,Moyen-Orient
TP006754,CUST01750,2026-06-01,Appel conseiller de vente,Moyen-Orient
TP006755,CUST01750,2026-06-19,Événement VIC,Moyen-Orient
TP006756,CUST01750,2026-06-09,Événement VIC,Moyen-Orient
TP006757,CUST01751,2026-05-26,Ouverture newsletter,Moyen-Orient
TP006758,CUST01751,2026-05-31,Appel conseiller de vente,Moyen-Orient
TP006759,CUST01751,2026-05-27,Ouverture newsletter,Moyen-Orient
TP006760,CUST01752,2026-01-12,Visite site e-commerce,Chine
TP006761,CUST01752,2026-06-11,Ouverture newsletter,Chine
TP006762,CUST01752,2026-06-08,Visite site e-commerce,Chine
TP006763,CUST01752,2026-06-11,Appel conseiller de vente,Chine
TP006764,CUST01753,2025-06-14,Événement VIC,Moyen-Orient
TP006765,CUST01753,2025-12-16,Événement VIC,Moyen-Orient
TP006766,CUST01753,2025-12-15,Appel conseiller de vente,Moyen-Orient
TP006767,CUST01753,2025-12-17,Ouverture newsletter,Moyen-Orient
TP006768,CUST01753,2026-05-15,Ouverture newsletter,Moyen-Orient
TP006769,CUST01754,2026-07-16,Rendez-vous boutique,Moyen-Orient
TP006770,CUST01754,2026-07-12,Appel conseiller de vente,Moyen-Orient
TP006771,CUST01755,2026-07-09,Visite site e-commerce,France (siège)
TP006772,CUST01755,2026-07-16,Rendez-vous boutique,France (siège)
TP006773,CUST01755,2026-07-17,Événement VIC,France (siège)
TP006774,CUST01756,2025-10-17,Appel conseiller de vente,USA
TP006775,CUST01756,2026-02-17,Appel conseiller de vente,USA
TP006776,CUST01756,2026-06-22,Événement VIC,USA
TP006777,CUST01756,2026-06-27,Visite site e-commerce,USA
TP006778,CUST01757,2025-07-10,Ouverture newsletter,Japon
TP006779,CUST01757,2025-07-23,Ouverture newsletter,Japon
TP006780,CUST01757,2025-07-24,Appel conseiller de vente,Japon
TP006781,CUST01757,2025-12-17,Événement VIC,Japon
TP006782,CUST01757,2026-06-03,Rendez-vous boutique,Japon
TP006783,CUST01758,2026-07-11,Rendez-vous boutique,Japon
TP006784,CUST01760,2026-03-01,Appel conseiller de vente,France (siège)
TP006785,CUST01760,2026-03-20,Événement VIC,France (siège)
TP006786,CUST01761,2025-03-15,Ouverture newsletter,France (siège)
TP006787,CUST01761,2025-03-08,Appel conseiller de vente,France (siège)
TP006788,CUST01761,2025-03-02,Visite site e-commerce,France (siège)
TP006789,CUST01762,2026-06-24,Visite site e-commerce,France (siège)
TP006790,CUST01762,2026-06-22,Événement VIC,France (siège)
TP006791,CUST01764,2025-11-30,Appel conseiller de vente,France (siège)
TP006792,CUST01764,2025-11-28,Rendez-vous boutique,France (siège)
TP006793,CUST01764,2025-11-30,Appel conseiller de vente,France (siège)
TP006794,CUST01764,2026-05-17,Visite site e-commerce,France (siège)
TP006795,CUST01765,2025-11-09,Visite site e-commerce,Japon
TP006796,CUST01765,2025-10-31,Événement VIC,Japon
TP006797,CUST01766,2025-12-05,Visite site e-commerce,France (siège)
TP006798,CUST01766,2026-05-03,Événement VIC,France (siège)
TP006799,CUST01767,2025-08-28,Ouverture newsletter,Japon
TP006800,CUST01768,2026-03-29,Appel conseiller de vente,France (siège)
TP006801,CUST01768,2026-03-16,Visite site e-commerce,France (siège)
TP006802,CUST01768,2026-03-31,Visite site e-commerce,France (siège)
TP006803,CUST01768,2026-06-28,Ouverture newsletter,France (siège)
TP006804,CUST01768,2026-06-30,Ouverture newsletter,France (siège)
TP006805,CUST01769,2025-07-29,Ouverture newsletter,Chine
TP006806,CUST01769,2026-01-09,Visite site e-commerce,Chine
TP006807,CUST01769,2026-01-02,Rendez-vous boutique,Chine
TP006808,CUST01769,2026-01-13,Appel conseiller de vente,Chine
TP006809,CUST01769,2026-06-29,Rendez-vous boutique,Chine
TP006810,CUST01770,2025-10-12,Rendez-vous boutique,USA
TP006811,CUST01770,2026-03-11,Visite site e-commerce,USA
TP006812,CUST01770,2026-03-04,Visite site e-commerce,USA
TP006813,CUST01770,2026-03-05,Événement VIC,USA
TP006814,CUST01771,2025-07-18,Appel conseiller de vente,Japon
TP006815,CUST01771,2025-11-29,Rendez-vous boutique,Japon
TP006816,CUST01771,2026-04-22,Visite site e-commerce,Japon
TP006817,CUST01771,2026-04-27,Appel conseiller de vente,Japon
TP006818,CUST01772,2025-04-19,Événement VIC,USA
TP006819,CUST01772,2025-04-26,Visite site e-commerce,USA
TP006820,CUST01772,2025-04-11,Rendez-vous boutique,USA
TP006821,CUST01772,2025-10-15,Ouverture newsletter,USA
TP006822,CUST01772,2025-10-06,Appel conseiller de vente,USA
TP006823,CUST01772,2025-10-16,Événement VIC,USA
TP006824,CUST01772,2026-04-17,Appel conseiller de vente,USA
TP006825,CUST01772,2026-04-26,Événement VIC,USA
TP006826,CUST01772,2026-05-01,Visite site e-commerce,USA
TP006827,CUST01773,2026-04-10,Événement VIC,USA
TP006828,CUST01774,2026-04-03,Événement VIC,Chine
TP006829,CUST01774,2026-04-14,Appel conseiller de vente,Chine
TP006830,CUST01774,2026-03-29,Visite site e-commerce,Chine
TP006831,CUST01775,2026-03-14,Ouverture newsletter,USA
TP006832,CUST01775,2026-03-26,Visite site e-commerce,USA
TP006833,CUST01775,2026-03-24,Appel conseiller de vente,USA
TP006834,CUST01776,2026-01-29,Visite site e-commerce,Moyen-Orient
TP006835,CUST01776,2026-01-25,Visite site e-commerce,Moyen-Orient
TP006836,CUST01776,2026-01-22,Appel conseiller de vente,Moyen-Orient
TP006837,CUST01776,2026-06-21,Ouverture newsletter,Moyen-Orient
TP006838,CUST01776,2026-07-07,Visite site e-commerce,Moyen-Orient
TP006839,CUST01777,2025-04-16,Rendez-vous boutique,Japon
TP006840,CUST01777,2025-04-19,Visite site e-commerce,Japon
TP006841,CUST01777,2025-07-28,Appel conseiller de vente,Japon
TP006842,CUST01777,2025-07-23,Événement VIC,Japon
TP006843,CUST01777,2025-10-01,Événement VIC,Japon
TP006844,CUST01777,2025-09-30,Événement VIC,Japon
TP006845,CUST01777,2025-10-16,Événement VIC,Japon
TP006846,CUST01777,2026-03-03,Rendez-vous boutique,Japon
TP006847,CUST01777,2026-03-04,Ouverture newsletter,Japon
TP006848,CUST01777,2026-03-07,Visite site e-commerce,Japon
TP006849,CUST01777,2026-07-07,Visite site e-commerce,Japon
TP006850,CUST01778,2025-10-13,Visite site e-commerce,USA
TP006851,CUST01778,2025-10-04,Visite site e-commerce,USA
TP006852,CUST01778,2025-10-18,Rendez-vous boutique,USA
TP006853,CUST01778,2026-04-20,Appel conseiller de vente,USA
TP006854,CUST01778,2026-04-10,Événement VIC,USA
TP006855,CUST01778,2026-04-05,Événement VIC,USA
TP006856,CUST01779,2026-03-05,Visite site e-commerce,USA
TP006857,CUST01779,2026-02-27,Rendez-vous boutique,USA
TP006858,CUST01779,2026-03-01,Rendez-vous boutique,USA
TP006859,CUST01780,2025-10-08,Visite site e-commerce,Japon
TP006860,CUST01780,2026-02-22,Appel conseiller de vente,Japon
TP006861,CUST01781,2026-05-22,Ouverture newsletter,USA
TP006862,CUST01782,2025-02-26,Appel conseiller de vente,Japon
TP006863,CUST01782,2025-03-01,Rendez-vous boutique,Japon
TP006864,CUST01782,2025-02-28,Visite site e-commerce,Japon
TP006865,CUST01782,2025-07-24,Ouverture newsletter,Japon
TP006866,CUST01782,2025-12-13,Événement VIC,Japon
TP006867,CUST01782,2026-06-19,Ouverture newsletter,Japon
TP006868,CUST01783,2026-03-19,Visite site e-commerce,Japon
TP006869,CUST01783,2026-03-10,Rendez-vous boutique,Japon
TP006870,CUST01783,2026-03-01,Événement VIC,Japon
TP006871,CUST01786,2026-01-25,Ouverture newsletter,Japon
TP006872,CUST01786,2026-01-28,Appel conseiller de vente,Japon
TP006873,CUST01786,2026-05-21,Rendez-vous boutique,Japon
TP006874,CUST01786,2026-06-03,Ouverture newsletter,Japon
TP006875,CUST01786,2026-05-13,Appel conseiller de vente,Japon
TP006876,CUST01787,2025-06-27,Visite site e-commerce,France (siège)
TP006877,CUST01787,2025-11-08,Visite site e-commerce,France (siège)
TP006878,CUST01787,2025-11-06,Visite site e-commerce,France (siège)
TP006879,CUST01787,2025-10-27,Appel conseiller de vente,France (siège)
TP006880,CUST01787,2026-04-02,Rendez-vous boutique,France (siège)
TP006881,CUST01787,2026-03-29,Événement VIC,France (siège)
TP006882,CUST01787,2026-04-01,Événement VIC,France (siège)
TP006883,CUST01788,2026-03-12,Ouverture newsletter,USA
TP006884,CUST01788,2026-03-12,Visite site e-commerce,USA
TP006885,CUST01788,2026-03-04,Ouverture newsletter,USA
TP006886,CUST01789,2026-01-23,Ouverture newsletter,Japon
TP006887,CUST01790,2025-01-02,Rendez-vous boutique,Chine
TP006888,CUST01790,2025-01-17,Appel conseiller de vente,Chine
TP006889,CUST01790,2025-06-12,Rendez-vous boutique,Chine
TP006890,CUST01790,2025-06-03,Ouverture newsletter,Chine
TP006891,CUST01790,2025-10-22,Appel conseiller de vente,Chine
TP006892,CUST01790,2025-10-12,Rendez-vous boutique,Chine
TP006893,CUST01790,2026-03-14,Visite site e-commerce,Chine
TP006894,CUST01790,2026-03-20,Ouverture newsletter,Chine
TP006895,CUST01791,2025-05-04,Appel conseiller de vente,France (siège)
TP006896,CUST01791,2025-05-06,Événement VIC,France (siège)
TP006897,CUST01792,2025-09-01,Ouverture newsletter,Chine
TP006898,CUST01792,2025-12-03,Rendez-vous boutique,Chine
TP006899,CUST01792,2025-12-14,Rendez-vous boutique,Chine
TP006900,CUST01792,2026-05-01,Appel conseiller de vente,Chine
TP006901,CUST01792,2026-04-17,Appel conseiller de vente,Chine
TP006902,CUST01793,2025-02-18,Appel conseiller de vente,France (siège)
TP006903,CUST01793,2025-03-03,Visite site e-commerce,France (siège)
TP006904,CUST01793,2025-07-08,Ouverture newsletter,France (siège)
TP006905,CUST01793,2025-07-22,Visite site e-commerce,France (siège)
TP006906,CUST01793,2025-12-11,Événement VIC,France (siège)
TP006907,CUST01793,2025-12-01,Visite site e-commerce,France (siège)
TP006908,CUST01793,2025-11-29,Ouverture newsletter,France (siège)
TP006909,CUST01794,2026-05-17,Appel conseiller de vente,Japon
TP006910,CUST01794,2026-06-03,Rendez-vous boutique,Japon
TP006911,CUST01795,2026-05-17,Événement VIC,Moyen-Orient
TP006912,CUST01795,2026-05-21,Rendez-vous boutique,Moyen-Orient
TP006913,CUST01795,2026-05-13,Ouverture newsletter,Moyen-Orient
TP006914,CUST01796,2026-03-16,Événement VIC,USA
TP006915,CUST01796,2026-03-05,Visite site e-commerce,USA
TP006916,CUST01796,2026-03-18,Visite site e-commerce,USA
TP006917,CUST01798,2025-12-09,Ouverture newsletter,France (siège)
TP006918,CUST01798,2025-12-25,Ouverture newsletter,France (siège)
TP006919,CUST01798,2025-12-22,Événement VIC,France (siège)
TP006920,CUST01798,2026-06-16,Visite site e-commerce,France (siège)
TP006921,CUST01798,2026-05-28,Événement VIC,France (siège)
TP006922,CUST01798,2026-06-05,Événement VIC,France (siège)
TP006923,CUST01799,2026-05-20,Événement VIC,Chine
TP006924,CUST01799,2026-05-12,Visite site e-commerce,Chine
TP006925,CUST01800,2025-11-27,Appel conseiller de vente,Chine
TP006926,CUST01800,2025-11-15,Visite site e-commerce,Chine
TP006927,CUST01800,2026-06-25,Événement VIC,Chine
TP006928,CUST01800,2026-07-06,Ouverture newsletter,Chine
TP006929,CUST01800,2026-07-14,Événement VIC,Chine
TP006930,CUST01801,2025-09-05,Appel conseiller de vente,Moyen-Orient
TP006931,CUST01801,2026-03-10,Ouverture newsletter,Moyen-Orient
TP006932,CUST01801,2026-03-30,Visite site e-commerce,Moyen-Orient
TP006933,CUST01801,2026-03-12,Visite site e-commerce,Moyen-Orient
TP006934,CUST01802,2026-02-15,Visite site e-commerce,Chine
TP006935,CUST01802,2026-03-02,Visite site e-commerce,Chine
TP006936,CUST01802,2026-03-06,Événement VIC,Chine
TP006937,CUST01803,2025-07-06,Rendez-vous boutique,Chine
TP006938,CUST01804,2026-02-02,Appel conseiller de vente,Chine
TP006939,CUST01804,2026-02-02,Visite site e-commerce,Chine
TP006940,CUST01804,2026-06-08,Rendez-vous boutique,Chine
TP006941,CUST01805,2025-09-03,Ouverture newsletter,France (siège)
TP006942,CUST01805,2025-09-04,Événement VIC,France (siège)
TP006943,CUST01805,2026-03-11,Ouverture newsletter,France (siège)
TP006944,CUST01805,2026-03-08,Rendez-vous boutique,France (siège)
TP006945,CUST01805,2026-03-06,Appel conseiller de vente,France (siège)
TP006946,CUST01806,2026-07-04,Visite site e-commerce,USA
TP006947,CUST01807,2025-07-24,Rendez-vous boutique,France (siège)
TP006948,CUST01808,2025-06-06,Visite site e-commerce,Moyen-Orient
TP006949,CUST01808,2025-05-19,Ouverture newsletter,Moyen-Orient
TP006950,CUST01808,2025-06-08,Rendez-vous boutique,Moyen-Orient
TP006951,CUST01809,2026-06-16,Appel conseiller de vente,Chine
TP006952,CUST01809,2026-06-08,Ouverture newsletter,Chine
TP006953,CUST01809,2026-06-13,Rendez-vous boutique,Chine
TP006954,CUST01810,2025-04-21,Ouverture newsletter,USA
TP006955,CUST01810,2025-05-03,Rendez-vous boutique,USA
TP006956,CUST01810,2025-10-18,Appel conseiller de vente,USA
TP006957,CUST01810,2025-10-02,Rendez-vous boutique,USA
TP006958,CUST01810,2026-03-09,Ouverture newsletter,USA
TP006959,CUST01812,2026-06-25,Visite site e-commerce,Japon
TP006960,CUST01812,2026-06-19,Appel conseiller de vente,Japon
TP006961,CUST01813,2026-06-13,Appel conseiller de vente,France (siège)
TP006962,CUST01813,2026-06-25,Événement VIC,France (siège)
TP006963,CUST01813,2026-06-15,Rendez-vous boutique,France (siège)
TP006964,CUST01814,2025-10-24,Événement VIC,USA
TP006965,CUST01814,2025-10-30,Rendez-vous boutique,USA
TP006966,CUST01814,2026-03-20,Visite site e-commerce,USA
TP006967,CUST01814,2026-03-17,Ouverture newsletter,USA
TP006968,CUST01815,2025-05-29,Rendez-vous boutique,Moyen-Orient
TP006969,CUST01815,2025-05-16,Ouverture newsletter,Moyen-Orient
TP006970,CUST01815,2025-10-31,Événement VIC,Moyen-Orient
TP006971,CUST01815,2025-11-02,Événement VIC,Moyen-Orient
TP006972,CUST01815,2026-05-03,Ouverture newsletter,Moyen-Orient
TP006973,CUST01815,2026-05-15,Appel conseiller de vente,Moyen-Orient
TP006974,CUST01816,2026-03-03,Appel conseiller de vente,France (siège)
TP006975,CUST01816,2026-03-11,Visite site e-commerce,France (siège)
TP006976,CUST01817,2026-07-20,Appel conseiller de vente,France (siège)
TP006977,CUST01818,2026-05-07,Événement VIC,France (siège)
TP006978,CUST01819,2025-01-16,Ouverture newsletter,USA
TP006979,CUST01819,2025-01-18,Visite site e-commerce,USA
TP006980,CUST01819,2025-06-06,Appel conseiller de vente,USA
TP006981,CUST01819,2025-09-15,Ouverture newsletter,USA
TP006982,CUST01819,2025-09-15,Événement VIC,USA
TP006983,CUST01819,2026-01-30,Événement VIC,USA
TP006984,CUST01819,2026-04-27,Visite site e-commerce,USA
TP006985,CUST01819,2026-05-02,Ouverture newsletter,USA
TP006986,CUST01819,2026-04-20,Rendez-vous boutique,USA
TP006987,CUST01820,2026-01-18,Appel conseiller de vente,France (siège)
TP006988,CUST01820,2026-06-14,Événement VIC,France (siège)
TP006989,CUST01820,2026-06-11,Appel conseiller de vente,France (siège)
TP006990,CUST01820,2026-07-04,Événement VIC,France (siège)
TP006991,CUST01821,2025-05-24,Événement VIC,Japon
TP006992,CUST01821,2025-05-04,Appel conseiller de vente,Japon
TP006993,CUST01821,2025-05-06,Visite site e-commerce,Japon
TP006994,CUST01821,2025-10-10,Appel conseiller de vente,Japon
TP006995,CUST01821,2025-10-02,Appel conseiller de vente,Japon
TP006996,CUST01821,2025-10-04,Appel conseiller de vente,Japon
TP006997,CUST01821,2026-04-13,Événement VIC,Japon
TP006998,CUST01822,2025-08-04,Ouverture newsletter,Chine
TP006999,CUST01822,2025-08-03,Appel conseiller de vente,Chine
TP007000,CUST01822,2026-01-06,Appel conseiller de vente,Chine
TP007001,CUST01822,2026-05-08,Rendez-vous boutique,Chine
TP007002,CUST01822,2026-04-25,Appel conseiller de vente,Chine
TP007003,CUST01823,2025-06-28,Événement VIC,Japon
TP007004,CUST01823,2025-10-30,Visite site e-commerce,Japon
TP007005,CUST01823,2025-11-13,Événement VIC,Japon
TP007006,CUST01823,2026-02-19,Appel conseiller de vente,Japon
TP007007,CUST01823,2026-02-24,Rendez-vous boutique,Japon
TP007008,CUST01823,2026-05-21,Appel conseiller de vente,Japon
TP007009,CUST01823,2026-05-23,Événement VIC,Japon
TP007010,CUST01824,2026-04-07,Rendez-vous boutique,Chine
TP007011,CUST01825,2026-01-31,Ouverture newsletter,Chine
TP007012,CUST01825,2026-06-12,Appel conseiller de vente,Chine
TP007013,CUST01826,2025-02-09,Appel conseiller de vente,USA
TP007014,CUST01826,2025-02-27,Rendez-vous boutique,USA
TP007015,CUST01826,2025-07-18,Événement VIC,USA
TP007016,CUST01826,2025-07-02,Visite site e-commerce,USA
TP007017,CUST01826,2025-07-24,Événement VIC,USA
TP007018,CUST01826,2025-12-08,Événement VIC,USA
TP007019,CUST01826,2025-12-01,Événement VIC,USA
TP007020,CUST01826,2026-03-21,Visite site e-commerce,USA
TP007021,CUST01826,2026-07-20,Ouverture newsletter,USA
TP007022,CUST01826,2026-07-12,Appel conseiller de vente,USA
TP007023,CUST01826,2026-07-22,Événement VIC,USA
TP007024,CUST01827,2026-01-26,Appel conseiller de vente,Chine
TP007025,CUST01827,2026-01-24,Visite site e-commerce,Chine
TP007026,CUST01827,2026-01-15,Visite site e-commerce,Chine
TP007027,CUST01827,2026-06-20,Ouverture newsletter,Chine
TP007028,CUST01828,2026-02-17,Visite site e-commerce,USA
TP007029,CUST01828,2026-02-03,Visite site e-commerce,USA
TP007030,CUST01829,2026-01-11,Appel conseiller de vente,USA
TP007031,CUST01829,2026-01-10,Visite site e-commerce,USA
TP007032,CUST01829,2025-12-30,Événement VIC,USA
TP007033,CUST01829,2026-06-26,Appel conseiller de vente,USA
TP007034,CUST01829,2026-06-15,Visite site e-commerce,USA
TP007035,CUST01832,2025-03-21,Rendez-vous boutique,USA
TP007036,CUST01832,2025-04-12,Visite site e-commerce,USA
TP007037,CUST01833,2025-11-21,Visite site e-commerce,France (siège)
TP007038,CUST01833,2026-06-09,Appel conseiller de vente,France (siège)
TP007039,CUST01833,2026-06-18,Événement VIC,France (siège)
TP007040,CUST01834,2026-03-25,Appel conseiller de vente,Chine
TP007041,CUST01835,2025-05-03,Appel conseiller de vente,France (siège)
TP007042,CUST01835,2025-05-07,Visite site e-commerce,France (siège)
TP007043,CUST01835,2025-05-07,Appel conseiller de vente,France (siège)
TP007044,CUST01835,2025-08-11,Ouverture newsletter,France (siège)
TP007045,CUST01835,2025-12-16,Événement VIC,France (siège)
TP007046,CUST01835,2025-12-04,Appel conseiller de vente,France (siège)
TP007047,CUST01835,2025-12-19,Appel conseiller de vente,France (siège)
TP007048,CUST01835,2026-04-22,Visite site e-commerce,France (siège)
TP007049,CUST01835,2026-05-01,Ouverture newsletter,France (siège)
TP007050,CUST01836,2025-05-26,Événement VIC,France (siège)
TP007051,CUST01836,2025-06-13,Ouverture newsletter,France (siège)
TP007052,CUST01836,2025-05-29,Ouverture newsletter,France (siège)
TP007053,CUST01837,2026-03-03,Appel conseiller de vente,USA
TP007054,CUST01837,2026-07-28,Visite site e-commerce,USA
TP007055,CUST01838,2025-11-30,Appel conseiller de vente,Japon
TP007056,CUST01838,2025-11-17,Rendez-vous boutique,Japon
TP007057,CUST01838,2025-11-26,Appel conseiller de vente,Japon
TP007058,CUST01838,2026-05-03,Ouverture newsletter,Japon
TP007059,CUST01839,2025-03-04,Appel conseiller de vente,Moyen-Orient
TP007060,CUST01839,2025-03-21,Ouverture newsletter,Moyen-Orient
TP007061,CUST01839,2025-03-17,Visite site e-commerce,Moyen-Orient
TP007062,CUST01840,2025-02-09,Visite site e-commerce,Japon
TP007063,CUST01840,2025-07-06,Rendez-vous boutique,Japon
TP007064,CUST01840,2025-07-12,Appel conseiller de vente,Japon
TP007065,CUST01840,2025-07-16,Appel conseiller de vente,Japon
TP007066,CUST01841,2025-07-14,Visite site e-commerce,USA
TP007067,CUST01841,2025-07-25,Ouverture newsletter,USA
TP007068,CUST01842,2026-06-27,Ouverture newsletter,Japon
TP007069,CUST01842,2026-06-23,Visite site e-commerce,Japon
TP007070,CUST01842,2026-06-20,Rendez-vous boutique,Japon
TP007071,CUST01844,2025-06-15,Ouverture newsletter,Chine
TP007072,CUST01844,2025-07-02,Appel conseiller de vente,Chine
TP007073,CUST01844,2025-12-18,Événement VIC,Chine
TP007074,CUST01844,2026-05-13,Ouverture newsletter,Chine
TP007075,CUST01844,2026-05-19,Appel conseiller de vente,Chine
TP007076,CUST01844,2026-05-22,Visite site e-commerce,Chine
TP007077,CUST01845,2025-06-03,Événement VIC,Chine
TP007078,CUST01845,2025-06-12,Appel conseiller de vente,Chine
TP007079,CUST01845,2025-12-20,Ouverture newsletter,Chine
TP007080,CUST01845,2026-06-15,Ouverture newsletter,Chine
TP007081,CUST01845,2026-06-21,Appel conseiller de vente,Chine
TP007082,CUST01845,2026-06-05,Ouverture newsletter,Chine
TP007083,CUST01846,2025-07-29,Visite site e-commerce,USA
TP007084,CUST01846,2025-12-25,Appel conseiller de vente,USA
TP007085,CUST01846,2025-12-11,Événement VIC,USA
TP007086,CUST01846,2025-12-10,Appel conseiller de vente,USA
TP007087,CUST01847,2026-03-30,Appel conseiller de vente,Chine
TP007088,CUST01847,2026-03-07,Appel conseiller de vente,Chine
TP007089,CUST01847,2026-03-18,Visite site e-commerce,Chine
TP007090,CUST01848,2025-12-24,Appel conseiller de vente,Japon
TP007091,CUST01848,2026-01-14,Ouverture newsletter,Japon
TP007092,CUST01848,2026-01-11,Ouverture newsletter,Japon
TP007093,CUST01848,2026-05-27,Ouverture newsletter,Japon
TP007094,CUST01849,2025-06-07,Rendez-vous boutique,USA
TP007095,CUST01849,2025-05-19,Visite site e-commerce,USA
TP007096,CUST01849,2025-11-06,Événement VIC,USA
TP007097,CUST01849,2026-02-22,Ouverture newsletter,USA
TP007098,CUST01850,2026-03-18,Visite site e-commerce,USA
TP007099,CUST01850,2026-03-02,Visite site e-commerce,USA
TP007100,CUST01850,2026-03-17,Rendez-vous boutique,USA
TP007101,CUST01851,2025-01-04,Ouverture newsletter,Moyen-Orient
TP007102,CUST01852,2025-05-17,Rendez-vous boutique,Chine
TP007103,CUST01852,2025-09-30,Appel conseiller de vente,Chine
TP007104,CUST01852,2025-10-13,Rendez-vous boutique,Chine
TP007105,CUST01852,2025-09-23,Visite site e-commerce,Chine
TP007106,CUST01852,2026-03-19,Appel conseiller de vente,Chine
TP007107,CUST01853,2026-07-18,Rendez-vous boutique,France (siège)
TP007108,CUST01853,2026-07-12,Visite site e-commerce,France (siège)
TP007109,CUST01853,2026-07-25,Événement VIC,France (siège)
TP007110,CUST01854,2025-10-25,Visite site e-commerce,USA
TP007111,CUST01854,2026-03-17,Appel conseiller de vente,USA
TP007112,CUST01854,2026-03-16,Appel conseiller de vente,USA
TP007113,CUST01855,2026-03-27,Visite site e-commerce,Moyen-Orient
TP007114,CUST01855,2026-03-29,Appel conseiller de vente,Moyen-Orient
TP007115,CUST01855,2026-03-20,Visite site e-commerce,Moyen-Orient
TP007116,CUST01856,2026-05-21,Visite site e-commerce,Chine
TP007117,CUST01856,2026-05-03,Rendez-vous boutique,Chine
TP007118,CUST01856,2026-05-15,Appel conseiller de vente,Chine
TP007119,CUST01857,2026-02-18,Événement VIC,Chine
TP007120,CUST01857,2026-02-15,Événement VIC,Chine
TP007121,CUST01857,2026-02-13,Appel conseiller de vente,Chine
TP007122,CUST01858,2025-12-22,Événement VIC,Japon
TP007123,CUST01858,2026-05-31,Événement VIC,Japon
TP007124,CUST01858,2026-05-11,Visite site e-commerce,Japon
TP007125,CUST01858,2026-05-19,Visite site e-commerce,Japon
TP007126,CUST01859,2025-04-01,Rendez-vous boutique,Moyen-Orient
TP007127,CUST01859,2025-08-27,Appel conseiller de vente,Moyen-Orient
TP007128,CUST01859,2025-08-30,Événement VIC,Moyen-Orient
TP007129,CUST01859,2025-09-05,Visite site e-commerce,Moyen-Orient
TP007130,CUST01859,2026-03-19,Ouverture newsletter,Moyen-Orient
TP007131,CUST01859,2026-03-25,Visite site e-commerce,Moyen-Orient
TP007132,CUST01860,2025-07-24,Événement VIC,France (siège)
TP007133,CUST01860,2025-07-13,Appel conseiller de vente,France (siège)
TP007134,CUST01860,2026-01-14,Événement VIC,France (siège)
TP007135,CUST01860,2026-07-10,Visite site e-commerce,France (siège)
TP007136,CUST01861,2026-04-03,Appel conseiller de vente,Chine
TP007137,CUST01861,2026-04-01,Visite site e-commerce,Chine
TP007138,CUST01861,2026-04-08,Appel conseiller de vente,Chine
TP007139,CUST01862,2025-07-17,Événement VIC,Chine
TP007140,CUST01862,2025-08-01,Visite site e-commerce,Chine
TP007141,CUST01862,2025-11-24,Événement VIC,Chine
TP007142,CUST01862,2026-03-28,Ouverture newsletter,Chine
TP007143,CUST01863,2025-04-10,Ouverture newsletter,Moyen-Orient
TP007144,CUST01863,2025-04-10,Ouverture newsletter,Moyen-Orient
TP007145,CUST01863,2025-03-19,Ouverture newsletter,Moyen-Orient
TP007146,CUST01863,2025-09-13,Ouverture newsletter,Moyen-Orient
TP007147,CUST01863,2026-03-16,Ouverture newsletter,Moyen-Orient
TP007148,CUST01863,2026-03-20,Visite site e-commerce,Moyen-Orient
TP007149,CUST01863,2026-03-21,Événement VIC,Moyen-Orient
TP007150,CUST01864,2026-02-18,Appel conseiller de vente,USA
TP007151,CUST01864,2026-07-14,Événement VIC,USA
TP007152,CUST01865,2026-03-14,Rendez-vous boutique,Chine
TP007153,CUST01866,2025-03-15,Rendez-vous boutique,USA
TP007154,CUST01867,2025-02-21,Événement VIC,Japon
TP007155,CUST01867,2025-03-03,Rendez-vous boutique,Japon
TP007156,CUST01867,2025-02-16,Appel conseiller de vente,Japon
TP007157,CUST01867,2025-04-20,Visite site e-commerce,Japon
TP007158,CUST01867,2025-05-03,Rendez-vous boutique,Japon
TP007159,CUST01867,2025-08-04,Événement VIC,Japon
TP007160,CUST01867,2025-07-29,Rendez-vous boutique,Japon
TP007161,CUST01867,2025-10-10,Visite site e-commerce,Japon
TP007162,CUST01867,2025-10-11,Appel conseiller de vente,Japon
TP007163,CUST01867,2025-12-01,Appel conseiller de vente,Japon
TP007164,CUST01867,2025-12-08,Ouverture newsletter,Japon
TP007165,CUST01867,2025-12-05,Ouverture newsletter,Japon
TP007166,CUST01867,2026-02-19,Visite site e-commerce,Japon
TP007167,CUST01867,2026-03-03,Ouverture newsletter,Japon
TP007168,CUST01867,2026-03-14,Événement VIC,Japon
TP007169,CUST01867,2026-05-06,Appel conseiller de vente,Japon
TP007170,CUST01867,2026-04-24,Rendez-vous boutique,Japon
TP007171,CUST01867,2026-04-29,Ouverture newsletter,Japon
TP007172,CUST01868,2025-12-23,Visite site e-commerce,USA
TP007173,CUST01868,2025-12-30,Visite site e-commerce,USA
TP007174,CUST01868,2025-12-24,Appel conseiller de vente,USA
TP007175,CUST01869,2026-03-01,Événement VIC,France (siège)
TP007176,CUST01869,2026-07-08,Visite site e-commerce,France (siège)
TP007177,CUST01870,2025-11-03,Événement VIC,Moyen-Orient
TP007178,CUST01870,2026-04-27,Appel conseiller de vente,Moyen-Orient
TP007179,CUST01870,2026-04-24,Ouverture newsletter,Moyen-Orient
TP007180,CUST01870,2026-05-08,Rendez-vous boutique,Moyen-Orient
TP007181,CUST01871,2026-04-23,Ouverture newsletter,USA
TP007182,CUST01871,2026-05-11,Appel conseiller de vente,USA
TP007183,CUST01871,2026-05-01,Visite site e-commerce,USA
TP007184,CUST01872,2025-04-02,Appel conseiller de vente,Chine
TP007185,CUST01872,2025-09-05,Visite site e-commerce,Chine
TP007186,CUST01872,2025-09-17,Événement VIC,Chine
TP007187,CUST01872,2026-03-06,Événement VIC,Chine
TP007188,CUST01873,2026-03-17,Visite site e-commerce,USA
TP007189,CUST01874,2025-03-05,Appel conseiller de vente,USA
TP007190,CUST01874,2025-03-07,Rendez-vous boutique,USA
TP007191,CUST01874,2025-10-06,Visite site e-commerce,USA
TP007192,CUST01874,2025-10-06,Rendez-vous boutique,USA
TP007193,CUST01874,2025-09-18,Événement VIC,USA
TP007194,CUST01874,2026-03-13,Visite site e-commerce,USA
TP007195,CUST01874,2026-02-24,Appel conseiller de vente,USA
TP007196,CUST01874,2026-02-20,Rendez-vous boutique,USA
TP007197,CUST01875,2026-03-11,Ouverture newsletter,USA
TP007198,CUST01875,2026-06-20,Visite site e-commerce,USA
TP007199,CUST01876,2025-09-05,Rendez-vous boutique,USA
TP007200,CUST01876,2026-02-21,Événement VIC,USA
TP007201,CUST01877,2025-09-22,Rendez-vous boutique,USA
TP007202,CUST01877,2025-09-28,Ouverture newsletter,USA
TP007203,CUST01877,2026-03-23,Visite site e-commerce,USA
TP007204,CUST01877,2026-03-21,Événement VIC,USA
TP007205,CUST01877,2026-03-11,Événement VIC,USA
TP007206,CUST01878,2026-04-05,Visite site e-commerce,France (siège)
TP007207,CUST01878,2026-04-06,Ouverture newsletter,France (siège)
TP007208,CUST01879,2026-05-28,Visite site e-commerce,France (siège)
TP007209,CUST01879,2026-05-30,Événement VIC,France (siège)
TP007210,CUST01880,2026-03-04,Ouverture newsletter,Moyen-Orient
TP007211,CUST01880,2026-03-07,Événement VIC,Moyen-Orient
TP007212,CUST01880,2026-03-24,Visite site e-commerce,Moyen-Orient
TP007213,CUST01881,2025-02-25,Rendez-vous boutique,Moyen-Orient
TP007214,CUST01881,2025-03-07,Ouverture newsletter,Moyen-Orient
TP007215,CUST01882,2026-01-28,Événement VIC,France (siège)
TP007216,CUST01882,2026-07-11,Ouverture newsletter,France (siège)
TP007217,CUST01882,2026-07-07,Événement VIC,France (siège)
TP007218,CUST01882,2026-06-26,Ouverture newsletter,France (siège)
TP007219,CUST01883,2025-07-24,Visite site e-commerce,Chine
TP007220,CUST01883,2025-08-02,Visite site e-commerce,Chine
TP007221,CUST01883,2026-01-11,Visite site e-commerce,Chine
TP007222,CUST01883,2026-06-04,Visite site e-commerce,Chine
TP007223,CUST01883,2026-06-01,Rendez-vous boutique,Chine
TP007224,CUST01883,2026-05-20,Événement VIC,Chine
TP007225,CUST01884,2026-03-21,Appel conseiller de vente,France (siège)
TP007226,CUST01884,2026-03-20,Ouverture newsletter,France (siège)
TP007227,CUST01885,2026-07-11,Visite site e-commerce,Japon
TP007228,CUST01885,2026-07-25,Ouverture newsletter,Japon
TP007229,CUST01887,2025-06-06,Événement VIC,Chine
TP007230,CUST01887,2026-01-19,Visite site e-commerce,Chine
TP007231,CUST01887,2026-01-09,Rendez-vous boutique,Chine
TP007232,CUST01887,2026-07-12,Ouverture newsletter,Chine
TP007233,CUST01887,2026-06-20,Visite site e-commerce,Chine
TP007234,CUST01888,2026-06-26,Événement VIC,Chine
TP007235,CUST01889,2026-05-28,Ouverture newsletter,Chine
TP007236,CUST01890,2024-12-30,Événement VIC,Moyen-Orient
TP007237,CUST01890,2025-01-13,Appel conseiller de vente,Moyen-Orient
TP007238,CUST01890,2025-05-20,Rendez-vous boutique,Moyen-Orient
TP007239,CUST01890,2025-04-28,Rendez-vous boutique,Moyen-Orient
TP007240,CUST01890,2025-05-11,Rendez-vous boutique,Moyen-Orient
TP007241,CUST01891,2025-02-28,Ouverture newsletter,Chine
TP007242,CUST01891,2025-09-10,Ouverture newsletter,Chine
TP007243,CUST01891,2025-09-05,Appel conseiller de vente,Chine
TP007244,CUST01891,2025-09-19,Visite site e-commerce,Chine
TP007245,CUST01891,2026-02-21,Événement VIC,Chine
TP007246,CUST01892,2025-08-01,Visite site e-commerce,Moyen-Orient
TP007247,CUST01892,2025-08-08,Ouverture newsletter,Moyen-Orient
TP007248,CUST01892,2025-08-21,Rendez-vous boutique,Moyen-Orient
TP007249,CUST01892,2026-02-04,Rendez-vous boutique,Moyen-Orient
TP007250,CUST01892,2026-02-02,Visite site e-commerce,Moyen-Orient
TP007251,CUST01892,2026-01-19,Rendez-vous boutique,Moyen-Orient
TP007252,CUST01892,2026-07-19,Appel conseiller de vente,Moyen-Orient
TP007253,CUST01893,2025-12-30,Appel conseiller de vente,Chine
TP007254,CUST01893,2026-01-06,Événement VIC,Chine
TP007255,CUST01893,2026-04-21,Visite site e-commerce,Chine
TP007256,CUST01894,2025-12-11,Ouverture newsletter,Moyen-Orient
TP007257,CUST01894,2026-04-22,Appel conseiller de vente,Moyen-Orient
TP007258,CUST01894,2026-05-16,Ouverture newsletter,Moyen-Orient
TP007259,CUST01895,2025-02-26,Événement VIC,Moyen-Orient
TP007260,CUST01895,2025-02-27,Ouverture newsletter,Moyen-Orient
TP007261,CUST01895,2025-07-30,Rendez-vous boutique,Moyen-Orient
TP007262,CUST01895,2025-08-11,Événement VIC,Moyen-Orient
TP007263,CUST01895,2025-08-12,Rendez-vous boutique,Moyen-Orient
TP007264,CUST01896,2025-05-10,Appel conseiller de vente,Japon
TP007265,CUST01896,2025-04-28,Rendez-vous boutique,Japon
TP007266,CUST01896,2025-10-20,Rendez-vous boutique,Japon
TP007267,CUST01896,2025-10-11,Visite site e-commerce,Japon
TP007268,CUST01896,2025-10-14,Visite site e-commerce,Japon
TP007269,CUST01896,2026-02-28,Événement VIC,Japon
TP007270,CUST01896,2026-07-15,Événement VIC,Japon
TP007271,CUST01896,2026-06-30,Ouverture newsletter,Japon
TP007272,CUST01897,2025-02-27,Événement VIC,Moyen-Orient
TP007273,CUST01897,2025-03-01,Événement VIC,Moyen-Orient
TP007274,CUST01897,2025-09-16,Visite site e-commerce,Moyen-Orient
TP007275,CUST01897,2025-09-14,Appel conseiller de vente,Moyen-Orient
TP007276,CUST01897,2026-02-21,Appel conseiller de vente,Moyen-Orient
TP007277,CUST01897,2026-02-19,Rendez-vous boutique,Moyen-Orient
TP007278,CUST01897,2026-03-07,Événement VIC,Moyen-Orient
TP007279,CUST01898,2026-07-18,Appel conseiller de vente,Chine
TP007280,CUST01899,2025-03-01,Événement VIC,USA
TP007281,CUST01899,2025-03-09,Ouverture newsletter,USA
TP007282,CUST01899,2025-02-21,Événement VIC,USA
TP007283,CUST01899,2025-07-24,Visite site e-commerce,USA
TP007284,CUST01899,2025-12-29,Événement VIC,USA
TP007285,CUST01899,2026-06-07,Appel conseiller de vente,USA
TP007286,CUST01900,2026-04-22,Visite site e-commerce,Chine
TP007287,CUST01900,2026-04-27,Ouverture newsletter,Chine
TP007288,CUST01901,2026-04-28,Événement VIC,USA
TP007289,CUST01901,2026-04-24,Rendez-vous boutique,USA
TP007290,CUST01902,2025-05-13,Rendez-vous boutique,Japon
TP007291,CUST01902,2025-04-27,Ouverture newsletter,Japon
TP007292,CUST01902,2025-10-31,Événement VIC,Japon
TP007293,CUST01902,2025-10-30,Événement VIC,Japon
TP007294,CUST01902,2026-04-09,Événement VIC,Japon
TP007295,CUST01902,2026-04-11,Appel conseiller de vente,Japon
TP007296,CUST01902,2026-03-24,Événement VIC,Japon
TP007297,CUST01903,2026-06-07,Rendez-vous boutique,France (siège)
TP007298,CUST01903,2026-05-28,Visite site e-commerce,France (siège)
TP007299,CUST01904,2026-06-21,Appel conseiller de vente,Chine
TP007300,CUST01905,2025-07-12,Ouverture newsletter,France (siège)
TP007301,CUST01906,2025-04-12,Rendez-vous boutique,Chine
TP007302,CUST01906,2025-04-10,Rendez-vous boutique,Chine
TP007303,CUST01906,2025-10-01,Appel conseiller de vente,Chine
TP007304,CUST01906,2025-10-05,Événement VIC,Chine
TP007305,CUST01906,2026-02-26,Visite site e-commerce,Chine
TP007306,CUST01906,2026-07-25,Appel conseiller de vente,Chine
TP007307,CUST01906,2026-07-18,Événement VIC,Chine
TP007308,CUST01906,2026-07-31,Événement VIC,Chine
TP007309,CUST01907,2025-10-22,Visite site e-commerce,Japon
TP007310,CUST01907,2025-10-08,Rendez-vous boutique,Japon
TP007311,CUST01907,2025-10-24,Appel conseiller de vente,Japon
TP007312,CUST01907,2025-12-22,Rendez-vous boutique,Japon
TP007313,CUST01907,2025-12-16,Appel conseiller de vente,Japon
TP007314,CUST01907,2025-12-20,Événement VIC,Japon
TP007315,CUST01907,2026-04-08,Visite site e-commerce,Japon
TP007316,CUST01907,2026-04-13,Ouverture newsletter,Japon
TP007317,CUST01907,2026-04-14,Visite site e-commerce,Japon
TP007318,CUST01908,2025-11-14,Rendez-vous boutique,USA
TP007319,CUST01908,2026-04-21,Rendez-vous boutique,USA
TP007320,CUST01909,2025-02-07,Événement VIC,USA
TP007321,CUST01909,2025-02-09,Visite site e-commerce,USA
TP007322,CUST01909,2025-08-06,Événement VIC,USA
TP007323,CUST01910,2025-09-11,Événement VIC,France (siège)
TP007324,CUST01910,2025-09-05,Rendez-vous boutique,France (siège)
TP007325,CUST01910,2026-01-01,Ouverture newsletter,France (siège)
TP007326,CUST01910,2026-04-23,Rendez-vous boutique,France (siège)
TP007327,CUST01911,2026-02-26,Événement VIC,Chine
TP007328,CUST01912,2026-04-23,Appel conseiller de vente,Chine
TP007329,CUST01912,2026-05-01,Événement VIC,Chine
TP007330,CUST01913,2025-09-10,Ouverture newsletter,USA
TP007331,CUST01913,2025-09-21,Événement VIC,USA
TP007332,CUST01913,2026-01-19,Visite site e-commerce,USA
TP007333,CUST01913,2026-01-19,Visite site e-commerce,USA
TP007334,CUST01913,2026-05-05,Appel conseiller de vente,USA
TP007335,CUST01913,2026-05-12,Événement VIC,USA
TP007336,CUST01913,2026-05-25,Visite site e-commerce,USA
TP007337,CUST01914,2025-09-16,Visite site e-commerce,Japon
TP007338,CUST01915,2025-03-15,Rendez-vous boutique,Chine
TP007339,CUST01915,2025-03-18,Appel conseiller de vente,Chine
TP007340,CUST01915,2025-08-23,Appel conseiller de vente,Chine
TP007341,CUST01915,2025-08-23,Événement VIC,Chine
TP007342,CUST01915,2025-08-07,Ouverture newsletter,Chine
TP007343,CUST01915,2026-01-23,Événement VIC,Chine
TP007344,CUST01915,2026-06-10,Appel conseiller de vente,Chine
TP007345,CUST01916,2025-10-29,Visite site e-commerce,USA
TP007346,CUST01916,2025-11-16,Rendez-vous boutique,USA
TP007347,CUST01916,2025-11-05,Appel conseiller de vente,USA
TP007348,CUST01916,2026-04-14,Appel conseiller de vente,USA
TP007349,CUST01916,2026-04-07,Visite site e-commerce,USA
TP007350,CUST01917,2025-05-10,Appel conseiller de vente,Moyen-Orient
TP007351,CUST01917,2025-10-17,Rendez-vous boutique,Moyen-Orient
TP007352,CUST01917,2025-10-03,Rendez-vous boutique,Moyen-Orient
TP007353,CUST01917,2026-02-27,Appel conseiller de vente,Moyen-Orient
TP007354,CUST01917,2026-03-07,Événement VIC,Moyen-Orient
TP007355,CUST01917,2026-02-24,Ouverture newsletter,Moyen-Orient
TP007356,CUST01918,2026-05-20,Ouverture newsletter,Moyen-Orient
TP007357,CUST01918,2026-06-04,Ouverture newsletter,Moyen-Orient
TP007358,CUST01918,2026-05-31,Ouverture newsletter,Moyen-Orient
TP007359,CUST01919,2025-03-27,Ouverture newsletter,France (siège)
TP007360,CUST01919,2025-03-12,Ouverture newsletter,France (siège)
TP007361,CUST01919,2025-03-04,Ouverture newsletter,France (siège)
TP007362,CUST01919,2025-07-31,Ouverture newsletter,France (siège)
TP007363,CUST01919,2025-07-27,Visite site e-commerce,France (siège)
TP007364,CUST01919,2025-07-19,Événement VIC,France (siège)
TP007365,CUST01919,2026-01-03,Appel conseiller de vente,France (siège)
TP007366,CUST01919,2025-12-23,Rendez-vous boutique,France (siège)
TP007367,CUST01919,2026-06-14,Rendez-vous boutique,France (siège)
TP007368,CUST01919,2026-06-10,Événement VIC,France (siège)
TP007369,CUST01919,2026-05-26,Appel conseiller de vente,France (siège)
TP007370,CUST01920,2025-03-10,Appel conseiller de vente,Chine
TP007371,CUST01920,2025-03-28,Visite site e-commerce,Chine
TP007372,CUST01920,2025-03-13,Appel conseiller de vente,Chine
TP007373,CUST01920,2025-09-11,Visite site e-commerce,Chine
TP007374,CUST01920,2025-09-02,Ouverture newsletter,Chine
TP007375,CUST01920,2025-08-31,Rendez-vous boutique,Chine
TP007376,CUST01920,2026-01-25,Rendez-vous boutique,Chine
TP007377,CUST01920,2026-01-18,Rendez-vous boutique,Chine
TP007378,CUST01921,2026-02-16,Appel conseiller de vente,France (siège)
TP007379,CUST01922,2026-03-19,Appel conseiller de vente,USA
TP007380,CUST01922,2026-03-28,Événement VIC,USA
TP007381,CUST01922,2026-03-16,Appel conseiller de vente,USA
TP007382,CUST01923,2025-03-20,Événement VIC,Chine
TP007383,CUST01923,2025-04-09,Événement VIC,Chine
TP007384,CUST01923,2025-04-03,Rendez-vous boutique,Chine
TP007385,CUST01924,2026-05-29,Visite site e-commerce,Japon
TP007386,CUST01925,2025-12-12,Ouverture newsletter,USA
TP007387,CUST01925,2025-12-23,Ouverture newsletter,USA
TP007388,CUST01925,2025-12-21,Rendez-vous boutique,USA
TP007389,CUST01925,2026-05-18,Visite site e-commerce,USA
TP007390,CUST01925,2026-05-27,Événement VIC,USA
TP007391,CUST01925,2026-05-12,Ouverture newsletter,USA
TP007392,CUST01926,2026-03-16,Ouverture newsletter,Japon
TP007393,CUST01927,2026-07-12,Visite site e-commerce,France (siège)
TP007394,CUST01927,2026-07-13,Appel conseiller de vente,France (siège)
TP007395,CUST01928,2026-04-10,Rendez-vous boutique,Chine
TP007396,CUST01929,2025-06-09,Visite site e-commerce,Chine
TP007397,CUST01929,2025-06-21,Appel conseiller de vente,Chine
TP007398,CUST01929,2025-06-24,Ouverture newsletter,Chine
TP007399,CUST01929,2025-12-02,Appel conseiller de vente,Chine
TP007400,CUST01929,2026-06-02,Appel conseiller de vente,Chine
TP007401,CUST01929,2026-05-18,Événement VIC,Chine
TP007402,CUST01930,2025-06-16,Visite site e-commerce,USA
TP007403,CUST01930,2025-06-11,Événement VIC,USA
TP007404,CUST01930,2025-12-28,Rendez-vous boutique,USA
TP007405,CUST01930,2025-12-24,Ouverture newsletter,USA
TP007406,CUST01930,2025-12-24,Ouverture newsletter,USA
TP007407,CUST01930,2026-05-07,Événement VIC,USA
TP007408,CUST01930,2026-05-07,Rendez-vous boutique,USA
TP007409,CUST01931,2026-03-19,Événement VIC,USA
TP007410,CUST01931,2026-07-18,Événement VIC,USA
TP007411,CUST01931,2026-07-07,Événement VIC,USA
TP007412,CUST01932,2025-12-28,Rendez-vous boutique,France (siège)
TP007413,CUST01932,2026-01-01,Événement VIC,France (siège)
TP007414,CUST01932,2026-01-08,Appel conseiller de vente,France (siège)
TP007415,CUST01933,2026-06-24,Ouverture newsletter,Moyen-Orient
TP007416,CUST01933,2026-06-27,Appel conseiller de vente,Moyen-Orient
TP007417,CUST01933,2026-07-02,Appel conseiller de vente,Moyen-Orient
TP007418,CUST01934,2026-02-19,Événement VIC,France (siège)
TP007419,CUST01934,2026-02-19,Rendez-vous boutique,France (siège)
TP007420,CUST01934,2026-03-14,Événement VIC,France (siège)
TP007421,CUST01934,2026-07-02,Appel conseiller de vente,France (siège)
TP007422,CUST01934,2026-07-09,Appel conseiller de vente,France (siège)
TP007423,CUST01934,2026-07-01,Appel conseiller de vente,France (siège)
TP007424,CUST01935,2025-07-23,Événement VIC,France (siège)
TP007425,CUST01935,2025-07-31,Ouverture newsletter,France (siège)
TP007426,CUST01935,2025-07-21,Rendez-vous boutique,France (siège)
TP007427,CUST01935,2025-12-09,Ouverture newsletter,France (siège)
TP007428,CUST01935,2025-12-09,Ouverture newsletter,France (siège)
TP007429,CUST01935,2026-05-06,Ouverture newsletter,France (siège)
TP007430,CUST01936,2025-06-15,Événement VIC,Chine
TP007431,CUST01936,2025-11-05,Appel conseiller de vente,Chine
TP007432,CUST01936,2025-10-24,Événement VIC,Chine
TP007433,CUST01936,2025-10-19,Rendez-vous boutique,Chine
TP007434,CUST01936,2026-04-01,Appel conseiller de vente,Chine
TP007435,CUST01936,2026-04-15,Ouverture newsletter,Chine
TP007436,CUST01937,2025-09-08,Appel conseiller de vente,Moyen-Orient
TP007437,CUST01937,2025-09-28,Appel conseiller de vente,Moyen-Orient
TP007438,CUST01937,2026-01-19,Ouverture newsletter,Moyen-Orient
TP007439,CUST01937,2026-06-14,Rendez-vous boutique,Moyen-Orient
TP007440,CUST01937,2026-06-19,Ouverture newsletter,Moyen-Orient
TP007441,CUST01938,2026-04-16,Événement VIC,Moyen-Orient
TP007442,CUST01938,2026-04-23,Événement VIC,Moyen-Orient
TP007443,CUST01939,2025-03-16,Appel conseiller de vente,Japon
TP007444,CUST01939,2025-03-15,Visite site e-commerce,Japon
TP007445,CUST01939,2025-04-01,Rendez-vous boutique,Japon
TP007446,CUST01939,2025-08-29,Événement VIC,Japon
TP007447,CUST01939,2025-09-01,Appel conseiller de vente,Japon
TP007448,CUST01939,2025-09-04,Événement VIC,Japon
TP007449,CUST01939,2026-02-24,Événement VIC,Japon
TP007450,CUST01941,2025-08-01,Événement VIC,Chine
TP007451,CUST01941,2026-01-23,Ouverture newsletter,Chine
TP007452,CUST01941,2026-01-15,Rendez-vous boutique,Chine
TP007453,CUST01944,2026-06-05,Ouverture newsletter,USA
TP007454,CUST01944,2026-05-21,Appel conseiller de vente,USA
TP007455,CUST01944,2026-06-04,Appel conseiller de vente,USA
TP007456,CUST01945,2025-07-29,Rendez-vous boutique,Chine
TP007457,CUST01945,2025-08-04,Événement VIC,Chine
TP007458,CUST01945,2026-01-10,Rendez-vous boutique,Chine
TP007459,CUST01945,2025-12-27,Ouverture newsletter,Chine
TP007460,CUST01945,2026-01-10,Appel conseiller de vente,Chine
TP007461,CUST01945,2026-04-19,Appel conseiller de vente,Chine
TP007462,CUST01945,2026-04-21,Visite site e-commerce,Chine
TP007463,CUST01945,2026-04-25,Appel conseiller de vente,Chine
TP007464,CUST01946,2025-08-26,Visite site e-commerce,Moyen-Orient
TP007465,CUST01947,2026-07-08,Appel conseiller de vente,USA
TP007466,CUST01948,2025-08-17,Visite site e-commerce,USA
TP007467,CUST01948,2025-08-12,Événement VIC,USA
TP007468,CUST01948,2025-09-02,Ouverture newsletter,USA
TP007469,CUST01948,2026-01-12,Rendez-vous boutique,USA
TP007470,CUST01948,2026-01-15,Appel conseiller de vente,USA
TP007471,CUST01949,2025-09-12,Rendez-vous boutique,Chine
TP007472,CUST01949,2026-02-19,Visite site e-commerce,Chine
TP007473,CUST01949,2026-02-26,Événement VIC,Chine
TP007474,CUST01950,2025-07-27,Rendez-vous boutique,USA
TP007475,CUST01951,2025-12-26,Appel conseiller de vente,France (siège)
TP007476,CUST01951,2025-12-14,Événement VIC,France (siège)
TP007477,CUST01951,2026-05-26,Événement VIC,France (siège)
TP007478,CUST01951,2026-05-22,Ouverture newsletter,France (siège)
TP007479,CUST01952,2026-05-28,Événement VIC,Moyen-Orient
TP007480,CUST01953,2026-04-23,Visite site e-commerce,France (siège)
TP007481,CUST01954,2025-09-17,Événement VIC,Chine
TP007482,CUST01954,2025-09-16,Événement VIC,Chine
TP007483,CUST01954,2026-03-07,Ouverture newsletter,Chine
TP007484,CUST01954,2026-02-17,Visite site e-commerce,Chine
TP007485,CUST01954,2026-02-14,Rendez-vous boutique,Chine
TP007486,CUST01954,2026-07-29,Événement VIC,Chine
TP007487,CUST01955,2025-07-10,Appel conseiller de vente,USA
TP007488,CUST01955,2025-12-28,Rendez-vous boutique,USA
TP007489,CUST01955,2026-05-16,Événement VIC,USA
TP007490,CUST01955,2026-05-10,Appel conseiller de vente,USA
TP007491,CUST01955,2026-05-31,Appel conseiller de vente,USA
TP007492,CUST01956,2025-12-11,Visite site e-commerce,Japon
TP007493,CUST01956,2025-12-11,Rendez-vous boutique,Japon
TP007494,CUST01956,2025-12-05,Ouverture newsletter,Japon
TP007495,CUST01958,2025-03-03,Rendez-vous boutique,USA
TP007496,CUST01958,2025-08-29,Ouverture newsletter,USA
TP007497,CUST01958,2025-08-20,Ouverture newsletter,USA
TP007498,CUST01958,2025-08-25,Événement VIC,USA
TP007499,CUST01958,2026-02-08,Appel conseiller de vente,USA
TP007500,CUST01958,2026-02-07,Événement VIC,USA
TP007501,CUST01959,2025-10-11,Visite site e-commerce,Moyen-Orient
TP007502,CUST01959,2026-02-03,Visite site e-commerce,Moyen-Orient
TP007503,CUST01959,2026-05-08,Visite site e-commerce,Moyen-Orient
TP007504,CUST01959,2026-05-05,Rendez-vous boutique,Moyen-Orient
TP007505,CUST01959,2026-05-04,Rendez-vous boutique,Moyen-Orient
TP007506,CUST01960,2025-08-12,Visite site e-commerce,Moyen-Orient
TP007507,CUST01960,2025-12-15,Visite site e-commerce,Moyen-Orient
TP007508,CUST01960,2025-11-29,Appel conseiller de vente,Moyen-Orient
TP007509,CUST01960,2026-05-25,Visite site e-commerce,Moyen-Orient
TP007510,CUST01960,2026-05-20,Rendez-vous boutique,Moyen-Orient
TP007511,CUST01960,2026-05-30,Ouverture newsletter,Moyen-Orient
TP007512,CUST01961,2026-06-07,Événement VIC,USA
TP007513,CUST01961,2026-05-19,Ouverture newsletter,USA
TP007514,CUST01961,2026-05-20,Rendez-vous boutique,USA
TP007515,CUST01962,2025-11-15,Ouverture newsletter,USA
TP007516,CUST01962,2026-05-16,Rendez-vous boutique,USA
TP007517,CUST01962,2026-05-20,Appel conseiller de vente,USA
TP007518,CUST01964,2026-03-16,Ouverture newsletter,Moyen-Orient
TP007519,CUST01964,2026-03-13,Rendez-vous boutique,Moyen-Orient
TP007520,CUST01965,2025-11-16,Rendez-vous boutique,USA
TP007521,CUST01965,2026-05-06,Appel conseiller de vente,USA
TP007522,CUST01965,2026-04-20,Événement VIC,USA
TP007523,CUST01966,2026-02-24,Appel conseiller de vente,Japon
TP007524,CUST01966,2026-02-17,Événement VIC,Japon
TP007525,CUST01966,2026-06-06,Visite site e-commerce,Japon
TP007526,CUST01967,2025-05-27,Visite site e-commerce,USA
TP007527,CUST01967,2025-10-22,Visite site e-commerce,USA
TP007528,CUST01967,2025-10-10,Événement VIC,USA
TP007529,CUST01967,2025-10-10,Rendez-vous boutique,USA
TP007530,CUST01967,2026-04-10,Appel conseiller de vente,USA
TP007531,CUST01967,2026-04-17,Événement VIC,USA
TP007532,CUST01968,2026-02-26,Appel conseiller de vente,Moyen-Orient
TP007533,CUST01968,2026-02-18,Visite site e-commerce,Moyen-Orient
TP007534,CUST01968,2026-03-02,Événement VIC,Moyen-Orient
TP007535,CUST01969,2025-03-06,Événement VIC,France (siège)
TP007536,CUST01969,2025-06-06,Appel conseiller de vente,France (siège)
TP007537,CUST01969,2025-06-26,Rendez-vous boutique,France (siège)
TP007538,CUST01969,2025-10-14,Ouverture newsletter,France (siège)
TP007539,CUST01969,2025-10-29,Ouverture newsletter,France (siège)
TP007540,CUST01969,2026-04-20,Appel conseiller de vente,France (siège)
TP007541,CUST01969,2026-05-05,Visite site e-commerce,France (siège)
TP007542,CUST01969,2026-05-07,Ouverture newsletter,France (siège)
TP007543,CUST01970,2025-04-09,Événement VIC,Japon
TP007544,CUST01970,2025-03-30,Événement VIC,Japon
TP007545,CUST01970,2025-07-31,Ouverture newsletter,Japon
TP007546,CUST01970,2025-08-08,Ouverture newsletter,Japon
TP007547,CUST01971,2026-03-19,Rendez-vous boutique,Chine
TP007548,CUST01972,2025-08-26,Visite site e-commerce,Japon
TP007549,CUST01972,2026-01-03,Rendez-vous boutique,Japon
TP007550,CUST01972,2026-06-26,Événement VIC,Japon
TP007551,CUST01973,2026-06-08,Ouverture newsletter,Moyen-Orient
TP007552,CUST01974,2025-06-15,Événement VIC,France (siège)
TP007553,CUST01974,2025-11-12,Visite site e-commerce,France (siège)
TP007554,CUST01974,2025-11-06,Appel conseiller de vente,France (siège)
TP007555,CUST01974,2025-11-25,Rendez-vous boutique,France (siège)
TP007556,CUST01974,2026-04-11,Visite site e-commerce,France (siège)
TP007557,CUST01974,2026-04-19,Visite site e-commerce,France (siège)
TP007558,CUST01974,2026-04-05,Rendez-vous boutique,France (siège)
TP007559,CUST01975,2026-03-03,Appel conseiller de vente,Japon
TP007560,CUST01977,2025-11-19,Visite site e-commerce,France (siège)
TP007561,CUST01977,2025-11-11,Événement VIC,France (siège)
TP007562,CUST01977,2025-11-16,Événement VIC,France (siège)
TP007563,CUST01977,2026-04-19,Événement VIC,France (siège)
TP007564,CUST01978,2026-06-02,Rendez-vous boutique,Chine
TP007565,CUST01978,2026-05-31,Appel conseiller de vente,Chine
TP007566,CUST01978,2026-06-12,Appel conseiller de vente,Chine
TP007567,CUST01979,2026-02-04,Rendez-vous boutique,USA
TP007568,CUST01980,2025-04-18,Ouverture newsletter,Chine
TP007569,CUST01980,2025-07-23,Rendez-vous boutique,Chine
TP007570,CUST01980,2025-07-19,Visite site e-commerce,Chine
TP007571,CUST01980,2025-11-06,Ouverture newsletter,Chine
TP007572,CUST01980,2025-11-13,Ouverture newsletter,Chine
TP007573,CUST01980,2025-11-17,Rendez-vous boutique,Chine
TP007574,CUST01980,2026-02-23,Visite site e-commerce,Chine
TP007575,CUST01980,2026-02-16,Rendez-vous boutique,Chine
TP007576,CUST01981,2026-01-17,Appel conseiller de vente,Japon
TP007577,CUST01981,2026-05-23,Appel conseiller de vente,Japon
TP007578,CUST01981,2026-05-11,Événement VIC,Japon
TP007579,CUST01981,2026-05-11,Ouverture newsletter,Japon
TP007580,CUST01982,2026-02-16,Visite site e-commerce,USA
TP007581,CUST01982,2026-02-01,Rendez-vous boutique,USA
TP007582,CUST01982,2026-01-30,Appel conseiller de vente,USA
TP007583,CUST01982,2026-06-15,Ouverture newsletter,USA
TP007584,CUST01982,2026-06-09,Événement VIC,USA
TP007585,CUST01983,2025-04-09,Rendez-vous boutique,France (siège)
TP007586,CUST01983,2025-08-13,Ouverture newsletter,France (siège)
TP007587,CUST01983,2025-12-05,Visite site e-commerce,France (siège)
TP007588,CUST01983,2025-12-26,Ouverture newsletter,France (siège)
TP007589,CUST01983,2026-04-20,Appel conseiller de vente,France (siège)
TP007590,CUST01983,2026-04-08,Ouverture newsletter,France (siège)
TP007591,CUST01983,2026-04-12,Ouverture newsletter,France (siège)
TP007592,CUST01984,2025-12-24,Visite site e-commerce,France (siège)
TP007593,CUST01984,2026-01-03,Appel conseiller de vente,France (siège)
TP007594,CUST01984,2026-01-07,Événement VIC,France (siège)
TP007595,CUST01984,2026-05-20,Appel conseiller de vente,France (siège)
TP007596,CUST01984,2026-05-27,Événement VIC,France (siège)
TP007597,CUST01985,2025-06-01,Rendez-vous boutique,Japon
TP007598,CUST01985,2025-11-23,Visite site e-commerce,Japon
TP007599,CUST01985,2025-12-02,Événement VIC,Japon
TP007600,CUST01985,2025-11-21,Ouverture newsletter,Japon
TP007601,CUST01985,2026-06-04,Rendez-vous boutique,Japon
TP007602,CUST01986,2026-06-01,Rendez-vous boutique,USA
TP007603,CUST01986,2026-05-21,Événement VIC,USA
TP007604,CUST01986,2026-06-02,Événement VIC,USA
TP007605,CUST01987,2025-06-27,Appel conseiller de vente,USA
TP007606,CUST01987,2025-07-06,Appel conseiller de vente,USA
TP007607,CUST01987,2025-07-03,Événement VIC,USA
TP007608,CUST01987,2025-12-11,Événement VIC,USA
TP007609,CUST01987,2025-12-07,Rendez-vous boutique,USA
TP007610,CUST01987,2025-12-21,Événement VIC,USA
TP007611,CUST01987,2026-05-21,Ouverture newsletter,USA
TP007612,CUST01987,2026-05-01,Événement VIC,USA
TP007613,CUST01988,2025-08-11,Rendez-vous boutique,Chine
TP007614,CUST01988,2025-08-11,Ouverture newsletter,Chine
TP007615,CUST01988,2025-08-17,Visite site e-commerce,Chine
TP007616,CUST01989,2026-06-08,Appel conseiller de vente,Moyen-Orient
TP007617,CUST01989,2026-06-14,Ouverture newsletter,Moyen-Orient
TP007618,CUST01990,2026-06-07,Ouverture newsletter,Moyen-Orient
TP007619,CUST01990,2026-06-08,Appel conseiller de vente,Moyen-Orient
TP007620,CUST01991,2025-10-04,Ouverture newsletter,USA
TP007621,CUST01991,2026-02-28,Événement VIC,USA
TP007622,CUST01991,2026-02-22,Rendez-vous boutique,USA
TP007623,CUST01991,2026-03-03,Ouverture newsletter,USA
TP007624,CUST01991,2026-07-26,Visite site e-commerce,USA
TP007625,CUST01991,2026-07-24,Ouverture newsletter,USA
TP007626,CUST01992,2025-04-17,Appel conseiller de vente,USA
TP007627,CUST01992,2025-05-02,Ouverture newsletter,USA
TP007628,CUST01992,2025-04-20,Appel conseiller de vente,USA
TP007629,CUST01992,2025-10-20,Visite site e-commerce,USA
TP007630,CUST01993,2025-06-30,Événement VIC,France (siège)
TP007631,CUST01993,2025-11-27,Ouverture newsletter,France (siège)
TP007632,CUST01993,2026-05-28,Événement VIC,France (siège)
TP007633,CUST01993,2026-06-09,Événement VIC,France (siège)
TP007634,CUST01993,2026-06-05,Visite site e-commerce,France (siège)
TP007635,CUST01994,2026-05-31,Événement VIC,Japon
TP007636,CUST01994,2026-05-11,Rendez-vous boutique,Japon
TP007637,CUST01994,2026-05-27,Appel conseiller de vente,Japon
TP007638,CUST01995,2025-05-08,Appel conseiller de vente,Moyen-Orient
TP007639,CUST01995,2025-09-28,Rendez-vous boutique,Moyen-Orient
TP007640,CUST01995,2025-10-09,Ouverture newsletter,Moyen-Orient
TP007641,CUST01995,2026-03-27,Rendez-vous boutique,Moyen-Orient
TP007642,CUST01995,2026-03-06,Appel conseiller de vente,Moyen-Orient
TP007643,CUST01996,2025-07-01,Ouverture newsletter,USA
TP007644,CUST01996,2025-07-07,Événement VIC,USA
TP007645,CUST01996,2025-07-06,Rendez-vous boutique,USA
TP007646,CUST01996,2025-12-14,Rendez-vous boutique,USA
TP007647,CUST01996,2026-05-04,Ouverture newsletter,USA
TP007648,CUST01996,2026-04-29,Ouverture newsletter,USA
TP007649,CUST01996,2026-04-29,Ouverture newsletter,USA
TP007650,CUST01997,2026-06-30,Appel conseiller de vente,Chine
TP007651,CUST01998,2025-04-22,Rendez-vous boutique,Chine
TP007652,CUST01998,2025-08-02,Visite site e-commerce,Chine
TP007653,CUST01998,2025-08-15,Appel conseiller de vente,Chine
TP007654,CUST01998,2025-08-14,Rendez-vous boutique,Chine
TP007655,CUST01998,2026-01-18,Ouverture newsletter,Chine
TP007656,CUST01998,2026-01-03,Appel conseiller de vente,Chine
TP007657,CUST01998,2026-01-02,Appel conseiller de vente,Chine
TP007658,CUST01998,2026-07-04,Ouverture newsletter,Chine
TP007659,CUST01999,2025-10-16,Visite site e-commerce,USA
TP007660,CUST01999,2025-10-24,Appel conseiller de vente,USA
TP007661,CUST01999,2026-04-19,Ouverture newsletter,USA
TP007662,CUST02000,2026-01-10,Appel conseiller de vente,USA
TP007663,CUST02000,2026-06-25,Appel conseiller de vente,USA
TP007664,CUST02001,2026-03-26,Événement VIC,Japon
TP007665,CUST02001,2026-04-04,Ouverture newsletter,Japon
TP007666,CUST02003,2026-04-07,Événement VIC,USA
TP007667,CUST02003,2026-04-11,Rendez-vous boutique,USA
TP007668,CUST02003,2026-07-08,Visite site e-commerce,USA
TP007669,CUST02004,2026-01-04,Ouverture newsletter,France (siège)
TP007670,CUST02005,2026-03-15,Rendez-vous boutique,Moyen-Orient
TP007671,CUST02005,2026-03-08,Appel conseiller de vente,Moyen-Orient
TP007672,CUST02005,2026-03-20,Ouverture newsletter,Moyen-Orient
TP007673,CUST02005,2026-07-22,Rendez-vous boutique,Moyen-Orient
TP007674,CUST02005,2026-07-14,Visite site e-commerce,Moyen-Orient
TP007675,CUST02005,2026-07-14,Rendez-vous boutique,Moyen-Orient
TP007676,CUST02006,2025-09-20,Appel conseiller de vente,USA
TP007677,CUST02006,2025-09-26,Visite site e-commerce,USA
TP007678,CUST02006,2025-09-29,Ouverture newsletter,USA
TP007679,CUST02006,2026-02-20,Appel conseiller de vente,USA
TP007680,CUST02007,2026-05-20,Visite site e-commerce,Chine
TP007681,CUST02009,2026-04-26,Événement VIC,USA
TP007682,CUST02009,2026-04-23,Événement VIC,USA
TP007683,CUST02009,2026-04-21,Ouverture newsletter,USA
TP007684,CUST02011,2026-07-05,Appel conseiller de vente,France (siège)
TP007685,CUST02011,2026-07-18,Ouverture newsletter,France (siège)
TP007686,CUST02012,2026-07-12,Visite site e-commerce,Moyen-Orient
TP007687,CUST02012,2026-07-12,Appel conseiller de vente,Moyen-Orient
TP007688,CUST02013,2025-03-24,Visite site e-commerce,USA
TP007689,CUST02013,2025-10-01,Visite site e-commerce,USA
TP007690,CUST02013,2025-09-29,Ouverture newsletter,USA
TP007691,CUST02013,2026-03-14,Événement VIC,USA
TP007692,CUST02014,2025-08-23,Ouverture newsletter,Moyen-Orient
TP007693,CUST02014,2025-09-02,Événement VIC,Moyen-Orient
TP007694,CUST02014,2026-03-05,Événement VIC,Moyen-Orient
TP007695,CUST02014,2026-03-04,Ouverture newsletter,Moyen-Orient
TP007696,CUST02015,2026-01-30,Rendez-vous boutique,Chine
TP007697,CUST02015,2026-06-15,Ouverture newsletter,Chine
TP007698,CUST02016,2025-03-27,Rendez-vous boutique,Moyen-Orient
TP007699,CUST02016,2025-08-07,Appel conseiller de vente,Moyen-Orient
TP007700,CUST02016,2025-07-23,Appel conseiller de vente,Moyen-Orient
TP007701,CUST02016,2025-07-23,Appel conseiller de vente,Moyen-Orient
TP007702,CUST02016,2026-01-30,Ouverture newsletter,Moyen-Orient
TP007703,CUST02016,2026-01-26,Événement VIC,Moyen-Orient
TP007704,CUST02016,2026-01-21,Appel conseiller de vente,Moyen-Orient
TP007705,CUST02017,2026-04-05,Ouverture newsletter,Japon
TP007706,CUST02017,2026-04-12,Événement VIC,Japon
TP007707,CUST02018,2025-07-13,Événement VIC,Chine
TP007708,CUST02018,2025-11-21,Ouverture newsletter,Chine
TP007709,CUST02018,2025-12-04,Visite site e-commerce,Chine
TP007710,CUST02018,2025-11-20,Appel conseiller de vente,Chine
TP007711,CUST02018,2026-04-06,Rendez-vous boutique,Chine
TP007712,CUST02018,2026-03-25,Rendez-vous boutique,Chine
TP007713,CUST02018,2026-04-11,Rendez-vous boutique,Chine
TP007714,CUST02019,2025-11-02,Appel conseiller de vente,Japon
TP007715,CUST02019,2026-03-28,Événement VIC,Japon
TP007716,CUST02019,2026-03-27,Événement VIC,Japon
TP007717,CUST02020,2026-06-20,Rendez-vous boutique,France (siège)
TP007718,CUST02021,2025-06-20,Visite site e-commerce,France (siège)
TP007719,CUST02021,2025-06-05,Événement VIC,France (siège)
TP007720,CUST02021,2025-06-08,Événement VIC,France (siège)
TP007721,CUST02021,2025-12-17,Rendez-vous boutique,France (siège)
TP007722,CUST02021,2025-12-04,Visite site e-commerce,France (siège)
TP007723,CUST02021,2026-05-28,Visite site e-commerce,France (siège)
TP007724,CUST02021,2026-06-11,Rendez-vous boutique,France (siège)
TP007725,CUST02021,2026-05-24,Rendez-vous boutique,France (siège)
TP007726,CUST02022,2025-12-31,Appel conseiller de vente,France (siège)
TP007727,CUST02022,2026-05-08,Appel conseiller de vente,France (siège)
TP007728,CUST02022,2026-05-06,Événement VIC,France (siège)
TP007729,CUST02023,2025-01-25,Événement VIC,Moyen-Orient
TP007730,CUST02023,2025-02-11,Visite site e-commerce,Moyen-Orient
TP007731,CUST02023,2025-01-27,Appel conseiller de vente,Moyen-Orient
TP007732,CUST02023,2025-07-08,Visite site e-commerce,Moyen-Orient
TP007733,CUST02023,2025-06-25,Ouverture newsletter,Moyen-Orient
TP007734,CUST02023,2026-01-01,Appel conseiller de vente,Moyen-Orient
TP007735,CUST02023,2026-01-04,Ouverture newsletter,Moyen-Orient
TP007736,CUST02023,2025-12-18,Visite site e-commerce,Moyen-Orient
TP007737,CUST02023,2026-06-13,Appel conseiller de vente,Moyen-Orient
TP007738,CUST02024,2025-05-23,Événement VIC,USA
TP007739,CUST02024,2025-11-16,Événement VIC,USA
TP007740,CUST02024,2025-11-12,Événement VIC,USA
TP007741,CUST02024,2026-05-11,Ouverture newsletter,USA
TP007742,CUST02025,2025-08-24,Visite site e-commerce,France (siège)
TP007743,CUST02025,2026-01-30,Ouverture newsletter,France (siège)
TP007744,CUST02025,2026-07-18,Événement VIC,France (siège)
TP007745,CUST02025,2026-06-29,Événement VIC,France (siège)
TP007746,CUST02025,2026-07-03,Événement VIC,France (siège)
TP007747,CUST02026,2025-10-09,Événement VIC,France (siège)
TP007748,CUST02026,2025-10-08,Ouverture newsletter,France (siège)
TP007749,CUST02026,2026-03-30,Visite site e-commerce,France (siège)
TP007750,CUST02027,2026-02-20,Rendez-vous boutique,Moyen-Orient
TP007751,CUST02028,2025-07-21,Rendez-vous boutique,Chine
TP007752,CUST02028,2025-08-07,Événement VIC,Chine
TP007753,CUST02028,2025-08-05,Visite site e-commerce,Chine
TP007754,CUST02028,2026-01-24,Événement VIC,Chine
TP007755,CUST02028,2026-01-31,Événement VIC,Chine
TP007756,CUST02029,2026-07-21,Ouverture newsletter,Japon
TP007757,CUST02029,2026-07-29,Événement VIC,Japon
TP007758,CUST02030,2026-02-09,Événement VIC,France (siège)
TP007759,CUST02030,2026-02-16,Ouverture newsletter,France (siège)
TP007760,CUST02031,2025-06-06,Rendez-vous boutique,France (siège)
TP007761,CUST02031,2025-05-24,Événement VIC,France (siège)
TP007762,CUST02031,2025-06-03,Ouverture newsletter,France (siège)
TP007763,CUST02033,2025-11-30,Visite site e-commerce,Chine
TP007764,CUST02033,2026-05-12,Rendez-vous boutique,Chine
TP007765,CUST02033,2026-05-08,Rendez-vous boutique,Chine
TP007766,CUST02034,2025-04-25,Ouverture newsletter,USA
TP007767,CUST02034,2025-05-04,Ouverture newsletter,USA
TP007768,CUST02034,2025-11-10,Événement VIC,USA
TP007769,CUST02034,2025-10-26,Appel conseiller de vente,USA
TP007770,CUST02034,2025-11-12,Événement VIC,USA
TP007771,CUST02034,2026-04-30,Ouverture newsletter,USA
TP007772,CUST02034,2026-05-03,Appel conseiller de vente,USA
TP007773,CUST02034,2026-04-20,Rendez-vous boutique,USA
TP007774,CUST02035,2025-07-16,Appel conseiller de vente,Moyen-Orient
TP007775,CUST02035,2025-12-22,Ouverture newsletter,Moyen-Orient
TP007776,CUST02035,2025-12-20,Événement VIC,Moyen-Orient
TP007777,CUST02035,2026-06-08,Événement VIC,Moyen-Orient
TP007778,CUST02035,2026-06-22,Visite site e-commerce,Moyen-Orient
TP007779,CUST02036,2026-07-22,Visite site e-commerce,Japon
TP007780,CUST02037,2026-02-18,Ouverture newsletter,France (siège)
TP007781,CUST02037,2026-03-05,Événement VIC,France (siège)
TP007782,CUST02037,2026-02-28,Événement VIC,France (siège)
TP007783,CUST02038,2025-04-11,Appel conseiller de vente,Japon
TP007784,CUST02038,2025-04-10,Rendez-vous boutique,Japon
TP007785,CUST02038,2025-09-07,Ouverture newsletter,Japon
TP007786,CUST02038,2025-09-10,Appel conseiller de vente,Japon
TP007787,CUST02038,2026-03-20,Événement VIC,Japon
TP007788,CUST02038,2026-03-05,Ouverture newsletter,Japon
TP007789,CUST02039,2025-01-21,Événement VIC,France (siège)
TP007790,CUST02039,2025-07-01,Ouverture newsletter,France (siège)
TP007791,CUST02039,2025-12-19,Événement VIC,France (siège)
TP007792,CUST02039,2026-05-28,Appel conseiller de vente,France (siège)
TP007793,CUST02040,2025-06-03,Événement VIC,Chine
TP007794,CUST02040,2025-06-05,Événement VIC,Chine
TP007795,CUST02040,2025-06-07,Événement VIC,Chine
TP007796,CUST02040,2025-12-02,Visite site e-commerce,Chine
TP007797,CUST02040,2025-11-27,Ouverture newsletter,Chine
TP007798,CUST02040,2026-05-29,Visite site e-commerce,Chine
TP007799,CUST02041,2026-01-08,Appel conseiller de vente,Chine
TP007800,CUST02041,2026-07-24,Appel conseiller de vente,Chine
TP007801,CUST02041,2026-07-26,Rendez-vous boutique,Chine
TP007802,CUST02042,2026-04-16,Événement VIC,Japon
TP007803,CUST02042,2026-04-12,Événement VIC,Japon
TP007804,CUST02042,2026-04-30,Rendez-vous boutique,Japon
TP007805,CUST02043,2025-11-05,Visite site e-commerce,Moyen-Orient
TP007806,CUST02043,2025-11-04,Visite site e-commerce,Moyen-Orient
TP007807,CUST02043,2026-03-07,Appel conseiller de vente,Moyen-Orient
TP007808,CUST02043,2026-02-27,Rendez-vous boutique,Moyen-Orient
TP007809,CUST02044,2025-10-09,Visite site e-commerce,France (siège)
TP007810,CUST02044,2025-10-21,Rendez-vous boutique,France (siège)
TP007811,CUST02044,2026-04-28,Appel conseiller de vente,France (siège)
TP007812,CUST02045,2026-01-27,Ouverture newsletter,USA
TP007813,CUST02045,2026-05-29,Appel conseiller de vente,USA
TP007814,CUST02045,2026-05-12,Appel conseiller de vente,USA
TP007815,CUST02046,2025-06-11,Événement VIC,Moyen-Orient
TP007816,CUST02046,2025-06-29,Appel conseiller de vente,Moyen-Orient
TP007817,CUST02046,2025-06-11,Événement VIC,Moyen-Orient
TP007818,CUST02046,2025-12-09,Rendez-vous boutique,Moyen-Orient
TP007819,CUST02046,2025-12-12,Ouverture newsletter,Moyen-Orient
TP007820,CUST02047,2025-07-25,Visite site e-commerce,Chine
TP007821,CUST02047,2026-01-17,Appel conseiller de vente,Chine
TP007822,CUST02047,2026-01-12,Rendez-vous boutique,Chine
TP007823,CUST02047,2026-01-09,Ouverture newsletter,Chine
TP007824,CUST02047,2026-07-24,Événement VIC,Chine
TP007825,CUST02048,2024-12-31,Événement VIC,Chine
TP007826,CUST02048,2025-01-12,Appel conseiller de vente,Chine
TP007827,CUST02048,2025-06-01,Ouverture newsletter,Chine
TP007828,CUST02048,2025-05-25,Événement VIC,Chine
TP007829,CUST02048,2025-11-07,Rendez-vous boutique,Chine
TP007830,CUST02048,2025-11-20,Appel conseiller de vente,Chine
TP007831,CUST02048,2025-11-18,Visite site e-commerce,Chine
TP007832,CUST02048,2026-05-11,Ouverture newsletter,Chine
TP007833,CUST02048,2026-04-23,Événement VIC,Chine
TP007834,CUST02049,2025-09-23,Appel conseiller de vente,USA
TP007835,CUST02049,2025-09-25,Appel conseiller de vente,USA
TP007836,CUST02049,2026-01-22,Visite site e-commerce,USA
TP007837,CUST02049,2026-07-10,Visite site e-commerce,USA
TP007838,CUST02050,2025-01-30,Événement VIC,Chine
TP007839,CUST02050,2025-07-04,Visite site e-commerce,Chine
TP007840,CUST02050,2025-11-08,Appel conseiller de vente,Chine
TP007841,CUST02050,2026-05-19,Événement VIC,Chine
TP007842,CUST02050,2026-04-26,Appel conseiller de vente,Chine
TP007843,CUST02050,2026-05-05,Ouverture newsletter,Chine
TP007844,CUST02051,2025-12-01,Événement VIC,France (siège)
TP007845,CUST02052,2025-07-05,Visite site e-commerce,USA
TP007846,CUST02052,2025-10-12,Ouverture newsletter,USA
TP007847,CUST02052,2025-10-24,Appel conseiller de vente,USA
TP007848,CUST02052,2026-02-12,Visite site e-commerce,USA
TP007849,CUST02052,2026-02-12,Appel conseiller de vente,USA
TP007850,CUST02052,2026-05-29,Appel conseiller de vente,USA
TP007851,CUST02052,2026-05-12,Visite site e-commerce,USA
TP007852,CUST02053,2025-11-19,Visite site e-commerce,Moyen-Orient
TP007853,CUST02053,2025-11-14,Ouverture newsletter,Moyen-Orient
TP007854,CUST02053,2025-11-28,Événement VIC,Moyen-Orient
TP007855,CUST02053,2026-04-21,Visite site e-commerce,Moyen-Orient
TP007856,CUST02053,2026-04-07,Rendez-vous boutique,Moyen-Orient
TP007857,CUST02053,2026-04-24,Visite site e-commerce,Moyen-Orient
TP007858,CUST02054,2026-03-24,Rendez-vous boutique,Chine
TP007859,CUST02054,2026-04-07,Visite site e-commerce,Chine
TP007860,CUST02055,2025-11-25,Appel conseiller de vente,Chine
TP007861,CUST02055,2025-11-26,Ouverture newsletter,Chine
TP007862,CUST02055,2026-06-07,Rendez-vous boutique,Chine
TP007863,CUST02055,2026-06-09,Appel conseiller de vente,Chine
TP007864,CUST02055,2026-06-12,Rendez-vous boutique,Chine
TP007865,CUST02056,2025-08-24,Rendez-vous boutique,France (siège)
TP007866,CUST02056,2025-08-20,Appel conseiller de vente,France (siège)
TP007867,CUST02056,2026-02-02,Visite site e-commerce,France (siège)
TP007868,CUST02057,2026-06-14,Rendez-vous boutique,Japon
TP007869,CUST02057,2026-05-24,Événement VIC,Japon
TP007870,CUST02058,2025-05-12,Appel conseiller de vente,Moyen-Orient
TP007871,CUST02058,2025-05-03,Événement VIC,Moyen-Orient
TP007872,CUST02058,2025-10-21,Ouverture newsletter,Moyen-Orient
TP007873,CUST02058,2025-10-27,Rendez-vous boutique,Moyen-Orient
TP007874,CUST02058,2025-11-03,Événement VIC,Moyen-Orient
TP007875,CUST02058,2026-04-21,Événement VIC,Moyen-Orient
TP007876,CUST02058,2026-04-17,Événement VIC,Moyen-Orient
TP007877,CUST02058,2026-04-22,Ouverture newsletter,Moyen-Orient
TP007878,CUST02059,2025-09-24,Visite site e-commerce,Moyen-Orient
TP007879,CUST02059,2025-09-22,Appel conseiller de vente,Moyen-Orient
TP007880,CUST02059,2025-09-14,Rendez-vous boutique,Moyen-Orient
TP007881,CUST02059,2026-03-04,Rendez-vous boutique,Moyen-Orient
TP007882,CUST02059,2026-03-02,Visite site e-commerce,Moyen-Orient
TP007883,CUST02059,2026-02-19,Appel conseiller de vente,Moyen-Orient
TP007884,CUST02060,2025-04-16,Visite site e-commerce,France (siège)
TP007885,CUST02060,2025-04-11,Événement VIC,France (siège)
TP007886,CUST02060,2025-09-18,Ouverture newsletter,France (siège)
TP007887,CUST02060,2026-03-07,Ouverture newsletter,France (siège)
TP007888,CUST02060,2026-03-15,Appel conseiller de vente,France (siège)
TP007889,CUST02061,2025-02-18,Ouverture newsletter,Chine
TP007890,CUST02061,2025-02-26,Appel conseiller de vente,Chine
TP007891,CUST02061,2025-03-08,Ouverture newsletter,Chine
TP007892,CUST02061,2025-07-20,Visite site e-commerce,Chine
TP007893,CUST02061,2025-07-07,Appel conseiller de vente,Chine
TP007894,CUST02061,2025-12-10,Ouverture newsletter,Chine
TP007895,CUST02062,2026-05-05,Visite site e-commerce,Chine
TP007896,CUST02062,2026-05-18,Ouverture newsletter,Chine
TP007897,CUST02063,2025-07-04,Rendez-vous boutique,Chine
TP007898,CUST02063,2025-06-28,Appel conseiller de vente,Chine
TP007899,CUST02063,2025-11-23,Visite site e-commerce,Chine
TP007900,CUST02063,2026-03-16,Ouverture newsletter,Chine
TP007901,CUST02063,2026-03-23,Appel conseiller de vente,Chine
TP007902,CUST02064,2026-06-22,Événement VIC,Chine
TP007903,CUST02064,2026-07-02,Ouverture newsletter,Chine
TP007904,CUST02064,2026-06-16,Visite site e-commerce,Chine
TP007905,CUST02066,2025-05-18,Ouverture newsletter,Chine
TP007906,CUST02066,2025-05-19,Événement VIC,Chine
TP007907,CUST02066,2025-11-03,Rendez-vous boutique,Chine
TP007908,CUST02066,2025-11-18,Visite site e-commerce,Chine
TP007909,CUST02066,2026-05-13,Appel conseiller de vente,Chine
TP007910,CUST02066,2026-05-09,Appel conseiller de vente,Chine
TP007911,CUST02067,2025-09-22,Appel conseiller de vente,USA
TP007912,CUST02067,2026-01-29,Appel conseiller de vente,USA
TP007913,CUST02067,2026-01-27,Visite site e-commerce,USA
TP007914,CUST02067,2026-01-29,Visite site e-commerce,USA
TP007915,CUST02067,2026-05-11,Rendez-vous boutique,USA
TP007916,CUST02067,2026-05-21,Événement VIC,USA
TP007917,CUST02068,2026-07-05,Ouverture newsletter,Moyen-Orient
TP007918,CUST02070,2026-01-29,Appel conseiller de vente,USA
TP007919,CUST02070,2026-01-16,Rendez-vous boutique,USA
TP007920,CUST02070,2026-06-05,Événement VIC,USA
TP007921,CUST02070,2026-06-04,Événement VIC,USA
TP007922,CUST02070,2026-06-08,Ouverture newsletter,USA
TP007923,CUST02071,2025-10-14,Appel conseiller de vente,Japon
TP007924,CUST02071,2025-10-14,Rendez-vous boutique,Japon
TP007925,CUST02071,2026-04-27,Rendez-vous boutique,Japon
TP007926,CUST02071,2026-05-02,Visite site e-commerce,Japon
TP007927,CUST02071,2026-05-12,Événement VIC,Japon
TP007928,CUST02072,2025-07-26,Visite site e-commerce,France (siège)
TP007929,CUST02072,2025-07-30,Ouverture newsletter,France (siège)
TP007930,CUST02072,2025-07-25,Visite site e-commerce,France (siège)
TP007931,CUST02072,2026-01-04,Événement VIC,France (siège)
TP007932,CUST02072,2026-06-08,Événement VIC,France (siège)
TP007933,CUST02072,2026-05-24,Événement VIC,France (siège)
TP007934,CUST02073,2025-09-01,Visite site e-commerce,France (siège)
TP007935,CUST02073,2026-02-11,Appel conseiller de vente,France (siège)
TP007936,CUST02073,2026-02-20,Ouverture newsletter,France (siège)
TP007937,CUST02073,2026-07-22,Rendez-vous boutique,France (siège)
TP007938,CUST02073,2026-07-21,Rendez-vous boutique,France (siège)
TP007939,CUST02074,2025-08-17,Événement VIC,Chine
TP007940,CUST02074,2025-08-25,Événement VIC,Chine
TP007941,CUST02074,2025-08-07,Appel conseiller de vente,Chine
TP007942,CUST02074,2026-01-13,Visite site e-commerce,Chine
TP007943,CUST02074,2026-01-22,Événement VIC,Chine
TP007944,CUST02074,2026-05-30,Événement VIC,Chine
TP007945,CUST02074,2026-05-16,Événement VIC,Chine
TP007946,CUST02075,2026-02-18,Événement VIC,Chine
TP007947,CUST02075,2026-02-22,Rendez-vous boutique,Chine
TP007948,CUST02076,2025-03-17,Visite site e-commerce,Chine
TP007949,CUST02076,2025-03-17,Appel conseiller de vente,Chine
TP007950,CUST02076,2025-03-20,Appel conseiller de vente,Chine
TP007951,CUST02076,2025-08-11,Événement VIC,Chine
TP007952,CUST02076,2025-08-13,Appel conseiller de vente,Chine
TP007953,CUST02076,2025-08-02,Visite site e-commerce,Chine
TP007954,CUST02078,2025-05-22,Visite site e-commerce,Moyen-Orient
TP007955,CUST02078,2025-05-18,Visite site e-commerce,Moyen-Orient
TP007956,CUST02078,2025-08-19,Événement VIC,Moyen-Orient
TP007957,CUST02078,2025-08-28,Appel conseiller de vente,Moyen-Orient
TP007958,CUST02078,2025-11-21,Ouverture newsletter,Moyen-Orient
TP007959,CUST02078,2025-12-10,Appel conseiller de vente,Moyen-Orient
TP007960,CUST02078,2026-03-09,Visite site e-commerce,Moyen-Orient
TP007961,CUST02078,2026-03-10,Événement VIC,Moyen-Orient
TP007962,CUST02078,2026-03-19,Événement VIC,Moyen-Orient
TP007963,CUST02078,2026-06-16,Ouverture newsletter,Moyen-Orient
TP007964,CUST02078,2026-06-28,Événement VIC,Moyen-Orient
TP007965,CUST02080,2026-05-12,Événement VIC,USA
TP007966,CUST02080,2026-05-17,Appel conseiller de vente,USA
TP007967,CUST02080,2026-05-21,Événement VIC,USA
TP007968,CUST02081,2025-04-29,Appel conseiller de vente,France (siège)
TP007969,CUST02081,2025-04-27,Ouverture newsletter,France (siège)
TP007970,CUST02081,2025-09-21,Événement VIC,France (siège)
TP007971,CUST02081,2025-09-14,Appel conseiller de vente,France (siège)
TP007972,CUST02081,2025-09-07,Appel conseiller de vente,France (siège)
TP007973,CUST02081,2026-02-04,Visite site e-commerce,France (siège)
TP007974,CUST02081,2026-02-21,Rendez-vous boutique,France (siège)
TP007975,CUST02081,2026-02-21,Appel conseiller de vente,France (siège)
TP007976,CUST02082,2025-10-02,Appel conseiller de vente,Chine
TP007977,CUST02082,2025-09-30,Événement VIC,Chine
TP007978,CUST02082,2026-02-11,Événement VIC,Chine
TP007979,CUST02082,2026-03-05,Événement VIC,Chine
TP007980,CUST02082,2026-02-26,Visite site e-commerce,Chine
TP007981,CUST02083,2026-03-12,Rendez-vous boutique,USA
TP007982,CUST02083,2026-03-09,Ouverture newsletter,USA
TP007983,CUST02083,2026-03-13,Appel conseiller de vente,USA
TP007984,CUST02084,2026-02-12,Appel conseiller de vente,France (siège)
TP007985,CUST02084,2026-02-05,Appel conseiller de vente,France (siège)
TP007986,CUST02085,2026-06-10,Visite site e-commerce,USA
TP007987,CUST02085,2026-05-26,Événement VIC,USA
TP007988,CUST02085,2026-06-06,Visite site e-commerce,USA
TP007989,CUST02086,2025-05-04,Rendez-vous boutique,Chine
TP007990,CUST02086,2025-05-13,Ouverture newsletter,Chine
TP007991,CUST02086,2025-09-30,Ouverture newsletter,Chine
TP007992,CUST02086,2026-01-08,Rendez-vous boutique,Chine
TP007993,CUST02086,2025-12-26,Appel conseiller de vente,Chine
TP007994,CUST02086,2026-01-05,Ouverture newsletter,Chine
TP007995,CUST02086,2026-04-23,Ouverture newsletter,Chine
TP007996,CUST02086,2026-05-02,Ouverture newsletter,Chine
TP007997,CUST02086,2026-04-23,Visite site e-commerce,Chine
TP007998,CUST02087,2025-04-04,Visite site e-commerce,Chine
TP007999,CUST02087,2025-10-01,Événement VIC,Chine
TP008000,CUST02087,2025-10-09,Appel conseiller de vente,Chine
TP008001,CUST02087,2026-03-28,Événement VIC,Chine
TP008002,CUST02087,2026-04-15,Appel conseiller de vente,Chine
TP008003,CUST02088,2025-02-15,Événement VIC,Japon
TP008004,CUST02088,2025-06-08,Rendez-vous boutique,Japon
TP008005,CUST02088,2025-10-14,Visite site e-commerce,Japon
TP008006,CUST02088,2026-01-24,Événement VIC,Japon
TP008007,CUST02088,2026-01-21,Rendez-vous boutique,Japon
TP008008,CUST02088,2026-01-05,Rendez-vous boutique,Japon
TP008009,CUST02088,2026-05-20,Ouverture newsletter,Japon
TP008010,CUST02088,2026-05-06,Appel conseiller de vente,Japon
TP008011,CUST02089,2026-04-19,Ouverture newsletter,France (siège)
TP008012,CUST02089,2026-04-09,Événement VIC,France (siège)
TP008013,CUST02089,2026-04-09,Ouverture newsletter,France (siège)
TP008014,CUST02090,2025-09-18,Visite site e-commerce,USA
TP008015,CUST02090,2026-03-31,Appel conseiller de vente,USA
TP008016,CUST02090,2026-04-03,Événement VIC,USA
TP008017,CUST02090,2026-04-14,Événement VIC,USA
TP008018,CUST02091,2025-03-18,Rendez-vous boutique,Chine
TP008019,CUST02091,2025-03-09,Visite site e-commerce,Chine
TP008020,CUST02091,2025-07-18,Visite site e-commerce,Chine
TP008021,CUST02091,2025-07-19,Rendez-vous boutique,Chine
TP008022,CUST02091,2025-12-07,Rendez-vous boutique,Chine
TP008023,CUST02091,2025-12-07,Appel conseiller de vente,Chine
TP008024,CUST02091,2025-12-14,Ouverture newsletter,Chine
TP008025,CUST02091,2026-06-26,Rendez-vous boutique,Chine
TP008026,CUST02091,2026-06-20,Ouverture newsletter,Chine
TP008027,CUST02091,2026-06-28,Ouverture newsletter,Chine
TP008028,CUST02092,2025-08-25,Événement VIC,France (siège)
TP008029,CUST02092,2025-12-20,Appel conseiller de vente,France (siège)
TP008030,CUST02093,2025-08-31,Visite site e-commerce,Chine
TP008031,CUST02093,2025-09-10,Ouverture newsletter,Chine
TP008032,CUST02093,2025-12-15,Ouverture newsletter,Chine
TP008033,CUST02093,2025-12-22,Appel conseiller de vente,Chine
TP008034,CUST02094,2025-09-04,Rendez-vous boutique,France (siège)
TP008035,CUST02094,2025-09-10,Visite site e-commerce,France (siège)
TP008036,CUST02094,2025-09-09,Appel conseiller de vente,France (siège)
TP008037,CUST02094,2026-03-31,Visite site e-commerce,France (siège)
TP008038,CUST02094,2026-03-15,Événement VIC,France (siège)
TP008039,CUST02094,2026-03-25,Visite site e-commerce,France (siège)
TP008040,CUST02095,2025-11-16,Visite site e-commerce,Chine
TP008041,CUST02095,2025-12-01,Visite site e-commerce,Chine
TP008042,CUST02095,2026-04-23,Rendez-vous boutique,Chine
TP008043,CUST02095,2026-04-23,Visite site e-commerce,Chine
TP008044,CUST02095,2026-05-04,Événement VIC,Chine
TP008045,CUST02096,2025-09-23,Appel conseiller de vente,Moyen-Orient
TP008046,CUST02096,2025-09-30,Appel conseiller de vente,Moyen-Orient
TP008047,CUST02096,2025-09-28,Ouverture newsletter,Moyen-Orient
TP008048,CUST02096,2026-03-01,Rendez-vous boutique,Moyen-Orient
TP008049,CUST02096,2026-07-28,Appel conseiller de vente,Moyen-Orient
TP008050,CUST02096,2026-07-19,Ouverture newsletter,Moyen-Orient
TP008051,CUST02097,2025-11-01,Ouverture newsletter,Moyen-Orient
TP008052,CUST02097,2025-10-26,Visite site e-commerce,Moyen-Orient
TP008053,CUST02097,2025-10-27,Rendez-vous boutique,Moyen-Orient
TP008054,CUST02098,2025-12-21,Ouverture newsletter,USA
TP008055,CUST02098,2026-05-23,Rendez-vous boutique,USA
TP008056,CUST02099,2026-05-27,Visite site e-commerce,USA
TP008057,CUST02100,2025-08-23,Événement VIC,USA
TP008058,CUST02100,2025-08-22,Rendez-vous boutique,USA
TP008059,CUST02100,2025-08-28,Ouverture newsletter,USA
TP008060,CUST02100,2026-02-13,Rendez-vous boutique,USA
TP008061,CUST02100,2026-02-15,Rendez-vous boutique,USA
TP008062,CUST02100,2026-06-29,Rendez-vous boutique,USA
TP008063,CUST02100,2026-07-13,Visite site e-commerce,USA
TP008064,CUST02101,2025-12-28,Visite site e-commerce,USA
TP008065,CUST02101,2025-12-07,Ouverture newsletter,USA
TP008066,CUST02101,2025-12-27,Visite site e-commerce,USA
TP008067,CUST02101,2026-05-12,Ouverture newsletter,USA
TP008068,CUST02101,2026-05-13,Visite site e-commerce,USA
TP008069,CUST02102,2026-05-22,Appel conseiller de vente,France (siège)
TP008070,CUST02102,2026-05-16,Événement VIC,France (siège)
TP008071,CUST02103,2025-08-13,Événement VIC,Chine
TP008072,CUST02103,2025-07-30,Visite site e-commerce,Chine
TP008073,CUST02103,2025-08-10,Événement VIC,Chine
TP008074,CUST02103,2026-02-01,Ouverture newsletter,Chine
TP008075,CUST02103,2026-06-19,Appel conseiller de vente,Chine
TP008076,CUST02103,2026-06-14,Visite site e-commerce,Chine
TP008077,CUST02103,2026-06-14,Appel conseiller de vente,Chine
TP008078,CUST02104,2025-01-26,Appel conseiller de vente,Japon
TP008079,CUST02104,2025-01-26,Rendez-vous boutique,Japon
TP008080,CUST02104,2025-08-04,Visite site e-commerce,Japon
TP008081,CUST02104,2025-07-26,Ouverture newsletter,Japon
TP008082,CUST02104,2026-01-17,Événement VIC,Japon
TP008083,CUST02104,2026-01-27,Appel conseiller de vente,Japon
TP008084,CUST02104,2026-07-13,Rendez-vous boutique,Japon
TP008085,CUST02104,2026-07-12,Rendez-vous boutique,Japon
TP008086,CUST02105,2025-03-07,Rendez-vous boutique,France (siège)
TP008087,CUST02105,2025-03-16,Événement VIC,France (siège)
TP008088,CUST02105,2025-03-03,Visite site e-commerce,France (siège)
TP008089,CUST02106,2025-07-09,Visite site e-commerce,Chine
TP008090,CUST02106,2025-07-26,Visite site e-commerce,Chine
TP008091,CUST02106,2025-07-18,Ouverture newsletter,Chine
TP008092,CUST02106,2025-12-11,Visite site e-commerce,Chine
TP008093,CUST02106,2025-12-06,Rendez-vous boutique,Chine
TP008094,CUST02106,2026-04-04,Appel conseiller de vente,Chine
TP008095,CUST02106,2026-03-31,Ouverture newsletter,Chine
TP008096,CUST02106,2026-03-27,Ouverture newsletter,Chine
TP008097,CUST02107,2026-02-04,Ouverture newsletter,France (siège)
TP008098,CUST02107,2026-06-26,Événement VIC,France (siège)
TP008099,CUST02107,2026-06-27,Visite site e-commerce,France (siège)
TP008100,CUST02108,2026-04-29,Visite site e-commerce,Chine
TP008101,CUST02108,2026-05-01,Ouverture newsletter,Chine
TP008102,CUST02108,2026-05-06,Événement VIC,Chine
TP008103,CUST02109,2025-11-08,Visite site e-commerce,USA
TP008104,CUST02109,2026-03-25,Rendez-vous boutique,USA
TP008105,CUST02109,2026-03-15,Ouverture newsletter,USA
TP008106,CUST02109,2026-03-28,Ouverture newsletter,USA
TP008107,CUST02110,2026-04-17,Rendez-vous boutique,Japon
TP008108,CUST02111,2025-02-09,Appel conseiller de vente,Chine
TP008109,CUST02111,2025-01-31,Visite site e-commerce,Chine
TP008110,CUST02111,2025-06-19,Événement VIC,Chine
TP008111,CUST02112,2026-01-29,Appel conseiller de vente,France (siège)
TP008112,CUST02112,2026-04-28,Appel conseiller de vente,France (siège)
TP008113,CUST02113,2025-11-06,Ouverture newsletter,Moyen-Orient
TP008114,CUST02113,2025-10-18,Appel conseiller de vente,Moyen-Orient
TP008115,CUST02113,2026-05-01,Ouverture newsletter,Moyen-Orient
TP008116,CUST02113,2026-05-06,Visite site e-commerce,Moyen-Orient
TP008117,CUST02113,2026-04-30,Ouverture newsletter,Moyen-Orient
TP008118,CUST02114,2025-05-29,Visite site e-commerce,Chine
TP008119,CUST02114,2025-05-28,Événement VIC,Chine
TP008120,CUST02114,2025-05-06,Rendez-vous boutique,Chine
TP008121,CUST02114,2025-10-10,Événement VIC,Chine
TP008122,CUST02114,2025-11-02,Visite site e-commerce,Chine
TP008123,CUST02114,2025-10-23,Rendez-vous boutique,Chine
TP008124,CUST02114,2026-03-03,Événement VIC,Chine
TP008125,CUST02114,2026-02-26,Ouverture newsletter,Chine
TP008126,CUST02114,2026-02-11,Rendez-vous boutique,Chine
TP008127,CUST02115,2025-11-01,Événement VIC,Chine
TP008128,CUST02115,2025-10-26,Événement VIC,Chine
TP008129,CUST02115,2026-03-22,Appel conseiller de vente,Chine
TP008130,CUST02115,2026-04-01,Ouverture newsletter,Chine
TP008131,CUST02116,2026-05-25,Ouverture newsletter,Japon
TP008132,CUST02117,2026-07-15,Visite site e-commerce,USA
TP008133,CUST02117,2026-07-29,Rendez-vous boutique,USA
TP008134,CUST02118,2025-12-23,Rendez-vous boutique,USA
TP008135,CUST02118,2026-05-07,Appel conseiller de vente,USA
TP008136,CUST02118,2026-05-05,Rendez-vous boutique,USA
TP008137,CUST02121,2025-04-25,Visite site e-commerce,France (siège)
TP008138,CUST02121,2025-04-27,Rendez-vous boutique,France (siège)
TP008139,CUST02121,2025-09-15,Ouverture newsletter,France (siège)
TP008140,CUST02121,2025-09-14,Visite site e-commerce,France (siège)
TP008141,CUST02121,2025-09-21,Visite site e-commerce,France (siège)
TP008142,CUST02121,2026-02-09,Rendez-vous boutique,France (siège)
TP008143,CUST02121,2026-02-14,Visite site e-commerce,France (siège)
TP008144,CUST02121,2026-02-12,Visite site e-commerce,France (siège)
TP008145,CUST02121,2026-07-14,Ouverture newsletter,France (siège)
TP008146,CUST02122,2026-04-28,Ouverture newsletter,France (siège)
TP008147,CUST02122,2026-04-26,Rendez-vous boutique,France (siège)
TP008148,CUST02122,2026-05-03,Ouverture newsletter,France (siège)
TP008149,CUST02127,2025-06-13,Appel conseiller de vente,France (siège)
TP008150,CUST02127,2025-06-04,Appel conseiller de vente,France (siège)
TP008151,CUST02127,2026-01-13,Visite site e-commerce,France (siège)
TP008152,CUST02127,2026-01-18,Ouverture newsletter,France (siège)
TP008153,CUST02127,2026-06-30,Visite site e-commerce,France (siège)
TP008154,CUST02127,2026-07-04,Appel conseiller de vente,France (siège)
TP008155,CUST02127,2026-06-23,Ouverture newsletter,France (siège)
TP008156,CUST02128,2026-05-16,Événement VIC,USA
TP008157,CUST02128,2026-05-16,Visite site e-commerce,USA
TP008158,CUST02129,2025-06-01,Rendez-vous boutique,USA
TP008159,CUST02129,2025-10-09,Appel conseiller de vente,USA
TP008160,CUST02129,2026-03-13,Événement VIC,USA
TP008161,CUST02129,2026-03-29,Appel conseiller de vente,USA
TP008162,CUST02130,2026-03-26,Événement VIC,Chine
TP008163,CUST02130,2026-03-27,Appel conseiller de vente,Chine
TP008164,CUST02130,2026-04-02,Rendez-vous boutique,Chine
TP008165,CUST02133,2026-02-26,Visite site e-commerce,Chine
TP008166,CUST02134,2025-11-18,Appel conseiller de vente,Japon
TP008167,CUST02134,2025-11-14,Ouverture newsletter,Japon
TP008168,CUST02134,2026-04-24,Ouverture newsletter,Japon
TP008169,CUST02134,2026-05-11,Appel conseiller de vente,Japon
TP008170,CUST02135,2025-11-26,Ouverture newsletter,Chine
TP008171,CUST02135,2025-11-22,Appel conseiller de vente,Chine
TP008172,CUST02135,2026-05-03,Événement VIC,Chine
TP008173,CUST02135,2026-04-30,Rendez-vous boutique,Chine
TP008174,CUST02135,2026-05-14,Appel conseiller de vente,Chine
TP008175,CUST02136,2026-02-21,Rendez-vous boutique,Japon
TP008176,CUST02136,2026-03-08,Ouverture newsletter,Japon
TP008177,CUST02137,2025-03-19,Événement VIC,Chine
TP008178,CUST02137,2025-08-17,Rendez-vous boutique,Chine
TP008179,CUST02137,2026-01-19,Appel conseiller de vente,Chine
TP008180,CUST02137,2026-06-18,Événement VIC,Chine
TP008181,CUST02137,2026-06-07,Événement VIC,Chine
TP008182,CUST02137,2026-06-04,Ouverture newsletter,Chine
TP008183,CUST02138,2025-05-09,Événement VIC,USA
TP008184,CUST02138,2025-05-23,Rendez-vous boutique,USA
TP008185,CUST02138,2025-11-05,Ouverture newsletter,USA
TP008186,CUST02138,2026-04-10,Visite site e-commerce,USA
TP008187,CUST02138,2026-04-11,Événement VIC,USA
TP008188,CUST02138,2026-04-19,Ouverture newsletter,USA
TP008189,CUST02139,2025-04-19,Événement VIC,France (siège)
TP008190,CUST02139,2025-10-20,Événement VIC,France (siège)
TP008191,CUST02139,2025-10-25,Rendez-vous boutique,France (siège)
TP008192,CUST02139,2025-10-17,Visite site e-commerce,France (siège)
TP008193,CUST02139,2026-04-16,Visite site e-commerce,France (siège)
TP008194,CUST02139,2026-04-04,Visite site e-commerce,France (siège)
TP008195,CUST02140,2026-02-26,Visite site e-commerce,Japon
TP008196,CUST02142,2025-03-25,Appel conseiller de vente,Japon
TP008197,CUST02143,2025-07-12,Rendez-vous boutique,Moyen-Orient
TP008198,CUST02145,2026-04-18,Appel conseiller de vente,Chine
TP008199,CUST02145,2026-04-14,Visite site e-commerce,Chine
TP008200,CUST02145,2026-04-06,Ouverture newsletter,Chine
TP008201,CUST02146,2026-05-28,Rendez-vous boutique,USA
TP008202,CUST02147,2025-12-04,Ouverture newsletter,Moyen-Orient
TP008203,CUST02147,2025-12-18,Ouverture newsletter,Moyen-Orient
TP008204,CUST02147,2026-05-18,Événement VIC,Moyen-Orient
TP008205,CUST02147,2026-05-10,Rendez-vous boutique,Moyen-Orient
TP008206,CUST02148,2025-06-16,Visite site e-commerce,USA
TP008207,CUST02148,2025-06-11,Visite site e-commerce,USA
TP008208,CUST02148,2025-06-17,Appel conseiller de vente,USA
TP008209,CUST02148,2025-10-28,Ouverture newsletter,USA
TP008210,CUST02148,2025-11-05,Visite site e-commerce,USA
TP008211,CUST02149,2025-06-04,Visite site e-commerce,France (siège)
TP008212,CUST02149,2025-06-09,Rendez-vous boutique,France (siège)
TP008213,CUST02149,2025-12-11,Ouverture newsletter,France (siège)
TP008214,CUST02149,2026-05-24,Ouverture newsletter,France (siège)
TP008215,CUST02150,2025-09-29,Rendez-vous boutique,USA
TP008216,CUST02150,2025-09-23,Événement VIC,USA
TP008217,CUST02150,2025-09-24,Appel conseiller de vente,USA
TP008218,CUST02150,2026-02-07,Événement VIC,USA
TP008219,CUST02150,2026-06-12,Visite site e-commerce,USA
TP008220,CUST02150,2026-06-13,Ouverture newsletter,USA
TP008221,CUST02151,2025-04-13,Ouverture newsletter,France (siège)
TP008222,CUST02151,2025-04-15,Événement VIC,France (siège)
TP008223,CUST02151,2025-04-20,Ouverture newsletter,France (siège)
TP008224,CUST02151,2025-09-27,Événement VIC,France (siège)
TP008225,CUST02151,2025-10-11,Rendez-vous boutique,France (siège)
TP008226,CUST02151,2025-09-26,Ouverture newsletter,France (siège)
TP008227,CUST02151,2026-02-27,Appel conseiller de vente,France (siège)
TP008228,CUST02152,2026-01-07,Ouverture newsletter,USA
TP008229,CUST02152,2026-07-16,Appel conseiller de vente,USA
TP008230,CUST02152,2026-07-06,Ouverture newsletter,USA
TP008231,CUST02152,2026-06-28,Rendez-vous boutique,USA
TP008232,CUST02153,2025-07-14,Appel conseiller de vente,USA
TP008233,CUST02153,2025-11-17,Appel conseiller de vente,USA
TP008234,CUST02153,2025-12-01,Rendez-vous boutique,USA
TP008235,CUST02153,2025-12-05,Événement VIC,USA
TP008236,CUST02153,2026-04-24,Appel conseiller de vente,USA
TP008237,CUST02153,2026-04-26,Événement VIC,USA
TP008238,CUST02154,2026-01-24,Ouverture newsletter,Moyen-Orient
TP008239,CUST02154,2026-02-07,Événement VIC,Moyen-Orient
TP008240,CUST02155,2026-02-25,Visite site e-commerce,Moyen-Orient
TP008241,CUST02155,2026-02-17,Événement VIC,Moyen-Orient
TP008242,CUST02156,2025-01-22,Appel conseiller de vente,USA
TP008243,CUST02156,2025-07-21,Appel conseiller de vente,USA
TP008244,CUST02156,2026-03-15,Rendez-vous boutique,USA
TP008245,CUST02157,2025-07-28,Appel conseiller de vente,USA
TP008246,CUST02157,2025-08-20,Événement VIC,USA
TP008247,CUST02157,2025-08-08,Appel conseiller de vente,USA
TP008248,CUST02157,2026-01-22,Appel conseiller de vente,USA
TP008249,CUST02157,2026-01-18,Appel conseiller de vente,USA
TP008250,CUST02157,2026-02-04,Appel conseiller de vente,USA
TP008251,CUST02158,2025-03-28,Ouverture newsletter,USA
TP008252,CUST02158,2025-03-06,Visite site e-commerce,USA
TP008253,CUST02158,2025-03-06,Visite site e-commerce,USA
TP008254,CUST02158,2025-07-04,Événement VIC,USA
TP008255,CUST02158,2025-12-08,Rendez-vous boutique,USA
TP008256,CUST02158,2025-12-08,Ouverture newsletter,USA
TP008257,CUST02158,2025-11-25,Appel conseiller de vente,USA
TP008258,CUST02158,2026-03-20,Visite site e-commerce,USA
TP008259,CUST02158,2026-03-13,Appel conseiller de vente,USA
TP008260,CUST02158,2026-02-27,Événement VIC,USA
TP008261,CUST02159,2025-05-26,Ouverture newsletter,USA
TP008262,CUST02159,2025-11-21,Appel conseiller de vente,USA
TP008263,CUST02159,2026-04-12,Appel conseiller de vente,USA
TP008264,CUST02160,2025-04-27,Ouverture newsletter,France (siège)
TP008265,CUST02160,2025-04-18,Visite site e-commerce,France (siège)
TP008266,CUST02160,2025-04-19,Appel conseiller de vente,France (siège)
TP008267,CUST02160,2025-10-09,Ouverture newsletter,France (siège)
TP008268,CUST02160,2025-09-24,Appel conseiller de vente,France (siège)
TP008269,CUST02160,2025-10-12,Événement VIC,France (siège)
TP008270,CUST02160,2026-02-28,Visite site e-commerce,France (siège)
TP008271,CUST02161,2025-12-22,Événement VIC,Japon
TP008272,CUST02161,2025-12-04,Ouverture newsletter,Japon
TP008273,CUST02161,2026-06-05,Événement VIC,Japon
TP008274,CUST02162,2026-05-22,Ouverture newsletter,Japon
TP008275,CUST02162,2026-05-14,Appel conseiller de vente,Japon
TP008276,CUST02162,2026-05-20,Événement VIC,Japon
TP008277,CUST02163,2026-06-03,Événement VIC,USA
TP008278,CUST02163,2026-05-29,Visite site e-commerce,USA
TP008279,CUST02164,2025-03-12,Visite site e-commerce,Japon
TP008280,CUST02164,2025-06-10,Appel conseiller de vente,Japon
TP008281,CUST02164,2025-08-17,Rendez-vous boutique,Japon
TP008282,CUST02164,2025-08-26,Ouverture newsletter,Japon
TP008283,CUST02164,2025-11-18,Ouverture newsletter,Japon
TP008284,CUST02164,2025-11-27,Ouverture newsletter,Japon
TP008285,CUST02164,2025-11-13,Rendez-vous boutique,Japon
TP008286,CUST02164,2026-04-18,Visite site e-commerce,Japon
TP008287,CUST02164,2026-03-26,Visite site e-commerce,Japon
TP008288,CUST02164,2026-04-05,Événement VIC,Japon
TP008289,CUST02165,2026-05-24,Événement VIC,France (siège)
TP008290,CUST02165,2026-05-26,Ouverture newsletter,France (siège)
TP008291,CUST02165,2026-05-26,Ouverture newsletter,France (siège)
TP008292,CUST02166,2025-10-06,Ouverture newsletter,France (siège)
TP008293,CUST02166,2026-02-16,Appel conseiller de vente,France (siège)
TP008294,CUST02166,2026-02-05,Appel conseiller de vente,France (siège)
TP008295,CUST02166,2026-07-15,Rendez-vous boutique,France (siège)
TP008296,CUST02166,2026-07-24,Événement VIC,France (siège)
TP008297,CUST02166,2026-07-15,Événement VIC,France (siège)
TP008298,CUST02167,2025-03-13,Ouverture newsletter,Japon
TP008299,CUST02167,2025-03-02,Appel conseiller de vente,Japon
TP008300,CUST02168,2026-04-15,Rendez-vous boutique,Japon
TP008301,CUST02168,2026-04-25,Visite site e-commerce,Japon
TP008302,CUST02168,2026-05-02,Événement VIC,Japon
TP008303,CUST02169,2025-12-24,Ouverture newsletter,Japon
TP008304,CUST02169,2026-01-06,Rendez-vous boutique,Japon
TP008305,CUST02169,2025-12-17,Visite site e-commerce,Japon
TP008306,CUST02169,2026-06-10,Ouverture newsletter,Japon
TP008307,CUST02170,2026-06-07,Appel conseiller de vente,Japon
TP008308,CUST02170,2026-06-01,Rendez-vous boutique,Japon
TP008309,CUST02170,2026-05-28,Ouverture newsletter,Japon
TP008310,CUST02172,2026-01-27,Appel conseiller de vente,Moyen-Orient
TP008311,CUST02172,2026-01-26,Événement VIC,Moyen-Orient
TP008312,CUST02172,2026-01-15,Ouverture newsletter,Moyen-Orient
TP008313,CUST02172,2026-06-13,Appel conseiller de vente,Moyen-Orient
TP008314,CUST02172,2026-05-29,Visite site e-commerce,Moyen-Orient
TP008315,CUST02172,2026-05-26,Événement VIC,Moyen-Orient
TP008316,CUST02173,2026-03-28,Ouverture newsletter,Japon
TP008317,CUST02173,2026-04-15,Événement VIC,Japon
TP008318,CUST02174,2025-05-12,Appel conseiller de vente,Chine
TP008319,CUST02174,2025-04-27,Rendez-vous boutique,Chine
TP008320,CUST02174,2025-04-26,Appel conseiller de vente,Chine
TP008321,CUST02174,2025-11-02,Rendez-vous boutique,Chine
TP008322,CUST02174,2025-10-19,Appel conseiller de vente,Chine
TP008323,CUST02174,2026-04-21,Rendez-vous boutique,Chine
TP008324,CUST02174,2026-04-16,Appel conseiller de vente,Chine
TP008325,CUST02175,2025-06-03,Appel conseiller de vente,France (siège)
TP008326,CUST02175,2025-05-19,Visite site e-commerce,France (siège)
TP008327,CUST02175,2025-11-07,Rendez-vous boutique,France (siège)
TP008328,CUST02175,2025-11-01,Rendez-vous boutique,France (siège)
TP008329,CUST02175,2025-10-30,Appel conseiller de vente,France (siège)
TP008330,CUST02175,2026-05-12,Rendez-vous boutique,France (siège)
TP008331,CUST02175,2026-05-02,Événement VIC,France (siège)
TP008332,CUST02175,2026-05-14,Ouverture newsletter,France (siège)
TP008333,CUST02176,2026-04-22,Ouverture newsletter,France (siège)
TP008334,CUST02177,2025-08-26,Ouverture newsletter,Chine
TP008335,CUST02177,2026-02-12,Visite site e-commerce,Chine
TP008336,CUST02178,2025-02-23,Visite site e-commerce,Chine
TP008337,CUST02178,2025-02-22,Événement VIC,Chine
TP008338,CUST02178,2025-06-03,Ouverture newsletter,Chine
TP008339,CUST02178,2025-06-11,Rendez-vous boutique,Chine
TP008340,CUST02178,2025-05-22,Appel conseiller de vente,Chine
TP008341,CUST02178,2025-09-02,Rendez-vous boutique,Chine
TP008342,CUST02178,2025-08-18,Événement VIC,Chine
TP008343,CUST02178,2025-08-10,Rendez-vous boutique,Chine
TP008344,CUST02178,2025-12-17,Ouverture newsletter,Chine
TP008345,CUST02178,2025-12-26,Appel conseiller de vente,Chine
TP008346,CUST02178,2026-04-19,Rendez-vous boutique,Chine
TP008347,CUST02178,2026-04-13,Visite site e-commerce,Chine
TP008348,CUST02178,2026-04-28,Visite site e-commerce,Chine
TP008349,CUST02178,2026-07-14,Appel conseiller de vente,Chine
TP008350,CUST02178,2026-07-25,Événement VIC,Chine
TP008351,CUST02178,2026-07-21,Appel conseiller de vente,Chine
TP008352,CUST02179,2025-04-01,Événement VIC,Moyen-Orient
TP008353,CUST02179,2025-04-01,Événement VIC,Moyen-Orient
TP008354,CUST02179,2025-03-11,Ouverture newsletter,Moyen-Orient
TP008355,CUST02179,2025-09-27,Appel conseiller de vente,Moyen-Orient
TP008356,CUST02179,2025-09-17,Visite site e-commerce,Moyen-Orient
TP008357,CUST02179,2025-09-27,Événement VIC,Moyen-Orient
TP008358,CUST02179,2026-03-05,Visite site e-commerce,Moyen-Orient
TP008359,CUST02180,2025-12-13,Appel conseiller de vente,Japon
TP008360,CUST02180,2025-12-23,Visite site e-commerce,Japon
TP008361,CUST02180,2026-06-17,Ouverture newsletter,Japon
TP008362,CUST02182,2026-04-07,Visite site e-commerce,USA
TP008363,CUST02182,2026-06-19,Appel conseiller de vente,USA
TP008364,CUST02183,2026-02-04,Événement VIC,Japon
TP008365,CUST02184,2026-02-11,Appel conseiller de vente,Moyen-Orient
TP008366,CUST02184,2026-01-31,Visite site e-commerce,Moyen-Orient
TP008367,CUST02185,2025-06-20,Rendez-vous boutique,USA
TP008368,CUST02185,2025-06-02,Visite site e-commerce,USA
TP008369,CUST02185,2025-06-02,Ouverture newsletter,USA
TP008370,CUST02185,2025-11-04,Rendez-vous boutique,USA
TP008371,CUST02185,2025-10-27,Événement VIC,USA
TP008372,CUST02185,2026-04-25,Événement VIC,USA
TP008373,CUST02185,2026-04-11,Rendez-vous boutique,USA
TP008374,CUST02185,2026-04-10,Rendez-vous boutique,USA
TP008375,CUST02186,2025-12-22,Appel conseiller de vente,France (siège)
TP008376,CUST02186,2026-06-24,Visite site e-commerce,France (siège)
TP008377,CUST02186,2026-06-20,Appel conseiller de vente,France (siège)
TP008378,CUST02186,2026-06-21,Rendez-vous boutique,France (siège)
TP008379,CUST02187,2025-07-29,Ouverture newsletter,Japon
TP008380,CUST02187,2026-02-07,Ouverture newsletter,Japon
TP008381,CUST02187,2026-03-01,Ouverture newsletter,Japon
TP008382,CUST02187,2026-02-27,Ouverture newsletter,Japon
TP008383,CUST02187,2026-06-26,Visite site e-commerce,Japon
TP008384,CUST02187,2026-07-16,Visite site e-commerce,Japon
TP008385,CUST02187,2026-07-03,Événement VIC,Japon
TP008386,CUST02188,2025-03-01,Visite site e-commerce,Japon
TP008387,CUST02188,2025-02-11,Visite site e-commerce,Japon
TP008388,CUST02188,2025-06-30,Visite site e-commerce,Japon
TP008389,CUST02188,2025-07-19,Événement VIC,Japon
TP008390,CUST02188,2025-07-13,Appel conseiller de vente,Japon
TP008391,CUST02188,2025-11-24,Visite site e-commerce,Japon
TP008392,CUST02188,2025-11-23,Visite site e-commerce,Japon
TP008393,CUST02188,2026-03-23,Rendez-vous boutique,Japon
TP008394,CUST02188,2026-04-15,Visite site e-commerce,Japon
TP008395,CUST02188,2026-04-06,Rendez-vous boutique,Japon
TP008396,CUST02190,2026-03-02,Rendez-vous boutique,Chine
TP008397,CUST02191,2025-04-16,Appel conseiller de vente,USA
TP008398,CUST02191,2025-03-30,Événement VIC,USA
TP008399,CUST02191,2025-03-25,Événement VIC,USA
TP008400,CUST02191,2025-09-22,Événement VIC,USA
TP008401,CUST02191,2025-09-16,Événement VIC,USA
TP008402,CUST02191,2025-09-22,Rendez-vous boutique,USA
TP008403,CUST02191,2026-02-14,Événement VIC,USA
TP008404,CUST02191,2026-02-27,Visite site e-commerce,USA
TP008405,CUST02191,2026-07-01,Ouverture newsletter,USA
TP008406,CUST02191,2026-07-12,Événement VIC,USA
TP008407,CUST02192,2026-06-13,Visite site e-commerce,Chine
TP008408,CUST02192,2026-06-26,Rendez-vous boutique,Chine
TP008409,CUST02192,2026-06-04,Rendez-vous boutique,Chine
TP008410,CUST02193,2025-03-09,Visite site e-commerce,USA
TP008411,CUST02193,2025-03-18,Visite site e-commerce,USA
TP008412,CUST02193,2025-03-22,Visite site e-commerce,USA
TP008413,CUST02193,2025-09-05,Rendez-vous boutique,USA
TP008414,CUST02193,2025-09-03,Rendez-vous boutique,USA
TP008415,CUST02193,2026-02-01,Appel conseiller de vente,USA
TP008416,CUST02193,2026-07-20,Visite site e-commerce,USA
TP008417,CUST02193,2026-07-18,Rendez-vous boutique,USA
TP008418,CUST02193,2026-07-07,Appel conseiller de vente,USA
TP008419,CUST02194,2026-01-09,Visite site e-commerce,Japon
TP008420,CUST02194,2026-01-23,Ouverture newsletter,Japon
TP008421,CUST02194,2026-01-16,Appel conseiller de vente,Japon
TP008422,CUST02194,2026-07-08,Visite site e-commerce,Japon
TP008423,CUST02194,2026-07-29,Appel conseiller de vente,Japon
TP008424,CUST02194,2026-07-09,Visite site e-commerce,Japon
TP008425,CUST02195,2026-03-28,Visite site e-commerce,Chine
TP008426,CUST02196,2026-02-02,Ouverture newsletter,USA
TP008427,CUST02196,2026-01-24,Ouverture newsletter,USA
TP008428,CUST02196,2026-07-08,Rendez-vous boutique,USA
TP008429,CUST02196,2026-06-18,Appel conseiller de vente,USA
TP008430,CUST02196,2026-06-30,Appel conseiller de vente,USA
TP008431,CUST02197,2026-04-16,Rendez-vous boutique,Japon
TP008432,CUST02198,2025-04-30,Événement VIC,France (siège)
TP008433,CUST02198,2025-05-02,Appel conseiller de vente,France (siège)
TP008434,CUST02198,2025-09-29,Ouverture newsletter,France (siège)
TP008435,CUST02198,2025-10-05,Événement VIC,France (siège)
TP008436,CUST02198,2025-10-06,Ouverture newsletter,France (siège)
TP008437,CUST02198,2026-04-10,Événement VIC,France (siège)
TP008438,CUST02198,2026-04-11,Événement VIC,France (siège)
TP008439,CUST02199,2025-12-27,Visite site e-commerce,Chine
TP008440,CUST02199,2026-01-01,Ouverture newsletter,Chine
TP008441,CUST02199,2026-05-07,Visite site e-commerce,Chine
TP008442,CUST02199,2026-05-20,Événement VIC,Chine
TP008443,CUST02200,2026-04-16,Ouverture newsletter,France (siège)
TP008444,CUST02200,2026-04-02,Visite site e-commerce,France (siège)
TP008445,CUST02201,2026-02-22,Appel conseiller de vente,Chine
TP008446,CUST02201,2026-02-19,Événement VIC,Chine
TP008447,CUST02201,2026-03-03,Visite site e-commerce,Chine
TP008448,CUST02202,2026-06-20,Ouverture newsletter,France (siège)
TP008449,CUST02203,2026-01-06,Rendez-vous boutique,Chine
TP008450,CUST02203,2026-01-27,Rendez-vous boutique,Chine
TP008451,CUST02204,2025-07-18,Appel conseiller de vente,USA
TP008452,CUST02204,2025-11-18,Ouverture newsletter,USA
TP008453,CUST02204,2026-03-27,Rendez-vous boutique,USA
TP008454,CUST02204,2026-03-31,Rendez-vous boutique,USA
TP008455,CUST02205,2025-09-13,Rendez-vous boutique,Japon
TP008456,CUST02205,2025-09-18,Appel conseiller de vente,Japon
TP008457,CUST02205,2026-02-13,Appel conseiller de vente,Japon
TP008458,CUST02205,2026-02-22,Événement VIC,Japon
TP008459,CUST02205,2026-02-21,Rendez-vous boutique,Japon
TP008460,CUST02205,2026-07-03,Rendez-vous boutique,Japon
TP008461,CUST02205,2026-07-09,Visite site e-commerce,Japon
TP008462,CUST02206,2026-05-22,Appel conseiller de vente,Chine
TP008463,CUST02206,2026-05-13,Appel conseiller de vente,Chine
TP008464,CUST02206,2026-05-11,Appel conseiller de vente,Chine
TP008465,CUST02207,2025-07-06,Rendez-vous boutique,USA
TP008466,CUST02207,2025-07-22,Événement VIC,USA
TP008467,CUST02207,2025-07-12,Visite site e-commerce,USA
TP008468,CUST02207,2025-12-09,Appel conseiller de vente,USA
TP008469,CUST02207,2025-12-24,Appel conseiller de vente,USA
TP008470,CUST02207,2025-12-03,Visite site e-commerce,USA
TP008471,CUST02207,2026-04-07,Ouverture newsletter,USA
TP008472,CUST02210,2025-07-05,Événement VIC,USA
TP008473,CUST02210,2025-06-25,Visite site e-commerce,USA
TP008474,CUST02210,2025-06-27,Visite site e-commerce,USA
TP008475,CUST02210,2025-12-13,Rendez-vous boutique,USA
TP008476,CUST02212,2026-06-09,Appel conseiller de vente,Moyen-Orient
TP008477,CUST02212,2026-05-17,Rendez-vous boutique,Moyen-Orient
TP008478,CUST02213,2025-08-02,Visite site e-commerce,France (siège)
TP008479,CUST02213,2025-08-05,Appel conseiller de vente,France (siège)
TP008480,CUST02213,2026-01-23,Ouverture newsletter,France (siège)
TP008481,CUST02213,2026-07-28,Appel conseiller de vente,France (siège)
TP008482,CUST02214,2026-03-28,Ouverture newsletter,Chine
TP008483,CUST02214,2026-04-06,Ouverture newsletter,Chine
TP008484,CUST02214,2026-03-20,Visite site e-commerce,Chine
TP008485,CUST02215,2026-07-13,Rendez-vous boutique,USA
TP008486,CUST02215,2026-07-09,Visite site e-commerce,USA
TP008487,CUST02215,2026-07-24,Rendez-vous boutique,USA
TP008488,CUST02216,2026-03-29,Appel conseiller de vente,Japon
TP008489,CUST02217,2025-05-15,Appel conseiller de vente,Japon
TP008490,CUST02217,2025-11-07,Appel conseiller de vente,Japon
TP008491,CUST02217,2025-11-02,Événement VIC,Japon
TP008492,CUST02217,2026-04-28,Visite site e-commerce,Japon
TP008493,CUST02218,2025-08-25,Visite site e-commerce,Moyen-Orient
TP008494,CUST02218,2026-01-20,Visite site e-commerce,Moyen-Orient
TP008495,CUST02218,2026-06-04,Événement VIC,Moyen-Orient
TP008496,CUST02218,2026-06-11,Appel conseiller de vente,Moyen-Orient
TP008497,CUST02219,2026-06-10,Événement VIC,USA
TP008498,CUST02220,2026-03-05,Événement VIC,USA
TP008499,CUST02220,2026-07-01,Appel conseiller de vente,USA
TP008500,CUST02221,2025-10-31,Événement VIC,Moyen-Orient
TP008501,CUST02221,2025-10-26,Événement VIC,Moyen-Orient
TP008502,CUST02221,2026-04-04,Ouverture newsletter,Moyen-Orient
TP008503,CUST02221,2026-04-03,Rendez-vous boutique,Moyen-Orient
TP008504,CUST02221,2026-04-04,Visite site e-commerce,Moyen-Orient
TP008505,CUST02223,2025-09-19,Visite site e-commerce,Chine
TP008506,CUST02223,2026-03-26,Visite site e-commerce,Chine
TP008507,CUST02223,2026-03-13,Rendez-vous boutique,Chine
TP008508,CUST02224,2025-01-25,Visite site e-commerce,Japon
TP008509,CUST02224,2025-05-30,Événement VIC,Japon
TP008510,CUST02224,2025-06-12,Rendez-vous boutique,Japon
TP008511,CUST02224,2025-06-13,Rendez-vous boutique,Japon
TP008512,CUST02224,2025-09-28,Appel conseiller de vente,Japon
TP008513,CUST02224,2026-04-06,Ouverture newsletter,Japon
TP008514,CUST02224,2026-03-21,Événement VIC,Japon
TP008515,CUST02225,2025-10-20,Événement VIC,Chine
TP008516,CUST02225,2025-10-29,Visite site e-commerce,Chine
TP008517,CUST02225,2026-05-09,Ouverture newsletter,Chine
TP008518,CUST02225,2026-05-02,Appel conseiller de vente,Chine
TP008519,CUST02225,2026-04-24,Événement VIC,Chine
TP008520,CUST02227,2025-03-31,Appel conseiller de vente,France (siège)
TP008521,CUST02227,2025-04-21,Événement VIC,France (siège)
TP008522,CUST02227,2025-03-30,Visite site e-commerce,France (siège)
TP008523,CUST02227,2025-08-06,Rendez-vous boutique,France (siège)
TP008524,CUST02227,2025-08-30,Rendez-vous boutique,France (siège)
TP008525,CUST02227,2025-08-20,Événement VIC,France (siège)
TP008526,CUST02227,2026-01-04,Ouverture newsletter,France (siège)
TP008527,CUST02227,2026-05-21,Ouverture newsletter,France (siège)
TP008528,CUST02227,2026-06-04,Événement VIC,France (siège)
TP008529,CUST02228,2026-05-04,Rendez-vous boutique,France (siège)
TP008530,CUST02228,2026-04-22,Rendez-vous boutique,France (siège)
TP008531,CUST02228,2026-05-01,Événement VIC,France (siège)
TP008532,CUST02229,2026-06-16,Visite site e-commerce,Chine
TP008533,CUST02229,2026-07-01,Visite site e-commerce,Chine
TP008534,CUST02229,2026-06-26,Visite site e-commerce,Chine
TP008535,CUST02230,2025-09-16,Événement VIC,USA
TP008536,CUST02230,2025-09-09,Ouverture newsletter,USA
TP008537,CUST02230,2026-03-19,Visite site e-commerce,USA
TP008538,CUST02230,2026-03-28,Rendez-vous boutique,USA
TP008539,CUST02231,2025-08-25,Visite site e-commerce,Japon
TP008540,CUST02231,2025-12-31,Ouverture newsletter,Japon
TP008541,CUST02231,2026-01-05,Événement VIC,Japon
TP008542,CUST02231,2026-01-07,Rendez-vous boutique,Japon
TP008543,CUST02232,2025-04-09,Ouverture newsletter,Chine
TP008544,CUST02232,2025-04-07,Appel conseiller de vente,Chine
TP008545,CUST02232,2025-03-19,Rendez-vous boutique,Chine
TP008546,CUST02232,2025-08-22,Rendez-vous boutique,Chine
TP008547,CUST02232,2026-02-03,Appel conseiller de vente,Chine
TP008548,CUST02232,2026-02-03,Ouverture newsletter,Chine
TP008549,CUST02232,2026-01-15,Rendez-vous boutique,Chine
TP008550,CUST02232,2026-06-06,Ouverture newsletter,Chine
TP008551,CUST02232,2026-06-21,Appel conseiller de vente,Chine
TP008552,CUST02233,2025-04-17,Visite site e-commerce,USA
TP008553,CUST02233,2025-04-30,Visite site e-commerce,USA
TP008554,CUST02233,2025-10-08,Visite site e-commerce,USA
TP008555,CUST02233,2025-10-08,Visite site e-commerce,USA
TP008556,CUST02233,2026-03-01,Appel conseiller de vente,USA
TP008557,CUST02234,2025-12-28,Visite site e-commerce,Japon
TP008558,CUST02234,2026-01-14,Ouverture newsletter,Japon
TP008559,CUST02234,2026-01-13,Visite site e-commerce,Japon
TP008560,CUST02234,2026-05-30,Événement VIC,Japon
TP008561,CUST02234,2026-06-18,Rendez-vous boutique,Japon
TP008562,CUST02235,2026-04-26,Rendez-vous boutique,Moyen-Orient
TP008563,CUST02235,2026-04-13,Visite site e-commerce,Moyen-Orient
TP008564,CUST02236,2026-04-09,Événement VIC,Chine
TP008565,CUST02236,2026-04-27,Rendez-vous boutique,Chine
TP008566,CUST02238,2025-06-09,Ouverture newsletter,Moyen-Orient
TP008567,CUST02238,2025-05-22,Appel conseiller de vente,Moyen-Orient
TP008568,CUST02238,2025-12-01,Rendez-vous boutique,Moyen-Orient
TP008569,CUST02238,2025-11-24,Appel conseiller de vente,Moyen-Orient
TP008570,CUST02238,2026-05-20,Événement VIC,Moyen-Orient
TP008571,CUST02238,2026-05-21,Événement VIC,Moyen-Orient
TP008572,CUST02238,2026-06-05,Rendez-vous boutique,Moyen-Orient
TP008573,CUST02239,2025-09-17,Appel conseiller de vente,Japon
TP008574,CUST02239,2025-10-05,Rendez-vous boutique,Japon
TP008575,CUST02239,2025-10-02,Rendez-vous boutique,Japon
TP008576,CUST02239,2026-01-10,Appel conseiller de vente,Japon
TP008577,CUST02239,2026-05-23,Appel conseiller de vente,Japon
TP008578,CUST02239,2026-05-12,Événement VIC,Japon
TP008579,CUST02241,2026-07-07,Appel conseiller de vente,France (siège)
TP008580,CUST02241,2026-07-11,Événement VIC,France (siège)
TP008581,CUST02242,2026-01-06,Rendez-vous boutique,USA
TP008582,CUST02242,2026-01-09,Visite site e-commerce,USA
TP008583,CUST02242,2025-12-27,Rendez-vous boutique,USA
TP008584,CUST02242,2026-06-22,Appel conseiller de vente,USA
TP008585,CUST02243,2025-05-10,Ouverture newsletter,Moyen-Orient
TP008586,CUST02243,2025-04-19,Événement VIC,Moyen-Orient
TP008587,CUST02243,2025-11-30,Appel conseiller de vente,Moyen-Orient
TP008588,CUST02243,2026-05-23,Événement VIC,Moyen-Orient
TP008589,CUST02243,2026-05-20,Événement VIC,Moyen-Orient
TP008590,CUST02244,2026-01-19,Événement VIC,Japon
TP008591,CUST02244,2026-01-03,Rendez-vous boutique,Japon
TP008592,CUST02244,2026-01-02,Appel conseiller de vente,Japon
TP008593,CUST02244,2026-06-24,Rendez-vous boutique,Japon
TP008594,CUST02245,2025-11-08,Ouverture newsletter,France (siège)
TP008595,CUST02245,2025-11-10,Rendez-vous boutique,France (siège)
TP008596,CUST02245,2026-03-23,Événement VIC,France (siège)
TP008597,CUST02245,2026-04-04,Appel conseiller de vente,France (siège)
TP008598,CUST02246,2026-03-24,Visite site e-commerce,Japon
TP008599,CUST02246,2026-04-09,Rendez-vous boutique,Japon
TP008600,CUST02247,2026-07-02,Appel conseiller de vente,France (siège)
TP008601,CUST02247,2026-07-04,Ouverture newsletter,France (siège)
TP008602,CUST02247,2026-06-20,Visite site e-commerce,France (siège)
TP008603,CUST02248,2026-06-24,Appel conseiller de vente,Moyen-Orient
TP008604,CUST02248,2026-07-03,Ouverture newsletter,Moyen-Orient
TP008605,CUST02248,2026-06-29,Visite site e-commerce,Moyen-Orient
TP008606,CUST02249,2026-02-20,Visite site e-commerce,Moyen-Orient
TP008607,CUST02249,2026-02-20,Appel conseiller de vente,Moyen-Orient
TP008608,CUST02249,2026-03-12,Rendez-vous boutique,Moyen-Orient
TP008609,CUST02250,2025-11-09,Appel conseiller de vente,Moyen-Orient
TP008610,CUST02250,2025-10-19,Ouverture newsletter,Moyen-Orient
TP008611,CUST02250,2025-10-30,Appel conseiller de vente,Moyen-Orient
TP008612,CUST02250,2026-04-11,Rendez-vous boutique,Moyen-Orient
TP008613,CUST02251,2025-04-23,Événement VIC,France (siège)
TP008614,CUST02251,2025-10-06,Rendez-vous boutique,France (siège)
TP008615,CUST02251,2026-03-29,Visite site e-commerce,France (siège)
TP008616,CUST02252,2026-02-07,Appel conseiller de vente,France (siège)
TP008617,CUST02252,2026-02-17,Rendez-vous boutique,France (siège)
TP008618,CUST02253,2026-01-21,Événement VIC,Chine
TP008619,CUST02253,2026-01-16,Visite site e-commerce,Chine
TP008620,CUST02253,2026-01-29,Ouverture newsletter,Chine
TP008621,CUST02253,2026-06-20,Événement VIC,Chine
TP008622,CUST02253,2026-06-21,Appel conseiller de vente,Chine
TP008623,CUST02253,2026-06-25,Visite site e-commerce,Chine
TP008624,CUST02254,2025-12-30,Ouverture newsletter,USA
TP008625,CUST02254,2026-01-15,Rendez-vous boutique,USA
TP008626,CUST02254,2026-01-13,Ouverture newsletter,USA
TP008627,CUST02254,2026-07-07,Ouverture newsletter,USA
TP008628,CUST02254,2026-06-28,Ouverture newsletter,USA
TP008629,CUST02254,2026-06-23,Rendez-vous boutique,USA
TP008630,CUST02255,2025-02-26,Rendez-vous boutique,France (siège)
TP008631,CUST02255,2025-03-12,Événement VIC,France (siège)
TP008632,CUST02255,2025-03-04,Appel conseiller de vente,France (siège)
TP008633,CUST02255,2025-09-09,Rendez-vous boutique,France (siège)
TP008634,CUST02255,2026-02-06,Appel conseiller de vente,France (siège)
TP008635,CUST02255,2026-01-31,Ouverture newsletter,France (siège)
TP008636,CUST02255,2026-02-11,Rendez-vous boutique,France (siège)
TP008637,CUST02256,2026-06-23,Rendez-vous boutique,France (siège)
TP008638,CUST02257,2025-12-02,Rendez-vous boutique,Chine
TP008639,CUST02257,2025-12-04,Visite site e-commerce,Chine
TP008640,CUST02258,2026-06-04,Appel conseiller de vente,Moyen-Orient
TP008641,CUST02258,2026-06-08,Rendez-vous boutique,Moyen-Orient
TP008642,CUST02258,2026-05-21,Visite site e-commerce,Moyen-Orient
TP008643,CUST02259,2025-03-13,Appel conseiller de vente,Chine
TP008644,CUST02259,2025-03-14,Appel conseiller de vente,Chine
TP008645,CUST02259,2025-03-10,Événement VIC,Chine
TP008646,CUST02259,2025-08-31,Ouverture newsletter,Chine
TP008647,CUST02259,2026-02-23,Ouverture newsletter,Chine
TP008648,CUST02260,2026-06-19,Événement VIC,USA
TP008649,CUST02260,2026-06-16,Ouverture newsletter,USA
TP008650,CUST02260,2026-06-25,Visite site e-commerce,USA
TP008651,CUST02261,2026-02-02,Ouverture newsletter,Japon
TP008652,CUST02261,2026-01-17,Ouverture newsletter,Japon
TP008653,CUST02261,2026-01-19,Rendez-vous boutique,Japon
TP008654,CUST02261,2026-07-14,Événement VIC,Japon
TP008655,CUST02261,2026-07-25,Rendez-vous boutique,Japon
TP008656,CUST02261,2026-07-15,Visite site e-commerce,Japon
TP008657,CUST02262,2025-08-02,Appel conseiller de vente,USA
TP008658,CUST02262,2026-01-19,Événement VIC,USA
TP008659,CUST02262,2026-05-29,Visite site e-commerce,USA
TP008660,CUST02262,2026-05-27,Rendez-vous boutique,USA
TP008661,CUST02266,2025-02-26,Rendez-vous boutique,USA
TP008662,CUST02266,2025-02-26,Ouverture newsletter,USA
TP008663,CUST02266,2025-08-29,Appel conseiller de vente,USA
TP008664,CUST02266,2026-02-02,Événement VIC,USA
TP008665,CUST02266,2026-02-12,Rendez-vous boutique,USA
TP008666,CUST02266,2026-07-03,Visite site e-commerce,USA
TP008667,CUST02266,2026-07-06,Visite site e-commerce,USA
TP008668,CUST02266,2026-07-04,Visite site e-commerce,USA
TP008669,CUST02267,2026-06-13,Visite site e-commerce,Moyen-Orient
TP008670,CUST02267,2026-06-15,Ouverture newsletter,Moyen-Orient
TP008671,CUST02267,2026-06-21,Ouverture newsletter,Moyen-Orient
TP008672,CUST02268,2026-02-03,Ouverture newsletter,Japon
TP008673,CUST02268,2026-02-08,Rendez-vous boutique,Japon
TP008674,CUST02268,2026-02-09,Ouverture newsletter,Japon
TP008675,CUST02269,2026-06-07,Rendez-vous boutique,USA
TP008676,CUST02269,2026-06-17,Rendez-vous boutique,USA
TP008677,CUST02270,2026-04-24,Ouverture newsletter,France (siège)
TP008678,CUST02270,2026-05-06,Rendez-vous boutique,France (siège)
TP008679,CUST02270,2026-04-17,Visite site e-commerce,France (siège)
TP008680,CUST02271,2025-03-23,Visite site e-commerce,France (siège)
TP008681,CUST02271,2025-08-25,Visite site e-commerce,France (siège)
TP008682,CUST02271,2025-12-03,Rendez-vous boutique,France (siège)
TP008683,CUST02271,2025-12-01,Appel conseiller de vente,France (siège)
TP008684,CUST02271,2025-12-03,Rendez-vous boutique,France (siège)
TP008685,CUST02271,2026-04-27,Visite site e-commerce,France (siège)
TP008686,CUST02273,2025-12-23,Événement VIC,France (siège)
TP008687,CUST02273,2026-04-15,Appel conseiller de vente,France (siège)
TP008688,CUST02273,2026-03-25,Événement VIC,France (siège)
TP008689,CUST02273,2026-04-03,Ouverture newsletter,France (siège)
TP008690,CUST02274,2025-09-04,Ouverture newsletter,France (siège)
TP008691,CUST02274,2026-01-29,Rendez-vous boutique,France (siège)
TP008692,CUST02274,2026-01-24,Appel conseiller de vente,France (siège)
TP008693,CUST02274,2026-06-22,Événement VIC,France (siège)
TP008694,CUST02275,2025-10-14,Ouverture newsletter,USA
TP008695,CUST02275,2026-03-10,Appel conseiller de vente,USA
TP008696,CUST02275,2026-03-10,Visite site e-commerce,USA
TP008697,CUST02275,2026-03-30,Ouverture newsletter,USA
TP008698,CUST02276,2026-02-26,Rendez-vous boutique,Moyen-Orient
TP008699,CUST02276,2026-02-28,Rendez-vous boutique,Moyen-Orient
TP008700,CUST02276,2026-07-24,Événement VIC,Moyen-Orient
TP008701,CUST02276,2026-07-31,Événement VIC,Moyen-Orient
TP008702,CUST02277,2026-01-09,Visite site e-commerce,USA
TP008703,CUST02277,2026-01-09,Rendez-vous boutique,USA
TP008704,CUST02277,2026-05-14,Rendez-vous boutique,USA
TP008705,CUST02277,2026-05-19,Ouverture newsletter,USA
TP008706,CUST02278,2025-12-09,Appel conseiller de vente,USA
TP008707,CUST02278,2025-11-25,Appel conseiller de vente,USA
TP008708,CUST02278,2026-05-27,Événement VIC,USA
TP008709,CUST02278,2026-05-20,Appel conseiller de vente,USA
TP008710,CUST02278,2026-05-23,Événement VIC,USA
TP008711,CUST02279,2025-08-28,Événement VIC,USA
TP008712,CUST02279,2025-09-07,Événement VIC,USA
TP008713,CUST02279,2026-02-23,Événement VIC,USA
TP008714,CUST02279,2026-02-08,Visite site e-commerce,USA
TP008715,CUST02279,2026-02-27,Rendez-vous boutique,USA
TP008716,CUST02279,2026-07-18,Événement VIC,USA
TP008717,CUST02279,2026-06-27,Événement VIC,USA
TP008718,CUST02279,2026-06-29,Événement VIC,USA
TP008719,CUST02280,2026-06-06,Visite site e-commerce,France (siège)
TP008720,CUST02280,2026-06-18,Appel conseiller de vente,France (siège)
TP008721,CUST02280,2026-06-30,Événement VIC,France (siège)
TP008722,CUST02281,2025-04-23,Appel conseiller de vente,USA
TP008723,CUST02281,2025-04-22,Visite site e-commerce,USA
TP008724,CUST02282,2026-01-18,Événement VIC,Japon
TP008725,CUST02282,2026-01-14,Visite site e-commerce,Japon
TP008726,CUST02282,2026-06-15,Événement VIC,Japon
TP008727,CUST02282,2026-06-23,Visite site e-commerce,Japon
TP008728,CUST02282,2026-06-04,Ouverture newsletter,Japon
TP008729,CUST02283,2025-07-12,Appel conseiller de vente,USA
TP008730,CUST02283,2025-07-07,Événement VIC,USA
TP008731,CUST02283,2025-06-28,Visite site e-commerce,USA
TP008732,CUST02283,2026-01-08,Ouverture newsletter,USA
TP008733,CUST02283,2026-01-22,Événement VIC,USA
TP008734,CUST02283,2026-07-03,Visite site e-commerce,USA
TP008735,CUST02283,2026-06-22,Ouverture newsletter,USA
TP008736,CUST02283,2026-06-22,Événement VIC,USA
TP008737,CUST02284,2025-11-12,Événement VIC,Japon
TP008738,CUST02284,2026-04-04,Ouverture newsletter,Japon
TP008739,CUST02284,2026-04-09,Appel conseiller de vente,Japon
TP008740,CUST02285,2026-07-26,Appel conseiller de vente,Japon
TP008741,CUST02285,2026-07-25,Ouverture newsletter,Japon
TP008742,CUST02286,2025-06-14,Appel conseiller de vente,Japon
TP008743,CUST02286,2025-06-13,Événement VIC,Japon
TP008744,CUST02286,2025-12-28,Événement VIC,Japon
TP008745,CUST02286,2025-12-16,Appel conseiller de vente,Japon
TP008746,CUST02286,2026-05-16,Événement VIC,Japon
TP008747,CUST02286,2026-05-30,Visite site e-commerce,Japon
TP008748,CUST02286,2026-05-13,Rendez-vous boutique,Japon
TP008749,CUST02287,2025-02-17,Ouverture newsletter,USA
TP008750,CUST02287,2025-02-27,Ouverture newsletter,USA
TP008751,CUST02287,2025-03-10,Rendez-vous boutique,USA
TP008752,CUST02287,2025-09-03,Rendez-vous boutique,USA
TP008753,CUST02287,2026-01-13,Visite site e-commerce,USA
TP008754,CUST02287,2026-01-13,Appel conseiller de vente,USA
TP008755,CUST02287,2026-06-05,Rendez-vous boutique,USA
TP008756,CUST02288,2025-11-17,Événement VIC,Chine
TP008757,CUST02288,2026-05-13,Appel conseiller de vente,Chine
TP008758,CUST02289,2025-11-13,Rendez-vous boutique,Chine
TP008759,CUST02289,2025-11-16,Appel conseiller de vente,Chine
TP008760,CUST02289,2026-04-05,Visite site e-commerce,Chine
TP008761,CUST02290,2026-03-21,Appel conseiller de vente,USA
TP008762,CUST02290,2026-03-03,Visite site e-commerce,USA
TP008763,CUST02290,2026-03-09,Appel conseiller de vente,USA
TP008764,CUST02291,2026-06-05,Ouverture newsletter,France (siège)
TP008765,CUST02291,2026-06-19,Visite site e-commerce,France (siège)
TP008766,CUST02292,2025-01-23,Événement VIC,France (siège)
TP008767,CUST02292,2025-02-04,Événement VIC,France (siège)
TP008768,CUST02292,2025-05-22,Appel conseiller de vente,France (siège)
TP008769,CUST02292,2025-05-27,Rendez-vous boutique,France (siège)
TP008770,CUST02292,2025-10-15,Visite site e-commerce,France (siège)
TP008771,CUST02292,2025-10-07,Appel conseiller de vente,France (siège)
TP008772,CUST02292,2025-10-11,Ouverture newsletter,France (siège)
TP008773,CUST02292,2026-03-06,Appel conseiller de vente,France (siège)
TP008774,CUST02292,2026-07-29,Appel conseiller de vente,France (siège)
TP008775,CUST02292,2026-07-23,Appel conseiller de vente,France (siège)
TP008776,CUST02293,2026-02-20,Visite site e-commerce,Chine
TP008777,CUST02294,2025-10-15,Événement VIC,Moyen-Orient
TP008778,CUST02294,2025-10-15,Événement VIC,Moyen-Orient
TP008779,CUST02294,2026-03-05,Appel conseiller de vente,Moyen-Orient
TP008780,CUST02294,2026-03-13,Visite site e-commerce,Moyen-Orient
TP008781,CUST02294,2026-07-14,Rendez-vous boutique,Moyen-Orient
TP008782,CUST02294,2026-07-26,Événement VIC,Moyen-Orient
TP008783,CUST02295,2025-03-06,Appel conseiller de vente,USA
TP008784,CUST02295,2025-07-31,Visite site e-commerce,USA
TP008785,CUST02295,2025-07-11,Visite site e-commerce,USA
TP008786,CUST02295,2025-07-26,Ouverture newsletter,USA
TP008787,CUST02295,2025-12-04,Rendez-vous boutique,USA
TP008788,CUST02295,2025-12-10,Rendez-vous boutique,USA
TP008789,CUST02295,2025-12-13,Ouverture newsletter,USA
TP008790,CUST02295,2026-04-29,Ouverture newsletter,USA
TP008791,CUST02295,2026-05-08,Événement VIC,USA
TP008792,CUST02295,2026-05-09,Événement VIC,USA
TP008793,CUST02296,2026-04-17,Visite site e-commerce,Moyen-Orient
TP008794,CUST02297,2025-11-30,Ouverture newsletter,Japon
TP008795,CUST02297,2026-04-26,Visite site e-commerce,Japon
TP008796,CUST02298,2025-04-18,Rendez-vous boutique,Moyen-Orient
TP008797,CUST02298,2025-04-06,Visite site e-commerce,Moyen-Orient
TP008798,CUST02298,2025-04-02,Visite site e-commerce,Moyen-Orient
TP008799,CUST02298,2025-08-17,Rendez-vous boutique,Moyen-Orient
TP008800,CUST02298,2025-08-13,Événement VIC,Moyen-Orient
TP008801,CUST02298,2025-12-27,Appel conseiller de vente,Moyen-Orient
TP008802,CUST02298,2025-12-13,Événement VIC,Moyen-Orient
TP008803,CUST02298,2026-05-21,Événement VIC,Moyen-Orient
TP008804,CUST02298,2026-05-26,Visite site e-commerce,Moyen-Orient
TP008805,CUST02299,2025-09-02,Appel conseiller de vente,France (siège)
TP008806,CUST02299,2025-09-01,Ouverture newsletter,France (siège)
TP008807,CUST02299,2026-03-27,Visite site e-commerce,France (siège)
TP008808,CUST02299,2026-03-18,Événement VIC,France (siège)
TP008809,CUST02300,2025-06-29,Événement VIC,USA
TP008810,CUST02300,2025-07-12,Rendez-vous boutique,USA
TP008811,CUST02300,2025-10-22,Ouverture newsletter,USA
TP008812,CUST02300,2026-02-11,Rendez-vous boutique,USA
TP008813,CUST02300,2026-02-16,Rendez-vous boutique,USA
TP008814,CUST02300,2026-05-29,Rendez-vous boutique,USA
TP008815,CUST02300,2026-06-15,Rendez-vous boutique,USA
TP008816,CUST02300,2026-06-09,Visite site e-commerce,USA
TP008817,CUST02301,2026-02-04,Événement VIC,USA
TP008818,CUST02301,2026-01-24,Ouverture newsletter,USA
TP008819,CUST02301,2026-01-20,Appel conseiller de vente,USA
TP008820,CUST02301,2026-07-05,Événement VIC,USA
TP008821,CUST02301,2026-07-11,Appel conseiller de vente,USA
TP008822,CUST02303,2025-05-01,Visite site e-commerce,USA
TP008823,CUST02303,2025-04-25,Appel conseiller de vente,USA
TP008824,CUST02303,2025-11-24,Visite site e-commerce,USA
TP008825,CUST02303,2026-06-02,Événement VIC,USA
TP008826,CUST02303,2026-05-22,Visite site e-commerce,USA
TP008827,CUST02303,2026-05-30,Visite site e-commerce,USA
TP008828,CUST02304,2026-06-21,Ouverture newsletter,France (siège)
TP008829,CUST02304,2026-06-21,Rendez-vous boutique,France (siège)
TP008830,CUST02304,2026-06-12,Ouverture newsletter,France (siège)
TP008831,CUST02305,2026-07-04,Visite site e-commerce,Japon
TP008832,CUST02305,2026-07-05,Événement VIC,Japon
TP008833,CUST02306,2025-01-27,Visite site e-commerce,Japon
TP008834,CUST02306,2025-01-31,Visite site e-commerce,Japon
TP008835,CUST02306,2025-08-16,Appel conseiller de vente,Japon
TP008836,CUST02306,2026-01-25,Événement VIC,Japon
TP008837,CUST02306,2026-01-26,Ouverture newsletter,Japon
TP008838,CUST02306,2026-06-05,Rendez-vous boutique,Japon
TP008839,CUST02307,2025-02-15,Événement VIC,Japon
TP008840,CUST02308,2025-05-10,Visite site e-commerce,USA
TP008841,CUST02308,2025-05-12,Appel conseiller de vente,USA
TP008842,CUST02308,2025-05-09,Appel conseiller de vente,USA
TP008843,CUST02308,2025-11-10,Rendez-vous boutique,USA
TP008844,CUST02308,2025-11-13,Événement VIC,USA
TP008845,CUST02308,2025-11-02,Ouverture newsletter,USA
TP008846,CUST02308,2026-03-27,Appel conseiller de vente,USA
TP008847,CUST02310,2026-02-14,Événement VIC,USA
TP008848,CUST02310,2026-02-11,Visite site e-commerce,USA
TP008849,CUST02310,2026-03-03,Appel conseiller de vente,USA
TP008850,CUST02311,2026-06-05,Visite site e-commerce,Moyen-Orient
TP008851,CUST02311,2026-06-07,Ouverture newsletter,Moyen-Orient
TP008852,CUST02312,2026-03-31,Événement VIC,France (siège)
TP008853,CUST02312,2026-03-13,Appel conseiller de vente,France (siège)
TP008854,CUST02313,2026-03-23,Appel conseiller de vente,France (siège)
TP008855,CUST02313,2026-03-17,Appel conseiller de vente,France (siège)
TP008856,CUST02314,2026-03-23,Événement VIC,Japon
TP008857,CUST02314,2026-04-07,Appel conseiller de vente,Japon
TP008858,CUST02314,2026-04-07,Événement VIC,Japon
TP008859,CUST02315,2025-12-07,Appel conseiller de vente,France (siège)
TP008860,CUST02315,2025-12-07,Événement VIC,France (siège)
TP008861,CUST02315,2026-03-21,Rendez-vous boutique,France (siège)
TP008862,CUST02315,2026-04-09,Événement VIC,France (siège)
TP008863,CUST02315,2026-06-28,Événement VIC,France (siège)
TP008864,CUST02315,2026-06-24,Appel conseiller de vente,France (siège)
TP008865,CUST02316,2025-07-11,Ouverture newsletter,USA
TP008866,CUST02316,2025-07-18,Ouverture newsletter,USA
TP008867,CUST02316,2025-11-25,Ouverture newsletter,USA
TP008868,CUST02316,2026-05-03,Rendez-vous boutique,USA
TP008869,CUST02316,2026-04-17,Visite site e-commerce,USA
TP008870,CUST02317,2025-07-15,Rendez-vous boutique,France (siège)
TP008871,CUST02317,2025-06-30,Ouverture newsletter,France (siège)
TP008872,CUST02317,2026-01-17,Événement VIC,France (siège)
TP008873,CUST02317,2026-01-08,Ouverture newsletter,France (siège)
TP008874,CUST02317,2026-01-12,Ouverture newsletter,France (siège)
TP008875,CUST02317,2026-06-05,Rendez-vous boutique,France (siège)
TP008876,CUST02318,2026-03-11,Événement VIC,Chine
TP008877,CUST02318,2026-03-02,Ouverture newsletter,Chine
TP008878,CUST02318,2026-03-07,Ouverture newsletter,Chine
TP008879,CUST02319,2026-03-31,Visite site e-commerce,Chine
TP008880,CUST02321,2025-08-25,Visite site e-commerce,Japon
TP008881,CUST02323,2025-05-22,Ouverture newsletter,USA
TP008882,CUST02323,2025-06-04,Ouverture newsletter,USA
TP008883,CUST02323,2025-10-25,Visite site e-commerce,USA
TP008884,CUST02323,2026-02-28,Appel conseiller de vente,USA
TP008885,CUST02323,2026-02-05,Ouverture newsletter,USA
TP008886,CUST02324,2026-06-15,Appel conseiller de vente,Japon
TP008887,CUST02324,2026-06-12,Ouverture newsletter,Japon
TP008888,CUST02325,2025-02-21,Événement VIC,USA
TP008889,CUST02325,2025-02-20,Rendez-vous boutique,USA
TP008890,CUST02325,2025-02-16,Rendez-vous boutique,USA
TP008891,CUST02326,2026-06-13,Appel conseiller de vente,USA
TP008892,CUST02327,2026-03-02,Événement VIC,USA
TP008893,CUST02327,2026-02-16,Visite site e-commerce,USA
TP008894,CUST02328,2025-05-05,Ouverture newsletter,USA
TP008895,CUST02328,2025-10-12,Événement VIC,USA
TP008896,CUST02328,2025-10-04,Ouverture newsletter,USA
TP008897,CUST02328,2025-09-22,Visite site e-commerce,USA
TP008898,CUST02328,2026-03-28,Événement VIC,USA
TP008899,CUST02330,2026-04-20,Appel conseiller de vente,Chine
TP008900,CUST02331,2025-01-29,Ouverture newsletter,Japon
TP008901,CUST02331,2025-02-11,Événement VIC,Japon
TP008902,CUST02331,2025-07-10,Visite site e-commerce,Japon
TP008903,CUST02331,2025-07-08,Ouverture newsletter,Japon
TP008904,CUST02331,2025-07-17,Visite site e-commerce,Japon
TP008905,CUST02331,2026-01-12,Appel conseiller de vente,Japon
TP008906,CUST02331,2026-01-08,Ouverture newsletter,Japon
TP008907,CUST02331,2026-06-16,Rendez-vous boutique,Japon
TP008908,CUST02331,2026-06-10,Rendez-vous boutique,Japon
TP008909,CUST02332,2026-04-24,Rendez-vous boutique,France (siège)
TP008910,CUST02332,2026-04-27,Visite site e-commerce,France (siège)
TP008911,CUST02332,2026-04-23,Ouverture newsletter,France (siège)
TP008912,CUST02333,2026-02-19,Événement VIC,Japon
TP008913,CUST02334,2026-06-04,Appel conseiller de vente,Chine
TP008914,CUST02335,2025-09-22,Appel conseiller de vente,USA
TP008915,CUST02335,2025-09-12,Ouverture newsletter,USA
TP008916,CUST02335,2026-04-07,Visite site e-commerce,USA
TP008917,CUST02335,2026-04-11,Appel conseiller de vente,USA
TP008918,CUST02336,2026-03-03,Ouverture newsletter,Japon
TP008919,CUST02336,2026-03-12,Ouverture newsletter,Japon
TP008920,CUST02336,2026-02-24,Ouverture newsletter,Japon
TP008921,CUST02337,2025-03-16,Rendez-vous boutique,Chine
TP008922,CUST02337,2025-08-23,Événement VIC,Chine
TP008923,CUST02337,2026-03-17,Événement VIC,Chine
TP008924,CUST02337,2026-03-27,Appel conseiller de vente,Chine
TP008925,CUST02338,2025-05-05,Événement VIC,Chine
TP008926,CUST02338,2025-05-08,Événement VIC,Chine
TP008927,CUST02338,2025-05-05,Appel conseiller de vente,Chine
TP008928,CUST02338,2025-11-11,Ouverture newsletter,Chine
TP008929,CUST02338,2025-11-08,Événement VIC,Chine
TP008930,CUST02338,2025-11-16,Visite site e-commerce,Chine
TP008931,CUST02338,2026-05-04,Appel conseiller de vente,Chine
TP008932,CUST02339,2025-08-26,Rendez-vous boutique,USA
TP008933,CUST02339,2025-08-11,Visite site e-commerce,USA
TP008934,CUST02339,2025-08-16,Visite site e-commerce,USA
TP008935,CUST02339,2026-02-24,Événement VIC,USA
TP008936,CUST02339,2026-02-20,Rendez-vous boutique,USA
TP008937,CUST02339,2026-02-16,Rendez-vous boutique,USA
TP008938,CUST02340,2026-04-12,Ouverture newsletter,USA
TP008939,CUST02340,2026-04-12,Appel conseiller de vente,USA
TP008940,CUST02341,2025-11-13,Appel conseiller de vente,Chine
TP008941,CUST02341,2025-11-16,Rendez-vous boutique,Chine
TP008942,CUST02341,2026-05-14,Événement VIC,Chine
TP008943,CUST02342,2025-01-09,Ouverture newsletter,USA
TP008944,CUST02342,2024-12-24,Rendez-vous boutique,USA
TP008945,CUST02342,2025-05-02,Rendez-vous boutique,USA
TP008946,CUST02342,2025-04-24,Appel conseiller de vente,USA
TP008947,CUST02342,2025-04-23,Événement VIC,USA
TP008948,CUST02342,2025-08-18,Ouverture newsletter,USA
TP008949,CUST02342,2026-01-14,Appel conseiller de vente,USA
TP008950,CUST02342,2026-01-26,Rendez-vous boutique,USA
TP008951,CUST02342,2026-01-24,Ouverture newsletter,USA
TP008952,CUST02342,2026-05-20,Ouverture newsletter,USA
TP008953,CUST02342,2026-05-12,Appel conseiller de vente,USA
TP008954,CUST02345,2025-09-13,Appel conseiller de vente,Chine
TP008955,CUST02345,2026-02-28,Ouverture newsletter,Chine
TP008956,CUST02347,2025-09-07,Rendez-vous boutique,Japon
TP008957,CUST02348,2026-06-15,Visite site e-commerce,France (siège)
TP008958,CUST02348,2026-06-09,Ouverture newsletter,France (siège)
TP008959,CUST02349,2025-06-11,Visite site e-commerce,Japon
TP008960,CUST02349,2025-06-23,Visite site e-commerce,Japon
TP008961,CUST02349,2025-06-22,Rendez-vous boutique,Japon
TP008962,CUST02349,2025-10-24,Appel conseiller de vente,Japon
TP008963,CUST02349,2026-02-13,Visite site e-commerce,Japon
TP008964,CUST02349,2026-02-08,Appel conseiller de vente,Japon
TP008965,CUST02349,2026-02-17,Ouverture newsletter,Japon
TP008966,CUST02349,2026-06-22,Rendez-vous boutique,Japon
TP008967,CUST02350,2025-07-03,Rendez-vous boutique,USA
TP008968,CUST02350,2025-06-24,Visite site e-commerce,USA
TP008969,CUST02350,2025-11-25,Visite site e-commerce,USA
TP008970,CUST02350,2025-11-30,Événement VIC,USA
TP008971,CUST02350,2025-12-03,Appel conseiller de vente,USA
TP008972,CUST02350,2026-05-08,Événement VIC,USA
TP008973,CUST02350,2026-05-05,Visite site e-commerce,USA
TP008974,CUST02350,2026-05-07,Ouverture newsletter,USA
TP008975,CUST02351,2025-11-19,Appel conseiller de vente,Chine
TP008976,CUST02351,2025-11-15,Ouverture newsletter,Chine
TP008977,CUST02351,2025-11-08,Ouverture newsletter,Chine
TP008978,CUST02351,2026-05-20,Ouverture newsletter,Chine
TP008979,CUST02351,2026-05-17,Ouverture newsletter,Chine
TP008980,CUST02351,2026-05-28,Événement VIC,Chine
TP008981,CUST02352,2026-01-07,Événement VIC,Chine
TP008982,CUST02352,2026-01-08,Événement VIC,Chine
TP008983,CUST02352,2026-07-07,Ouverture newsletter,Chine
TP008984,CUST02352,2026-07-22,Rendez-vous boutique,Chine
TP008985,CUST02352,2026-07-18,Ouverture newsletter,Chine
TP008986,CUST02354,2026-05-18,Ouverture newsletter,Chine
TP008987,CUST02355,2026-03-11,Rendez-vous boutique,France (siège)
TP008988,CUST02356,2025-10-29,Événement VIC,France (siège)
TP008989,CUST02356,2025-10-23,Ouverture newsletter,France (siège)
TP008990,CUST02356,2026-05-05,Événement VIC,France (siège)
TP008991,CUST02356,2026-05-07,Appel conseiller de vente,France (siège)
TP008992,CUST02357,2025-05-13,Rendez-vous boutique,Japon
TP008993,CUST02357,2025-05-04,Ouverture newsletter,Japon
TP008994,CUST02357,2025-05-10,Ouverture newsletter,Japon
TP008995,CUST02357,2025-10-06,Rendez-vous boutique,Japon
TP008996,CUST02357,2026-03-29,Rendez-vous boutique,Japon
TP008997,CUST02357,2026-03-21,Rendez-vous boutique,Japon
TP008998,CUST02357,2026-04-09,Événement VIC,Japon
TP008999,CUST02358,2025-01-23,Événement VIC,Japon
TP009000,CUST02358,2025-02-01,Événement VIC,Japon
TP009001,CUST02358,2025-02-06,Rendez-vous boutique,Japon
TP009002,CUST02358,2025-06-29,Événement VIC,Japon
TP009003,CUST02358,2025-07-10,Ouverture newsletter,Japon
TP009004,CUST02358,2025-06-28,Événement VIC,Japon
TP009005,CUST02358,2025-11-14,Ouverture newsletter,Japon
TP009006,CUST02359,2025-12-18,Rendez-vous boutique,France (siège)
TP009007,CUST02359,2026-01-04,Rendez-vous boutique,France (siège)
TP009008,CUST02359,2026-05-21,Ouverture newsletter,France (siège)
TP009009,CUST02360,2025-04-12,Appel conseiller de vente,USA
TP009010,CUST02360,2025-07-28,Visite site e-commerce,USA
TP009011,CUST02360,2025-07-25,Événement VIC,USA
TP009012,CUST02360,2026-01-07,Visite site e-commerce,USA
TP009013,CUST02360,2026-05-23,Ouverture newsletter,USA
TP009014,CUST02360,2026-05-28,Rendez-vous boutique,USA
TP009015,CUST02361,2025-12-11,Visite site e-commerce,Japon
TP009016,CUST02362,2025-03-31,Événement VIC,Chine
TP009017,CUST02362,2025-04-15,Rendez-vous boutique,Chine
TP009018,CUST02362,2025-04-12,Événement VIC,Chine
TP009019,CUST02362,2025-10-18,Visite site e-commerce,Chine
TP009020,CUST02362,2025-10-17,Rendez-vous boutique,Chine
TP009021,CUST02363,2026-07-08,Événement VIC,France (siège)
TP009022,CUST02363,2026-07-18,Appel conseiller de vente,France (siège)
TP009023,CUST02363,2026-07-07,Rendez-vous boutique,France (siège)
TP009024,CUST02364,2026-03-22,Événement VIC,USA
TP009025,CUST02364,2026-03-07,Visite site e-commerce,USA
TP009026,CUST02364,2026-03-21,Ouverture newsletter,USA
TP009027,CUST02365,2026-03-11,Ouverture newsletter,France (siège)
TP009028,CUST02365,2026-02-28,Événement VIC,France (siège)
TP009029,CUST02366,2026-05-16,Appel conseiller de vente,Moyen-Orient
TP009030,CUST02366,2026-05-22,Appel conseiller de vente,Moyen-Orient
TP009031,CUST02367,2026-07-11,Ouverture newsletter,Moyen-Orient
TP009032,CUST02367,2026-07-28,Ouverture newsletter,Moyen-Orient
TP009033,CUST02368,2025-09-28,Rendez-vous boutique,USA
TP009034,CUST02368,2026-03-10,Appel conseiller de vente,USA
TP009035,CUST02368,2026-02-23,Visite site e-commerce,USA
TP009036,CUST02368,2026-02-18,Appel conseiller de vente,USA
TP009037,CUST02371,2026-06-11,Rendez-vous boutique,Moyen-Orient
TP009038,CUST02372,2025-02-05,Appel conseiller de vente,Moyen-Orient
TP009039,CUST02372,2025-02-16,Appel conseiller de vente,Moyen-Orient
TP009040,CUST02372,2025-06-01,Visite site e-commerce,Moyen-Orient
TP009041,CUST02374,2024-12-22,Visite site e-commerce,Chine
TP009042,CUST02374,2024-12-21,Événement VIC,Chine
TP009043,CUST02374,2024-12-22,Ouverture newsletter,Chine
TP009044,CUST02374,2025-05-02,Rendez-vous boutique,Chine
TP009045,CUST02374,2025-09-16,Visite site e-commerce,Chine
TP009046,CUST02374,2025-09-28,Événement VIC,Chine
TP009047,CUST02374,2026-02-09,Événement VIC,Chine
TP009048,CUST02374,2026-01-24,Visite site e-commerce,Chine
TP009049,CUST02376,2025-08-30,Événement VIC,Chine
TP009050,CUST02376,2025-08-19,Rendez-vous boutique,Chine
TP009051,CUST02376,2025-09-03,Événement VIC,Chine
TP009052,CUST02376,2026-02-28,Événement VIC,Chine
TP009053,CUST02376,2026-02-21,Rendez-vous boutique,Chine
TP009054,CUST02377,2025-11-10,Visite site e-commerce,Chine
TP009055,CUST02377,2025-11-18,Visite site e-commerce,Chine
TP009056,CUST02377,2026-04-18,Appel conseiller de vente,Chine
TP009057,CUST02377,2026-04-09,Ouverture newsletter,Chine
TP009058,CUST02378,2025-09-10,Événement VIC,Moyen-Orient
TP009059,CUST02378,2025-09-13,Ouverture newsletter,Moyen-Orient
TP009060,CUST02379,2026-02-07,Appel conseiller de vente,USA
TP009061,CUST02379,2026-02-23,Ouverture newsletter,USA
TP009062,CUST02379,2026-03-01,Ouverture newsletter,USA
TP009063,CUST02379,2026-07-08,Appel conseiller de vente,USA
TP009064,CUST02380,2025-08-09,Appel conseiller de vente,Moyen-Orient
TP009065,CUST02380,2025-08-16,Visite site e-commerce,Moyen-Orient
TP009066,CUST02380,2025-08-20,Ouverture newsletter,Moyen-Orient
TP009067,CUST02381,2025-05-25,Ouverture newsletter,Moyen-Orient
TP009068,CUST02381,2025-11-11,Rendez-vous boutique,Moyen-Orient
TP009069,CUST02381,2025-11-15,Ouverture newsletter,Moyen-Orient
TP009070,CUST02381,2025-11-17,Événement VIC,Moyen-Orient
TP009071,CUST02381,2026-05-21,Visite site e-commerce,Moyen-Orient
TP009072,CUST02381,2026-05-19,Appel conseiller de vente,Moyen-Orient
TP009073,CUST02381,2026-05-07,Rendez-vous boutique,Moyen-Orient
TP009074,CUST02382,2026-05-15,Événement VIC,USA
TP009075,CUST02382,2026-05-20,Rendez-vous boutique,USA
TP009076,CUST02383,2025-02-22,Rendez-vous boutique,USA
TP009077,CUST02383,2025-08-15,Visite site e-commerce,USA
TP009078,CUST02383,2025-07-24,Rendez-vous boutique,USA
TP009079,CUST02384,2026-04-20,Rendez-vous boutique,France (siège)
TP009080,CUST02384,2026-04-05,Appel conseiller de vente,France (siège)
TP009081,CUST02384,2026-04-12,Rendez-vous boutique,France (siège)
TP009082,CUST02386,2025-02-08,Visite site e-commerce,Chine
TP009083,CUST02386,2025-02-06,Événement VIC,Chine
TP009084,CUST02386,2025-02-11,Rendez-vous boutique,Chine
TP009085,CUST02386,2025-06-29,Appel conseiller de vente,Chine
TP009086,CUST02386,2025-06-26,Appel conseiller de vente,Chine
TP009087,CUST02386,2025-06-28,Événement VIC,Chine
TP009088,CUST02386,2025-11-05,Ouverture newsletter,Chine
TP009089,CUST02386,2026-03-24,Rendez-vous boutique,Chine
TP009090,CUST02386,2026-04-02,Ouverture newsletter,Chine
TP009091,CUST02386,2026-04-13,Ouverture newsletter,Chine
TP009092,CUST02387,2026-04-12,Visite site e-commerce,USA
TP009093,CUST02387,2026-04-13,Ouverture newsletter,USA
TP009094,CUST02387,2026-04-24,Visite site e-commerce,USA
TP009095,CUST02388,2025-03-01,Appel conseiller de vente,Japon
TP009096,CUST02388,2025-08-29,Visite site e-commerce,Japon
TP009097,CUST02388,2025-09-16,Appel conseiller de vente,Japon
TP009098,CUST02388,2025-09-09,Rendez-vous boutique,Japon
TP009099,CUST02388,2026-01-23,Événement VIC,Japon
TP009100,CUST02388,2026-01-25,Appel conseiller de vente,Japon
TP009101,CUST02388,2026-02-05,Événement VIC,Japon
TP009102,CUST02388,2026-07-08,Appel conseiller de vente,Japon
TP009103,CUST02388,2026-07-15,Ouverture newsletter,Japon
TP009104,CUST02388,2026-07-10,Événement VIC,Japon
TP009105,CUST02389,2025-03-14,Visite site e-commerce,Japon
TP009106,CUST02389,2025-03-09,Rendez-vous boutique,Japon
TP009107,CUST02389,2025-03-11,Visite site e-commerce,Japon
TP009108,CUST02389,2025-08-11,Appel conseiller de vente,Japon
TP009109,CUST02389,2025-08-04,Visite site e-commerce,Japon
TP009110,CUST02389,2025-12-26,Ouverture newsletter,Japon
TP009111,CUST02389,2025-12-14,Ouverture newsletter,Japon
TP009112,CUST02389,2026-06-04,Événement VIC,Japon
TP009113,CUST02389,2026-05-20,Événement VIC,Japon
TP009114,CUST02390,2025-12-13,Événement VIC,Japon
TP009115,CUST02390,2025-12-16,Événement VIC,Japon
TP009116,CUST02390,2026-05-20,Événement VIC,Japon
TP009117,CUST02391,2025-05-16,Rendez-vous boutique,Japon
TP009118,CUST02391,2025-05-21,Rendez-vous boutique,Japon
TP009119,CUST02391,2025-08-29,Appel conseiller de vente,Japon
TP009120,CUST02391,2025-08-29,Événement VIC,Japon
TP009121,CUST02391,2026-01-14,Ouverture newsletter,Japon
TP009122,CUST02391,2025-12-24,Appel conseiller de vente,Japon
TP009123,CUST02391,2026-04-21,Rendez-vous boutique,Japon
TP009124,CUST02391,2026-04-28,Ouverture newsletter,Japon
TP009125,CUST02391,2026-05-02,Visite site e-commerce,Japon
TP009126,CUST02392,2025-07-09,Rendez-vous boutique,Chine
TP009127,CUST02392,2025-12-11,Appel conseiller de vente,Chine
TP009128,CUST02392,2025-12-12,Rendez-vous boutique,Chine
TP009129,CUST02392,2026-06-07,Événement VIC,Chine
TP009130,CUST02392,2026-06-14,Événement VIC,Chine
TP009131,CUST02392,2026-06-16,Événement VIC,Chine
TP009132,CUST02393,2026-05-20,Ouverture newsletter,Chine
TP009133,CUST02393,2026-05-18,Visite site e-commerce,Chine
TP009134,CUST02395,2026-04-25,Ouverture newsletter,USA
TP009135,CUST02395,2026-04-14,Événement VIC,USA
TP009136,CUST02396,2025-10-12,Appel conseiller de vente,France (siège)
TP009137,CUST02396,2025-09-25,Événement VIC,France (siège)
TP009138,CUST02396,2025-09-27,Ouverture newsletter,France (siège)
TP009139,CUST02396,2026-03-11,Ouverture newsletter,France (siège)
TP009140,CUST02396,2026-04-01,Appel conseiller de vente,France (siège)
TP009141,CUST02397,2026-06-17,Rendez-vous boutique,USA
TP009142,CUST02398,2026-04-21,Appel conseiller de vente,Chine
TP009143,CUST02398,2026-05-07,Appel conseiller de vente,Chine
TP009144,CUST02398,2026-05-05,Événement VIC,Chine
TP009145,CUST02400,2025-07-01,Ouverture newsletter,Chine
TP009146,CUST02400,2025-06-27,Événement VIC,Chine
TP009147,CUST02400,2025-12-06,Rendez-vous boutique,Chine
TP009148,CUST02400,2025-11-28,Visite site e-commerce,Chine
TP009149,CUST02400,2025-11-30,Événement VIC,Chine
TP009150,CUST02400,2026-05-07,Appel conseiller de vente,Chine
TP009151,CUST02400,2026-05-08,Appel conseiller de vente,Chine
TP009152,CUST02400,2026-05-14,Événement VIC,Chine
TP009153,CUST02401,2026-06-29,Événement VIC,Chine
TP009154,CUST02401,2026-06-09,Ouverture newsletter,Chine
TP009155,CUST02402,2025-04-05,Appel conseiller de vente,France (siège)
TP009156,CUST02402,2025-04-20,Ouverture newsletter,France (siège)
TP009157,CUST02402,2025-09-19,Visite site e-commerce,France (siège)
TP009158,CUST02402,2026-03-21,Ouverture newsletter,France (siège)
TP009159,CUST02402,2026-03-27,Rendez-vous boutique,France (siège)
TP009160,CUST02402,2026-03-18,Ouverture newsletter,France (siège)
TP009161,CUST02403,2026-04-09,Ouverture newsletter,Moyen-Orient
TP009162,CUST02404,2025-09-03,Rendez-vous boutique,USA
TP009163,CUST02404,2025-09-07,Visite site e-commerce,USA
TP009164,CUST02404,2025-09-07,Appel conseiller de vente,USA
TP009165,CUST02404,2026-02-17,Événement VIC,USA
TP009166,CUST02404,2026-02-08,Ouverture newsletter,USA
TP009167,CUST02404,2026-06-05,Ouverture newsletter,USA
TP009168,CUST02404,2026-06-13,Appel conseiller de vente,USA
TP009169,CUST02405,2025-05-25,Ouverture newsletter,USA
TP009170,CUST02405,2025-10-19,Visite site e-commerce,USA
TP009171,CUST02405,2025-11-03,Visite site e-commerce,USA
TP009172,CUST02405,2025-10-24,Événement VIC,USA
TP009173,CUST02405,2026-04-12,Ouverture newsletter,USA
TP009174,CUST02405,2026-03-28,Rendez-vous boutique,USA
TP009175,CUST02406,2025-05-04,Appel conseiller de vente,Moyen-Orient
TP009176,CUST02406,2025-05-07,Événement VIC,Moyen-Orient
TP009177,CUST02406,2025-10-16,Événement VIC,Moyen-Orient
TP009178,CUST02406,2025-10-18,Visite site e-commerce,Moyen-Orient
TP009179,CUST02406,2026-04-13,Ouverture newsletter,Moyen-Orient
TP009180,CUST02406,2026-03-30,Appel conseiller de vente,Moyen-Orient
TP009181,CUST02406,2026-04-17,Ouverture newsletter,Moyen-Orient
TP009182,CUST02408,2025-11-04,Événement VIC,France (siège)
TP009183,CUST02408,2025-11-26,Ouverture newsletter,France (siège)
TP009184,CUST02408,2025-11-23,Ouverture newsletter,France (siège)
TP009185,CUST02408,2026-04-16,Visite site e-commerce,France (siège)
TP009186,CUST02408,2026-07-20,Visite site e-commerce,France (siège)
TP009187,CUST02408,2026-07-09,Rendez-vous boutique,France (siège)
TP009188,CUST02408,2026-07-21,Ouverture newsletter,France (siège)
TP009189,CUST02409,2026-05-22,Ouverture newsletter,Japon
TP009190,CUST02410,2025-11-06,Événement VIC,Japon
TP009191,CUST02410,2025-11-26,Visite site e-commerce,Japon
TP009192,CUST02410,2025-11-20,Visite site e-commerce,Japon
TP009193,CUST02410,2026-04-20,Événement VIC,Japon
TP009194,CUST02411,2025-08-19,Visite site e-commerce,Chine
TP009195,CUST02411,2025-11-16,Ouverture newsletter,Chine
TP009196,CUST02411,2025-11-22,Événement VIC,Chine
TP009197,CUST02411,2025-11-28,Visite site e-commerce,Chine
TP009198,CUST02411,2026-05-02,Rendez-vous boutique,Chine
TP009199,CUST02413,2025-09-02,Appel conseiller de vente,Moyen-Orient
TP009200,CUST02413,2025-08-31,Visite site e-commerce,Moyen-Orient
TP009201,CUST02413,2025-12-21,Appel conseiller de vente,Moyen-Orient
TP009202,CUST02413,2025-12-18,Événement VIC,Moyen-Orient
TP009203,CUST02413,2026-06-06,Appel conseiller de vente,Moyen-Orient
TP009204,CUST02414,2026-01-21,Appel conseiller de vente,USA
TP009205,CUST02414,2026-02-11,Appel conseiller de vente,USA
TP009206,CUST02414,2026-02-01,Appel conseiller de vente,USA
TP009207,CUST02414,2026-05-15,Appel conseiller de vente,USA
TP009208,CUST02414,2026-05-17,Événement VIC,USA
TP009209,CUST02414,2026-06-03,Visite site e-commerce,USA
TP009210,CUST02415,2025-06-29,Appel conseiller de vente,Chine
TP009211,CUST02415,2025-12-12,Ouverture newsletter,Chine
TP009212,CUST02415,2025-11-26,Rendez-vous boutique,Chine
TP009213,CUST02415,2026-04-29,Visite site e-commerce,Chine
TP009214,CUST02415,2026-04-28,Appel conseiller de vente,Chine
TP009215,CUST02416,2026-05-07,Événement VIC,USA
TP009216,CUST02416,2026-05-13,Rendez-vous boutique,USA
TP009217,CUST02416,2026-05-09,Visite site e-commerce,USA
TP009218,CUST02417,2025-03-01,Appel conseiller de vente,France (siège)
TP009219,CUST02417,2025-02-28,Ouverture newsletter,France (siège)
TP009220,CUST02417,2025-03-05,Ouverture newsletter,France (siège)
TP009221,CUST02417,2025-08-17,Appel conseiller de vente,France (siège)
TP009222,CUST02417,2025-08-18,Ouverture newsletter,France (siège)
TP009223,CUST02417,2026-02-07,Rendez-vous boutique,France (siège)
TP009224,CUST02417,2026-02-10,Rendez-vous boutique,France (siège)
TP009225,CUST02417,2026-06-24,Événement VIC,France (siège)
TP009226,CUST02417,2026-06-15,Rendez-vous boutique,France (siège)
TP009227,CUST02417,2026-06-22,Ouverture newsletter,France (siège)
TP009228,CUST02418,2025-01-02,Appel conseiller de vente,Moyen-Orient
TP009229,CUST02418,2025-01-02,Appel conseiller de vente,Moyen-Orient
TP009230,CUST02418,2025-01-15,Visite site e-commerce,Moyen-Orient
TP009231,CUST02418,2025-07-17,Visite site e-commerce,Moyen-Orient
TP009232,CUST02418,2025-12-04,Visite site e-commerce,Moyen-Orient
TP009233,CUST02418,2025-12-21,Rendez-vous boutique,Moyen-Orient
TP009234,CUST02418,2026-04-11,Appel conseiller de vente,Moyen-Orient
TP009235,CUST02418,2026-04-03,Ouverture newsletter,Moyen-Orient
TP009236,CUST02419,2025-06-30,Rendez-vous boutique,Moyen-Orient
TP009237,CUST02419,2025-07-14,Appel conseiller de vente,Moyen-Orient
TP009238,CUST02419,2025-07-07,Visite site e-commerce,Moyen-Orient
TP009239,CUST02419,2026-01-03,Ouverture newsletter,Moyen-Orient
TP009240,CUST02419,2025-12-29,Visite site e-commerce,Moyen-Orient
TP009241,CUST02419,2025-12-26,Ouverture newsletter,Moyen-Orient
TP009242,CUST02419,2026-06-05,Appel conseiller de vente,Moyen-Orient
TP009243,CUST02419,2026-06-09,Rendez-vous boutique,Moyen-Orient
TP009244,CUST02419,2026-06-03,Visite site e-commerce,Moyen-Orient
TP009245,CUST02420,2026-03-23,Ouverture newsletter,France (siège)
TP009246,CUST02420,2026-03-13,Rendez-vous boutique,France (siège)
TP009247,CUST02420,2026-03-23,Appel conseiller de vente,France (siège)
TP009248,CUST02421,2025-04-02,Ouverture newsletter,France (siège)
TP009249,CUST02421,2025-04-08,Visite site e-commerce,France (siège)
TP009250,CUST02422,2025-06-27,Appel conseiller de vente,Chine
TP009251,CUST02422,2025-06-28,Visite site e-commerce,Chine
TP009252,CUST02422,2025-07-03,Rendez-vous boutique,Chine
TP009253,CUST02422,2025-11-24,Appel conseiller de vente,Chine
TP009254,CUST02422,2025-11-30,Événement VIC,Chine
TP009255,CUST02422,2026-03-29,Appel conseiller de vente,Chine
TP009256,CUST02422,2026-07-07,Visite site e-commerce,Chine
TP009257,CUST02422,2026-06-13,Rendez-vous boutique,Chine
TP009258,CUST02423,2025-04-25,Ouverture newsletter,France (siège)
TP009259,CUST02423,2025-10-28,Appel conseiller de vente,France (siège)
TP009260,CUST02423,2025-10-22,Appel conseiller de vente,France (siège)
TP009261,CUST02423,2025-10-15,Événement VIC,France (siège)
TP009262,CUST02427,2026-05-24,Ouverture newsletter,USA
TP009263,CUST02427,2026-06-13,Événement VIC,USA
TP009264,CUST02427,2026-05-28,Visite site e-commerce,USA
TP009265,CUST02428,2025-11-22,Rendez-vous boutique,Japon
TP009266,CUST02428,2025-12-05,Rendez-vous boutique,Japon
TP009267,CUST02428,2025-11-28,Ouverture newsletter,Japon
TP009268,CUST02428,2026-05-06,Visite site e-commerce,Japon
TP009269,CUST02429,2026-01-08,Événement VIC,Japon
TP009270,CUST02429,2026-01-19,Ouverture newsletter,Japon
TP009271,CUST02430,2025-09-13,Ouverture newsletter,USA
TP009272,CUST02430,2025-10-03,Appel conseiller de vente,USA
TP009273,CUST02430,2025-09-21,Visite site e-commerce,USA
TP009274,CUST02430,2026-03-19,Visite site e-commerce,USA
TP009275,CUST02430,2026-03-16,Rendez-vous boutique,USA
TP009276,CUST02431,2026-01-09,Rendez-vous boutique,Japon
TP009277,CUST02431,2026-01-09,Ouverture newsletter,Japon
TP009278,CUST02431,2026-07-24,Rendez-vous boutique,Japon
TP009279,CUST02431,2026-07-11,Ouverture newsletter,Japon
TP009280,CUST02432,2025-07-05,Appel conseiller de vente,France (siège)
TP009281,CUST02432,2025-12-27,Événement VIC,France (siège)
TP009282,CUST02432,2025-12-29,Visite site e-commerce,France (siège)
TP009283,CUST02433,2025-03-18,Visite site e-commerce,France (siège)
TP009284,CUST02433,2025-09-03,Rendez-vous boutique,France (siège)
TP009285,CUST02433,2025-09-10,Ouverture newsletter,France (siège)
TP009286,CUST02433,2026-01-30,Événement VIC,France (siège)
TP009287,CUST02433,2026-01-23,Ouverture newsletter,France (siège)
TP009288,CUST02433,2026-02-04,Rendez-vous boutique,France (siège)
TP009289,CUST02433,2026-07-09,Événement VIC,France (siège)
TP009290,CUST02434,2025-12-21,Ouverture newsletter,Japon
TP009291,CUST02434,2026-01-11,Appel conseiller de vente,Japon
TP009292,CUST02434,2026-07-01,Événement VIC,Japon
TP009293,CUST02434,2026-06-13,Événement VIC,Japon
TP009294,CUST02435,2025-07-28,Rendez-vous boutique,France (siège)
TP009295,CUST02435,2025-12-25,Événement VIC,France (siège)
TP009296,CUST02435,2025-12-23,Rendez-vous boutique,France (siège)
TP009297,CUST02435,2026-05-24,Rendez-vous boutique,France (siège)
TP009298,CUST02435,2026-05-25,Rendez-vous boutique,France (siège)
TP009299,CUST02436,2025-12-10,Rendez-vous boutique,France (siège)
TP009300,CUST02436,2025-12-10,Événement VIC,France (siège)
TP009301,CUST02436,2025-12-20,Ouverture newsletter,France (siège)
TP009302,CUST02436,2026-05-27,Visite site e-commerce,France (siège)
TP009303,CUST02437,2026-01-12,Ouverture newsletter,Japon
TP009304,CUST02437,2026-01-14,Rendez-vous boutique,Japon
TP009305,CUST02437,2026-01-16,Appel conseiller de vente,Japon
TP009306,CUST02437,2026-06-05,Appel conseiller de vente,Japon
TP009307,CUST02437,2026-05-23,Appel conseiller de vente,Japon
TP009308,CUST02438,2025-02-26,Rendez-vous boutique,USA
TP009309,CUST02438,2025-02-24,Visite site e-commerce,USA
TP009310,CUST02438,2025-03-02,Rendez-vous boutique,USA
TP009311,CUST02439,2025-08-08,Événement VIC,France (siège)
TP009312,CUST02439,2025-12-12,Visite site e-commerce,France (siège)
TP009313,CUST02439,2026-05-13,Visite site e-commerce,France (siège)
TP009314,CUST02440,2025-12-10,Appel conseiller de vente,Moyen-Orient
TP009315,CUST02440,2026-04-20,Appel conseiller de vente,Moyen-Orient
TP009316,CUST02440,2026-04-20,Événement VIC,Moyen-Orient
TP009317,CUST02440,2026-04-12,Visite site e-commerce,Moyen-Orient
TP009318,CUST02441,2026-03-07,Rendez-vous boutique,France (siège)
TP009319,CUST02441,2026-03-15,Appel conseiller de vente,France (siège)
TP009320,CUST02441,2026-03-17,Ouverture newsletter,France (siège)
TP009321,CUST02442,2025-11-29,Ouverture newsletter,Japon
TP009322,CUST02442,2025-12-10,Ouverture newsletter,Japon
TP009323,CUST02442,2026-05-19,Ouverture newsletter,Japon
TP009324,CUST02442,2026-05-17,Événement VIC,Japon
TP009325,CUST02442,2026-05-17,Visite site e-commerce,Japon
TP009326,CUST02443,2026-06-29,Visite site e-commerce,Chine
TP009327,CUST02444,2025-08-15,Ouverture newsletter,USA
TP009328,CUST02444,2025-08-11,Appel conseiller de vente,USA
TP009329,CUST02444,2026-01-24,Rendez-vous boutique,USA
TP009330,CUST02444,2026-01-16,Événement VIC,USA
TP009331,CUST02444,2026-01-21,Appel conseiller de vente,USA
TP009332,CUST02444,2026-07-10,Appel conseiller de vente,USA
TP009333,CUST02444,2026-07-06,Rendez-vous boutique,USA
TP009334,CUST02444,2026-07-07,Visite site e-commerce,USA
TP009335,CUST02445,2026-04-09,Événement VIC,Chine
TP009336,CUST02445,2026-04-11,Appel conseiller de vente,Chine
TP009337,CUST02445,2026-04-04,Ouverture newsletter,Chine
TP009338,CUST02446,2026-07-03,Ouverture newsletter,France (siège)
TP009339,CUST02447,2025-07-05,Visite site e-commerce,Chine
TP009340,CUST02447,2025-12-27,Visite site e-commerce,Chine
TP009341,CUST02447,2026-06-16,Visite site e-commerce,Chine
TP009342,CUST02448,2026-06-01,Rendez-vous boutique,France (siège)
TP009343,CUST02449,2026-04-20,Ouverture newsletter,Japon
TP009344,CUST02449,2026-04-18,Événement VIC,Japon
TP009345,CUST02450,2026-01-19,Rendez-vous boutique,France (siège)
TP009346,CUST02450,2026-01-15,Événement VIC,France (siège)
TP009347,CUST02450,2026-01-05,Ouverture newsletter,France (siège)
TP009348,CUST02451,2026-07-06,Visite site e-commerce,USA
TP009349,CUST02451,2026-07-06,Visite site e-commerce,USA
TP009350,CUST02451,2026-06-14,Événement VIC,USA
TP009351,CUST02452,2025-06-18,Appel conseiller de vente,Moyen-Orient
TP009352,CUST02452,2025-06-25,Visite site e-commerce,Moyen-Orient
TP009353,CUST02452,2025-06-09,Rendez-vous boutique,Moyen-Orient
TP009354,CUST02452,2025-10-24,Événement VIC,Moyen-Orient
TP009355,CUST02452,2025-11-01,Visite site e-commerce,Moyen-Orient
TP009356,CUST02452,2025-10-31,Ouverture newsletter,Moyen-Orient
TP009357,CUST02452,2026-03-20,Appel conseiller de vente,Moyen-Orient
TP009358,CUST02452,2026-03-16,Appel conseiller de vente,Moyen-Orient
TP009359,CUST02453,2025-09-15,Ouverture newsletter,Chine
TP009360,CUST02453,2025-09-21,Événement VIC,Chine
TP009361,CUST02453,2025-09-28,Ouverture newsletter,Chine
TP009362,CUST02453,2026-04-07,Visite site e-commerce,Chine
TP009363,CUST02453,2026-03-19,Appel conseiller de vente,Chine
TP009364,CUST02453,2026-03-17,Événement VIC,Chine
TP009365,CUST02455,2025-01-15,Événement VIC,France (siège)
TP009366,CUST02455,2025-01-01,Ouverture newsletter,France (siège)
TP009367,CUST02455,2025-06-25,Visite site e-commerce,France (siège)
TP009368,CUST02455,2025-06-12,Rendez-vous boutique,France (siège)
TP009369,CUST02455,2025-06-28,Visite site e-commerce,France (siège)
TP009370,CUST02456,2025-11-15,Rendez-vous boutique,Moyen-Orient
TP009371,CUST02456,2025-11-25,Ouverture newsletter,Moyen-Orient
TP009372,CUST02456,2025-11-07,Rendez-vous boutique,Moyen-Orient
TP009373,CUST02456,2026-04-17,Appel conseiller de vente,Moyen-Orient
TP009374,CUST02456,2026-04-20,Visite site e-commerce,Moyen-Orient
TP009375,CUST02456,2026-04-07,Événement VIC,Moyen-Orient
TP009376,CUST02457,2025-04-26,Ouverture newsletter,USA
TP009377,CUST02457,2025-04-26,Ouverture newsletter,USA
TP009378,CUST02457,2025-04-17,Ouverture newsletter,USA
TP009379,CUST02457,2025-09-29,Appel conseiller de vente,USA
TP009380,CUST02457,2025-10-03,Appel conseiller de vente,USA
TP009381,CUST02457,2026-02-27,Visite site e-commerce,USA
TP009382,CUST02458,2025-09-06,Événement VIC,Chine
TP009383,CUST02458,2025-08-21,Événement VIC,Chine
TP009384,CUST02458,2025-08-22,Ouverture newsletter,Chine
TP009385,CUST02458,2026-02-03,Rendez-vous boutique,Chine
TP009386,CUST02458,2026-01-27,Visite site e-commerce,Chine
TP009387,CUST02458,2026-01-28,Visite site e-commerce,Chine
TP009388,CUST02458,2026-07-05,Visite site e-commerce,Chine
TP009389,CUST02460,2026-05-16,Appel conseiller de vente,Moyen-Orient
TP009390,CUST02460,2026-05-05,Appel conseiller de vente,Moyen-Orient
TP009391,CUST02460,2026-05-05,Événement VIC,Moyen-Orient
TP009392,CUST02461,2026-07-12,Ouverture newsletter,Chine
TP009393,CUST02461,2026-07-12,Événement VIC,Chine
TP009394,CUST02462,2025-07-06,Rendez-vous boutique,Moyen-Orient
TP009395,CUST02462,2025-07-13,Événement VIC,Moyen-Orient
TP009396,CUST02463,2025-04-04,Appel conseiller de vente,USA
TP009397,CUST02463,2025-03-26,Visite site e-commerce,USA
TP009398,CUST02463,2025-03-30,Événement VIC,USA
TP009399,CUST02463,2025-08-22,Rendez-vous boutique,USA
TP009400,CUST02463,2025-09-10,Ouverture newsletter,USA
TP009401,CUST02463,2025-08-30,Rendez-vous boutique,USA
TP009402,CUST02463,2026-01-22,Ouverture newsletter,USA
TP009403,CUST02463,2026-02-10,Événement VIC,USA
TP009404,CUST02463,2026-02-13,Visite site e-commerce,USA
TP009405,CUST02463,2026-06-06,Visite site e-commerce,USA
TP009406,CUST02465,2025-04-29,Appel conseiller de vente,France (siège)
TP009407,CUST02465,2025-05-05,Ouverture newsletter,France (siège)
TP009408,CUST02465,2025-10-02,Appel conseiller de vente,France (siège)
TP009409,CUST02465,2025-10-02,Ouverture newsletter,France (siège)
TP009410,CUST02465,2026-04-20,Rendez-vous boutique,France (siège)
TP009411,CUST02466,2026-05-27,Ouverture newsletter,USA
TP009412,CUST02466,2026-05-15,Appel conseiller de vente,USA
TP009413,CUST02467,2026-07-18,Appel conseiller de vente,Chine
TP009414,CUST02467,2026-07-21,Événement VIC,Chine
TP009415,CUST02468,2026-05-23,Rendez-vous boutique,France (siège)
TP009416,CUST02469,2025-06-06,Visite site e-commerce,Chine
TP009417,CUST02469,2025-05-19,Ouverture newsletter,Chine
TP009418,CUST02469,2025-10-29,Appel conseiller de vente,Chine
TP009419,CUST02469,2025-10-27,Rendez-vous boutique,Chine
TP009420,CUST02469,2025-10-21,Ouverture newsletter,Chine
TP009421,CUST02469,2026-03-08,Rendez-vous boutique,Chine
TP009422,CUST02469,2026-03-28,Rendez-vous boutique,Chine
TP009423,CUST02470,2025-04-21,Rendez-vous boutique,Chine
TP009424,CUST02470,2025-04-27,Appel conseiller de vente,Chine
TP009425,CUST02470,2025-04-10,Appel conseiller de vente,Chine
TP009426,CUST02470,2025-08-29,Visite site e-commerce,Chine
TP009427,CUST02470,2025-09-07,Événement VIC,Chine
TP009428,CUST02470,2025-09-20,Visite site e-commerce,Chine
TP009429,CUST02470,2025-12-20,Appel conseiller de vente,Chine
TP009430,CUST02470,2025-12-18,Événement VIC,Chine
TP009431,CUST02470,2025-12-07,Appel conseiller de vente,Chine
TP009432,CUST02470,2026-05-03,Rendez-vous boutique,Chine
TP009433,CUST02471,2025-11-13,Appel conseiller de vente,Chine
TP009434,CUST02471,2025-11-22,Visite site e-commerce,Chine
TP009435,CUST02471,2026-04-18,Appel conseiller de vente,Chine
TP009436,CUST02471,2026-04-16,Appel conseiller de vente,Chine
TP009437,CUST02472,2026-02-08,Ouverture newsletter,Japon
TP009438,CUST02472,2026-02-11,Appel conseiller de vente,Japon
TP009439,CUST02472,2026-01-26,Événement VIC,Japon
TP009440,CUST02472,2026-06-28,Événement VIC,Japon
TP009441,CUST02472,2026-06-21,Visite site e-commerce,Japon
TP009442,CUST02473,2025-05-26,Ouverture newsletter,France (siège)
TP009443,CUST02473,2025-05-20,Rendez-vous boutique,France (siège)
TP009444,CUST02473,2025-05-06,Rendez-vous boutique,France (siège)
TP009445,CUST02473,2025-11-30,Visite site e-commerce,France (siège)
TP009446,CUST02473,2025-11-14,Rendez-vous boutique,France (siège)
TP009447,CUST02473,2026-04-30,Rendez-vous boutique,France (siège)
TP009448,CUST02474,2025-03-28,Visite site e-commerce,France (siège)
TP009449,CUST02474,2025-08-15,Rendez-vous boutique,France (siège)
TP009450,CUST02474,2025-08-06,Ouverture newsletter,France (siège)
TP009451,CUST02474,2025-10-25,Ouverture newsletter,France (siège)
TP009452,CUST02474,2025-10-12,Événement VIC,France (siège)
TP009453,CUST02474,2025-10-26,Événement VIC,France (siège)
TP009454,CUST02474,2026-01-30,Rendez-vous boutique,France (siège)
TP009455,CUST02474,2026-01-30,Ouverture newsletter,France (siège)
TP009456,CUST02474,2026-01-15,Appel conseiller de vente,France (siège)
TP009457,CUST02474,2026-03-09,Appel conseiller de vente,France (siège)
TP009458,CUST02474,2026-03-08,Appel conseiller de vente,France (siège)
TP009459,CUST02474,2026-06-25,Événement VIC,France (siège)
TP009460,CUST02476,2026-02-24,Appel conseiller de vente,USA
TP009461,CUST02476,2026-02-15,Événement VIC,USA
TP009462,CUST02476,2026-02-21,Événement VIC,USA
TP009463,CUST02477,2026-04-21,Rendez-vous boutique,Chine
TP009464,CUST02478,2025-09-30,Événement VIC,France (siège)
TP009465,CUST02478,2025-10-07,Événement VIC,France (siège)
TP009466,CUST02478,2025-10-09,Visite site e-commerce,France (siège)
TP009467,CUST02478,2026-03-22,Visite site e-commerce,France (siège)
TP009468,CUST02478,2026-03-08,Ouverture newsletter,France (siège)
TP009469,CUST02479,2025-12-28,Appel conseiller de vente,Moyen-Orient
TP009470,CUST02479,2026-07-28,Rendez-vous boutique,Moyen-Orient
TP009471,CUST02479,2026-07-28,Visite site e-commerce,Moyen-Orient
TP009472,CUST02479,2026-07-12,Événement VIC,Moyen-Orient
TP009473,CUST02480,2025-11-27,Ouverture newsletter,France (siège)
TP009474,CUST02480,2025-11-13,Ouverture newsletter,France (siège)
TP009475,CUST02480,2026-04-01,Visite site e-commerce,France (siège)
TP009476,CUST02480,2026-04-18,Rendez-vous boutique,France (siège)
TP009477,CUST02480,2026-04-04,Événement VIC,France (siège)
TP009478,CUST02481,2025-08-27,Appel conseiller de vente,Moyen-Orient
TP009479,CUST02481,2025-08-15,Appel conseiller de vente,Moyen-Orient
TP009480,CUST02481,2026-02-28,Ouverture newsletter,Moyen-Orient
TP009481,CUST02482,2026-05-30,Événement VIC,Moyen-Orient
TP009482,CUST02482,2026-05-21,Appel conseiller de vente,Moyen-Orient
TP009483,CUST02482,2026-05-19,Visite site e-commerce,Moyen-Orient
TP009484,CUST02483,2025-02-04,Appel conseiller de vente,Chine
TP009485,CUST02483,2025-02-09,Ouverture newsletter,Chine
TP009486,CUST02484,2025-06-08,Événement VIC,Moyen-Orient
TP009487,CUST02484,2025-10-18,Appel conseiller de vente,Moyen-Orient
TP009488,CUST02484,2025-10-24,Ouverture newsletter,Moyen-Orient
TP009489,CUST02484,2026-05-30,Visite site e-commerce,Moyen-Orient
TP009490,CUST02484,2026-05-27,Événement VIC,Moyen-Orient
TP009491,CUST02485,2025-01-09,Visite site e-commerce,Japon
TP009492,CUST02485,2025-01-15,Événement VIC,Japon
TP009493,CUST02485,2025-01-21,Appel conseiller de vente,Japon
TP009494,CUST02485,2025-06-25,Ouverture newsletter,Japon
TP009495,CUST02485,2025-06-21,Visite site e-commerce,Japon
TP009496,CUST02485,2025-07-04,Ouverture newsletter,Japon
TP009497,CUST02485,2025-12-07,Rendez-vous boutique,Japon
TP009498,CUST02485,2026-05-17,Appel conseiller de vente,Japon
TP009499,CUST02487,2026-07-06,Ouverture newsletter,Japon
TP009500,CUST02489,2026-04-20,Visite site e-commerce,Japon
TP009501,CUST02489,2026-04-05,Rendez-vous boutique,Japon
TP009502,CUST02490,2026-02-21,Ouverture newsletter,France (siège)
TP009503,CUST02490,2026-02-16,Appel conseiller de vente,France (siège)
TP009504,CUST02490,2026-07-19,Ouverture newsletter,France (siège)
TP009505,CUST02491,2025-03-08,Rendez-vous boutique,Japon
TP009506,CUST02491,2025-03-03,Appel conseiller de vente,Japon
TP009507,CUST02491,2025-08-16,Visite site e-commerce,Japon
TP009508,CUST02491,2026-02-10,Ouverture newsletter,Japon
TP009509,CUST02491,2026-02-03,Appel conseiller de vente,Japon
TP009510,CUST02492,2026-06-13,Ouverture newsletter,Chine
TP009511,CUST02493,2026-02-15,Ouverture newsletter,Japon
TP009512,CUST02493,2026-02-12,Événement VIC,Japon
TP009513,CUST02493,2026-03-07,Ouverture newsletter,Japon
TP009514,CUST02494,2025-09-04,Ouverture newsletter,France (siège)
TP009515,CUST02495,2025-03-20,Appel conseiller de vente,USA
TP009516,CUST02495,2025-03-22,Ouverture newsletter,USA
TP009517,CUST02495,2025-09-28,Rendez-vous boutique,USA
TP009518,CUST02495,2026-03-25,Visite site e-commerce,USA
TP009519,CUST02495,2026-03-14,Rendez-vous boutique,USA
TP009520,CUST02496,2026-06-28,Appel conseiller de vente,France (siège)
TP009521,CUST02496,2026-07-01,Appel conseiller de vente,France (siège)
TP009522,CUST02497,2025-09-17,Visite site e-commerce,Japon
TP009523,CUST02497,2025-10-04,Rendez-vous boutique,Japon
TP009524,CUST02497,2025-09-12,Événement VIC,Japon
TP009525,CUST02497,2026-02-26,Ouverture newsletter,Japon
TP009526,CUST02499,2026-03-24,Visite site e-commerce,Moyen-Orient
TP009527,CUST02500,2026-06-09,Rendez-vous boutique,France (siège)
TP009528,CUST02501,2025-01-25,Visite site e-commerce,Chine
TP009529,CUST02501,2025-01-31,Ouverture newsletter,Chine
TP009530,CUST02501,2025-02-08,Visite site e-commerce,Chine
TP009531,CUST02501,2025-05-18,Événement VIC,Chine
TP009532,CUST02501,2025-08-22,Ouverture newsletter,Chine
TP009533,CUST02501,2025-09-08,Événement VIC,Chine
TP009534,CUST02501,2025-12-30,Visite site e-commerce,Chine
TP009535,CUST02501,2026-01-12,Rendez-vous boutique,Chine
TP009536,CUST02501,2026-01-03,Ouverture newsletter,Chine
TP009537,CUST02501,2026-05-31,Rendez-vous boutique,Chine
TP009538,CUST02501,2026-06-20,Rendez-vous boutique,Chine
TP009539,CUST02502,2025-07-02,Rendez-vous boutique,Japon
TP009540,CUST02502,2025-06-29,Événement VIC,Japon
TP009541,CUST02502,2025-12-05,Appel conseiller de vente,Japon
TP009542,CUST02502,2025-12-10,Appel conseiller de vente,Japon
TP009543,CUST02503,2026-02-13,Ouverture newsletter,USA
TP009544,CUST02504,2025-11-09,Événement VIC,Japon
TP009545,CUST02504,2025-11-09,Événement VIC,Japon
TP009546,CUST02504,2026-03-29,Appel conseiller de vente,Japon
TP009547,CUST02504,2026-03-18,Rendez-vous boutique,Japon
TP009548,CUST02504,2026-04-02,Visite site e-commerce,Japon
TP009549,CUST02505,2025-12-18,Rendez-vous boutique,USA
TP009550,CUST02505,2026-05-09,Rendez-vous boutique,USA
TP009551,CUST02505,2026-05-13,Ouverture newsletter,USA
TP009552,CUST02506,2025-08-22,Événement VIC,Moyen-Orient
TP009553,CUST02506,2025-08-14,Rendez-vous boutique,Moyen-Orient
TP009554,CUST02506,2026-01-28,Ouverture newsletter,Moyen-Orient
TP009555,CUST02506,2026-07-09,Appel conseiller de vente,Moyen-Orient
TP009556,CUST02506,2026-07-10,Événement VIC,Moyen-Orient
TP009557,CUST02506,2026-07-22,Rendez-vous boutique,Moyen-Orient
TP009558,CUST02507,2025-04-17,Événement VIC,Chine
TP009559,CUST02507,2025-09-04,Ouverture newsletter,Chine
TP009560,CUST02507,2025-09-05,Visite site e-commerce,Chine
TP009561,CUST02507,2026-01-03,Ouverture newsletter,Chine
TP009562,CUST02507,2026-01-02,Appel conseiller de vente,Chine
TP009563,CUST02507,2026-06-03,Appel conseiller de vente,Chine
TP009564,CUST02507,2026-05-17,Appel conseiller de vente,Chine
TP009565,CUST02508,2026-03-06,Visite site e-commerce,France (siège)
TP009566,CUST02508,2026-02-27,Ouverture newsletter,France (siège)
TP009567,CUST02508,2026-03-15,Événement VIC,France (siège)
TP009568,CUST02510,2026-03-18,Rendez-vous boutique,France (siège)
TP009569,CUST02510,2026-03-12,Visite site e-commerce,France (siège)
TP009570,CUST02510,2026-03-08,Rendez-vous boutique,France (siège)
TP009571,CUST02511,2026-06-08,Appel conseiller de vente,Japon
TP009572,CUST02511,2026-06-06,Rendez-vous boutique,Japon
TP009573,CUST02511,2026-06-25,Visite site e-commerce,Japon
TP009574,CUST02513,2025-10-08,Événement VIC,Japon
TP009575,CUST02513,2025-10-26,Visite site e-commerce,Japon
TP009576,CUST02513,2025-10-21,Appel conseiller de vente,Japon
TP009577,CUST02513,2026-02-23,Visite site e-commerce,Japon
TP009578,CUST02513,2026-06-30,Rendez-vous boutique,Japon
TP009579,CUST02514,2025-01-16,Ouverture newsletter,Moyen-Orient
TP009580,CUST02514,2024-12-30,Visite site e-commerce,Moyen-Orient
TP009581,CUST02514,2025-07-16,Appel conseiller de vente,Moyen-Orient
TP009582,CUST02514,2025-06-28,Ouverture newsletter,Moyen-Orient
TP009583,CUST02514,2025-10-29,Rendez-vous boutique,Moyen-Orient
TP009584,CUST02514,2025-10-28,Appel conseiller de vente,Moyen-Orient
TP009585,CUST02514,2025-10-18,Événement VIC,Moyen-Orient
TP009586,CUST02514,2026-01-13,Appel conseiller de vente,Moyen-Orient
TP009587,CUST02514,2026-06-20,Visite site e-commerce,Moyen-Orient
TP009588,CUST02514,2026-06-24,Ouverture newsletter,Moyen-Orient
TP009589,CUST02514,2026-06-17,Visite site e-commerce,Moyen-Orient
TP009590,CUST02515,2025-06-18,Rendez-vous boutique,USA
TP009591,CUST02515,2025-12-03,Rendez-vous boutique,USA
TP009592,CUST02515,2025-12-03,Ouverture newsletter,USA
TP009593,CUST02515,2025-12-11,Ouverture newsletter,USA
TP009594,CUST02515,2026-05-07,Événement VIC,USA
TP009595,CUST02516,2026-04-19,Rendez-vous boutique,USA
TP009596,CUST02517,2026-07-25,Événement VIC,France (siège)
TP009597,CUST02517,2026-07-27,Événement VIC,France (siège)
TP009598,CUST02517,2026-07-24,Ouverture newsletter,France (siège)
TP009599,CUST02518,2025-04-20,Événement VIC,France (siège)
TP009600,CUST02518,2025-04-22,Rendez-vous boutique,France (siège)
TP009601,CUST02518,2025-05-07,Visite site e-commerce,France (siège)
TP009602,CUST02518,2025-10-28,Rendez-vous boutique,France (siège)
TP009603,CUST02518,2025-10-25,Appel conseiller de vente,France (siège)
TP009604,CUST02518,2025-10-14,Rendez-vous boutique,France (siège)
TP009605,CUST02518,2026-02-26,Appel conseiller de vente,France (siège)
TP009606,CUST02518,2026-03-02,Visite site e-commerce,France (siège)
TP009607,CUST02518,2026-03-06,Événement VIC,France (siège)
TP009608,CUST02520,2025-09-12,Appel conseiller de vente,USA
TP009609,CUST02520,2025-09-20,Visite site e-commerce,USA
TP009610,CUST02520,2026-03-03,Visite site e-commerce,USA
TP009611,CUST02520,2026-06-22,Visite site e-commerce,USA
TP009612,CUST02521,2025-05-06,Événement VIC,France (siège)
TP009613,CUST02521,2025-05-05,Événement VIC,France (siège)
TP009614,CUST02522,2025-12-04,Ouverture newsletter,Chine
TP009615,CUST02522,2025-12-10,Ouverture newsletter,Chine
TP009616,CUST02522,2025-12-15,Visite site e-commerce,Chine
TP009617,CUST02522,2026-06-18,Appel conseiller de vente,Chine
TP009618,CUST02524,2026-04-30,Événement VIC,USA
TP009619,CUST02524,2026-05-05,Visite site e-commerce,USA
TP009620,CUST02525,2025-10-03,Événement VIC,Chine
TP009621,CUST02528,2025-10-07,Ouverture newsletter,Chine
TP009622,CUST02528,2025-09-16,Visite site e-commerce,Chine
TP009623,CUST02528,2026-04-12,Ouverture newsletter,Chine
TP009624,CUST02529,2025-04-04,Rendez-vous boutique,France (siège)
TP009625,CUST02529,2025-03-17,Visite site e-commerce,France (siège)
TP009626,CUST02529,2025-03-29,Appel conseiller de vente,France (siège)
TP009627,CUST02530,2025-03-05,Ouverture newsletter,Chine
TP009628,CUST02530,2025-02-27,Ouverture newsletter,Chine
TP009629,CUST02530,2025-03-03,Appel conseiller de vente,Chine
TP009630,CUST02530,2025-08-13,Rendez-vous boutique,Chine
TP009631,CUST02530,2026-01-17,Appel conseiller de vente,Chine
TP009632,CUST02530,2026-01-22,Événement VIC,Chine
TP009633,CUST02530,2026-07-01,Événement VIC,Chine
TP009634,CUST02530,2026-07-01,Événement VIC,Chine
TP009635,CUST02532,2025-11-08,Visite site e-commerce,Chine
TP009636,CUST02532,2025-11-09,Ouverture newsletter,Chine
TP009637,CUST02532,2025-10-29,Événement VIC,Chine
TP009638,CUST02533,2026-03-10,Rendez-vous boutique,Chine
TP009639,CUST02534,2025-08-25,Visite site e-commerce,Chine
TP009640,CUST02534,2026-02-21,Événement VIC,Chine
TP009641,CUST02534,2026-07-10,Appel conseiller de vente,Chine
TP009642,CUST02534,2026-07-26,Visite site e-commerce,Chine
TP009643,CUST02535,2025-05-07,Événement VIC,USA
TP009644,CUST02535,2025-05-07,Appel conseiller de vente,USA
TP009645,CUST02535,2025-09-29,Visite site e-commerce,USA
TP009646,CUST02535,2025-09-29,Événement VIC,USA
TP009647,CUST02536,2025-08-21,Appel conseiller de vente,Japon
TP009648,CUST02536,2025-08-03,Ouverture newsletter,Japon
TP009649,CUST02536,2025-08-07,Appel conseiller de vente,Japon
TP009650,CUST02536,2026-01-18,Appel conseiller de vente,Japon
TP009651,CUST02537,2026-05-12,Appel conseiller de vente,Chine
TP009652,CUST02539,2026-01-07,Ouverture newsletter,France (siège)
TP009653,CUST02539,2026-07-16,Rendez-vous boutique,France (siège)
TP009654,CUST02539,2026-07-12,Rendez-vous boutique,France (siège)
TP009655,CUST02540,2025-07-03,Visite site e-commerce,USA
TP009656,CUST02541,2025-05-31,Ouverture newsletter,Japon
TP009657,CUST02541,2025-06-04,Ouverture newsletter,Japon
TP009658,CUST02541,2025-10-27,Appel conseiller de vente,Japon
TP009659,CUST02541,2025-10-19,Événement VIC,Japon
TP009660,CUST02542,2025-11-11,Visite site e-commerce,Chine
TP009661,CUST02542,2025-11-14,Appel conseiller de vente,Chine
TP009662,CUST02542,2025-11-11,Appel conseiller de vente,Chine
TP009663,CUST02542,2026-02-06,Rendez-vous boutique,Chine
TP009664,CUST02542,2026-07-10,Rendez-vous boutique,Chine
TP009665,CUST02542,2026-07-26,Appel conseiller de vente,Chine
TP009666,CUST02543,2025-11-08,Visite site e-commerce,USA
TP009667,CUST02543,2025-11-14,Appel conseiller de vente,USA
TP009668,CUST02543,2026-04-14,Visite site e-commerce,USA
TP009669,CUST02544,2025-02-16,Visite site e-commerce,France (siège)
TP009670,CUST02544,2025-01-25,Visite site e-commerce,France (siège)
TP009671,CUST02544,2025-02-12,Rendez-vous boutique,France (siège)
TP009672,CUST02544,2025-07-28,Rendez-vous boutique,France (siège)
TP009673,CUST02546,2026-03-07,Appel conseiller de vente,Japon
TP009674,CUST02546,2026-03-01,Événement VIC,Japon
TP009675,CUST02548,2025-11-16,Rendez-vous boutique,USA
TP009676,CUST02549,2025-09-20,Événement VIC,Chine
TP009677,CUST02549,2025-09-08,Appel conseiller de vente,Chine
TP009678,CUST02549,2026-02-20,Appel conseiller de vente,Chine
TP009679,CUST02549,2026-02-19,Rendez-vous boutique,Chine
TP009680,CUST02549,2026-02-15,Événement VIC,Chine
TP009681,CUST02550,2026-02-03,Visite site e-commerce,Moyen-Orient
TP009682,CUST02550,2026-06-14,Ouverture newsletter,Moyen-Orient
TP009683,CUST02550,2026-05-29,Événement VIC,Moyen-Orient
TP009684,CUST02550,2026-06-20,Événement VIC,Moyen-Orient
TP009685,CUST02551,2025-05-27,Ouverture newsletter,USA
TP009686,CUST02551,2025-06-11,Appel conseiller de vente,USA
TP009687,CUST02551,2025-09-22,Événement VIC,USA
TP009688,CUST02551,2025-09-20,Événement VIC,USA
TP009689,CUST02551,2026-02-12,Événement VIC,USA
TP009690,CUST02551,2026-05-20,Visite site e-commerce,USA
TP009691,CUST02551,2026-05-18,Événement VIC,USA
TP009692,CUST02552,2025-08-24,Appel conseiller de vente,Japon
TP009693,CUST02552,2026-01-10,Appel conseiller de vente,Japon
TP009694,CUST02552,2026-05-31,Événement VIC,Japon
TP009695,CUST02552,2026-06-06,Rendez-vous boutique,Japon
TP009696,CUST02552,2026-05-16,Ouverture newsletter,Japon
TP009697,CUST02553,2026-02-15,Événement VIC,USA
TP009698,CUST02553,2026-02-16,Rendez-vous boutique,USA
TP009699,CUST02553,2026-03-01,Appel conseiller de vente,USA
TP009700,CUST02554,2026-02-06,Ouverture newsletter,France (siège)
TP009701,CUST02554,2026-01-27,Ouverture newsletter,France (siège)
TP009702,CUST02554,2026-01-26,Visite site e-commerce,France (siège)
TP009703,CUST02555,2025-02-11,Événement VIC,USA
TP009704,CUST02555,2025-07-29,Ouverture newsletter,USA
TP009705,CUST02555,2025-07-08,Événement VIC,USA
TP009706,CUST02555,2026-01-10,Événement VIC,USA
TP009707,CUST02555,2026-01-10,Événement VIC,USA
TP009708,CUST02555,2026-07-20,Événement VIC,USA
TP009709,CUST02555,2026-07-09,Appel conseiller de vente,USA
TP009710,CUST02556,2025-06-05,Ouverture newsletter,Moyen-Orient
TP009711,CUST02556,2025-05-26,Ouverture newsletter,Moyen-Orient
TP009712,CUST02556,2025-09-22,Visite site e-commerce,Moyen-Orient
TP009713,CUST02556,2025-09-29,Rendez-vous boutique,Moyen-Orient
TP009714,CUST02556,2025-09-21,Ouverture newsletter,Moyen-Orient
TP009715,CUST02556,2026-01-03,Visite site e-commerce,Moyen-Orient
TP009716,CUST02556,2026-01-15,Ouverture newsletter,Moyen-Orient
TP009717,CUST02556,2026-01-09,Rendez-vous boutique,Moyen-Orient
TP009718,CUST02556,2026-05-12,Visite site e-commerce,Moyen-Orient
TP009719,CUST02558,2026-01-26,Rendez-vous boutique,France (siège)
TP009720,CUST02558,2026-01-30,Visite site e-commerce,France (siège)
TP009721,CUST02558,2026-06-06,Appel conseiller de vente,France (siège)
TP009722,CUST02558,2026-06-21,Appel conseiller de vente,France (siège)
TP009723,CUST02558,2026-06-04,Visite site e-commerce,France (siège)
TP009724,CUST02559,2025-12-03,Événement VIC,Chine
TP009725,CUST02559,2025-12-03,Événement VIC,Chine
TP009726,CUST02559,2025-12-18,Événement VIC,Chine
TP009727,CUST02559,2026-04-19,Ouverture newsletter,Chine
TP009728,CUST02561,2026-06-16,Événement VIC,Moyen-Orient
TP009729,CUST02561,2026-06-15,Ouverture newsletter,Moyen-Orient
TP009730,CUST02561,2026-06-22,Visite site e-commerce,Moyen-Orient
TP009731,CUST02562,2025-10-19,Ouverture newsletter,France (siège)
TP009732,CUST02562,2025-11-10,Visite site e-commerce,France (siège)
TP009733,CUST02562,2025-10-29,Visite site e-commerce,France (siège)
TP009734,CUST02562,2026-05-21,Visite site e-commerce,France (siège)
TP009735,CUST02563,2025-03-28,Appel conseiller de vente,USA
TP009736,CUST02563,2025-08-08,Ouverture newsletter,USA
TP009737,CUST02563,2025-07-17,Événement VIC,USA
TP009738,CUST02563,2025-08-07,Rendez-vous boutique,USA
TP009739,CUST02564,2025-03-21,Visite site e-commerce,Chine
TP009740,CUST02564,2025-04-05,Visite site e-commerce,Chine
TP009741,CUST02564,2025-04-13,Rendez-vous boutique,Chine
TP009742,CUST02564,2025-08-10,Événement VIC,Chine
TP009743,CUST02564,2025-08-07,Rendez-vous boutique,Chine
TP009744,CUST02564,2025-07-27,Ouverture newsletter,Chine
TP009745,CUST02564,2025-12-01,Événement VIC,Chine
TP009746,CUST02564,2026-03-22,Visite site e-commerce,Chine
TP009747,CUST02564,2026-03-22,Rendez-vous boutique,Chine
TP009748,CUST02564,2026-03-25,Visite site e-commerce,Chine
TP009749,CUST02565,2026-02-14,Ouverture newsletter,Japon
TP009750,CUST02565,2026-02-08,Événement VIC,Japon
TP009751,CUST02565,2026-06-28,Ouverture newsletter,Japon
TP009752,CUST02565,2026-06-26,Appel conseiller de vente,Japon
TP009753,CUST02565,2026-06-30,Rendez-vous boutique,Japon
TP009754,CUST02566,2025-10-14,Rendez-vous boutique,Chine
TP009755,CUST02566,2025-10-18,Rendez-vous boutique,Chine
TP009756,CUST02566,2025-10-10,Visite site e-commerce,Chine
TP009757,CUST02566,2026-04-22,Appel conseiller de vente,Chine
TP009758,CUST02566,2026-04-14,Visite site e-commerce,Chine
TP009759,CUST02566,2026-04-10,Appel conseiller de vente,Chine
TP009760,CUST02567,2026-05-24,Rendez-vous boutique,USA
TP009761,CUST02567,2026-05-26,Événement VIC,USA
TP009762,CUST02567,2026-06-02,Visite site e-commerce,USA
TP009763,CUST02568,2026-03-07,Événement VIC,France (siège)
TP009764,CUST02568,2026-02-26,Ouverture newsletter,France (siège)
TP009765,CUST02568,2026-03-05,Appel conseiller de vente,France (siège)
TP009766,CUST02569,2025-01-28,Appel conseiller de vente,USA
TP009767,CUST02569,2025-01-30,Ouverture newsletter,USA
TP009768,CUST02569,2025-01-27,Ouverture newsletter,USA
TP009769,CUST02569,2025-06-10,Ouverture newsletter,USA
TP009770,CUST02569,2025-06-10,Visite site e-commerce,USA
TP009771,CUST02569,2025-05-18,Rendez-vous boutique,USA
TP009772,CUST02569,2025-10-23,Rendez-vous boutique,USA
TP009773,CUST02569,2025-10-19,Appel conseiller de vente,USA
TP009774,CUST02569,2026-03-14,Appel conseiller de vente,USA
TP009775,CUST02569,2026-07-06,Appel conseiller de vente,USA
TP009776,CUST02569,2026-06-27,Visite site e-commerce,USA
TP009777,CUST02570,2026-04-19,Ouverture newsletter,France (siège)
TP009778,CUST02570,2026-04-28,Événement VIC,France (siège)
TP009779,CUST02571,2026-07-16,Événement VIC,Japon
TP009780,CUST02571,2026-07-30,Ouverture newsletter,Japon
TP009781,CUST02572,2025-02-16,Rendez-vous boutique,Chine
TP009782,CUST02572,2025-03-05,Ouverture newsletter,Chine
TP009783,CUST02572,2025-02-20,Ouverture newsletter,Chine
TP009784,CUST02572,2025-09-09,Visite site e-commerce,Chine
TP009785,CUST02573,2025-11-05,Visite site e-commerce,Moyen-Orient
TP009786,CUST02573,2026-04-07,Visite site e-commerce,Moyen-Orient
TP009787,CUST02573,2026-03-29,Visite site e-commerce,Moyen-Orient
TP009788,CUST02574,2026-06-06,Événement VIC,Moyen-Orient
TP009789,CUST02575,2026-06-19,Appel conseiller de vente,France (siège)
TP009790,CUST02575,2026-06-06,Rendez-vous boutique,France (siège)
TP009791,CUST02575,2026-06-08,Événement VIC,France (siège)
TP009792,CUST02577,2026-07-08,Appel conseiller de vente,France (siège)
TP009793,CUST02579,2025-05-17,Rendez-vous boutique,USA
TP009794,CUST02579,2025-05-09,Rendez-vous boutique,USA
TP009795,CUST02579,2025-10-05,Ouverture newsletter,USA
TP009796,CUST02579,2025-09-29,Événement VIC,USA
TP009797,CUST02579,2026-02-15,Événement VIC,USA
TP009798,CUST02579,2026-06-23,Événement VIC,USA
TP009799,CUST02579,2026-07-04,Visite site e-commerce,USA
TP009800,CUST02580,2025-08-14,Événement VIC,Japon
TP009801,CUST02580,2025-08-27,Événement VIC,Japon
TP009802,CUST02580,2026-03-01,Appel conseiller de vente,Japon
TP009803,CUST02580,2026-03-01,Ouverture newsletter,Japon
TP009804,CUST02581,2025-07-11,Ouverture newsletter,Chine
TP009805,CUST02581,2025-07-23,Rendez-vous boutique,Chine
TP009806,CUST02581,2025-07-18,Rendez-vous boutique,Chine
TP009807,CUST02581,2026-02-05,Appel conseiller de vente,Chine
TP009808,CUST02582,2025-04-27,Rendez-vous boutique,Japon
TP009809,CUST02582,2025-05-02,Rendez-vous boutique,Japon
TP009810,CUST02582,2025-04-26,Événement VIC,Japon
TP009811,CUST02583,2026-01-08,Événement VIC,France (siège)
TP009812,CUST02584,2025-12-04,Ouverture newsletter,USA
TP009813,CUST02584,2025-11-24,Appel conseiller de vente,USA
TP009814,CUST02584,2025-11-21,Appel conseiller de vente,USA
TP009815,CUST02584,2026-04-21,Ouverture newsletter,USA
TP009816,CUST02584,2026-04-26,Événement VIC,USA
TP009817,CUST02585,2026-01-17,Appel conseiller de vente,Chine
TP009818,CUST02585,2026-01-22,Visite site e-commerce,Chine
TP009819,CUST02585,2026-01-20,Événement VIC,Chine
TP009820,CUST02585,2026-06-19,Rendez-vous boutique,Chine
TP009821,CUST02585,2026-06-26,Visite site e-commerce,Chine
TP009822,CUST02586,2025-03-31,Ouverture newsletter,Chine
TP009823,CUST02586,2025-03-24,Appel conseiller de vente,Chine
TP009824,CUST02586,2025-03-26,Ouverture newsletter,Chine
TP009825,CUST02586,2025-10-02,Visite site e-commerce,Chine
TP009826,CUST02586,2026-03-30,Ouverture newsletter,Chine
TP009827,CUST02586,2026-03-23,Ouverture newsletter,Chine
TP009828,CUST02586,2026-04-08,Visite site e-commerce,Chine
TP009829,CUST02587,2025-01-10,Visite site e-commerce,Japon
TP009830,CUST02587,2025-01-04,Visite site e-commerce,Japon
TP009831,CUST02587,2024-12-26,Visite site e-commerce,Japon
TP009832,CUST02588,2026-05-02,Événement VIC,Japon
TP009833,CUST02589,2025-01-15,Rendez-vous boutique,USA
TP009834,CUST02589,2025-01-08,Rendez-vous boutique,USA
TP009835,CUST02589,2025-01-03,Visite site e-commerce,USA
TP009836,CUST02589,2025-04-15,Événement VIC,USA
TP009837,CUST02589,2025-07-21,Rendez-vous boutique,USA
TP009838,CUST02589,2025-07-15,Événement VIC,USA
TP009839,CUST02589,2025-10-27,Ouverture newsletter,USA
TP009840,CUST02589,2025-10-23,Appel conseiller de vente,USA
TP009841,CUST02589,2025-10-29,Ouverture newsletter,USA
TP009842,CUST02589,2026-02-19,Appel conseiller de vente,USA
TP009843,CUST02589,2026-05-22,Appel conseiller de vente,USA
TP009844,CUST02590,2026-02-26,Visite site e-commerce,Japon
TP009845,CUST02591,2026-05-10,Visite site e-commerce,France (siège)
TP009846,CUST02591,2026-05-17,Ouverture newsletter,France (siège)
TP009847,CUST02593,2026-02-05,Appel conseiller de vente,France (siège)
TP009848,CUST02593,2026-02-13,Rendez-vous boutique,France (siège)
TP009849,CUST02593,2026-02-17,Événement VIC,France (siège)
TP009850,CUST02593,2026-06-02,Ouverture newsletter,France (siège)
TP009851,CUST02593,2026-05-29,Appel conseiller de vente,France (siège)
TP009852,CUST02594,2025-03-04,Ouverture newsletter,France (siège)
TP009853,CUST02594,2025-07-30,Visite site e-commerce,France (siège)
TP009854,CUST02594,2025-10-22,Ouverture newsletter,France (siège)
TP009855,CUST02594,2025-10-24,Ouverture newsletter,France (siège)
TP009856,CUST02594,2026-03-05,Ouverture newsletter,France (siège)
TP009857,CUST02594,2026-07-14,Appel conseiller de vente,France (siège)
TP009858,CUST02596,2025-09-07,Ouverture newsletter,Moyen-Orient
TP009859,CUST02596,2025-08-28,Appel conseiller de vente,Moyen-Orient
TP009860,CUST02596,2026-02-18,Visite site e-commerce,Moyen-Orient
TP009861,CUST02596,2026-02-04,Ouverture newsletter,Moyen-Orient
TP009862,CUST02596,2026-02-05,Visite site e-commerce,Moyen-Orient
TP009863,CUST02597,2026-03-16,Ouverture newsletter,USA
TP009864,CUST02597,2026-03-13,Visite site e-commerce,USA
TP009865,CUST02597,2026-07-29,Visite site e-commerce,USA
TP009866,CUST02597,2026-07-21,Visite site e-commerce,USA
TP009867,CUST02598,2026-06-23,Visite site e-commerce,USA
TP009868,CUST02598,2026-07-09,Rendez-vous boutique,USA
TP009869,CUST02598,2026-07-02,Visite site e-commerce,USA
TP009870,CUST02599,2025-05-31,Ouverture newsletter,France (siège)
TP009871,CUST02599,2025-05-30,Appel conseiller de vente,France (siège)
TP009872,CUST02599,2025-06-19,Appel conseiller de vente,France (siège)
TP009873,CUST02599,2025-09-24,Événement VIC,France (siège)
TP009874,CUST02599,2026-02-01,Rendez-vous boutique,France (siège)
TP009875,CUST02599,2026-05-24,Appel conseiller de vente,France (siège)
TP009876,CUST02599,2026-05-29,Appel conseiller de vente,France (siège)
TP009877,CUST02599,2026-05-20,Appel conseiller de vente,France (siège)
TP009878,CUST02600,2025-06-07,Ouverture newsletter,Chine
TP009879,CUST02600,2025-05-19,Visite site e-commerce,Chine
TP009880,CUST02600,2025-06-08,Appel conseiller de vente,Chine
TP009881,CUST02600,2025-10-03,Événement VIC,Chine
TP009882,CUST02600,2025-10-10,Événement VIC,Chine
TP009883,CUST02600,2026-01-29,Visite site e-commerce,Chine
TP009884,CUST02600,2026-06-17,Ouverture newsletter,Chine
TP009885,CUST02600,2026-06-16,Visite site e-commerce,Chine
TP009886,CUST02600,2026-06-11,Appel conseiller de vente,Chine
TP009887,CUST02601,2026-05-29,Événement VIC,France (siège)
TP009888,CUST02603,2026-01-14,Ouverture newsletter,USA
TP009889,CUST02603,2026-01-31,Rendez-vous boutique,USA
TP009890,CUST02603,2026-05-22,Ouverture newsletter,USA
TP009891,CUST02603,2026-06-13,Ouverture newsletter,USA
TP009892,CUST02603,2026-05-21,Rendez-vous boutique,USA
TP009893,CUST02604,2026-03-14,Événement VIC,Moyen-Orient
TP009894,CUST02606,2025-09-26,Visite site e-commerce,France (siège)
TP009895,CUST02606,2025-09-16,Appel conseiller de vente,France (siège)
TP009896,CUST02606,2025-09-14,Appel conseiller de vente,France (siège)
TP009897,CUST02606,2026-03-10,Événement VIC,France (siège)
TP009898,CUST02606,2026-02-24,Ouverture newsletter,France (siège)
TP009899,CUST02606,2026-03-01,Visite site e-commerce,France (siège)
TP009900,CUST02607,2026-01-01,Visite site e-commerce,France (siège)
TP009901,CUST02607,2025-12-30,Visite site e-commerce,France (siège)
TP009902,CUST02607,2026-06-29,Ouverture newsletter,France (siège)
TP009903,CUST02608,2026-05-10,Ouverture newsletter,France (siège)
TP009904,CUST02609,2025-11-08,Événement VIC,USA
TP009905,CUST02609,2025-10-30,Appel conseiller de vente,USA
TP009906,CUST02609,2026-05-01,Appel conseiller de vente,USA
TP009907,CUST02609,2026-04-30,Événement VIC,USA
TP009908,CUST02609,2026-04-29,Ouverture newsletter,USA
TP009909,CUST02610,2025-03-26,Rendez-vous boutique,Japon
TP009910,CUST02610,2025-03-31,Ouverture newsletter,Japon
TP009911,CUST02610,2025-09-17,Événement VIC,Japon
TP009912,CUST02610,2025-09-05,Visite site e-commerce,Japon
TP009913,CUST02610,2025-08-31,Rendez-vous boutique,Japon
TP009914,CUST02610,2026-04-16,Appel conseiller de vente,Japon
TP009915,CUST02610,2026-03-28,Visite site e-commerce,Japon
TP009916,CUST02611,2025-02-09,Appel conseiller de vente,Chine
TP009917,CUST02611,2025-07-23,Appel conseiller de vente,Chine
TP009918,CUST02611,2025-07-14,Appel conseiller de vente,Chine
TP009919,CUST02611,2025-07-16,Événement VIC,Chine
TP009920,CUST02611,2026-01-03,Appel conseiller de vente,Chine
TP009921,CUST02611,2026-07-14,Appel conseiller de vente,Chine
TP009922,CUST02611,2026-07-25,Événement VIC,Chine
TP009923,CUST02611,2026-07-16,Ouverture newsletter,Chine
TP009924,CUST02612,2026-06-05,Visite site e-commerce,France (siège)
TP009925,CUST02612,2026-05-30,Visite site e-commerce,France (siège)
TP009926,CUST02613,2025-07-27,Événement VIC,USA
TP009927,CUST02613,2025-07-24,Événement VIC,USA
TP009928,CUST02613,2026-01-28,Appel conseiller de vente,USA
TP009929,CUST02613,2026-05-31,Événement VIC,USA
TP009930,CUST02613,2026-05-25,Rendez-vous boutique,USA
TP009931,CUST02614,2026-06-06,Appel conseiller de vente,France (siège)
TP009932,CUST02614,2026-06-09,Rendez-vous boutique,France (siège)
TP009933,CUST02615,2025-02-27,Rendez-vous boutique,Chine
TP009934,CUST02615,2025-03-14,Appel conseiller de vente,Chine
TP009935,CUST02615,2025-07-15,Appel conseiller de vente,Chine
TP009936,CUST02615,2025-07-15,Rendez-vous boutique,Chine
TP009937,CUST02615,2026-01-08,Événement VIC,Chine
TP009938,CUST02615,2026-01-03,Événement VIC,Chine
TP009939,CUST02615,2025-12-27,Visite site e-commerce,Chine
TP009940,CUST02615,2026-06-19,Visite site e-commerce,Chine
TP009941,CUST02615,2026-06-25,Visite site e-commerce,Chine
TP009942,CUST02616,2026-03-02,Rendez-vous boutique,Moyen-Orient
TP009943,CUST02617,2025-01-13,Événement VIC,Chine
TP009944,CUST02617,2025-01-23,Événement VIC,Chine
TP009945,CUST02617,2025-07-03,Événement VIC,Chine
TP009946,CUST02617,2025-07-04,Rendez-vous boutique,Chine
TP009947,CUST02617,2025-11-27,Visite site e-commerce,Chine
TP009948,CUST02617,2025-12-02,Appel conseiller de vente,Chine
TP009949,CUST02617,2026-05-04,Événement VIC,Chine
TP009950,CUST02617,2026-05-16,Ouverture newsletter,Chine
TP009951,CUST02617,2026-04-26,Rendez-vous boutique,Chine
TP009952,CUST02618,2025-07-11,Ouverture newsletter,Japon
TP009953,CUST02618,2026-01-28,Événement VIC,Japon
TP009954,CUST02618,2026-01-17,Appel conseiller de vente,Japon
TP009955,CUST02618,2026-06-04,Ouverture newsletter,Japon
TP009956,CUST02618,2026-05-30,Appel conseiller de vente,Japon
TP009957,CUST02618,2026-05-29,Appel conseiller de vente,Japon
TP009958,CUST02619,2026-05-21,Appel conseiller de vente,Chine
TP009959,CUST02619,2026-06-09,Ouverture newsletter,Chine
TP009960,CUST02619,2026-05-25,Ouverture newsletter,Chine
TP009961,CUST02621,2025-10-13,Visite site e-commerce,USA
TP009962,CUST02621,2026-05-25,Ouverture newsletter,USA
TP009963,CUST02621,2026-06-01,Visite site e-commerce,USA
TP009964,CUST02621,2026-05-29,Ouverture newsletter,USA
TP009965,CUST02622,2025-04-08,Événement VIC,Chine
TP009966,CUST02622,2025-04-04,Rendez-vous boutique,Chine
TP009967,CUST02622,2025-08-02,Visite site e-commerce,Chine
TP009968,CUST02622,2025-07-21,Appel conseiller de vente,Chine
TP009969,CUST02622,2025-08-10,Rendez-vous boutique,Chine
TP009970,CUST02622,2025-12-21,Visite site e-commerce,Chine
TP009971,CUST02622,2025-12-28,Visite site e-commerce,Chine
TP009972,CUST02622,2025-12-18,Rendez-vous boutique,Chine
TP009973,CUST02622,2026-04-22,Visite site e-commerce,Chine
TP009974,CUST02622,2026-04-24,Appel conseiller de vente,Chine
TP009975,CUST02622,2026-04-22,Visite site e-commerce,Chine
TP009976,CUST02623,2025-02-28,Rendez-vous boutique,Japon
TP009977,CUST02623,2025-03-05,Appel conseiller de vente,Japon
TP009978,CUST02623,2025-07-06,Visite site e-commerce,Japon
TP009979,CUST02623,2025-07-02,Ouverture newsletter,Japon
TP009980,CUST02623,2025-11-01,Ouverture newsletter,Japon
TP009981,CUST02623,2026-02-17,Ouverture newsletter,Japon
TP009982,CUST02623,2026-02-22,Événement VIC,Japon
TP009983,CUST02623,2026-06-12,Rendez-vous boutique,Japon
TP009984,CUST02626,2025-09-09,Ouverture newsletter,Japon
TP009985,CUST02626,2026-02-06,Appel conseiller de vente,Japon
TP009986,CUST02626,2026-06-19,Ouverture newsletter,Japon
TP009987,CUST02626,2026-06-25,Ouverture newsletter,Japon
TP009988,CUST02627,2025-03-02,Ouverture newsletter,Moyen-Orient
TP009989,CUST02627,2025-02-15,Rendez-vous boutique,Moyen-Orient
TP009990,CUST02627,2025-08-30,Événement VIC,Moyen-Orient
TP009991,CUST02627,2026-01-29,Visite site e-commerce,Moyen-Orient
TP009992,CUST02627,2026-01-10,Appel conseiller de vente,Moyen-Orient
TP009993,CUST02627,2026-07-01,Rendez-vous boutique,Moyen-Orient
TP009994,CUST02627,2026-06-13,Ouverture newsletter,Moyen-Orient
TP009995,CUST02627,2026-06-17,Ouverture newsletter,Moyen-Orient
TP009996,CUST02628,2025-12-21,Rendez-vous boutique,Chine
TP009997,CUST02628,2025-12-27,Événement VIC,Chine
TP009998,CUST02628,2026-05-05,Événement VIC,Chine
TP009999,CUST02628,2026-05-04,Événement VIC,Chine
TP010000,CUST02629,2025-09-03,Visite site e-commerce,USA
TP010001,CUST02629,2025-08-28,Rendez-vous boutique,USA
TP010002,CUST02629,2026-01-31,Rendez-vous boutique,USA
TP010003,CUST02629,2026-02-11,Appel conseiller de vente,USA
TP010004,CUST02629,2026-07-16,Événement VIC,USA
TP010005,CUST02629,2026-07-24,Ouverture newsletter,USA
TP010006,CUST02630,2026-06-16,Événement VIC,Chine
TP010007,CUST02630,2026-06-27,Ouverture newsletter,Chine
TP010008,CUST02631,2025-04-24,Événement VIC,France (siège)
TP010009,CUST02631,2025-04-17,Visite site e-commerce,France (siège)
TP010010,CUST02631,2025-04-28,Événement VIC,France (siège)
TP010011,CUST02632,2026-01-23,Appel conseiller de vente,Chine
TP010012,CUST02632,2026-01-23,Visite site e-commerce,Chine
TP010013,CUST02633,2025-03-12,Événement VIC,USA
TP010014,CUST02633,2025-08-14,Rendez-vous boutique,USA
TP010015,CUST02633,2025-08-11,Événement VIC,USA
TP010016,CUST02633,2025-07-27,Appel conseiller de vente,USA
TP010017,CUST02633,2025-12-21,Ouverture newsletter,USA
TP010018,CUST02633,2025-12-13,Rendez-vous boutique,USA
TP010019,CUST02633,2025-12-10,Appel conseiller de vente,USA
TP010020,CUST02633,2026-06-23,Visite site e-commerce,USA
TP010021,CUST02633,2026-06-08,Événement VIC,USA
TP010022,CUST02634,2026-06-23,Événement VIC,France (siège)
TP010023,CUST02635,2025-05-18,Visite site e-commerce,USA
TP010024,CUST02635,2025-05-15,Rendez-vous boutique,USA
TP010025,CUST02636,2025-02-21,Rendez-vous boutique,USA
TP010026,CUST02636,2025-03-05,Rendez-vous boutique,USA
TP010027,CUST02636,2025-07-22,Ouverture newsletter,USA
TP010028,CUST02636,2025-07-14,Rendez-vous boutique,USA
TP010029,CUST02636,2025-08-05,Visite site e-commerce,USA
TP010030,CUST02636,2025-11-23,Rendez-vous boutique,USA
TP010031,CUST02636,2025-12-02,Appel conseiller de vente,USA
TP010032,CUST02636,2026-05-04,Rendez-vous boutique,USA
TP010033,CUST02636,2026-05-06,Ouverture newsletter,USA
TP010034,CUST02637,2025-03-06,Événement VIC,France (siège)
TP010035,CUST02637,2025-02-27,Ouverture newsletter,France (siège)
TP010036,CUST02637,2025-02-14,Rendez-vous boutique,France (siège)
TP010037,CUST02637,2025-06-20,Événement VIC,France (siège)
TP010038,CUST02637,2025-06-10,Ouverture newsletter,France (siège)
TP010039,CUST02637,2025-06-15,Appel conseiller de vente,France (siège)
TP010040,CUST02637,2025-11-07,Appel conseiller de vente,France (siège)
TP010041,CUST02637,2026-04-28,Ouverture newsletter,France (siège)
TP010042,CUST02637,2026-04-21,Visite site e-commerce,France (siège)
TP010043,CUST02638,2025-03-10,Appel conseiller de vente,Moyen-Orient
TP010044,CUST02638,2025-02-27,Appel conseiller de vente,Moyen-Orient
TP010045,CUST02638,2025-03-08,Visite site e-commerce,Moyen-Orient
TP010046,CUST02638,2025-09-22,Événement VIC,Moyen-Orient
TP010047,CUST02638,2025-09-15,Événement VIC,Moyen-Orient
TP010048,CUST02638,2025-09-05,Rendez-vous boutique,Moyen-Orient
TP010049,CUST02638,2026-02-17,Appel conseiller de vente,Moyen-Orient
TP010050,CUST02638,2026-02-10,Rendez-vous boutique,Moyen-Orient
TP010051,CUST02639,2025-07-09,Visite site e-commerce,Moyen-Orient
TP010052,CUST02639,2025-07-05,Événement VIC,Moyen-Orient
TP010053,CUST02640,2025-08-20,Appel conseiller de vente,Chine
TP010054,CUST02640,2026-01-24,Rendez-vous boutique,Chine
TP010055,CUST02640,2026-01-20,Ouverture newsletter,Chine
TP010056,CUST02640,2026-01-31,Événement VIC,Chine
TP010057,CUST02641,2025-01-14,Visite site e-commerce,Chine
TP010058,CUST02641,2025-05-30,Appel conseiller de vente,Chine
TP010059,CUST02641,2025-11-09,Visite site e-commerce,Chine
TP010060,CUST02641,2025-10-22,Visite site e-commerce,Chine
TP010061,CUST02641,2025-11-02,Appel conseiller de vente,Chine
TP010062,CUST02641,2026-02-25,Événement VIC,Chine
TP010063,CUST02641,2026-02-24,Appel conseiller de vente,Chine
TP010064,CUST02641,2026-02-12,Visite site e-commerce,Chine
TP010065,CUST02641,2026-07-10,Visite site e-commerce,Chine
TP010066,CUST02642,2025-05-23,Ouverture newsletter,France (siège)
TP010067,CUST02642,2025-11-04,Ouverture newsletter,France (siège)
TP010068,CUST02642,2025-11-17,Visite site e-commerce,France (siège)
TP010069,CUST02642,2025-11-21,Ouverture newsletter,France (siège)
TP010070,CUST02642,2026-04-13,Rendez-vous boutique,France (siège)
TP010071,CUST02643,2025-09-17,Appel conseiller de vente,Japon
TP010072,CUST02643,2025-09-12,Ouverture newsletter,Japon
TP010073,CUST02643,2026-01-20,Appel conseiller de vente,Japon
TP010074,CUST02643,2026-01-21,Appel conseiller de vente,Japon
TP010075,CUST02643,2026-06-27,Événement VIC,Japon
TP010076,CUST02643,2026-06-26,Ouverture newsletter,Japon
TP010077,CUST02644,2025-01-16,Rendez-vous boutique,France (siège)
TP010078,CUST02644,2025-01-06,Ouverture newsletter,France (siège)
TP010079,CUST02644,2025-05-25,Appel conseiller de vente,France (siège)
TP010080,CUST02644,2025-10-27,Visite site e-commerce,France (siège)
TP010081,CUST02644,2025-10-13,Événement VIC,France (siège)
TP010082,CUST02644,2025-10-11,Appel conseiller de vente,France (siège)
TP010083,CUST02644,2026-03-16,Appel conseiller de vente,France (siège)
TP010084,CUST02645,2026-05-10,Ouverture newsletter,USA
TP010085,CUST02645,2026-05-08,Ouverture newsletter,USA
TP010086,CUST02646,2026-01-19,Événement VIC,Chine
TP010087,CUST02646,2026-01-15,Visite site e-commerce,Chine
TP010088,CUST02646,2026-06-22,Rendez-vous boutique,Chine
TP010089,CUST02646,2026-06-19,Événement VIC,Chine
TP010090,CUST02646,2026-07-03,Rendez-vous boutique,Chine
TP010091,CUST02647,2025-05-29,Appel conseiller de vente,France (siège)
TP010092,CUST02647,2025-05-23,Appel conseiller de vente,France (siège)
TP010093,CUST02647,2025-06-05,Visite site e-commerce,France (siège)
TP010094,CUST02647,2025-12-07,Rendez-vous boutique,France (siège)
TP010095,CUST02647,2025-11-23,Visite site e-commerce,France (siège)
TP010096,CUST02647,2026-03-31,Événement VIC,France (siège)
TP010097,CUST02647,2026-04-15,Rendez-vous boutique,France (siège)
TP010098,CUST02647,2026-04-04,Rendez-vous boutique,France (siège)
TP010099,CUST02648,2025-08-23,Ouverture newsletter,Moyen-Orient
TP010100,CUST02648,2025-08-06,Rendez-vous boutique,Moyen-Orient
TP010101,CUST02648,2025-08-17,Événement VIC,Moyen-Orient
TP010102,CUST02648,2026-01-30,Appel conseiller de vente,Moyen-Orient
TP010103,CUST02648,2026-01-23,Événement VIC,Moyen-Orient
TP010104,CUST02649,2025-06-11,Appel conseiller de vente,Japon
TP010105,CUST02649,2025-06-14,Ouverture newsletter,Japon
TP010106,CUST02649,2025-06-10,Visite site e-commerce,Japon
TP010107,CUST02649,2025-11-14,Appel conseiller de vente,Japon
TP010108,CUST02649,2026-05-16,Événement VIC,Japon
TP010109,CUST02649,2026-05-02,Ouverture newsletter,Japon
TP010110,CUST02649,2026-05-13,Visite site e-commerce,Japon
TP010111,CUST02650,2026-04-05,Rendez-vous boutique,Chine
TP010112,CUST02651,2025-02-09,Appel conseiller de vente,France (siège)
TP010113,CUST02651,2025-02-08,Rendez-vous boutique,France (siège)
TP010114,CUST02651,2025-02-10,Appel conseiller de vente,France (siège)
TP010115,CUST02652,2025-06-04,Rendez-vous boutique,France (siège)
TP010116,CUST02652,2025-06-06,Ouverture newsletter,France (siège)
TP010117,CUST02652,2025-05-27,Appel conseiller de vente,France (siège)
TP010118,CUST02652,2025-10-03,Rendez-vous boutique,France (siège)
TP010119,CUST02652,2025-10-10,Visite site e-commerce,France (siège)
TP010120,CUST02652,2026-02-28,Événement VIC,France (siège)
TP010121,CUST02652,2026-03-17,Visite site e-commerce,France (siège)
TP010122,CUST02653,2026-05-04,Rendez-vous boutique,Moyen-Orient
TP010123,CUST02653,2026-04-30,Rendez-vous boutique,Moyen-Orient
TP010124,CUST02653,2026-04-17,Appel conseiller de vente,Moyen-Orient
TP010125,CUST02654,2025-06-11,Visite site e-commerce,Japon
TP010126,CUST02654,2025-07-01,Événement VIC,Japon
TP010127,CUST02654,2025-11-06,Appel conseiller de vente,Japon
TP010128,CUST02654,2025-10-14,Événement VIC,Japon
TP010129,CUST02654,2026-03-25,Appel conseiller de vente,Japon
TP010130,CUST02654,2026-04-03,Rendez-vous boutique,Japon
TP010131,CUST02654,2026-03-30,Événement VIC,Japon
TP010132,CUST02655,2026-06-07,Événement VIC,USA
TP010133,CUST02658,2025-12-02,Rendez-vous boutique,Chine
TP010134,CUST02658,2026-03-05,Visite site e-commerce,Chine
TP010135,CUST02658,2026-03-07,Événement VIC,Chine
TP010136,CUST02658,2026-03-02,Ouverture newsletter,Chine
TP010137,CUST02658,2026-06-16,Ouverture newsletter,Chine
TP010138,CUST02659,2026-01-14,Visite site e-commerce,USA
TP010139,CUST02659,2026-01-17,Appel conseiller de vente,USA
TP010140,CUST02659,2026-01-27,Ouverture newsletter,USA
TP010141,CUST02660,2025-01-15,Ouverture newsletter,Moyen-Orient
TP010142,CUST02662,2025-05-17,Ouverture newsletter,Moyen-Orient
TP010143,CUST02662,2025-05-12,Visite site e-commerce,Moyen-Orient
TP010144,CUST02662,2025-05-14,Appel conseiller de vente,Moyen-Orient
TP010145,CUST02662,2025-10-30,Rendez-vous boutique,Moyen-Orient
TP010146,CUST02662,2026-04-17,Visite site e-commerce,Moyen-Orient
TP010147,CUST02663,2026-04-04,Appel conseiller de vente,USA
TP010148,CUST02663,2026-04-10,Rendez-vous boutique,USA
TP010149,CUST02663,2026-03-29,Rendez-vous boutique,USA
TP010150,CUST02664,2025-08-16,Appel conseiller de vente,France (siège)
TP010151,CUST02664,2026-02-25,Ouverture newsletter,France (siège)
TP010152,CUST02664,2026-03-07,Visite site e-commerce,France (siège)
TP010153,CUST02664,2026-03-09,Ouverture newsletter,France (siège)
TP010154,CUST02666,2025-09-16,Visite site e-commerce,Japon
TP010155,CUST02666,2025-09-07,Ouverture newsletter,Japon
TP010156,CUST02666,2025-09-18,Visite site e-commerce,Japon
TP010157,CUST02666,2026-04-16,Visite site e-commerce,Japon
TP010158,CUST02667,2025-02-16,Rendez-vous boutique,France (siège)
TP010159,CUST02667,2025-08-30,Rendez-vous boutique,France (siège)
TP010160,CUST02667,2026-01-31,Visite site e-commerce,France (siège)
TP010161,CUST02667,2026-07-01,Événement VIC,France (siège)
TP010162,CUST02667,2026-06-20,Visite site e-commerce,France (siège)
TP010163,CUST02667,2026-06-10,Ouverture newsletter,France (siège)
TP010164,CUST02668,2026-05-24,Rendez-vous boutique,USA
TP010165,CUST02668,2026-06-07,Ouverture newsletter,USA
TP010166,CUST02668,2026-05-24,Appel conseiller de vente,USA
TP010167,CUST02669,2026-06-14,Ouverture newsletter,France (siège)
TP010168,CUST02669,2026-06-03,Appel conseiller de vente,France (siège)
TP010169,CUST02671,2025-07-16,Événement VIC,Chine
TP010170,CUST02671,2025-07-08,Rendez-vous boutique,Chine
TP010171,CUST02671,2025-12-22,Visite site e-commerce,Chine
TP010172,CUST02671,2025-12-24,Appel conseiller de vente,Chine
TP010173,CUST02671,2025-12-07,Visite site e-commerce,Chine
TP010174,CUST02671,2026-06-09,Visite site e-commerce,Chine
TP010175,CUST02671,2026-05-30,Visite site e-commerce,Chine
TP010176,CUST02672,2025-12-18,Rendez-vous boutique,Moyen-Orient
TP010177,CUST02672,2025-12-18,Appel conseiller de vente,Moyen-Orient
TP010178,CUST02672,2026-05-26,Rendez-vous boutique,Moyen-Orient
TP010179,CUST02672,2026-05-21,Rendez-vous boutique,Moyen-Orient
TP010180,CUST02673,2025-07-14,Événement VIC,Chine
TP010181,CUST02673,2025-07-10,Visite site e-commerce,Chine
TP010182,CUST02673,2025-10-19,Ouverture newsletter,Chine
TP010183,CUST02673,2025-10-13,Rendez-vous boutique,Chine
TP010184,CUST02673,2026-02-11,Événement VIC,Chine
TP010185,CUST02673,2026-02-05,Rendez-vous boutique,Chine
TP010186,CUST02673,2026-02-14,Événement VIC,Chine
TP010187,CUST02673,2026-06-24,Rendez-vous boutique,Chine
TP010188,CUST02673,2026-06-05,Rendez-vous boutique,Chine
TP010189,CUST02673,2026-06-03,Appel conseiller de vente,Chine
TP010190,CUST02674,2026-07-18,Rendez-vous boutique,Moyen-Orient
TP010191,CUST02674,2026-07-01,Appel conseiller de vente,Moyen-Orient
TP010192,CUST02674,2026-07-18,Visite site e-commerce,Moyen-Orient
TP010193,CUST02675,2025-10-19,Événement VIC,Japon
TP010194,CUST02675,2025-10-20,Visite site e-commerce,Japon
TP010195,CUST02675,2025-10-21,Rendez-vous boutique,Japon
TP010196,CUST02675,2026-02-24,Visite site e-commerce,Japon
TP010197,CUST02675,2026-07-01,Visite site e-commerce,Japon
TP010198,CUST02676,2025-07-23,Appel conseiller de vente,USA
TP010199,CUST02676,2025-07-26,Événement VIC,USA
TP010200,CUST02676,2025-07-20,Appel conseiller de vente,USA
TP010201,CUST02676,2026-01-25,Événement VIC,USA
TP010202,CUST02676,2026-01-22,Événement VIC,USA
TP010203,CUST02676,2026-07-30,Événement VIC,USA
TP010204,CUST02676,2026-07-22,Visite site e-commerce,USA
TP010205,CUST02677,2025-08-23,Rendez-vous boutique,Chine
TP010206,CUST02677,2025-08-22,Appel conseiller de vente,Chine
TP010207,CUST02677,2025-09-09,Ouverture newsletter,Chine
TP010208,CUST02677,2026-01-30,Événement VIC,Chine
TP010209,CUST02677,2026-07-13,Événement VIC,Chine
TP010210,CUST02677,2026-07-06,Appel conseiller de vente,Chine
TP010211,CUST02678,2026-06-09,Appel conseiller de vente,Japon
TP010212,CUST02679,2026-04-20,Visite site e-commerce,Moyen-Orient
TP010213,CUST02679,2026-04-23,Appel conseiller de vente,Moyen-Orient
TP010214,CUST02679,2026-04-29,Appel conseiller de vente,Moyen-Orient
TP010215,CUST02680,2025-09-19,Événement VIC,France (siège)
TP010216,CUST02680,2025-09-11,Événement VIC,France (siège)
TP010217,CUST02680,2026-03-06,Rendez-vous boutique,France (siège)
TP010218,CUST02680,2026-02-10,Ouverture newsletter,France (siège)
TP010219,CUST02681,2025-05-01,Rendez-vous boutique,France (siège)
TP010220,CUST02681,2025-04-09,Ouverture newsletter,France (siège)
TP010221,CUST02681,2025-04-10,Visite site e-commerce,France (siège)
TP010222,CUST02682,2025-05-27,Appel conseiller de vente,USA
TP010223,CUST02682,2025-05-10,Ouverture newsletter,USA
TP010224,CUST02683,2025-10-09,Rendez-vous boutique,France (siège)
TP010225,CUST02683,2026-04-22,Visite site e-commerce,France (siège)
TP010226,CUST02683,2026-05-01,Appel conseiller de vente,France (siège)
TP010227,CUST02683,2026-04-28,Appel conseiller de vente,France (siège)
TP010228,CUST02684,2025-07-30,Ouverture newsletter,Chine
TP010229,CUST02684,2025-07-20,Appel conseiller de vente,Chine
TP010230,CUST02684,2025-07-12,Rendez-vous boutique,Chine
TP010231,CUST02685,2025-10-02,Rendez-vous boutique,Japon
TP010232,CUST02685,2025-09-26,Visite site e-commerce,Japon
TP010233,CUST02685,2025-09-12,Appel conseiller de vente,Japon
TP010234,CUST02685,2026-02-20,Visite site e-commerce,Japon
TP010235,CUST02686,2026-07-06,Appel conseiller de vente,USA
TP010236,CUST02687,2026-04-05,Rendez-vous boutique,France (siège)
TP010237,CUST02687,2026-04-03,Ouverture newsletter,France (siège)
TP010238,CUST02687,2026-04-04,Ouverture newsletter,France (siège)
TP010239,CUST02688,2025-08-26,Visite site e-commerce,Japon
TP010240,CUST02688,2025-08-15,Événement VIC,Japon
TP010241,CUST02688,2025-09-01,Rendez-vous boutique,Japon
TP010242,CUST02688,2026-02-19,Ouverture newsletter,Japon
TP010243,CUST02688,2026-02-06,Ouverture newsletter,Japon
TP010244,CUST02688,2026-02-08,Événement VIC,Japon
TP010245,CUST02689,2025-05-11,Événement VIC,Japon
TP010246,CUST02689,2025-10-15,Événement VIC,Japon
TP010247,CUST02689,2025-10-21,Ouverture newsletter,Japon
TP010248,CUST02690,2026-02-20,Rendez-vous boutique,Moyen-Orient
TP010249,CUST02690,2026-01-30,Visite site e-commerce,Moyen-Orient
TP010250,CUST02690,2026-02-10,Ouverture newsletter,Moyen-Orient
TP010251,CUST02691,2026-04-24,Événement VIC,France (siège)
TP010252,CUST02691,2026-04-13,Ouverture newsletter,France (siège)
TP010253,CUST02692,2026-04-26,Visite site e-commerce,France (siège)
TP010254,CUST02692,2026-05-05,Événement VIC,France (siège)
TP010255,CUST02693,2025-11-21,Visite site e-commerce,France (siège)
TP010256,CUST02693,2025-11-26,Appel conseiller de vente,France (siège)
TP010257,CUST02693,2026-04-10,Événement VIC,France (siège)
TP010258,CUST02694,2026-05-19,Visite site e-commerce,Chine
TP010259,CUST02695,2025-06-27,Rendez-vous boutique,Chine
TP010260,CUST02695,2025-06-26,Visite site e-commerce,Chine
TP010261,CUST02695,2025-11-29,Visite site e-commerce,Chine
TP010262,CUST02695,2025-12-07,Événement VIC,Chine
TP010263,CUST02695,2026-06-11,Rendez-vous boutique,Chine
TP010264,CUST02695,2026-06-14,Appel conseiller de vente,Chine
TP010265,CUST02696,2026-01-14,Événement VIC,France (siège)
TP010266,CUST02696,2026-01-28,Ouverture newsletter,France (siège)
TP010267,CUST02696,2026-06-30,Ouverture newsletter,France (siège)
TP010268,CUST02697,2025-12-08,Rendez-vous boutique,Moyen-Orient
TP010269,CUST02697,2025-12-13,Appel conseiller de vente,Moyen-Orient
TP010270,CUST02697,2026-07-08,Appel conseiller de vente,Moyen-Orient
TP010271,CUST02697,2026-07-12,Visite site e-commerce,Moyen-Orient
TP010272,CUST02698,2025-10-19,Visite site e-commerce,France (siège)
TP010273,CUST02698,2025-10-15,Visite site e-commerce,France (siège)
TP010274,CUST02698,2025-10-27,Rendez-vous boutique,France (siège)
TP010275,CUST02698,2026-03-04,Appel conseiller de vente,France (siège)
TP010276,CUST02698,2026-03-08,Visite site e-commerce,France (siège)
TP010277,CUST02698,2026-07-15,Rendez-vous boutique,France (siège)
TP010278,CUST02699,2025-06-20,Appel conseiller de vente,Japon
TP010279,CUST02699,2025-06-20,Appel conseiller de vente,Japon
TP010280,CUST02699,2025-06-19,Rendez-vous boutique,Japon
TP010281,CUST02699,2026-01-09,Rendez-vous boutique,Japon
TP010282,CUST02699,2025-12-29,Visite site e-commerce,Japon
TP010283,CUST02699,2026-06-20,Appel conseiller de vente,Japon
TP010284,CUST02699,2026-06-03,Ouverture newsletter,Japon
TP010285,CUST02699,2026-06-20,Ouverture newsletter,Japon
TP010286,CUST02700,2025-03-17,Ouverture newsletter,USA
TP010287,CUST02700,2025-03-31,Rendez-vous boutique,USA
TP010288,CUST02700,2025-08-03,Rendez-vous boutique,USA
TP010289,CUST02701,2025-04-12,Événement VIC,Moyen-Orient
TP010290,CUST02701,2025-04-03,Appel conseiller de vente,Moyen-Orient
TP010291,CUST02701,2025-04-03,Appel conseiller de vente,Moyen-Orient
TP010292,CUST02702,2025-06-01,Événement VIC,USA
TP010293,CUST02702,2025-09-25,Événement VIC,USA
TP010294,CUST02702,2026-04-03,Rendez-vous boutique,USA
TP010295,CUST02702,2026-03-21,Appel conseiller de vente,USA
TP010296,CUST02703,2026-04-25,Événement VIC,Chine
TP010297,CUST02704,2026-06-01,Rendez-vous boutique,USA
TP010298,CUST02704,2026-06-14,Ouverture newsletter,USA
TP010299,CUST02705,2026-03-01,Visite site e-commerce,France (siège)
TP010300,CUST02705,2026-03-10,Rendez-vous boutique,France (siège)
TP010301,CUST02705,2026-02-27,Événement VIC,France (siège)
TP010302,CUST02706,2026-06-17,Appel conseiller de vente,France (siège)
TP010303,CUST02706,2026-06-14,Appel conseiller de vente,France (siège)
TP010304,CUST02706,2026-06-06,Événement VIC,France (siège)
TP010305,CUST02707,2026-05-13,Ouverture newsletter,France (siège)
TP010306,CUST02707,2026-05-02,Visite site e-commerce,France (siège)
TP010307,CUST02708,2025-04-21,Événement VIC,USA
TP010308,CUST02708,2025-04-24,Rendez-vous boutique,USA
TP010309,CUST02708,2025-08-26,Rendez-vous boutique,USA
TP010310,CUST02708,2025-09-06,Appel conseiller de vente,USA
TP010311,CUST02708,2026-03-20,Rendez-vous boutique,USA
TP010312,CUST02708,2026-03-11,Événement VIC,USA
TP010313,CUST02708,2026-03-14,Visite site e-commerce,USA
TP010314,CUST02708,2026-07-17,Ouverture newsletter,USA
TP010315,CUST02708,2026-07-12,Rendez-vous boutique,USA
TP010316,CUST02708,2026-07-15,Événement VIC,USA
TP010317,CUST02709,2026-02-15,Visite site e-commerce,France (siège)
TP010318,CUST02709,2026-02-12,Appel conseiller de vente,France (siège)
TP010319,CUST02709,2026-02-05,Événement VIC,France (siège)
TP010320,CUST02709,2026-06-13,Événement VIC,France (siège)
TP010321,CUST02710,2026-02-17,Rendez-vous boutique,France (siège)
TP010322,CUST02711,2025-03-02,Appel conseiller de vente,Chine
TP010323,CUST02711,2025-03-07,Appel conseiller de vente,Chine
TP010324,CUST02711,2025-03-10,Ouverture newsletter,Chine
TP010325,CUST02713,2025-05-29,Événement VIC,Chine
TP010326,CUST02713,2025-10-23,Événement VIC,Chine
TP010327,CUST02713,2026-04-19,Ouverture newsletter,Chine
TP010328,CUST02713,2026-04-15,Ouverture newsletter,Chine
TP010329,CUST02714,2026-01-03,Événement VIC,USA
TP010330,CUST02714,2025-12-16,Ouverture newsletter,USA
TP010331,CUST02714,2025-12-30,Rendez-vous boutique,USA
TP010332,CUST02716,2025-09-12,Visite site e-commerce,France (siège)
TP010333,CUST02716,2025-09-19,Appel conseiller de vente,France (siège)
TP010334,CUST02716,2026-04-02,Appel conseiller de vente,France (siège)
TP010335,CUST02718,2026-05-21,Événement VIC,France (siège)
TP010336,CUST02718,2026-05-19,Visite site e-commerce,France (siège)
TP010337,CUST02718,2026-06-08,Ouverture newsletter,France (siège)
TP010338,CUST02719,2025-12-12,Ouverture newsletter,France (siège)
TP010339,CUST02719,2025-11-21,Visite site e-commerce,France (siège)
TP010340,CUST02721,2025-06-21,Visite site e-commerce,France (siège)
TP010341,CUST02721,2025-10-06,Visite site e-commerce,France (siège)
TP010342,CUST02721,2025-09-28,Ouverture newsletter,France (siège)
TP010343,CUST02721,2025-09-29,Événement VIC,France (siège)
TP010344,CUST02721,2026-02-13,Appel conseiller de vente,France (siège)
TP010345,CUST02721,2026-02-17,Événement VIC,France (siège)
TP010346,CUST02722,2026-03-19,Visite site e-commerce,Chine
TP010347,CUST02722,2026-04-03,Appel conseiller de vente,Chine
TP010348,CUST02723,2025-09-19,Rendez-vous boutique,USA
TP010349,CUST02723,2025-09-22,Visite site e-commerce,USA
TP010350,CUST02723,2025-09-24,Visite site e-commerce,USA
TP010351,CUST02723,2026-01-31,Visite site e-commerce,USA
TP010352,CUST02723,2026-07-18,Appel conseiller de vente,USA
TP010353,CUST02723,2026-07-11,Rendez-vous boutique,USA
TP010354,CUST02724,2026-04-29,Événement VIC,France (siège)
TP010355,CUST02725,2025-05-31,Rendez-vous boutique,France (siège)
TP010356,CUST02725,2025-05-19,Appel conseiller de vente,France (siège)
TP010357,CUST02725,2025-11-11,Événement VIC,France (siège)
TP010358,CUST02725,2025-11-06,Ouverture newsletter,France (siège)
TP010359,CUST02725,2026-05-12,Événement VIC,France (siège)
TP010360,CUST02725,2026-05-20,Appel conseiller de vente,France (siège)
TP010361,CUST02725,2026-06-04,Ouverture newsletter,France (siège)
TP010362,CUST02726,2025-11-06,Ouverture newsletter,USA
TP010363,CUST02726,2026-03-25,Appel conseiller de vente,USA
TP010364,CUST02726,2026-04-03,Visite site e-commerce,USA
TP010365,CUST02727,2025-04-11,Événement VIC,France (siège)
TP010366,CUST02727,2025-04-29,Événement VIC,France (siège)
TP010367,CUST02727,2025-04-27,Visite site e-commerce,France (siège)
TP010368,CUST02727,2025-09-20,Appel conseiller de vente,France (siège)
TP010369,CUST02727,2025-09-25,Rendez-vous boutique,France (siège)
TP010370,CUST02727,2025-10-03,Rendez-vous boutique,France (siège)
TP010371,CUST02728,2025-03-04,Visite site e-commerce,USA
TP010372,CUST02728,2025-08-28,Appel conseiller de vente,USA
TP010373,CUST02728,2025-08-30,Événement VIC,USA
TP010374,CUST02728,2025-08-31,Appel conseiller de vente,USA
TP010375,CUST02728,2026-03-20,Rendez-vous boutique,USA
TP010376,CUST02728,2026-03-06,Visite site e-commerce,USA
TP010377,CUST02728,2026-03-01,Appel conseiller de vente,USA
TP010378,CUST02729,2026-01-11,Ouverture newsletter,USA
TP010379,CUST02729,2026-01-11,Ouverture newsletter,USA
TP010380,CUST02729,2026-06-24,Rendez-vous boutique,USA
TP010381,CUST02729,2026-06-22,Visite site e-commerce,USA
TP010382,CUST02729,2026-06-01,Visite site e-commerce,USA
TP010383,CUST02730,2026-06-26,Appel conseiller de vente,Chine
TP010384,CUST02730,2026-06-29,Ouverture newsletter,Chine
TP010385,CUST02730,2026-06-19,Appel conseiller de vente,Chine
TP010386,CUST02731,2025-10-12,Ouverture newsletter,France (siège)
TP010387,CUST02731,2025-10-02,Appel conseiller de vente,France (siège)
TP010388,CUST02731,2025-10-04,Appel conseiller de vente,France (siège)
TP010389,CUST02731,2026-02-08,Ouverture newsletter,France (siège)
TP010390,CUST02731,2026-02-25,Rendez-vous boutique,France (siège)
TP010391,CUST02731,2026-02-22,Rendez-vous boutique,France (siège)
TP010392,CUST02731,2026-07-12,Visite site e-commerce,France (siège)
TP010393,CUST02732,2025-05-14,Ouverture newsletter,Moyen-Orient
TP010394,CUST02732,2025-05-24,Ouverture newsletter,Moyen-Orient
TP010395,CUST02732,2025-10-24,Appel conseiller de vente,Moyen-Orient
TP010396,CUST02732,2025-10-21,Appel conseiller de vente,Moyen-Orient
TP010397,CUST02732,2026-04-15,Appel conseiller de vente,Moyen-Orient
TP010398,CUST02732,2026-04-25,Rendez-vous boutique,Moyen-Orient
TP010399,CUST02732,2026-04-30,Appel conseiller de vente,Moyen-Orient
TP010400,CUST02733,2026-07-13,Événement VIC,Moyen-Orient
TP010401,CUST02733,2026-07-20,Événement VIC,Moyen-Orient
TP010402,CUST02733,2026-07-07,Visite site e-commerce,Moyen-Orient
TP010403,CUST02734,2026-05-25,Événement VIC,Moyen-Orient
TP010404,CUST02734,2026-05-20,Événement VIC,Moyen-Orient
TP010405,CUST02735,2025-01-10,Ouverture newsletter,Japon
TP010406,CUST02735,2025-01-26,Événement VIC,Japon
TP010407,CUST02735,2025-07-01,Rendez-vous boutique,Japon
TP010408,CUST02735,2025-07-10,Visite site e-commerce,Japon
TP010409,CUST02735,2025-12-10,Événement VIC,Japon
TP010410,CUST02736,2026-01-26,Événement VIC,Moyen-Orient
TP010411,CUST02736,2026-02-12,Rendez-vous boutique,Moyen-Orient
TP010412,CUST02736,2026-01-25,Visite site e-commerce,Moyen-Orient
TP010413,CUST02736,2026-07-01,Événement VIC,Moyen-Orient
TP010414,CUST02736,2026-06-29,Ouverture newsletter,Moyen-Orient
TP010415,CUST02737,2026-01-08,Appel conseiller de vente,Chine
TP010416,CUST02737,2026-01-07,Rendez-vous boutique,Chine
TP010417,CUST02737,2026-01-06,Appel conseiller de vente,Chine
TP010418,CUST02737,2026-07-09,Ouverture newsletter,Chine
TP010419,CUST02738,2026-07-02,Ouverture newsletter,Chine
TP010420,CUST02738,2026-07-22,Visite site e-commerce,Chine
TP010421,CUST02738,2026-07-18,Appel conseiller de vente,Chine
TP010422,CUST02739,2025-09-19,Rendez-vous boutique,France (siège)
TP010423,CUST02739,2025-09-17,Visite site e-commerce,France (siège)
TP010424,CUST02739,2025-09-29,Visite site e-commerce,France (siège)
TP010425,CUST02739,2026-03-20,Appel conseiller de vente,France (siège)
TP010426,CUST02739,2026-03-19,Événement VIC,France (siège)
TP010427,CUST02739,2026-03-12,Événement VIC,France (siège)
TP010428,CUST02740,2025-09-17,Appel conseiller de vente,Chine
TP010429,CUST02740,2025-09-23,Appel conseiller de vente,Chine
TP010430,CUST02740,2026-02-27,Appel conseiller de vente,Chine
TP010431,CUST02740,2026-02-10,Appel conseiller de vente,Chine
TP010432,CUST02740,2026-07-07,Événement VIC,Chine
TP010433,CUST02741,2026-05-07,Ouverture newsletter,France (siège)
TP010434,CUST02742,2026-02-26,Appel conseiller de vente,Chine
TP010435,CUST02743,2025-03-26,Rendez-vous boutique,Moyen-Orient
TP010436,CUST02743,2025-04-02,Rendez-vous boutique,Moyen-Orient
TP010437,CUST02743,2025-03-28,Événement VIC,Moyen-Orient
TP010438,CUST02743,2025-10-01,Ouverture newsletter,Moyen-Orient
TP010439,CUST02743,2025-09-15,Visite site e-commerce,Moyen-Orient
TP010440,CUST02743,2025-09-28,Ouverture newsletter,Moyen-Orient
TP010441,CUST02743,2026-01-21,Visite site e-commerce,Moyen-Orient
TP010442,CUST02743,2026-01-22,Rendez-vous boutique,Moyen-Orient
TP010443,CUST02743,2026-06-17,Ouverture newsletter,Moyen-Orient
TP010444,CUST02743,2026-06-12,Rendez-vous boutique,Moyen-Orient
TP010445,CUST02744,2025-11-05,Visite site e-commerce,Chine
TP010446,CUST02744,2026-04-12,Ouverture newsletter,Chine
TP010447,CUST02745,2025-09-02,Événement VIC,France (siège)
TP010448,CUST02745,2025-08-24,Rendez-vous boutique,France (siège)
TP010449,CUST02745,2026-01-05,Visite site e-commerce,France (siège)
TP010450,CUST02745,2026-01-13,Visite site e-commerce,France (siège)
TP010451,CUST02747,2026-04-05,Appel conseiller de vente,USA
TP010452,CUST02747,2026-04-13,Ouverture newsletter,USA
TP010453,CUST02748,2026-01-13,Ouverture newsletter,Japon
TP010454,CUST02748,2026-01-02,Rendez-vous boutique,Japon
TP010455,CUST02748,2026-01-01,Ouverture newsletter,Japon
TP010456,CUST02749,2025-03-01,Rendez-vous boutique,USA
TP010457,CUST02749,2025-02-19,Événement VIC,USA
TP010458,CUST02749,2025-07-14,Visite site e-commerce,USA
TP010459,CUST02749,2025-07-27,Visite site e-commerce,USA
TP010460,CUST02749,2025-07-17,Ouverture newsletter,USA
TP010461,CUST02749,2025-12-17,Rendez-vous boutique,USA
TP010462,CUST02749,2025-12-27,Rendez-vous boutique,USA
TP010463,CUST02749,2026-06-05,Événement VIC,USA
TP010464,CUST02749,2026-06-06,Événement VIC,USA
TP010465,CUST02750,2025-11-02,Événement VIC,Chine
TP010466,CUST02750,2025-11-14,Ouverture newsletter,Chine
TP010467,CUST02750,2025-11-14,Appel conseiller de vente,Chine
TP010468,CUST02750,2026-04-06,Événement VIC,Chine
TP010469,CUST02750,2026-04-20,Ouverture newsletter,Chine
TP010470,CUST02751,2025-02-08,Appel conseiller de vente,USA
TP010471,CUST02751,2025-01-24,Ouverture newsletter,USA
TP010472,CUST02751,2025-05-11,Ouverture newsletter,USA
TP010473,CUST02751,2025-09-23,Rendez-vous boutique,USA
TP010474,CUST02751,2025-10-08,Événement VIC,USA
TP010475,CUST02751,2025-09-28,Ouverture newsletter,USA
TP010476,CUST02751,2026-02-02,Appel conseiller de vente,USA
TP010477,CUST02751,2026-02-08,Rendez-vous boutique,USA
TP010478,CUST02751,2026-02-01,Événement VIC,USA
TP010479,CUST02751,2026-06-29,Ouverture newsletter,USA
TP010480,CUST02751,2026-07-17,Ouverture newsletter,USA
TP010481,CUST02751,2026-07-01,Événement VIC,USA
TP010482,CUST02752,2025-12-04,Événement VIC,USA
TP010483,CUST02752,2025-11-29,Événement VIC,USA
TP010484,CUST02752,2025-12-05,Événement VIC,USA
TP010485,CUST02752,2026-05-06,Événement VIC,USA
TP010486,CUST02752,2026-05-02,Appel conseiller de vente,USA
TP010487,CUST02753,2025-06-27,Événement VIC,Chine
TP010488,CUST02753,2025-07-06,Rendez-vous boutique,Chine
TP010489,CUST02753,2025-12-14,Événement VIC,Chine
TP010490,CUST02753,2025-11-26,Événement VIC,Chine
TP010491,CUST02753,2026-05-14,Appel conseiller de vente,Chine
TP010492,CUST02753,2026-05-01,Rendez-vous boutique,Chine
TP010493,CUST02753,2026-05-08,Événement VIC,Chine
TP010494,CUST02754,2025-11-16,Appel conseiller de vente,Moyen-Orient
TP010495,CUST02754,2025-12-04,Événement VIC,Moyen-Orient
TP010496,CUST02754,2026-04-26,Ouverture newsletter,Moyen-Orient
TP010497,CUST02754,2026-07-11,Appel conseiller de vente,Moyen-Orient
TP010498,CUST02754,2026-07-15,Visite site e-commerce,Moyen-Orient
TP010499,CUST02756,2026-06-05,Visite site e-commerce,Chine
TP010500,CUST02756,2026-05-24,Ouverture newsletter,Chine
TP010501,CUST02756,2026-06-01,Visite site e-commerce,Chine
TP010502,CUST02757,2025-09-03,Événement VIC,USA
TP010503,CUST02757,2025-09-07,Appel conseiller de vente,USA
TP010504,CUST02757,2025-09-20,Rendez-vous boutique,USA
TP010505,CUST02757,2026-04-29,Appel conseiller de vente,USA
TP010506,CUST02759,2026-07-05,Appel conseiller de vente,USA
TP010507,CUST02759,2026-06-28,Visite site e-commerce,USA
TP010508,CUST02760,2025-09-23,Visite site e-commerce,USA
TP010509,CUST02760,2025-09-21,Ouverture newsletter,USA
TP010510,CUST02760,2026-02-28,Appel conseiller de vente,USA
TP010511,CUST02760,2026-02-22,Ouverture newsletter,USA
TP010512,CUST02761,2025-08-22,Événement VIC,France (siège)
TP010513,CUST02761,2025-08-30,Événement VIC,France (siège)
TP010514,CUST02761,2026-02-03,Événement VIC,France (siège)
TP010515,CUST02762,2026-06-02,Rendez-vous boutique,Chine
TP010516,CUST02763,2026-02-23,Appel conseiller de vente,Moyen-Orient
TP010517,CUST02763,2026-07-19,Événement VIC,Moyen-Orient
TP010518,CUST02763,2026-07-14,Événement VIC,Moyen-Orient
TP010519,CUST02763,2026-07-02,Événement VIC,Moyen-Orient
TP010520,CUST02765,2025-11-06,Événement VIC,France (siège)
TP010521,CUST02765,2025-11-09,Visite site e-commerce,France (siège)
TP010522,CUST02765,2025-10-20,Appel conseiller de vente,France (siège)
TP010523,CUST02765,2026-05-17,Visite site e-commerce,France (siège)
TP010524,CUST02765,2026-04-30,Rendez-vous boutique,France (siège)
TP010525,CUST02765,2026-05-07,Visite site e-commerce,France (siège)
TP010526,CUST02766,2026-06-01,Ouverture newsletter,Japon
TP010527,CUST02766,2026-06-02,Ouverture newsletter,Japon
TP010528,CUST02766,2026-05-21,Ouverture newsletter,Japon
TP010529,CUST02767,2025-12-21,Visite site e-commerce,Japon
TP010530,CUST02767,2026-01-09,Événement VIC,Japon
TP010531,CUST02767,2026-06-03,Événement VIC,Japon
TP010532,CUST02768,2025-12-05,Visite site e-commerce,USA
TP010533,CUST02768,2026-03-14,Ouverture newsletter,USA
TP010534,CUST02769,2026-01-23,Rendez-vous boutique,Moyen-Orient
TP010535,CUST02770,2026-04-30,Rendez-vous boutique,Chine
TP010536,CUST02770,2026-04-25,Rendez-vous boutique,Chine
TP010537,CUST02770,2026-04-24,Ouverture newsletter,Chine
TP010538,CUST02771,2025-03-21,Ouverture newsletter,Japon
TP010539,CUST02771,2025-09-25,Appel conseiller de vente,Japon
TP010540,CUST02772,2025-03-21,Appel conseiller de vente,Moyen-Orient
TP010541,CUST02772,2025-04-11,Événement VIC,Moyen-Orient
TP010542,CUST02772,2025-10-08,Événement VIC,Moyen-Orient
TP010543,CUST02772,2025-09-20,Ouverture newsletter,Moyen-Orient
TP010544,CUST02772,2026-04-13,Ouverture newsletter,Moyen-Orient
TP010545,CUST02775,2026-03-06,Ouverture newsletter,USA
TP010546,CUST02775,2026-03-17,Ouverture newsletter,USA
TP010547,CUST02775,2026-06-17,Rendez-vous boutique,USA
TP010548,CUST02775,2026-07-01,Appel conseiller de vente,USA
TP010549,CUST02775,2026-06-21,Visite site e-commerce,USA
TP010550,CUST02776,2026-07-10,Visite site e-commerce,France (siège)
TP010551,CUST02777,2025-08-06,Appel conseiller de vente,France (siège)
TP010552,CUST02777,2025-08-02,Visite site e-commerce,France (siège)
TP010553,CUST02777,2026-03-02,Visite site e-commerce,France (siège)
TP010554,CUST02777,2026-03-08,Ouverture newsletter,France (siège)
TP010555,CUST02778,2025-10-12,Visite site e-commerce,Chine
TP010556,CUST02778,2025-10-11,Ouverture newsletter,Chine
TP010557,CUST02778,2025-10-20,Appel conseiller de vente,Chine
TP010558,CUST02778,2026-04-10,Événement VIC,Chine
TP010559,CUST02779,2025-08-25,Visite site e-commerce,Chine
TP010560,CUST02779,2025-08-20,Appel conseiller de vente,Chine
TP010561,CUST02779,2025-08-18,Événement VIC,Chine
TP010562,CUST02779,2026-02-21,Ouverture newsletter,Chine
TP010563,CUST02779,2026-02-13,Événement VIC,Chine
TP010564,CUST02779,2026-02-04,Rendez-vous boutique,Chine
TP010565,CUST02779,2026-07-08,Rendez-vous boutique,Chine
TP010566,CUST02780,2025-05-17,Événement VIC,USA
TP010567,CUST02780,2025-05-08,Événement VIC,USA
TP010568,CUST02780,2025-05-23,Rendez-vous boutique,USA
TP010569,CUST02780,2025-12-01,Ouverture newsletter,USA
TP010570,CUST02780,2026-04-22,Visite site e-commerce,USA
TP010571,CUST02780,2026-05-03,Rendez-vous boutique,USA
TP010572,CUST02782,2025-06-21,Événement VIC,USA
TP010573,CUST02782,2025-06-21,Appel conseiller de vente,USA
TP010574,CUST02782,2026-01-28,Appel conseiller de vente,USA
TP010575,CUST02782,2026-01-24,Appel conseiller de vente,USA
TP010576,CUST02782,2026-01-13,Appel conseiller de vente,USA
TP010577,CUST02782,2026-07-03,Appel conseiller de vente,USA
TP010578,CUST02782,2026-06-24,Rendez-vous boutique,USA
TP010579,CUST02783,2025-09-10,Événement VIC,Chine
TP010580,CUST02783,2025-09-17,Ouverture newsletter,Chine
TP010581,CUST02783,2026-02-19,Appel conseiller de vente,Chine
TP010582,CUST02783,2026-02-25,Rendez-vous boutique,Chine
TP010583,CUST02783,2026-07-11,Visite site e-commerce,Chine
TP010584,CUST02783,2026-07-22,Ouverture newsletter,Chine
TP010585,CUST02783,2026-07-26,Visite site e-commerce,Chine
TP010586,CUST02784,2025-08-21,Visite site e-commerce,USA
TP010587,CUST02784,2025-08-07,Ouverture newsletter,USA
TP010588,CUST02784,2025-08-16,Ouverture newsletter,USA
TP010589,CUST02784,2025-11-27,Rendez-vous boutique,USA
TP010590,CUST02784,2026-04-08,Rendez-vous boutique,USA
TP010591,CUST02785,2025-08-03,Rendez-vous boutique,France (siège)
TP010592,CUST02785,2025-08-11,Rendez-vous boutique,France (siège)
TP010593,CUST02785,2025-08-02,Ouverture newsletter,France (siège)
TP010594,CUST02785,2026-01-24,Visite site e-commerce,France (siège)
TP010595,CUST02785,2026-02-05,Événement VIC,France (siège)
TP010596,CUST02787,2025-08-21,Événement VIC,Chine
TP010597,CUST02787,2026-01-11,Événement VIC,Chine
TP010598,CUST02787,2026-06-10,Rendez-vous boutique,Chine
TP010599,CUST02787,2026-06-14,Ouverture newsletter,Chine
TP010600,CUST02787,2026-06-13,Ouverture newsletter,Chine
TP010601,CUST02788,2025-07-14,Événement VIC,USA
TP010602,CUST02788,2025-07-18,Événement VIC,USA
TP010603,CUST02788,2025-12-18,Ouverture newsletter,USA
TP010604,CUST02788,2025-12-18,Rendez-vous boutique,USA
TP010605,CUST02788,2026-06-03,Ouverture newsletter,USA
TP010606,CUST02788,2026-06-05,Rendez-vous boutique,USA
TP010607,CUST02789,2025-09-21,Événement VIC,France (siège)
TP010608,CUST02789,2025-09-25,Événement VIC,France (siège)
TP010609,CUST02789,2026-01-05,Visite site e-commerce,France (siège)
TP010610,CUST02789,2026-04-17,Appel conseiller de vente,France (siège)
TP010611,CUST02790,2025-11-27,Visite site e-commerce,Moyen-Orient
TP010612,CUST02790,2026-03-26,Visite site e-commerce,Moyen-Orient
TP010613,CUST02791,2025-02-03,Appel conseiller de vente,USA
TP010614,CUST02791,2025-01-16,Événement VIC,USA
TP010615,CUST02791,2025-01-28,Appel conseiller de vente,USA
TP010616,CUST02791,2025-06-23,Visite site e-commerce,USA
TP010617,CUST02791,2025-06-21,Événement VIC,USA
TP010618,CUST02792,2025-06-23,Événement VIC,Chine
TP010619,CUST02792,2025-12-13,Événement VIC,Chine
TP010620,CUST02792,2026-06-02,Ouverture newsletter,Chine
TP010621,CUST02792,2026-06-14,Ouverture newsletter,Chine
TP010622,CUST02792,2026-06-17,Appel conseiller de vente,Chine
TP010623,CUST02793,2026-07-10,Rendez-vous boutique,USA
TP010624,CUST02794,2025-04-15,Appel conseiller de vente,France (siège)
TP010625,CUST02794,2025-04-23,Rendez-vous boutique,France (siège)
TP010626,CUST02794,2025-04-20,Événement VIC,France (siège)
TP010627,CUST02794,2025-08-26,Appel conseiller de vente,France (siège)
TP010628,CUST02794,2026-03-20,Ouverture newsletter,France (siège)
TP010629,CUST02794,2026-03-11,Visite site e-commerce,France (siège)
TP010630,CUST02795,2025-05-10,Appel conseiller de vente,France (siège)
TP010631,CUST02795,2025-11-15,Rendez-vous boutique,France (siège)
TP010632,CUST02795,2025-11-08,Visite site e-commerce,France (siège)
TP010633,CUST02795,2025-11-19,Événement VIC,France (siège)
TP010634,CUST02795,2026-04-17,Visite site e-commerce,France (siège)
TP010635,CUST02795,2026-05-03,Appel conseiller de vente,France (siège)
TP010636,CUST02795,2026-04-25,Ouverture newsletter,France (siège)
TP010637,CUST02796,2025-11-13,Événement VIC,Japon
TP010638,CUST02796,2025-11-08,Appel conseiller de vente,Japon
TP010639,CUST02796,2025-11-30,Événement VIC,Japon
TP010640,CUST02796,2026-05-02,Appel conseiller de vente,Japon
TP010641,CUST02797,2026-04-22,Appel conseiller de vente,Moyen-Orient
TP010642,CUST02797,2026-05-03,Appel conseiller de vente,Moyen-Orient
TP010643,CUST02797,2026-04-22,Rendez-vous boutique,Moyen-Orient
TP010644,CUST02798,2025-02-24,Appel conseiller de vente,Japon
TP010645,CUST02798,2025-03-03,Événement VIC,Japon
TP010646,CUST02798,2025-08-07,Visite site e-commerce,Japon
TP010647,CUST02798,2025-08-15,Ouverture newsletter,Japon
TP010648,CUST02798,2025-08-19,Visite site e-commerce,Japon
TP010649,CUST02798,2026-02-01,Appel conseiller de vente,Japon
TP010650,CUST02798,2026-01-30,Appel conseiller de vente,Japon
TP010651,CUST02798,2026-02-02,Événement VIC,Japon
TP010652,CUST02798,2026-07-21,Ouverture newsletter,Japon
TP010653,CUST02798,2026-07-20,Appel conseiller de vente,Japon
TP010654,CUST02800,2025-09-15,Rendez-vous boutique,Moyen-Orient
TP010655,CUST02800,2025-09-01,Appel conseiller de vente,Moyen-Orient
TP010656,CUST02800,2025-08-30,Visite site e-commerce,Moyen-Orient
TP010657,CUST02800,2026-02-23,Ouverture newsletter,Moyen-Orient
TP010658,CUST02800,2026-07-19,Visite site e-commerce,Moyen-Orient
TP010659,CUST02801,2026-04-24,Événement VIC,Moyen-Orient
TP010660,CUST02801,2026-04-12,Ouverture newsletter,Moyen-Orient
TP010661,CUST02801,2026-05-05,Ouverture newsletter,Moyen-Orient
TP010662,CUST02802,2026-06-20,Visite site e-commerce,Chine
TP010663,CUST02804,2025-06-26,Ouverture newsletter,France (siège)
TP010664,CUST02804,2025-06-27,Appel conseiller de vente,France (siège)
TP010665,CUST02804,2025-07-02,Rendez-vous boutique,France (siège)
TP010666,CUST02804,2025-11-12,Événement VIC,France (siège)
TP010667,CUST02804,2025-11-13,Appel conseiller de vente,France (siège)
TP010668,CUST02804,2025-11-22,Événement VIC,France (siège)
TP010669,CUST02804,2026-04-09,Rendez-vous boutique,France (siège)
TP010670,CUST02805,2025-09-30,Visite site e-commerce,Chine
TP010671,CUST02805,2025-10-04,Rendez-vous boutique,Chine
TP010672,CUST02805,2026-02-20,Rendez-vous boutique,Chine
TP010673,CUST02806,2026-07-10,Rendez-vous boutique,Chine
TP010674,CUST02806,2026-07-16,Événement VIC,Chine
TP010675,CUST02807,2025-09-07,Événement VIC,Chine
TP010676,CUST02807,2025-09-11,Appel conseiller de vente,Chine
TP010677,CUST02807,2025-09-20,Appel conseiller de vente,Chine
TP010678,CUST02807,2026-02-26,Appel conseiller de vente,Chine
TP010679,CUST02807,2026-02-04,Ouverture newsletter,Chine
TP010680,CUST02809,2026-03-18,Appel conseiller de vente,Chine
TP010681,CUST02809,2026-04-01,Ouverture newsletter,Chine
TP010682,CUST02809,2026-04-05,Appel conseiller de vente,Chine
TP010683,CUST02810,2026-05-25,Rendez-vous boutique,USA
TP010684,CUST02811,2025-11-07,Visite site e-commerce,France (siège)
TP010685,CUST02811,2026-05-01,Ouverture newsletter,France (siège)
TP010686,CUST02812,2025-08-02,Événement VIC,Chine
TP010687,CUST02812,2025-12-17,Visite site e-commerce,Chine
TP010688,CUST02812,2026-06-11,Ouverture newsletter,Chine
TP010689,CUST02812,2026-05-26,Rendez-vous boutique,Chine
TP010690,CUST02812,2026-06-04,Ouverture newsletter,Chine
TP010691,CUST02813,2026-04-05,Visite site e-commerce,USA
TP010692,CUST02814,2025-11-10,Visite site e-commerce,Japon
TP010693,CUST02814,2025-11-14,Visite site e-commerce,Japon
TP010694,CUST02814,2026-05-16,Rendez-vous boutique,Japon
TP010695,CUST02814,2026-05-03,Visite site e-commerce,Japon
TP010696,CUST02816,2025-12-27,Événement VIC,Japon
TP010697,CUST02816,2025-12-30,Visite site e-commerce,Japon
TP010698,CUST02816,2026-01-09,Ouverture newsletter,Japon
TP010699,CUST02816,2026-06-11,Appel conseiller de vente,Japon
TP010700,CUST02816,2026-06-14,Événement VIC,Japon
TP010701,CUST02816,2026-06-04,Rendez-vous boutique,Japon
TP010702,CUST02817,2025-10-07,Rendez-vous boutique,Chine
TP010703,CUST02817,2026-03-06,Appel conseiller de vente,Chine
TP010704,CUST02818,2025-06-21,Rendez-vous boutique,France (siège)
TP010705,CUST02818,2025-06-28,Appel conseiller de vente,France (siège)
TP010706,CUST02818,2025-07-02,Visite site e-commerce,France (siège)
TP010707,CUST02819,2025-06-28,Visite site e-commerce,Chine
TP010708,CUST02820,2026-05-30,Ouverture newsletter,Japon
TP010709,CUST02821,2025-12-10,Visite site e-commerce,France (siège)
TP010710,CUST02821,2025-12-10,Événement VIC,France (siège)
TP010711,CUST02821,2025-12-02,Visite site e-commerce,France (siège)
TP010712,CUST02821,2026-03-18,Visite site e-commerce,France (siège)
TP010713,CUST02821,2026-03-12,Événement VIC,France (siège)
TP010714,CUST02821,2026-03-25,Visite site e-commerce,France (siège)
TP010715,CUST02822,2025-11-11,Visite site e-commerce,Japon
TP010716,CUST02822,2025-11-01,Événement VIC,Japon
TP010717,CUST02822,2026-04-27,Ouverture newsletter,Japon
TP010718,CUST02822,2026-04-26,Événement VIC,Japon
TP010719,CUST02823,2026-05-26,Appel conseiller de vente,USA
TP010720,CUST02823,2026-06-10,Rendez-vous boutique,USA
TP010721,CUST02823,2026-06-09,Appel conseiller de vente,USA
TP010722,CUST02824,2026-02-23,Rendez-vous boutique,France (siège)
TP010723,CUST02824,2026-06-04,Événement VIC,France (siège)
TP010724,CUST02824,2026-05-31,Rendez-vous boutique,France (siège)
TP010725,CUST02825,2026-04-17,Rendez-vous boutique,Moyen-Orient
TP010726,CUST02825,2026-03-30,Appel conseiller de vente,Moyen-Orient
TP010727,CUST02825,2026-04-17,Visite site e-commerce,Moyen-Orient
TP010728,CUST02826,2025-10-03,Événement VIC,France (siège)
TP010729,CUST02826,2026-04-11,Appel conseiller de vente,France (siège)
TP010730,CUST02826,2026-03-30,Événement VIC,France (siège)
TP010731,CUST02827,2026-03-25,Visite site e-commerce,Japon
TP010732,CUST02827,2026-04-17,Appel conseiller de vente,Japon
TP010733,CUST02828,2026-03-25,Événement VIC,France (siège)
TP010734,CUST02828,2026-04-13,Appel conseiller de vente,France (siège)
TP010735,CUST02828,2026-04-15,Ouverture newsletter,France (siège)
TP010736,CUST02829,2025-09-03,Rendez-vous boutique,France (siège)
TP010737,CUST02829,2026-03-18,Événement VIC,France (siège)
TP010738,CUST02830,2026-02-24,Rendez-vous boutique,Chine
TP010739,CUST02830,2026-03-14,Événement VIC,Chine
TP010740,CUST02831,2025-07-28,Événement VIC,Moyen-Orient
TP010741,CUST02831,2025-07-31,Rendez-vous boutique,Moyen-Orient
TP010742,CUST02831,2025-07-16,Visite site e-commerce,Moyen-Orient
TP010743,CUST02831,2025-12-16,Visite site e-commerce,Moyen-Orient
TP010744,CUST02831,2026-05-26,Ouverture newsletter,Moyen-Orient
TP010745,CUST02831,2026-05-18,Visite site e-commerce,Moyen-Orient
TP010746,CUST02833,2026-07-09,Rendez-vous boutique,USA
TP010747,CUST02833,2026-07-05,Appel conseiller de vente,USA
TP010748,CUST02834,2026-06-14,Ouverture newsletter,Moyen-Orient
TP010749,CUST02835,2026-02-11,Appel conseiller de vente,USA
TP010750,CUST02835,2026-01-19,Rendez-vous boutique,USA
TP010751,CUST02835,2026-01-31,Appel conseiller de vente,USA
TP010752,CUST02835,2026-07-12,Ouverture newsletter,USA
TP010753,CUST02836,2026-04-26,Rendez-vous boutique,Japon
TP010754,CUST02837,2025-08-19,Rendez-vous boutique,Moyen-Orient
TP010755,CUST02838,2025-08-15,Rendez-vous boutique,Japon
TP010756,CUST02839,2025-04-28,Événement VIC,Japon
TP010757,CUST02839,2025-04-25,Événement VIC,Japon
TP010758,CUST02839,2025-04-30,Rendez-vous boutique,Japon
TP010759,CUST02839,2025-09-23,Visite site e-commerce,Japon
TP010760,CUST02839,2026-01-08,Événement VIC,Japon
TP010761,CUST02839,2026-01-10,Visite site e-commerce,Japon
TP010762,CUST02839,2026-05-14,Visite site e-commerce,Japon
TP010763,CUST02839,2026-05-24,Événement VIC,Japon
TP010764,CUST02839,2026-05-24,Ouverture newsletter,Japon
TP010765,CUST02840,2025-12-20,Rendez-vous boutique,Moyen-Orient
TP010766,CUST02840,2025-12-11,Visite site e-commerce,Moyen-Orient
TP010767,CUST02840,2026-05-10,Événement VIC,Moyen-Orient
TP010768,CUST02840,2026-05-14,Ouverture newsletter,Moyen-Orient
TP010769,CUST02841,2025-01-12,Visite site e-commerce,Japon
TP010770,CUST02841,2025-01-10,Visite site e-commerce,Japon
TP010771,CUST02841,2025-01-03,Visite site e-commerce,Japon
TP010772,CUST02842,2026-04-18,Événement VIC,Japon
TP010773,CUST02842,2026-04-06,Appel conseiller de vente,Japon
TP010774,CUST02843,2026-03-06,Appel conseiller de vente,Japon
TP010775,CUST02843,2026-03-12,Visite site e-commerce,Japon
TP010776,CUST02843,2026-07-15,Visite site e-commerce,Japon
TP010777,CUST02843,2026-07-23,Rendez-vous boutique,Japon
TP010778,CUST02843,2026-07-15,Appel conseiller de vente,Japon
TP010779,CUST02844,2025-06-27,Appel conseiller de vente,USA
TP010780,CUST02845,2025-11-23,Appel conseiller de vente,USA
TP010781,CUST02845,2025-11-26,Appel conseiller de vente,USA
TP010782,CUST02845,2026-03-16,Événement VIC,USA
TP010783,CUST02846,2025-09-30,Visite site e-commerce,Chine
TP010784,CUST02846,2025-09-26,Rendez-vous boutique,Chine
TP010785,CUST02846,2026-02-28,Rendez-vous boutique,Chine
TP010786,CUST02847,2026-02-21,Visite site e-commerce,USA
TP010787,CUST02847,2026-02-09,Visite site e-commerce,USA
TP010788,CUST02847,2026-06-16,Événement VIC,USA
TP010789,CUST02849,2026-07-30,Événement VIC,Chine
TP010790,CUST02850,2025-01-03,Appel conseiller de vente,France (siège)
TP010791,CUST02850,2025-06-05,Événement VIC,France (siège)
TP010792,CUST02850,2025-06-10,Appel conseiller de vente,France (siège)
TP010793,CUST02850,2025-09-28,Ouverture newsletter,France (siège)
TP010794,CUST02850,2025-09-24,Appel conseiller de vente,France (siège)
TP010795,CUST02850,2025-12-21,Visite site e-commerce,France (siège)
TP010796,CUST02850,2025-12-22,Rendez-vous boutique,France (siège)
TP010797,CUST02850,2026-01-07,Ouverture newsletter,France (siège)
TP010798,CUST02850,2026-04-20,Appel conseiller de vente,France (siège)
TP010799,CUST02851,2026-04-04,Visite site e-commerce,USA
TP010800,CUST02851,2026-04-02,Visite site e-commerce,USA
TP010801,CUST02851,2026-04-08,Visite site e-commerce,USA
TP010802,CUST02852,2025-07-25,Visite site e-commerce,Japon
TP010803,CUST02852,2025-07-13,Appel conseiller de vente,Japon
TP010804,CUST02852,2025-11-25,Rendez-vous boutique,Japon
TP010805,CUST02852,2025-11-18,Appel conseiller de vente,Japon
TP010806,CUST02852,2026-04-30,Appel conseiller de vente,Japon
TP010807,CUST02853,2025-08-23,Visite site e-commerce,Chine
TP010808,CUST02853,2025-08-22,Événement VIC,Chine
TP010809,CUST02853,2025-08-26,Ouverture newsletter,Chine
TP010810,CUST02853,2026-03-20,Ouverture newsletter,Chine
TP010811,CUST02853,2026-03-14,Événement VIC,Chine
TP010812,CUST02855,2026-06-03,Événement VIC,USA
TP010813,CUST02857,2025-05-07,Visite site e-commerce,France (siège)
TP010814,CUST02857,2025-10-19,Ouverture newsletter,France (siège)
TP010815,CUST02857,2025-10-11,Visite site e-commerce,France (siège)
TP010816,CUST02857,2026-02-27,Visite site e-commerce,France (siège)
TP010817,CUST02858,2026-06-24,Visite site e-commerce,USA
TP010818,CUST02858,2026-06-10,Rendez-vous boutique,USA
TP010819,CUST02859,2025-03-18,Appel conseiller de vente,France (siège)
TP010820,CUST02859,2025-03-20,Ouverture newsletter,France (siège)
TP010821,CUST02859,2025-08-18,Événement VIC,France (siège)
TP010822,CUST02859,2026-02-25,Appel conseiller de vente,France (siège)
TP010823,CUST02859,2026-03-02,Appel conseiller de vente,France (siège)
TP010824,CUST02859,2026-02-23,Rendez-vous boutique,France (siège)
TP010825,CUST02861,2025-03-29,Ouverture newsletter,Japon
TP010826,CUST02861,2025-04-14,Rendez-vous boutique,Japon
TP010827,CUST02861,2025-04-17,Visite site e-commerce,Japon
TP010828,CUST02861,2025-09-04,Visite site e-commerce,Japon
TP010829,CUST02861,2025-09-21,Visite site e-commerce,Japon
TP010830,CUST02861,2026-01-21,Rendez-vous boutique,Japon
TP010831,CUST02861,2026-06-17,Événement VIC,Japon
TP010832,CUST02861,2026-06-17,Visite site e-commerce,Japon
TP010833,CUST02861,2026-07-02,Événement VIC,Japon
TP010834,CUST02862,2026-03-17,Ouverture newsletter,Chine
TP010835,CUST02862,2026-03-18,Ouverture newsletter,Chine
TP010836,CUST02862,2026-07-23,Appel conseiller de vente,Chine
TP010837,CUST02863,2025-09-22,Rendez-vous boutique,USA
TP010838,CUST02864,2025-12-23,Événement VIC,Japon
TP010839,CUST02864,2025-12-28,Ouverture newsletter,Japon
TP010840,CUST02864,2025-12-24,Ouverture newsletter,Japon
TP010841,CUST02864,2026-06-02,Appel conseiller de vente,Japon
TP010842,CUST02864,2026-06-01,Ouverture newsletter,Japon
TP010843,CUST02865,2025-04-30,Visite site e-commerce,Japon
TP010844,CUST02865,2025-11-27,Rendez-vous boutique,Japon
TP010845,CUST02865,2026-05-19,Ouverture newsletter,Japon
TP010846,CUST02865,2026-05-03,Événement VIC,Japon
TP010847,CUST02866,2026-04-12,Ouverture newsletter,USA
TP010848,CUST02866,2026-03-25,Rendez-vous boutique,USA
TP010849,CUST02867,2025-10-19,Événement VIC,USA
TP010850,CUST02867,2025-10-17,Visite site e-commerce,USA
TP010851,CUST02867,2025-10-18,Événement VIC,USA
TP010852,CUST02867,2026-04-05,Ouverture newsletter,USA
TP010853,CUST02867,2026-03-25,Appel conseiller de vente,USA
TP010854,CUST02867,2026-03-23,Appel conseiller de vente,USA
TP010855,CUST02868,2025-12-22,Visite site e-commerce,Japon
TP010856,CUST02868,2026-04-07,Visite site e-commerce,Japon
TP010857,CUST02869,2025-04-14,Appel conseiller de vente,Chine
TP010858,CUST02869,2025-04-14,Ouverture newsletter,Chine
TP010859,CUST02869,2025-09-30,Événement VIC,Chine
TP010860,CUST02869,2025-10-05,Ouverture newsletter,Chine
TP010861,CUST02869,2026-03-17,Ouverture newsletter,Chine
TP010862,CUST02869,2026-07-12,Ouverture newsletter,Chine
TP010863,CUST02870,2025-06-03,Ouverture newsletter,USA
TP010864,CUST02870,2025-06-10,Événement VIC,USA
TP010865,CUST02870,2025-12-03,Visite site e-commerce,USA
TP010866,CUST02870,2026-04-16,Visite site e-commerce,USA
TP010867,CUST02871,2025-10-17,Rendez-vous boutique,Japon
TP010868,CUST02871,2026-04-08,Rendez-vous boutique,Japon
TP010869,CUST02872,2025-04-06,Visite site e-commerce,Japon
TP010870,CUST02872,2025-09-16,Appel conseiller de vente,Japon
TP010871,CUST02872,2025-09-12,Ouverture newsletter,Japon
TP010872,CUST02872,2025-08-27,Visite site e-commerce,Japon
TP010873,CUST02872,2026-01-22,Ouverture newsletter,Japon
TP010874,CUST02872,2026-05-24,Appel conseiller de vente,Japon
TP010875,CUST02873,2025-05-17,Événement VIC,Japon
TP010876,CUST02873,2025-11-08,Rendez-vous boutique,Japon
TP010877,CUST02873,2026-05-07,Visite site e-commerce,Japon
TP010878,CUST02874,2025-11-25,Ouverture newsletter,Japon
TP010879,CUST02874,2025-12-05,Rendez-vous boutique,Japon
TP010880,CUST02874,2025-12-08,Visite site e-commerce,Japon
TP010881,CUST02875,2026-04-27,Ouverture newsletter,Chine
TP010882,CUST02875,2026-05-11,Événement VIC,Chine
TP010883,CUST02875,2026-05-01,Appel conseiller de vente,Chine
TP010884,CUST02876,2026-06-29,Rendez-vous boutique,USA
TP010885,CUST02876,2026-07-18,Ouverture newsletter,USA
TP010886,CUST02876,2026-06-26,Rendez-vous boutique,USA
TP010887,CUST02877,2025-06-25,Événement VIC,Chine
TP010888,CUST02877,2025-12-27,Ouverture newsletter,Chine
TP010889,CUST02877,2026-05-30,Rendez-vous boutique,Chine
TP010890,CUST02878,2025-11-02,Appel conseiller de vente,Chine
TP010891,CUST02878,2025-11-08,Événement VIC,Chine
TP010892,CUST02878,2025-10-24,Ouverture newsletter,Chine
TP010893,CUST02878,2026-04-02,Événement VIC,Chine
TP010894,CUST02880,2025-04-05,Rendez-vous boutique,USA
TP010895,CUST02880,2025-03-28,Ouverture newsletter,USA
TP010896,CUST02880,2025-09-23,Ouverture newsletter,USA
TP010897,CUST02880,2025-09-19,Visite site e-commerce,USA
TP010898,CUST02880,2025-09-07,Événement VIC,USA
TP010899,CUST02881,2025-07-11,Visite site e-commerce,France (siège)
TP010900,CUST02881,2025-07-25,Événement VIC,France (siège)
TP010901,CUST02881,2025-12-28,Événement VIC,France (siège)
TP010902,CUST02881,2025-12-31,Événement VIC,France (siège)
TP010903,CUST02881,2026-06-29,Événement VIC,France (siège)
TP010904,CUST02881,2026-06-28,Appel conseiller de vente,France (siège)
TP010905,CUST02882,2026-02-20,Rendez-vous boutique,France (siège)
TP010906,CUST02882,2026-03-01,Événement VIC,France (siège)
TP010907,CUST02883,2026-06-13,Rendez-vous boutique,Japon
TP010908,CUST02884,2025-10-19,Visite site e-commerce,Moyen-Orient
TP010909,CUST02884,2025-10-14,Ouverture newsletter,Moyen-Orient
TP010910,CUST02884,2026-04-01,Visite site e-commerce,Moyen-Orient
TP010911,CUST02884,2026-03-16,Ouverture newsletter,Moyen-Orient
TP010912,CUST02885,2025-11-13,Événement VIC,Chine
TP010913,CUST02885,2025-11-23,Événement VIC,Chine
TP010914,CUST02885,2026-03-20,Rendez-vous boutique,Chine
TP010915,CUST02885,2026-03-25,Visite site e-commerce,Chine
TP010916,CUST02885,2026-03-21,Visite site e-commerce,Chine
TP010917,CUST02886,2026-06-03,Événement VIC,Chine
TP010918,CUST02887,2025-08-30,Appel conseiller de vente,Moyen-Orient
TP010919,CUST02887,2025-08-28,Événement VIC,Moyen-Orient
TP010920,CUST02887,2026-02-10,Ouverture newsletter,Moyen-Orient
TP010921,CUST02887,2026-06-11,Ouverture newsletter,Moyen-Orient
TP010922,CUST02887,2026-06-18,Visite site e-commerce,Moyen-Orient
TP010923,CUST02887,2026-06-24,Événement VIC,Moyen-Orient
TP010924,CUST02888,2026-04-04,Événement VIC,Chine
TP010925,CUST02888,2026-03-23,Appel conseiller de vente,Chine
TP010926,CUST02888,2026-03-27,Rendez-vous boutique,Chine
TP010927,CUST02889,2025-02-14,Ouverture newsletter,Chine
TP010928,CUST02889,2025-01-30,Visite site e-commerce,Chine
TP010929,CUST02890,2025-08-25,Ouverture newsletter,Chine
TP010930,CUST02890,2025-08-23,Visite site e-commerce,Chine
TP010931,CUST02890,2025-08-27,Rendez-vous boutique,Chine
TP010932,CUST02890,2025-12-10,Visite site e-commerce,Chine
TP010933,CUST02890,2025-12-08,Ouverture newsletter,Chine
TP010934,CUST02890,2025-12-11,Visite site e-commerce,Chine
TP010935,CUST02890,2026-06-09,Événement VIC,Chine
TP010936,CUST02890,2026-05-31,Événement VIC,Chine
TP010937,CUST02891,2026-02-16,Événement VIC,USA
TP010938,CUST02891,2026-02-10,Visite site e-commerce,USA
TP010939,CUST02891,2026-02-17,Rendez-vous boutique,USA
TP010940,CUST02892,2025-04-02,Appel conseiller de vente,France (siège)
TP010941,CUST02892,2025-08-19,Appel conseiller de vente,France (siège)
TP010942,CUST02892,2026-01-31,Visite site e-commerce,France (siège)
TP010943,CUST02892,2026-02-14,Rendez-vous boutique,France (siège)
TP010944,CUST02892,2026-02-09,Rendez-vous boutique,France (siège)
TP010945,CUST02892,2026-07-04,Visite site e-commerce,France (siège)
TP010946,CUST02893,2026-06-29,Visite site e-commerce,USA
TP010947,CUST02893,2026-06-06,Visite site e-commerce,USA
TP010948,CUST02894,2025-02-18,Visite site e-commerce,Japon
TP010949,CUST02894,2025-02-16,Rendez-vous boutique,Japon
TP010950,CUST02894,2025-09-01,Ouverture newsletter,Japon
TP010951,CUST02894,2025-08-23,Événement VIC,Japon
TP010952,CUST02894,2025-08-29,Ouverture newsletter,Japon
TP010953,CUST02894,2026-02-14,Rendez-vous boutique,Japon
TP010954,CUST02894,2026-07-03,Ouverture newsletter,Japon
TP010955,CUST02894,2026-07-02,Appel conseiller de vente,Japon
TP010956,CUST02895,2025-06-17,Visite site e-commerce,Chine
TP010957,CUST02897,2026-02-08,Appel conseiller de vente,France (siège)
TP010958,CUST02897,2026-02-14,Événement VIC,France (siège)
TP010959,CUST02897,2026-07-15,Visite site e-commerce,France (siège)
TP010960,CUST02898,2025-06-14,Visite site e-commerce,France (siège)
TP010961,CUST02898,2025-06-24,Événement VIC,France (siège)
TP010962,CUST02898,2025-10-15,Événement VIC,France (siège)
TP010963,CUST02898,2025-10-23,Événement VIC,France (siège)
TP010964,CUST02898,2026-03-19,Événement VIC,France (siège)
TP010965,CUST02898,2026-03-14,Rendez-vous boutique,France (siège)
TP010966,CUST02898,2026-03-27,Ouverture newsletter,France (siège)
TP010967,CUST02899,2026-01-08,Ouverture newsletter,Chine
TP010968,CUST02899,2026-06-28,Ouverture newsletter,Chine
TP010969,CUST02899,2026-06-17,Visite site e-commerce,Chine
TP010970,CUST02900,2025-05-08,Visite site e-commerce,Chine
TP010971,CUST02900,2025-10-23,Événement VIC,Chine
TP010972,CUST02900,2025-11-07,Visite site e-commerce,Chine
TP010973,CUST02900,2026-03-20,Appel conseiller de vente,Chine
TP010974,CUST02900,2026-03-21,Appel conseiller de vente,Chine
TP010975,CUST02900,2026-03-27,Événement VIC,Chine
TP010976,CUST02901,2025-12-12,Événement VIC,Japon
TP010977,CUST02901,2025-12-11,Rendez-vous boutique,Japon
TP010978,CUST02901,2025-12-14,Visite site e-commerce,Japon
TP010979,CUST02901,2026-06-15,Appel conseiller de vente,Japon
TP010980,CUST02902,2025-12-22,Événement VIC,USA
TP010981,CUST02902,2026-05-21,Visite site e-commerce,USA
TP010982,CUST02903,2026-03-10,Visite site e-commerce,USA
TP010983,CUST02903,2026-03-05,Appel conseiller de vente,USA
TP010984,CUST02903,2026-03-14,Ouverture newsletter,USA
TP010985,CUST02904,2026-01-11,Événement VIC,Japon
TP010986,CUST02904,2026-06-25,Ouverture newsletter,Japon
TP010987,CUST02904,2026-06-28,Rendez-vous boutique,Japon
TP010988,CUST02905,2025-08-18,Appel conseiller de vente,USA
TP010989,CUST02905,2025-08-15,Visite site e-commerce,USA
TP010990,CUST02905,2025-08-28,Événement VIC,USA
TP010991,CUST02905,2026-01-15,Visite site e-commerce,USA
TP010992,CUST02905,2026-01-28,Événement VIC,USA
TP010993,CUST02905,2026-06-28,Appel conseiller de vente,USA
TP010994,CUST02905,2026-07-15,Événement VIC,USA
TP010995,CUST02906,2026-02-04,Rendez-vous boutique,Chine
TP010996,CUST02906,2026-02-05,Événement VIC,Chine
TP010997,CUST02906,2026-01-17,Rendez-vous boutique,Chine
TP010998,CUST02906,2026-07-04,Rendez-vous boutique,Chine
TP010999,CUST02907,2025-08-20,Appel conseiller de vente,Moyen-Orient
TP011000,CUST02907,2025-08-24,Rendez-vous boutique,Moyen-Orient
TP011001,CUST02907,2025-08-24,Ouverture newsletter,Moyen-Orient
TP011002,CUST02907,2026-02-05,Appel conseiller de vente,Moyen-Orient
TP011003,CUST02908,2025-10-10,Rendez-vous boutique,USA
TP011004,CUST02908,2025-10-08,Ouverture newsletter,USA
TP011005,CUST02909,2026-06-26,Visite site e-commerce,Moyen-Orient
TP011006,CUST02909,2026-07-20,Ouverture newsletter,Moyen-Orient
TP011007,CUST02909,2026-07-16,Rendez-vous boutique,Moyen-Orient
TP011008,CUST02910,2025-09-25,Rendez-vous boutique,France (siège)
TP011009,CUST02910,2025-09-15,Appel conseiller de vente,France (siège)
TP011010,CUST02910,2025-09-10,Appel conseiller de vente,France (siège)
TP011011,CUST02910,2026-03-10,Appel conseiller de vente,France (siège)
TP011012,CUST02910,2026-02-17,Rendez-vous boutique,France (siège)
TP011013,CUST02910,2026-02-21,Ouverture newsletter,France (siège)
TP011014,CUST02911,2026-05-07,Appel conseiller de vente,France (siège)
TP011015,CUST02911,2026-05-16,Visite site e-commerce,France (siège)
TP011016,CUST02912,2026-02-10,Visite site e-commerce,Moyen-Orient
TP011017,CUST02912,2026-02-13,Ouverture newsletter,Moyen-Orient
TP011018,CUST02913,2025-08-09,Appel conseiller de vente,USA
TP011019,CUST02913,2025-08-18,Appel conseiller de vente,USA
TP011020,CUST02913,2025-12-30,Appel conseiller de vente,USA
TP011021,CUST02913,2026-01-05,Ouverture newsletter,USA
TP011022,CUST02913,2026-05-21,Appel conseiller de vente,USA
TP011023,CUST02914,2025-03-05,Événement VIC,Moyen-Orient
TP011024,CUST02914,2025-03-23,Rendez-vous boutique,Moyen-Orient
TP011025,CUST02914,2025-09-03,Rendez-vous boutique,Moyen-Orient
TP011026,CUST02914,2025-09-18,Rendez-vous boutique,Moyen-Orient
TP011027,CUST02914,2025-09-12,Rendez-vous boutique,Moyen-Orient
TP011028,CUST02914,2026-02-16,Appel conseiller de vente,Moyen-Orient
TP011029,CUST02915,2026-06-19,Appel conseiller de vente,Japon
TP011030,CUST02915,2026-06-28,Appel conseiller de vente,Japon
TP011031,CUST02915,2026-06-13,Événement VIC,Japon
TP011032,CUST02916,2026-03-30,Appel conseiller de vente,France (siège)
TP011033,CUST02917,2025-07-31,Visite site e-commerce,USA
TP011034,CUST02917,2025-08-02,Ouverture newsletter,USA
TP011035,CUST02917,2026-01-16,Visite site e-commerce,USA
TP011036,CUST02917,2026-01-20,Visite site e-commerce,USA
TP011037,CUST02917,2026-01-27,Ouverture newsletter,USA
TP011038,CUST02917,2026-06-15,Visite site e-commerce,USA
TP011039,CUST02918,2026-03-18,Rendez-vous boutique,France (siège)
TP011040,CUST02919,2025-06-17,Rendez-vous boutique,France (siège)
TP011041,CUST02919,2025-07-02,Ouverture newsletter,France (siège)
TP011042,CUST02919,2025-12-17,Visite site e-commerce,France (siège)
TP011043,CUST02919,2025-12-16,Événement VIC,France (siège)
TP011044,CUST02919,2025-12-16,Ouverture newsletter,France (siège)
TP011045,CUST02919,2026-05-25,Visite site e-commerce,France (siège)
TP011046,CUST02919,2026-05-08,Événement VIC,France (siège)
TP011047,CUST02919,2026-05-26,Événement VIC,France (siège)
TP011048,CUST02920,2026-07-08,Appel conseiller de vente,USA
TP011049,CUST02920,2026-07-25,Ouverture newsletter,USA
TP011050,CUST02921,2025-02-24,Ouverture newsletter,Chine
TP011051,CUST02921,2025-07-03,Appel conseiller de vente,Chine
TP011052,CUST02921,2025-11-20,Visite site e-commerce,Chine
TP011053,CUST02921,2026-05-12,Événement VIC,Chine
TP011054,CUST02922,2025-11-24,Événement VIC,Chine
TP011055,CUST02922,2025-11-19,Événement VIC,Chine
TP011056,CUST02922,2025-11-25,Ouverture newsletter,Chine
TP011057,CUST02923,2025-02-23,Appel conseiller de vente,USA
TP011058,CUST02923,2025-02-20,Rendez-vous boutique,USA
TP011059,CUST02923,2025-03-05,Ouverture newsletter,USA
TP011060,CUST02923,2025-08-28,Rendez-vous boutique,USA
TP011061,CUST02923,2025-08-28,Appel conseiller de vente,USA
TP011062,CUST02923,2025-08-28,Événement VIC,USA
TP011063,CUST02923,2026-03-13,Rendez-vous boutique,USA
TP011064,CUST02923,2026-03-11,Rendez-vous boutique,USA
TP011065,CUST02924,2026-06-11,Événement VIC,Moyen-Orient
TP011066,CUST02924,2026-06-17,Appel conseiller de vente,Moyen-Orient
TP011067,CUST02924,2026-06-23,Rendez-vous boutique,Moyen-Orient
TP011068,CUST02925,2026-02-11,Appel conseiller de vente,Chine
TP011069,CUST02925,2026-06-15,Appel conseiller de vente,Chine
TP011070,CUST02925,2026-06-15,Visite site e-commerce,Chine
TP011071,CUST02925,2026-06-06,Ouverture newsletter,Chine
TP011072,CUST02926,2026-06-27,Événement VIC,USA
TP011073,CUST02926,2026-06-11,Visite site e-commerce,USA
TP011074,CUST02926,2026-06-14,Événement VIC,USA
TP011075,CUST02927,2025-05-05,Rendez-vous boutique,France (siège)
TP011076,CUST02927,2025-05-11,Rendez-vous boutique,France (siège)
TP011077,CUST02927,2025-05-07,Événement VIC,France (siège)
TP011078,CUST02927,2025-09-02,Ouverture newsletter,France (siège)
TP011079,CUST02927,2025-08-27,Rendez-vous boutique,France (siège)
TP011080,CUST02927,2026-01-29,Ouverture newsletter,France (siège)
TP011081,CUST02927,2026-01-25,Événement VIC,France (siège)
TP011082,CUST02927,2026-07-10,Événement VIC,France (siège)
TP011083,CUST02928,2025-10-19,Événement VIC,Moyen-Orient
TP011084,CUST02928,2025-11-06,Ouverture newsletter,Moyen-Orient
TP011085,CUST02928,2025-11-03,Appel conseiller de vente,Moyen-Orient
TP011086,CUST02928,2026-04-04,Rendez-vous boutique,Moyen-Orient
TP011087,CUST02928,2026-04-21,Ouverture newsletter,Moyen-Orient
TP011088,CUST02928,2026-04-17,Rendez-vous boutique,Moyen-Orient
TP011089,CUST02929,2025-06-06,Événement VIC,Chine
TP011090,CUST02929,2025-06-16,Rendez-vous boutique,Chine
TP011091,CUST02929,2025-06-05,Rendez-vous boutique,Chine
TP011092,CUST02929,2025-12-19,Appel conseiller de vente,Chine
TP011093,CUST02929,2025-12-25,Rendez-vous boutique,Chine
TP011094,CUST02929,2025-12-24,Appel conseiller de vente,Chine
TP011095,CUST02929,2026-06-06,Ouverture newsletter,Chine
TP011096,CUST02930,2026-05-29,Ouverture newsletter,Japon
TP011097,CUST02931,2026-01-02,Événement VIC,USA
TP011098,CUST02931,2025-12-22,Rendez-vous boutique,USA
TP011099,CUST02931,2026-06-16,Événement VIC,USA
TP011100,CUST02933,2026-05-17,Rendez-vous boutique,Moyen-Orient
TP011101,CUST02934,2026-04-21,Visite site e-commerce,Chine
TP011102,CUST02934,2026-04-15,Visite site e-commerce,Chine
TP011103,CUST02935,2025-09-23,Visite site e-commerce,Chine
TP011104,CUST02935,2025-10-05,Ouverture newsletter,Chine
TP011105,CUST02935,2025-10-01,Appel conseiller de vente,Chine
TP011106,CUST02935,2026-03-15,Événement VIC,Chine
TP011107,CUST02935,2026-03-14,Visite site e-commerce,Chine
TP011108,CUST02935,2026-03-24,Événement VIC,Chine
TP011109,CUST02936,2025-07-14,Appel conseiller de vente,Chine
TP011110,CUST02936,2026-01-02,Rendez-vous boutique,Chine
TP011111,CUST02936,2026-05-18,Événement VIC,Chine
TP011112,CUST02937,2025-05-11,Ouverture newsletter,USA
TP011113,CUST02937,2025-06-01,Événement VIC,USA
TP011114,CUST02937,2025-05-21,Visite site e-commerce,USA
TP011115,CUST02937,2025-10-14,Visite site e-commerce,USA
TP011116,CUST02937,2025-10-23,Rendez-vous boutique,USA
TP011117,CUST02937,2025-10-21,Ouverture newsletter,USA
TP011118,CUST02937,2026-03-25,Appel conseiller de vente,USA
TP011119,CUST02938,2025-11-01,Rendez-vous boutique,France (siège)
TP011120,CUST02938,2025-10-12,Appel conseiller de vente,France (siège)
TP011121,CUST02938,2026-04-17,Visite site e-commerce,France (siège)
TP011122,CUST02938,2026-04-06,Ouverture newsletter,France (siège)
TP011123,CUST02939,2026-01-28,Appel conseiller de vente,France (siège)
TP011124,CUST02939,2026-02-01,Visite site e-commerce,France (siège)
TP011125,CUST02939,2026-06-24,Appel conseiller de vente,France (siège)
TP011126,CUST02939,2026-06-23,Ouverture newsletter,France (siège)
TP011127,CUST02939,2026-07-01,Ouverture newsletter,France (siège)
TP011128,CUST02940,2025-01-30,Visite site e-commerce,France (siège)
TP011129,CUST02940,2025-01-31,Ouverture newsletter,France (siège)
TP011130,CUST02940,2025-01-27,Appel conseiller de vente,France (siège)
TP011131,CUST02941,2026-05-30,Ouverture newsletter,Moyen-Orient
TP011132,CUST02941,2026-06-21,Événement VIC,Moyen-Orient
TP011133,CUST02941,2026-06-13,Visite site e-commerce,Moyen-Orient
TP011134,CUST02942,2024-12-24,Visite site e-commerce,USA
TP011135,CUST02942,2024-12-27,Rendez-vous boutique,USA
TP011136,CUST02942,2025-06-09,Appel conseiller de vente,USA
TP011137,CUST02942,2025-06-20,Ouverture newsletter,USA
TP011138,CUST02942,2025-11-06,Ouverture newsletter,USA
TP011139,CUST02942,2026-02-21,Rendez-vous boutique,USA
TP011140,CUST02942,2026-03-04,Événement VIC,USA
TP011141,CUST02942,2026-03-04,Appel conseiller de vente,USA
TP011142,CUST02942,2026-06-27,Visite site e-commerce,USA
TP011143,CUST02942,2026-06-13,Événement VIC,USA
TP011144,CUST02944,2026-04-13,Événement VIC,USA
TP011145,CUST02944,2026-04-23,Visite site e-commerce,USA
TP011146,CUST02944,2026-04-18,Visite site e-commerce,USA
TP011147,CUST02945,2026-07-01,Visite site e-commerce,Chine
TP011148,CUST02946,2026-01-12,Rendez-vous boutique,Chine
TP011149,CUST02946,2026-01-02,Appel conseiller de vente,Chine
TP011150,CUST02948,2025-10-19,Ouverture newsletter,France (siège)
TP011151,CUST02948,2025-10-19,Visite site e-commerce,France (siège)
TP011152,CUST02948,2025-10-24,Appel conseiller de vente,France (siège)
TP011153,CUST02948,2026-05-16,Événement VIC,France (siège)
TP011154,CUST02948,2026-04-26,Appel conseiller de vente,France (siège)
TP011155,CUST02949,2025-12-23,Visite site e-commerce,USA
TP011156,CUST02949,2025-12-09,Ouverture newsletter,USA
TP011157,CUST02949,2026-05-22,Visite site e-commerce,USA
TP011158,CUST02949,2026-05-30,Ouverture newsletter,USA
TP011159,CUST02950,2026-01-25,Événement VIC,Moyen-Orient
TP011160,CUST02950,2026-01-28,Appel conseiller de vente,Moyen-Orient
TP011161,CUST02950,2026-06-25,Événement VIC,Moyen-Orient
TP011162,CUST02950,2026-06-07,Ouverture newsletter,Moyen-Orient
TP011163,CUST02951,2025-02-21,Événement VIC,Moyen-Orient
TP011164,CUST02951,2025-02-18,Rendez-vous boutique,Moyen-Orient
TP011165,CUST02951,2025-02-23,Événement VIC,Moyen-Orient
TP011166,CUST02952,2025-09-10,Événement VIC,Japon
TP011167,CUST02952,2025-08-25,Événement VIC,Japon
TP011168,CUST02952,2025-09-12,Visite site e-commerce,Japon
TP011169,CUST02952,2026-03-03,Rendez-vous boutique,Japon
TP011170,CUST02953,2026-04-02,Ouverture newsletter,Chine
TP011171,CUST02953,2026-03-24,Rendez-vous boutique,Chine
TP011172,CUST02954,2026-03-29,Visite site e-commerce,Chine
TP011173,CUST02954,2026-03-13,Ouverture newsletter,Chine
TP011174,CUST02954,2026-03-22,Événement VIC,Chine
TP011175,CUST02955,2025-08-20,Événement VIC,France (siège)
TP011176,CUST02955,2025-12-24,Événement VIC,France (siège)
TP011177,CUST02955,2025-12-26,Rendez-vous boutique,France (siège)
TP011178,CUST02955,2026-05-23,Appel conseiller de vente,France (siège)
TP011179,CUST02956,2025-10-16,Rendez-vous boutique,Moyen-Orient
TP011180,CUST02956,2025-10-15,Visite site e-commerce,Moyen-Orient
TP011181,CUST02957,2025-07-20,Ouverture newsletter,France (siège)
TP011182,CUST02957,2025-07-15,Appel conseiller de vente,France (siège)
TP011183,CUST02957,2025-07-13,Ouverture newsletter,France (siège)
TP011184,CUST02957,2025-11-03,Rendez-vous boutique,France (siège)
TP011185,CUST02957,2025-10-30,Appel conseiller de vente,France (siège)
TP011186,CUST02957,2025-11-05,Visite site e-commerce,France (siège)
TP011187,CUST02957,2026-03-20,Visite site e-commerce,France (siège)
TP011188,CUST02957,2026-03-24,Visite site e-commerce,France (siège)
TP011189,CUST02958,2025-10-24,Événement VIC,France (siège)
TP011190,CUST02958,2025-11-02,Ouverture newsletter,France (siège)
TP011191,CUST02958,2026-02-27,Rendez-vous boutique,France (siège)
TP011192,CUST02959,2026-07-12,Rendez-vous boutique,France (siège)
TP011193,CUST02959,2026-07-07,Rendez-vous boutique,France (siège)
TP011194,CUST02961,2026-03-03,Appel conseiller de vente,Japon
TP011195,CUST02963,2025-09-06,Appel conseiller de vente,Chine
TP011196,CUST02963,2026-02-17,Visite site e-commerce,Chine
TP011197,CUST02963,2026-05-28,Rendez-vous boutique,Chine
TP011198,CUST02963,2026-06-08,Rendez-vous boutique,Chine
TP011199,CUST02963,2026-06-02,Rendez-vous boutique,Chine
TP011200,CUST02964,2025-09-20,Appel conseiller de vente,Moyen-Orient
TP011201,CUST02964,2025-09-21,Rendez-vous boutique,Moyen-Orient
TP011202,CUST02964,2025-09-09,Appel conseiller de vente,Moyen-Orient
TP011203,CUST02964,2026-02-24,Visite site e-commerce,Moyen-Orient
TP011204,CUST02964,2026-07-18,Ouverture newsletter,Moyen-Orient
TP011205,CUST02965,2025-05-23,Visite site e-commerce,Moyen-Orient
TP011206,CUST02965,2025-10-30,Événement VIC,Moyen-Orient
TP011207,CUST02965,2026-03-25,Appel conseiller de vente,Moyen-Orient
TP011208,CUST02965,2026-03-20,Ouverture newsletter,Moyen-Orient
TP011209,CUST02965,2026-04-07,Visite site e-commerce,Moyen-Orient
TP011210,CUST02966,2025-05-15,Ouverture newsletter,USA
TP011211,CUST02966,2025-04-27,Rendez-vous boutique,USA
TP011212,CUST02966,2025-09-16,Visite site e-commerce,USA
TP011213,CUST02966,2026-01-07,Rendez-vous boutique,USA
TP011214,CUST02966,2026-05-03,Événement VIC,USA
TP011215,CUST02967,2025-11-22,Ouverture newsletter,Chine
TP011216,CUST02967,2026-02-19,Événement VIC,Chine
TP011217,CUST02967,2026-02-22,Appel conseiller de vente,Chine
TP011218,CUST02967,2026-02-12,Appel conseiller de vente,Chine
TP011219,CUST02967,2026-06-15,Rendez-vous boutique,Chine
TP011220,CUST02967,2026-06-03,Visite site e-commerce,Chine
TP011221,CUST02968,2025-06-03,Ouverture newsletter,Chine
TP011222,CUST02968,2025-05-24,Visite site e-commerce,Chine
TP011223,CUST02968,2025-10-22,Rendez-vous boutique,Chine
TP011224,CUST02968,2026-03-09,Visite site e-commerce,Chine
TP011225,CUST02968,2026-03-18,Visite site e-commerce,Chine
TP011226,CUST02969,2025-12-04,Rendez-vous boutique,Chine
TP011227,CUST02969,2025-12-09,Appel conseiller de vente,Chine
TP011228,CUST02969,2026-06-13,Ouverture newsletter,Chine
TP011229,CUST02969,2026-05-24,Appel conseiller de vente,Chine
TP011230,CUST02970,2025-05-26,Visite site e-commerce,Japon
TP011231,CUST02970,2025-06-05,Événement VIC,Japon
TP011232,CUST02970,2026-01-07,Événement VIC,Japon
TP011233,CUST02970,2025-12-20,Ouverture newsletter,Japon
TP011234,CUST02970,2025-12-31,Rendez-vous boutique,Japon
TP011235,CUST02970,2026-04-25,Appel conseiller de vente,Japon
TP011236,CUST02970,2026-04-28,Ouverture newsletter,Japon
TP011237,CUST02970,2026-04-28,Visite site e-commerce,Japon
TP011238,CUST02971,2026-04-25,Appel conseiller de vente,Japon
TP011239,CUST02971,2026-04-28,Rendez-vous boutique,Japon
TP011240,CUST02971,2026-04-25,Visite site e-commerce,Japon
TP011241,CUST02972,2026-01-16,Visite site e-commerce,Moyen-Orient
TP011242,CUST02972,2026-01-19,Événement VIC,Moyen-Orient
TP011243,CUST02972,2026-06-24,Appel conseiller de vente,Moyen-Orient
TP011244,CUST02972,2026-07-01,Visite site e-commerce,Moyen-Orient
TP011245,CUST02973,2026-01-22,Appel conseiller de vente,Japon
TP011246,CUST02974,2026-01-16,Rendez-vous boutique,France (siège)
TP011247,CUST02974,2026-05-31,Événement VIC,France (siège)
TP011248,CUST02974,2026-05-28,Rendez-vous boutique,France (siège)
TP011249,CUST02974,2026-06-05,Événement VIC,France (siège)
TP011250,CUST02975,2025-11-08,Appel conseiller de vente,USA
TP011251,CUST02975,2025-10-25,Visite site e-commerce,USA
TP011252,CUST02975,2026-04-29,Visite site e-commerce,USA
TP011253,CUST02975,2026-05-06,Événement VIC,USA
TP011254,CUST02976,2026-02-10,Appel conseiller de vente,France (siège)
TP011255,CUST02976,2026-02-01,Événement VIC,France (siège)
TP011256,CUST02976,2026-07-03,Événement VIC,France (siège)
TP011257,CUST02977,2026-02-24,Rendez-vous boutique,France (siège)
TP011258,CUST02977,2026-02-11,Ouverture newsletter,France (siège)
TP011259,CUST02978,2026-05-13,Événement VIC,Japon
TP011260,CUST02978,2026-05-20,Ouverture newsletter,Japon
TP011261,CUST02978,2026-05-03,Événement VIC,Japon
TP011262,CUST02979,2026-05-13,Appel conseiller de vente,USA
TP011263,CUST02979,2026-05-09,Ouverture newsletter,USA
TP011264,CUST02980,2025-12-20,Ouverture newsletter,USA
TP011265,CUST02980,2026-05-10,Visite site e-commerce,USA
TP011266,CUST02981,2025-12-12,Rendez-vous boutique,USA
TP011267,CUST02981,2025-12-14,Rendez-vous boutique,USA
TP011268,CUST02981,2026-05-14,Appel conseiller de vente,USA
TP011269,CUST02981,2026-04-26,Ouverture newsletter,USA
TP011270,CUST02981,2026-05-05,Ouverture newsletter,USA
TP011271,CUST02983,2025-11-09,Rendez-vous boutique,France (siège)
TP011272,CUST02983,2025-11-09,Ouverture newsletter,France (siège)
TP011273,CUST02983,2026-06-19,Visite site e-commerce,France (siège)
TP011274,CUST02983,2026-06-07,Rendez-vous boutique,France (siège)
TP011275,CUST02984,2026-04-15,Ouverture newsletter,USA
TP011276,CUST02985,2025-03-19,Ouverture newsletter,Japon
TP011277,CUST02985,2025-03-05,Appel conseiller de vente,Japon
TP011278,CUST02985,2025-03-12,Visite site e-commerce,Japon
TP011279,CUST02985,2025-08-28,Rendez-vous boutique,Japon
TP011280,CUST02986,2026-04-18,Rendez-vous boutique,France (siège)
TP011281,CUST02986,2026-04-02,Ouverture newsletter,France (siège)
TP011282,CUST02986,2026-04-01,Visite site e-commerce,France (siège)
TP011283,CUST02987,2025-12-21,Événement VIC,Moyen-Orient
TP011284,CUST02987,2025-11-29,Visite site e-commerce,Moyen-Orient
TP011285,CUST02987,2025-11-30,Appel conseiller de vente,Moyen-Orient
TP011286,CUST02987,2026-06-13,Visite site e-commerce,Moyen-Orient
TP011287,CUST02987,2026-06-02,Appel conseiller de vente,Moyen-Orient
TP011288,CUST02988,2025-08-14,Ouverture newsletter,USA
TP011289,CUST02988,2025-08-19,Ouverture newsletter,USA
TP011290,CUST02988,2025-07-31,Appel conseiller de vente,USA
TP011291,CUST02988,2025-12-20,Visite site e-commerce,USA
TP011292,CUST02988,2025-12-22,Appel conseiller de vente,USA
TP011293,CUST02988,2026-06-06,Rendez-vous boutique,USA
TP011294,CUST02989,2026-03-21,Événement VIC,Chine
TP011295,CUST02991,2026-03-21,Ouverture newsletter,France (siège)
TP011296,CUST02993,2025-01-26,Rendez-vous boutique,Chine
TP011297,CUST02993,2025-07-19,Rendez-vous boutique,Chine
TP011298,CUST02993,2025-07-11,Appel conseiller de vente,Chine
TP011299,CUST02993,2025-07-13,Visite site e-commerce,Chine
TP011300,CUST02993,2026-01-14,Visite site e-commerce,Chine
TP011301,CUST02993,2026-06-17,Visite site e-commerce,Chine
TP011302,CUST02993,2026-07-02,Événement VIC,Chine
TP011303,CUST02995,2025-05-22,Visite site e-commerce,USA
TP011304,CUST02995,2025-05-13,Ouverture newsletter,USA
TP011305,CUST02995,2025-10-22,Événement VIC,USA
TP011306,CUST02995,2026-03-27,Rendez-vous boutique,USA
TP011307,CUST02995,2026-04-04,Rendez-vous boutique,USA
TP011308,CUST02995,2026-03-27,Événement VIC,USA
TP011309,CUST02996,2025-12-24,Événement VIC,Chine
TP011310,CUST02996,2025-12-17,Visite site e-commerce,Chine
TP011311,CUST02996,2025-12-19,Ouverture newsletter,Chine
TP011312,CUST02996,2026-05-19,Visite site e-commerce,Chine
TP011313,CUST02996,2026-05-27,Appel conseiller de vente,Chine
TP011314,CUST02996,2026-05-15,Appel conseiller de vente,Chine
TP011315,CUST02997,2026-05-24,Appel conseiller de vente,Moyen-Orient
TP011316,CUST02998,2025-10-19,Appel conseiller de vente,France (siège)
TP011317,CUST02998,2025-09-28,Événement VIC,France (siège)
TP011318,CUST02998,2025-10-04,Rendez-vous boutique,France (siège)
TP011319,CUST02999,2026-01-29,Appel conseiller de vente,France (siège)
TP011320,CUST02999,2026-01-25,Appel conseiller de vente,France (siège)
TP011321,CUST02999,2026-06-21,Visite site e-commerce,France (siège)
TP011322,CUST02999,2026-06-16,Rendez-vous boutique,France (siège)
TP011323,CUST03000,2026-01-17,Rendez-vous boutique,USA
TP011324,CUST03000,2026-01-01,Rendez-vous boutique,USA
TP011325,CUST03000,2026-01-12,Rendez-vous boutique,USA
TP011326,CUST03000,2026-05-24,Événement VIC,USA
TP011327,CUST03000,2026-05-05,Événement VIC,USA
TP011328,CUST03000,2026-05-15,Appel conseiller de vente,USA
TP011329,CUST03001,2025-04-01,Événement VIC,France (siège)
TP011330,CUST03002,2025-11-09,Événement VIC,USA
TP011331,CUST03002,2025-11-16,Événement VIC,USA
TP011332,CUST03002,2026-05-13,Ouverture newsletter,USA
TP011333,CUST03002,2026-04-30,Visite site e-commerce,USA
TP011334,CUST03002,2026-05-17,Ouverture newsletter,USA
TP011335,CUST03003,2025-08-11,Appel conseiller de vente,Chine
TP011336,CUST03003,2025-08-22,Ouverture newsletter,Chine
TP011337,CUST03003,2026-02-27,Rendez-vous boutique,Chine
TP011338,CUST03004,2026-05-07,Visite site e-commerce,France (siège)
TP011339,CUST03004,2026-05-05,Événement VIC,France (siège)
TP011340,CUST03005,2026-05-19,Rendez-vous boutique,France (siège)
TP011341,CUST03005,2026-05-26,Ouverture newsletter,France (siège)
TP011342,CUST03006,2026-05-26,Visite site e-commerce,Moyen-Orient
TP011343,CUST03006,2026-05-28,Visite site e-commerce,Moyen-Orient
TP011344,CUST03007,2026-04-07,Visite site e-commerce,USA
TP011345,CUST03007,2026-04-04,Appel conseiller de vente,USA
TP011346,CUST03008,2025-03-25,Appel conseiller de vente,Chine
TP011347,CUST03008,2025-03-23,Événement VIC,Chine
TP011348,CUST03008,2025-03-24,Ouverture newsletter,Chine
TP011349,CUST03008,2025-09-28,Appel conseiller de vente,Chine
TP011350,CUST03008,2025-10-16,Rendez-vous boutique,Chine
TP011351,CUST03009,2026-02-06,Appel conseiller de vente,USA
TP011352,CUST03009,2026-02-12,Ouverture newsletter,USA
TP011353,CUST03009,2026-06-18,Ouverture newsletter,USA
TP011354,CUST03009,2026-06-06,Ouverture newsletter,USA
TP011355,CUST03010,2025-02-16,Événement VIC,France (siège)
TP011356,CUST03010,2025-06-10,Ouverture newsletter,France (siège)
TP011357,CUST03011,2025-06-14,Rendez-vous boutique,USA
TP011358,CUST03011,2025-06-03,Visite site e-commerce,USA
TP011359,CUST03011,2025-12-15,Événement VIC,USA
TP011360,CUST03011,2025-12-13,Visite site e-commerce,USA
TP011361,CUST03011,2025-12-08,Ouverture newsletter,USA
TP011362,CUST03011,2026-06-12,Visite site e-commerce,USA
TP011363,CUST03011,2026-06-20,Visite site e-commerce,USA
TP011364,CUST03011,2026-06-16,Événement VIC,USA
TP011365,CUST03012,2025-06-26,Rendez-vous boutique,Chine
TP011366,CUST03012,2025-06-28,Ouverture newsletter,Chine
TP011367,CUST03012,2025-11-15,Ouverture newsletter,Chine
TP011368,CUST03012,2026-05-06,Visite site e-commerce,Chine
TP011369,CUST03012,2026-04-19,Visite site e-commerce,Chine
TP011370,CUST03013,2025-12-15,Appel conseiller de vente,USA
TP011371,CUST03013,2026-05-23,Ouverture newsletter,USA
TP011372,CUST03013,2026-05-27,Rendez-vous boutique,USA
TP011373,CUST03013,2026-05-22,Rendez-vous boutique,USA
TP011374,CUST03014,2026-04-03,Appel conseiller de vente,Moyen-Orient
TP011375,CUST03014,2026-04-01,Ouverture newsletter,Moyen-Orient
TP011376,CUST03015,2025-09-06,Événement VIC,Moyen-Orient
TP011377,CUST03015,2025-09-09,Appel conseiller de vente,Moyen-Orient
TP011378,CUST03015,2026-02-24,Rendez-vous boutique,Moyen-Orient
TP011379,CUST03015,2026-02-06,Ouverture newsletter,Moyen-Orient
TP011380,CUST03015,2026-02-21,Appel conseiller de vente,Moyen-Orient
TP011381,CUST03015,2026-07-04,Événement VIC,Moyen-Orient
TP011382,CUST03016,2025-04-12,Rendez-vous boutique,USA
TP011383,CUST03016,2025-08-26,Événement VIC,USA
TP011384,CUST03016,2025-08-28,Événement VIC,USA
TP011385,CUST03016,2025-08-26,Rendez-vous boutique,USA
TP011386,CUST03016,2026-01-05,Événement VIC,USA
TP011387,CUST03016,2026-05-13,Événement VIC,USA
TP011388,CUST03017,2025-03-09,Visite site e-commerce,USA
TP011389,CUST03017,2025-09-16,Événement VIC,USA
TP011390,CUST03017,2025-09-02,Appel conseiller de vente,USA
TP011391,CUST03017,2025-09-06,Visite site e-commerce,USA
TP011392,CUST03017,2026-02-04,Visite site e-commerce,USA
TP011393,CUST03017,2026-02-01,Événement VIC,USA
TP011394,CUST03017,2026-01-31,Événement VIC,USA
TP011395,CUST03017,2026-07-01,Appel conseiller de vente,USA
TP011396,CUST03017,2026-06-27,Rendez-vous boutique,USA
TP011397,CUST03017,2026-07-12,Événement VIC,USA
TP011398,CUST03018,2025-11-03,Rendez-vous boutique,Chine
TP011399,CUST03018,2025-10-24,Ouverture newsletter,Chine
TP011400,CUST03018,2026-05-16,Appel conseiller de vente,Chine
TP011401,CUST03018,2026-05-19,Visite site e-commerce,Chine
TP011402,CUST03019,2025-10-17,Appel conseiller de vente,Chine
TP011403,CUST03019,2025-10-14,Ouverture newsletter,Chine
TP011404,CUST03019,2025-10-28,Ouverture newsletter,Chine
TP011405,CUST03019,2026-03-01,Événement VIC,Chine
TP011406,CUST03019,2026-07-18,Événement VIC,Chine
TP011407,CUST03019,2026-07-15,Événement VIC,Chine
TP011408,CUST03019,2026-07-07,Visite site e-commerce,Chine
TP011409,CUST03020,2026-06-21,Visite site e-commerce,USA
TP011410,CUST03021,2026-05-01,Événement VIC,Japon
TP011411,CUST03021,2026-05-01,Ouverture newsletter,Japon
TP011412,CUST03021,2026-04-23,Appel conseiller de vente,Japon
TP011413,CUST03022,2025-05-30,Ouverture newsletter,Japon
TP011414,CUST03023,2026-05-25,Appel conseiller de vente,Chine
TP011415,CUST03024,2025-09-15,Visite site e-commerce,France (siège)
TP011416,CUST03024,2026-02-01,Rendez-vous boutique,France (siège)
TP011417,CUST03024,2026-02-01,Visite site e-commerce,France (siège)
TP011418,CUST03024,2026-02-04,Appel conseiller de vente,France (siège)
TP011419,CUST03024,2026-07-14,Visite site e-commerce,France (siège)
TP011420,CUST03024,2026-07-07,Ouverture newsletter,France (siège)
TP011421,CUST03025,2026-03-26,Appel conseiller de vente,Moyen-Orient
TP011422,CUST03025,2026-04-10,Événement VIC,Moyen-Orient
TP011423,CUST03025,2026-03-28,Événement VIC,Moyen-Orient
TP011424,CUST03026,2025-04-19,Ouverture newsletter,Chine
TP011425,CUST03026,2025-05-03,Ouverture newsletter,Chine
TP011426,CUST03026,2025-09-17,Rendez-vous boutique,Chine
TP011427,CUST03026,2026-02-13,Rendez-vous boutique,Chine
TP011428,CUST03026,2026-02-09,Ouverture newsletter,Chine
TP011429,CUST03026,2026-02-14,Visite site e-commerce,Chine
TP011430,CUST03027,2025-11-04,Rendez-vous boutique,France (siège)
TP011431,CUST03027,2026-03-16,Événement VIC,France (siège)
TP011432,CUST03027,2026-03-22,Ouverture newsletter,France (siège)
TP011433,CUST03027,2026-03-29,Appel conseiller de vente,France (siège)
TP011434,CUST03028,2025-02-09,Rendez-vous boutique,Moyen-Orient
TP011435,CUST03028,2025-01-30,Appel conseiller de vente,Moyen-Orient
TP011436,CUST03028,2025-07-24,Événement VIC,Moyen-Orient
TP011437,CUST03028,2025-07-28,Visite site e-commerce,Moyen-Orient
TP011438,CUST03028,2025-07-30,Appel conseiller de vente,Moyen-Orient
TP011439,CUST03028,2026-02-04,Appel conseiller de vente,Moyen-Orient
TP011440,CUST03028,2026-01-31,Appel conseiller de vente,Moyen-Orient
TP011441,CUST03029,2025-08-10,Événement VIC,USA
TP011442,CUST03029,2026-01-18,Rendez-vous boutique,USA
TP011443,CUST03029,2026-01-29,Appel conseiller de vente,USA
TP011444,CUST03029,2026-01-15,Ouverture newsletter,USA
TP011445,CUST03029,2026-06-08,Appel conseiller de vente,USA
TP011446,CUST03029,2026-06-10,Rendez-vous boutique,USA
TP011447,CUST03029,2026-06-12,Visite site e-commerce,USA
TP011448,CUST03030,2025-06-18,Ouverture newsletter,France (siège)
TP011449,CUST03030,2026-01-07,Ouverture newsletter,France (siège)
TP011450,CUST03030,2026-01-07,Événement VIC,France (siège)
TP011451,CUST03030,2026-07-11,Ouverture newsletter,France (siège)
TP011452,CUST03031,2026-02-19,Événement VIC,Chine
TP011453,CUST03031,2026-03-03,Appel conseiller de vente,Chine
TP011454,CUST03031,2026-07-16,Appel conseiller de vente,Chine
TP011455,CUST03032,2026-06-12,Ouverture newsletter,USA
TP011456,CUST03033,2026-04-21,Appel conseiller de vente,USA
TP011457,CUST03034,2025-09-11,Ouverture newsletter,USA
TP011458,CUST03034,2026-03-10,Rendez-vous boutique,USA
TP011459,CUST03034,2026-02-26,Événement VIC,USA
TP011460,CUST03034,2026-03-07,Visite site e-commerce,USA
TP011461,CUST03035,2025-10-09,Appel conseiller de vente,Japon
TP011462,CUST03035,2025-10-01,Appel conseiller de vente,Japon
TP011463,CUST03035,2025-10-04,Visite site e-commerce,Japon
TP011464,CUST03035,2026-01-12,Visite site e-commerce,Japon
TP011465,CUST03035,2026-02-03,Appel conseiller de vente,Japon
TP011466,CUST03035,2026-01-14,Visite site e-commerce,Japon
TP011467,CUST03035,2026-06-10,Rendez-vous boutique,Japon
TP011468,CUST03035,2026-06-07,Ouverture newsletter,Japon
TP011469,CUST03035,2026-06-24,Appel conseiller de vente,Japon
TP011470,CUST03036,2025-12-10,Ouverture newsletter,France (siège)
TP011471,CUST03036,2025-12-13,Appel conseiller de vente,France (siège)
TP011472,CUST03036,2025-12-25,Rendez-vous boutique,France (siège)
TP011473,CUST03036,2026-04-03,Appel conseiller de vente,France (siège)
TP011474,CUST03036,2026-04-04,Événement VIC,France (siège)
TP011475,CUST03038,2025-05-16,Ouverture newsletter,Chine
TP011476,CUST03038,2025-09-22,Appel conseiller de vente,Chine
TP011477,CUST03038,2025-09-29,Événement VIC,Chine
TP011478,CUST03038,2025-09-27,Visite site e-commerce,Chine
TP011479,CUST03038,2026-02-28,Appel conseiller de vente,Chine
TP011480,CUST03038,2026-02-28,Rendez-vous boutique,Chine
TP011481,CUST03038,2026-07-12,Événement VIC,Chine
TP011482,CUST03039,2025-09-13,Ouverture newsletter,Chine
TP011483,CUST03039,2025-09-19,Rendez-vous boutique,Chine
TP011484,CUST03039,2025-09-15,Événement VIC,Chine
TP011485,CUST03040,2025-06-12,Événement VIC,France (siège)
TP011486,CUST03040,2025-05-24,Rendez-vous boutique,France (siège)
TP011487,CUST03040,2025-05-31,Appel conseiller de vente,France (siège)
TP011488,CUST03041,2025-09-28,Visite site e-commerce,USA
TP011489,CUST03041,2025-09-07,Appel conseiller de vente,USA
TP011490,CUST03041,2026-03-30,Rendez-vous boutique,USA
TP011491,CUST03041,2026-03-29,Rendez-vous boutique,USA
TP011492,CUST03041,2026-03-29,Appel conseiller de vente,USA
TP011493,CUST03042,2025-09-19,Visite site e-commerce,France (siège)
TP011494,CUST03042,2026-03-24,Événement VIC,France (siège)
TP011495,CUST03042,2026-03-22,Événement VIC,France (siège)
TP011496,CUST03042,2026-03-12,Rendez-vous boutique,France (siège)
TP011497,CUST03043,2025-08-06,Visite site e-commerce,Japon
TP011498,CUST03043,2025-07-25,Appel conseiller de vente,Japon
TP011499,CUST03043,2025-12-27,Rendez-vous boutique,Japon
TP011500,CUST03043,2026-05-10,Événement VIC,Japon
TP011501,CUST03043,2026-05-09,Événement VIC,Japon
TP011502,CUST03043,2026-05-07,Rendez-vous boutique,Japon
TP011503,CUST03044,2025-10-21,Événement VIC,USA
TP011504,CUST03044,2025-10-18,Rendez-vous boutique,USA
TP011505,CUST03044,2026-04-03,Visite site e-commerce,USA
TP011506,CUST03045,2025-03-31,Rendez-vous boutique,France (siège)
TP011507,CUST03045,2025-08-17,Visite site e-commerce,France (siège)
TP011508,CUST03045,2025-08-25,Visite site e-commerce,France (siège)
TP011509,CUST03045,2025-09-08,Rendez-vous boutique,France (siège)
TP011510,CUST03045,2026-01-02,Rendez-vous boutique,France (siège)
TP011511,CUST03045,2026-01-02,Événement VIC,France (siège)
TP011512,CUST03045,2026-06-08,Appel conseiller de vente,France (siège)
TP011513,CUST03046,2025-03-12,Ouverture newsletter,USA
TP011514,CUST03046,2025-03-27,Ouverture newsletter,USA
TP011515,CUST03046,2025-08-22,Appel conseiller de vente,USA
TP011516,CUST03046,2025-08-28,Visite site e-commerce,USA
TP011517,CUST03047,2025-11-01,Visite site e-commerce,Chine
TP011518,CUST03048,2025-08-13,Rendez-vous boutique,Japon
TP011519,CUST03048,2025-08-22,Visite site e-commerce,Japon
TP011520,CUST03048,2025-08-16,Appel conseiller de vente,Japon
TP011521,CUST03049,2025-02-22,Ouverture newsletter,Chine
TP011522,CUST03049,2025-08-04,Appel conseiller de vente,Chine
TP011523,CUST03049,2025-08-04,Appel conseiller de vente,Chine
TP011524,CUST03049,2025-07-28,Ouverture newsletter,Chine
TP011525,CUST03049,2026-01-17,Visite site e-commerce,Chine
TP011526,CUST03049,2026-01-16,Visite site e-commerce,Chine
TP011527,CUST03049,2026-01-08,Rendez-vous boutique,Chine
TP011528,CUST03049,2026-05-20,Événement VIC,Chine
TP011529,CUST03049,2026-05-27,Appel conseiller de vente,Chine
TP011530,CUST03050,2026-01-21,Visite site e-commerce,Japon
TP011531,CUST03050,2026-01-02,Ouverture newsletter,Japon
TP011532,CUST03050,2026-05-29,Visite site e-commerce,Japon
TP011533,CUST03050,2026-06-01,Ouverture newsletter,Japon
TP011534,CUST03051,2026-06-16,Appel conseiller de vente,Japon
TP011535,CUST03051,2026-06-05,Appel conseiller de vente,Japon
TP011536,CUST03052,2025-09-15,Événement VIC,Japon
TP011537,CUST03052,2025-09-14,Visite site e-commerce,Japon
TP011538,CUST03052,2026-03-18,Ouverture newsletter,Japon
TP011539,CUST03052,2026-03-29,Appel conseiller de vente,Japon
TP011540,CUST03052,2026-03-31,Rendez-vous boutique,Japon
TP011541,CUST03054,2026-05-15,Ouverture newsletter,France (siège)
TP011542,CUST03054,2026-05-13,Rendez-vous boutique,France (siège)
TP011543,CUST03056,2026-03-06,Appel conseiller de vente,Japon
TP011544,CUST03056,2026-03-09,Ouverture newsletter,Japon
TP011545,CUST03056,2026-03-06,Événement VIC,Japon
TP011546,CUST03057,2025-11-19,Ouverture newsletter,Moyen-Orient
TP011547,CUST03057,2025-11-12,Visite site e-commerce,Moyen-Orient
TP011548,CUST03057,2025-12-01,Ouverture newsletter,Moyen-Orient
TP011549,CUST03057,2026-03-23,Appel conseiller de vente,Moyen-Orient
TP011550,CUST03058,2025-10-01,Appel conseiller de vente,USA
TP011551,CUST03058,2025-10-14,Rendez-vous boutique,USA
TP011552,CUST03058,2025-10-05,Visite site e-commerce,USA
TP011553,CUST03058,2026-02-10,Événement VIC,USA
TP011554,CUST03058,2026-02-12,Rendez-vous boutique,USA
TP011555,CUST03058,2026-02-20,Appel conseiller de vente,USA
TP011556,CUST03058,2026-07-10,Ouverture newsletter,USA
TP011557,CUST03058,2026-07-09,Ouverture newsletter,USA
TP011558,CUST03058,2026-07-31,Ouverture newsletter,USA
TP011559,CUST03059,2026-02-17,Rendez-vous boutique,France (siège)
TP011560,CUST03059,2026-02-21,Appel conseiller de vente,France (siège)
TP011561,CUST03060,2025-03-08,Événement VIC,Chine
TP011562,CUST03060,2025-08-27,Visite site e-commerce,Chine
TP011563,CUST03060,2025-09-05,Ouverture newsletter,Chine
TP011564,CUST03060,2026-02-12,Ouverture newsletter,Chine
TP011565,CUST03060,2026-02-22,Rendez-vous boutique,Chine
TP011566,CUST03060,2026-02-08,Ouverture newsletter,Chine
TP011567,CUST03060,2026-07-13,Rendez-vous boutique,Chine
TP011568,CUST03060,2026-07-10,Événement VIC,Chine
TP011569,CUST03061,2025-11-30,Ouverture newsletter,France (siège)
TP011570,CUST03061,2025-12-18,Visite site e-commerce,France (siège)
TP011571,CUST03061,2025-12-16,Appel conseiller de vente,France (siège)
TP011572,CUST03061,2026-06-04,Événement VIC,France (siège)
TP011573,CUST03061,2026-06-26,Visite site e-commerce,France (siège)
TP011574,CUST03062,2025-10-17,Ouverture newsletter,USA
TP011575,CUST03062,2025-10-22,Appel conseiller de vente,USA
TP011576,CUST03062,2026-03-19,Appel conseiller de vente,USA
TP011577,CUST03062,2026-04-06,Ouverture newsletter,USA
TP011578,CUST03063,2026-06-04,Événement VIC,Japon
TP011579,CUST03063,2026-06-12,Ouverture newsletter,Japon
TP011580,CUST03065,2026-03-04,Rendez-vous boutique,Chine
TP011581,CUST03065,2026-07-26,Rendez-vous boutique,Chine
TP011582,CUST03065,2026-07-16,Événement VIC,Chine
TP011583,CUST03066,2026-04-11,Appel conseiller de vente,Moyen-Orient
TP011584,CUST03066,2026-04-07,Ouverture newsletter,Moyen-Orient
TP011585,CUST03066,2026-03-31,Rendez-vous boutique,Moyen-Orient
TP011586,CUST03067,2025-11-05,Appel conseiller de vente,Moyen-Orient
TP011587,CUST03067,2025-10-27,Événement VIC,Moyen-Orient
TP011588,CUST03067,2026-03-11,Ouverture newsletter,Moyen-Orient
TP011589,CUST03067,2026-03-20,Visite site e-commerce,Moyen-Orient
TP011590,CUST03067,2026-03-22,Rendez-vous boutique,Moyen-Orient
TP011591,CUST03067,2026-06-27,Ouverture newsletter,Moyen-Orient
TP011592,CUST03068,2026-05-30,Appel conseiller de vente,USA
TP011593,CUST03069,2026-06-04,Visite site e-commerce,USA
TP011594,CUST03069,2026-05-26,Événement VIC,USA
TP011595,CUST03069,2026-06-07,Visite site e-commerce,USA
TP011596,CUST03070,2026-05-20,Rendez-vous boutique,France (siège)
TP011597,CUST03070,2026-05-25,Événement VIC,France (siège)
TP011598,CUST03070,2026-05-09,Ouverture newsletter,France (siège)
TP011599,CUST03071,2025-01-02,Visite site e-commerce,France (siège)
TP011600,CUST03071,2025-01-17,Événement VIC,France (siège)
TP011601,CUST03071,2025-01-07,Appel conseiller de vente,France (siège)
TP011602,CUST03071,2025-05-14,Visite site e-commerce,France (siège)
TP011603,CUST03071,2025-04-30,Ouverture newsletter,France (siège)
TP011604,CUST03071,2025-05-06,Événement VIC,France (siège)
TP011605,CUST03071,2025-10-03,Ouverture newsletter,France (siège)
TP011606,CUST03071,2025-10-01,Ouverture newsletter,France (siège)
TP011607,CUST03071,2026-02-01,Rendez-vous boutique,France (siège)
TP011608,CUST03071,2026-02-10,Ouverture newsletter,France (siège)
TP011609,CUST03071,2026-01-29,Événement VIC,France (siège)
TP011610,CUST03071,2026-06-13,Événement VIC,France (siège)
TP011611,CUST03072,2026-05-05,Événement VIC,Moyen-Orient
TP011612,CUST03072,2026-05-11,Événement VIC,Moyen-Orient
TP011613,CUST03073,2025-07-17,Événement VIC,France (siège)
TP011614,CUST03073,2025-07-06,Rendez-vous boutique,France (siège)
TP011615,CUST03073,2025-07-14,Visite site e-commerce,France (siège)
TP011616,CUST03073,2025-12-06,Événement VIC,France (siège)
TP011617,CUST03073,2025-12-04,Événement VIC,France (siège)
TP011618,CUST03073,2025-11-29,Rendez-vous boutique,France (siège)
TP011619,CUST03073,2026-06-25,Visite site e-commerce,France (siège)
TP011620,CUST03073,2026-06-24,Ouverture newsletter,France (siège)
TP011621,CUST03074,2025-06-16,Rendez-vous boutique,France (siège)
TP011622,CUST03074,2025-07-06,Rendez-vous boutique,France (siège)
TP011623,CUST03074,2025-11-10,Visite site e-commerce,France (siège)
TP011624,CUST03074,2025-11-01,Ouverture newsletter,France (siège)
TP011625,CUST03074,2026-04-04,Rendez-vous boutique,France (siège)
TP011626,CUST03074,2026-03-19,Événement VIC,France (siège)
TP011627,CUST03075,2026-03-18,Appel conseiller de vente,France (siège)
TP011628,CUST03077,2026-03-04,Événement VIC,France (siège)
TP011629,CUST03077,2026-02-15,Rendez-vous boutique,France (siège)
TP011630,CUST03077,2026-03-10,Rendez-vous boutique,France (siège)
TP011631,CUST03078,2025-10-19,Rendez-vous boutique,Chine
TP011632,CUST03078,2025-11-07,Appel conseiller de vente,Chine
TP011633,CUST03078,2026-04-07,Rendez-vous boutique,Chine
TP011634,CUST03078,2026-04-04,Ouverture newsletter,Chine
TP011635,CUST03079,2025-02-17,Rendez-vous boutique,Chine
TP011636,CUST03079,2025-03-01,Visite site e-commerce,Chine
TP011637,CUST03079,2025-07-21,Rendez-vous boutique,Chine
TP011638,CUST03079,2025-07-20,Rendez-vous boutique,Chine
TP011639,CUST03080,2025-06-09,Ouverture newsletter,Japon
TP011640,CUST03080,2025-06-18,Appel conseiller de vente,Japon
TP011641,CUST03080,2025-06-14,Événement VIC,Japon
TP011642,CUST03080,2025-12-05,Visite site e-commerce,Japon
TP011643,CUST03080,2025-11-28,Ouverture newsletter,Japon
TP011644,CUST03080,2025-11-27,Visite site e-commerce,Japon
TP011645,CUST03080,2026-05-04,Événement VIC,Japon
TP011646,CUST03080,2026-05-07,Événement VIC,Japon
TP011647,CUST03081,2025-12-26,Appel conseiller de vente,Chine
TP011648,CUST03081,2026-04-07,Ouverture newsletter,Chine
TP011649,CUST03081,2026-04-04,Rendez-vous boutique,Chine
TP011650,CUST03081,2026-07-26,Événement VIC,Chine
TP011651,CUST03081,2026-07-02,Visite site e-commerce,Chine
TP011652,CUST03081,2026-07-20,Événement VIC,Chine
TP011653,CUST03082,2025-07-16,Rendez-vous boutique,France (siège)
TP011654,CUST03082,2025-12-16,Appel conseiller de vente,France (siège)
TP011655,CUST03082,2025-12-05,Rendez-vous boutique,France (siège)
TP011656,CUST03082,2025-11-28,Ouverture newsletter,France (siège)
TP011657,CUST03082,2026-07-09,Visite site e-commerce,France (siège)
TP011658,CUST03083,2026-03-17,Visite site e-commerce,Japon
TP011659,CUST03083,2026-03-24,Ouverture newsletter,Japon
TP011660,CUST03084,2025-05-25,Visite site e-commerce,Japon
TP011661,CUST03084,2025-06-03,Rendez-vous boutique,Japon
TP011662,CUST03084,2025-05-19,Appel conseiller de vente,Japon
TP011663,CUST03084,2025-10-14,Événement VIC,Japon
TP011664,CUST03084,2025-10-05,Événement VIC,Japon
TP011665,CUST03084,2025-10-12,Appel conseiller de vente,Japon
TP011666,CUST03084,2026-03-10,Visite site e-commerce,Japon
TP011667,CUST03085,2025-12-04,Ouverture newsletter,USA
TP011668,CUST03085,2025-11-30,Rendez-vous boutique,USA
TP011669,CUST03085,2026-05-05,Ouverture newsletter,USA
TP011670,CUST03085,2026-05-07,Visite site e-commerce,USA
TP011671,CUST03085,2026-05-10,Ouverture newsletter,USA
TP011672,CUST03087,2025-02-21,Appel conseiller de vente,France (siège)
TP011673,CUST03087,2025-02-16,Ouverture newsletter,France (siège)
TP011674,CUST03087,2025-07-16,Événement VIC,France (siège)
TP011675,CUST03087,2026-02-08,Appel conseiller de vente,France (siège)
TP011676,CUST03089,2025-02-11,Visite site e-commerce,Japon
TP011677,CUST03089,2025-07-29,Visite site e-commerce,Japon
TP011678,CUST03089,2025-12-28,Rendez-vous boutique,Japon
TP011679,CUST03089,2025-12-30,Appel conseiller de vente,Japon
TP011680,CUST03089,2026-06-28,Visite site e-commerce,Japon
TP011681,CUST03089,2026-07-04,Événement VIC,Japon
TP011682,CUST03089,2026-06-23,Événement VIC,Japon
TP011683,CUST03090,2026-07-11,Ouverture newsletter,USA
TP011684,CUST03091,2026-01-21,Visite site e-commerce,USA
TP011685,CUST03091,2026-01-12,Rendez-vous boutique,USA
TP011686,CUST03091,2026-05-20,Appel conseiller de vente,USA
TP011687,CUST03094,2025-12-24,Visite site e-commerce,Chine
TP011688,CUST03094,2025-12-06,Appel conseiller de vente,Chine
TP011689,CUST03094,2025-12-07,Appel conseiller de vente,Chine
TP011690,CUST03094,2026-06-02,Événement VIC,Chine
TP011691,CUST03094,2026-05-24,Ouverture newsletter,Chine
TP011692,CUST03096,2026-01-15,Appel conseiller de vente,USA
TP011693,CUST03097,2026-02-02,Visite site e-commerce,France (siège)
TP011694,CUST03097,2026-02-15,Visite site e-commerce,France (siège)
TP011695,CUST03097,2026-02-24,Visite site e-commerce,France (siège)
TP011696,CUST03097,2026-07-24,Visite site e-commerce,France (siège)
TP011697,CUST03097,2026-07-25,Ouverture newsletter,France (siège)
TP011698,CUST03097,2026-07-19,Appel conseiller de vente,France (siège)
TP011699,CUST03098,2025-10-19,Ouverture newsletter,Chine
TP011700,CUST03098,2026-02-25,Rendez-vous boutique,Chine
TP011701,CUST03098,2026-02-24,Événement VIC,Chine
TP011702,CUST03099,2026-03-08,Rendez-vous boutique,Chine
TP011703,CUST03099,2026-07-23,Visite site e-commerce,Chine
TP011704,CUST03100,2025-04-07,Appel conseiller de vente,Japon
TP011705,CUST03100,2025-08-29,Événement VIC,Japon
TP011706,CUST03100,2026-02-18,Appel conseiller de vente,Japon
TP011707,CUST03100,2026-06-29,Rendez-vous boutique,Japon
TP011708,CUST03100,2026-07-08,Rendez-vous boutique,Japon
TP011709,CUST03100,2026-07-10,Rendez-vous boutique,Japon
TP011710,CUST03101,2025-10-24,Visite site e-commerce,France (siège)
TP011711,CUST03101,2026-05-20,Visite site e-commerce,France (siège)
TP011712,CUST03101,2026-05-24,Appel conseiller de vente,France (siège)
TP011713,CUST03101,2026-05-20,Visite site e-commerce,France (siège)
TP011714,CUST03102,2025-04-10,Événement VIC,USA
TP011715,CUST03102,2025-04-19,Appel conseiller de vente,USA
TP011716,CUST03102,2025-09-18,Événement VIC,USA
TP011717,CUST03102,2025-10-05,Rendez-vous boutique,USA
TP011718,CUST03102,2026-02-01,Appel conseiller de vente,USA
TP011719,CUST03102,2026-06-29,Rendez-vous boutique,USA
TP011720,CUST03102,2026-06-22,Appel conseiller de vente,USA
TP011721,CUST03103,2025-03-10,Appel conseiller de vente,Japon
TP011722,CUST03103,2025-03-10,Visite site e-commerce,Japon
TP011723,CUST03103,2025-08-05,Appel conseiller de vente,Japon
TP011724,CUST03103,2025-08-12,Événement VIC,Japon
TP011725,CUST03103,2025-12-03,Ouverture newsletter,Japon
TP011726,CUST03103,2025-12-04,Visite site e-commerce,Japon
TP011727,CUST03103,2025-12-07,Appel conseiller de vente,Japon
TP011728,CUST03103,2026-06-11,Appel conseiller de vente,Japon
TP011729,CUST03103,2026-06-14,Ouverture newsletter,Japon
TP011730,CUST03103,2026-06-15,Rendez-vous boutique,Japon
TP011731,CUST03104,2025-06-19,Appel conseiller de vente,Moyen-Orient
TP011732,CUST03104,2025-07-02,Événement VIC,Moyen-Orient
TP011733,CUST03104,2025-12-08,Ouverture newsletter,Moyen-Orient
TP011734,CUST03104,2026-05-16,Appel conseiller de vente,Moyen-Orient
TP011735,CUST03105,2025-10-29,Événement VIC,France (siège)
TP011736,CUST03105,2025-11-15,Visite site e-commerce,France (siège)
TP011737,CUST03106,2025-10-10,Visite site e-commerce,France (siège)
TP011738,CUST03106,2025-10-06,Rendez-vous boutique,France (siège)
TP011739,CUST03106,2025-09-24,Visite site e-commerce,France (siège)
TP011740,CUST03106,2026-05-07,Rendez-vous boutique,France (siège)
TP011741,CUST03106,2026-05-08,Rendez-vous boutique,France (siège)
TP011742,CUST03106,2026-05-11,Événement VIC,France (siège)
TP011743,CUST03107,2025-09-03,Événement VIC,USA
TP011744,CUST03107,2026-01-22,Appel conseiller de vente,USA
TP011745,CUST03107,2026-01-29,Ouverture newsletter,USA
TP011746,CUST03107,2026-07-18,Visite site e-commerce,USA
TP011747,CUST03107,2026-07-20,Visite site e-commerce,USA
TP011748,CUST03108,2025-08-16,Appel conseiller de vente,Chine
TP011749,CUST03108,2025-08-08,Ouverture newsletter,Chine
TP011750,CUST03108,2025-07-30,Appel conseiller de vente,Chine
TP011751,CUST03108,2026-03-16,Événement VIC,Chine
TP011752,CUST03108,2026-03-26,Appel conseiller de vente,Chine
TP011753,CUST03109,2025-08-23,Ouverture newsletter,USA
TP011754,CUST03109,2025-08-11,Rendez-vous boutique,USA
TP011755,CUST03109,2025-08-16,Appel conseiller de vente,USA
TP011756,CUST03109,2026-01-23,Rendez-vous boutique,USA
TP011757,CUST03109,2026-06-22,Appel conseiller de vente,USA
TP011758,CUST03109,2026-06-14,Appel conseiller de vente,USA
TP011759,CUST03110,2025-04-10,Rendez-vous boutique,USA
TP011760,CUST03110,2025-10-07,Rendez-vous boutique,USA
TP011761,CUST03110,2025-10-07,Visite site e-commerce,USA
TP011762,CUST03110,2026-03-05,Rendez-vous boutique,USA
TP011763,CUST03111,2025-10-13,Appel conseiller de vente,France (siège)
TP011764,CUST03111,2026-02-26,Ouverture newsletter,France (siège)
TP011765,CUST03111,2026-02-05,Visite site e-commerce,France (siège)
TP011766,CUST03112,2025-08-27,Ouverture newsletter,USA
TP011767,CUST03112,2025-08-24,Événement VIC,USA
TP011768,CUST03112,2026-01-17,Visite site e-commerce,USA
TP011769,CUST03112,2026-01-14,Ouverture newsletter,USA
TP011770,CUST03112,2026-01-13,Ouverture newsletter,USA
TP011771,CUST03113,2026-06-04,Événement VIC,Chine
TP011772,CUST03113,2026-06-02,Visite site e-commerce,Chine
TP011773,CUST03114,2026-04-28,Appel conseiller de vente,France (siège)
TP011774,CUST03114,2026-05-11,Rendez-vous boutique,France (siège)
TP011775,CUST03115,2026-06-26,Rendez-vous boutique,France (siège)
TP011776,CUST03115,2026-06-30,Rendez-vous boutique,France (siège)
TP011777,CUST03116,2026-06-18,Ouverture newsletter,Japon
TP011778,CUST03116,2026-06-29,Visite site e-commerce,Japon
TP011779,CUST03116,2026-06-28,Rendez-vous boutique,Japon
TP011780,CUST03117,2025-01-18,Visite site e-commerce,Chine
TP011781,CUST03117,2025-01-30,Appel conseiller de vente,Chine
TP011782,CUST03117,2025-01-30,Événement VIC,Chine
TP011783,CUST03117,2025-05-31,Rendez-vous boutique,Chine
TP011784,CUST03117,2025-09-08,Événement VIC,Chine
TP011785,CUST03117,2025-09-02,Appel conseiller de vente,Chine
TP011786,CUST03117,2025-09-09,Événement VIC,Chine
TP011787,CUST03118,2026-06-30,Événement VIC,Chine
TP011788,CUST03119,2025-09-14,Rendez-vous boutique,Moyen-Orient
TP011789,CUST03119,2025-09-06,Appel conseiller de vente,Moyen-Orient
TP011790,CUST03119,2026-03-22,Événement VIC,Moyen-Orient
TP011791,CUST03119,2026-03-17,Événement VIC,Moyen-Orient
TP011792,CUST03120,2026-06-22,Événement VIC,France (siège)
TP011793,CUST03120,2026-06-20,Événement VIC,France (siège)
TP011794,CUST03121,2026-02-16,Visite site e-commerce,USA
TP011795,CUST03121,2026-02-13,Visite site e-commerce,USA
TP011796,CUST03121,2026-07-17,Rendez-vous boutique,USA
TP011797,CUST03121,2026-07-24,Événement VIC,USA
TP011798,CUST03122,2026-03-04,Ouverture newsletter,USA
TP011799,CUST03122,2026-03-08,Appel conseiller de vente,USA
TP011800,CUST03122,2026-03-08,Appel conseiller de vente,USA
TP011801,CUST03122,2026-07-11,Rendez-vous boutique,USA
TP011802,CUST03122,2026-07-04,Événement VIC,USA
TP011803,CUST03122,2026-07-04,Visite site e-commerce,USA
TP011804,CUST03123,2025-07-12,Ouverture newsletter,USA
TP011805,CUST03123,2025-12-28,Visite site e-commerce,USA
TP011806,CUST03123,2026-04-22,Visite site e-commerce,USA
TP011807,CUST03123,2026-04-27,Rendez-vous boutique,USA
TP011808,CUST03124,2025-03-29,Rendez-vous boutique,USA
TP011809,CUST03125,2026-05-29,Rendez-vous boutique,USA
TP011810,CUST03125,2026-06-05,Rendez-vous boutique,USA
TP011811,CUST03125,2026-06-06,Ouverture newsletter,USA
TP011812,CUST03126,2025-05-21,Événement VIC,Moyen-Orient
TP011813,CUST03126,2025-10-03,Visite site e-commerce,Moyen-Orient
TP011814,CUST03126,2025-09-27,Rendez-vous boutique,Moyen-Orient
TP011815,CUST03126,2025-09-28,Rendez-vous boutique,Moyen-Orient
TP011816,CUST03126,2026-03-09,Rendez-vous boutique,Moyen-Orient
TP011817,CUST03126,2026-03-06,Ouverture newsletter,Moyen-Orient
TP011818,CUST03126,2026-03-14,Visite site e-commerce,Moyen-Orient
TP011819,CUST03126,2026-07-09,Ouverture newsletter,Moyen-Orient
TP011820,CUST03127,2026-04-06,Rendez-vous boutique,France (siège)
TP011821,CUST03127,2026-04-19,Événement VIC,France (siège)
TP011822,CUST03128,2026-03-07,Appel conseiller de vente,Chine
TP011823,CUST03128,2026-07-06,Ouverture newsletter,Chine
TP011824,CUST03128,2026-07-18,Rendez-vous boutique,Chine
TP011825,CUST03128,2026-07-19,Ouverture newsletter,Chine
TP011826,CUST03129,2025-02-17,Appel conseiller de vente,Chine
TP011827,CUST03129,2025-07-29,Ouverture newsletter,Chine
TP011828,CUST03129,2026-02-03,Visite site e-commerce,Chine
TP011829,CUST03129,2026-07-16,Événement VIC,Chine
TP011830,CUST03129,2026-07-02,Appel conseiller de vente,Chine
TP011831,CUST03130,2025-03-11,Appel conseiller de vente,USA
TP011832,CUST03130,2025-03-11,Événement VIC,USA
TP011833,CUST03130,2025-03-08,Rendez-vous boutique,USA
TP011834,CUST03130,2025-09-04,Visite site e-commerce,USA
TP011835,CUST03130,2026-01-29,Événement VIC,USA
TP011836,CUST03130,2026-02-02,Rendez-vous boutique,USA
TP011837,CUST03132,2025-09-15,Appel conseiller de vente,Chine
TP011838,CUST03132,2025-09-16,Événement VIC,Chine
TP011839,CUST03132,2025-10-07,Événement VIC,Chine
TP011840,CUST03132,2026-02-28,Événement VIC,Chine
TP011841,CUST03132,2026-03-10,Appel conseiller de vente,Chine
TP011842,CUST03132,2026-02-22,Visite site e-commerce,Chine
TP011843,CUST03132,2026-07-21,Appel conseiller de vente,Chine
TP011844,CUST03133,2026-03-13,Ouverture newsletter,Japon
TP011845,CUST03133,2026-03-21,Événement VIC,Japon
TP011846,CUST03134,2025-08-25,Rendez-vous boutique,France (siège)
TP011847,CUST03134,2025-09-06,Ouverture newsletter,France (siège)
TP011848,CUST03134,2025-09-13,Ouverture newsletter,France (siège)
TP011849,CUST03134,2026-01-23,Événement VIC,France (siège)
TP011850,CUST03134,2026-02-08,Événement VIC,France (siège)
TP011851,CUST03134,2026-02-06,Ouverture newsletter,France (siège)
TP011852,CUST03134,2026-07-23,Événement VIC,France (siège)
TP011853,CUST03134,2026-07-23,Ouverture newsletter,France (siège)
TP011854,CUST03134,2026-07-17,Événement VIC,France (siège)
TP011855,CUST03135,2025-03-07,Appel conseiller de vente,Japon
TP011856,CUST03135,2025-03-10,Ouverture newsletter,Japon
TP011857,CUST03135,2025-03-17,Rendez-vous boutique,Japon
TP011858,CUST03135,2025-09-03,Ouverture newsletter,Japon
TP011859,CUST03135,2025-09-14,Événement VIC,Japon
TP011860,CUST03135,2026-02-08,Ouverture newsletter,Japon
TP011861,CUST03137,2026-04-16,Visite site e-commerce,France (siège)
TP011862,CUST03138,2026-05-24,Ouverture newsletter,Japon
TP011863,CUST03138,2026-05-31,Rendez-vous boutique,Japon
TP011864,CUST03139,2026-06-28,Appel conseiller de vente,Chine
TP011865,CUST03139,2026-07-12,Rendez-vous boutique,Chine
TP011866,CUST03139,2026-07-06,Visite site e-commerce,Chine
TP011867,CUST03140,2025-10-12,Événement VIC,USA
TP011868,CUST03140,2025-10-09,Événement VIC,USA
TP011869,CUST03140,2026-04-04,Appel conseiller de vente,USA
TP011870,CUST03140,2026-04-14,Ouverture newsletter,USA
TP011871,CUST03141,2025-08-15,Rendez-vous boutique,Moyen-Orient
TP011872,CUST03141,2025-08-23,Visite site e-commerce,Moyen-Orient
TP011873,CUST03141,2025-08-21,Appel conseiller de vente,Moyen-Orient
TP011874,CUST03141,2026-01-22,Événement VIC,Moyen-Orient
TP011875,CUST03141,2026-05-31,Événement VIC,Moyen-Orient
TP011876,CUST03141,2026-05-22,Visite site e-commerce,Moyen-Orient
TP011877,CUST03142,2025-03-29,Ouverture newsletter,France (siège)
TP011878,CUST03142,2025-04-12,Événement VIC,France (siège)
TP011879,CUST03142,2025-08-18,Événement VIC,France (siège)
TP011880,CUST03142,2025-12-16,Visite site e-commerce,France (siège)
TP011881,CUST03142,2025-12-26,Événement VIC,France (siège)
TP011882,CUST03142,2026-06-08,Rendez-vous boutique,France (siège)
TP011883,CUST03143,2025-07-27,Appel conseiller de vente,Moyen-Orient
TP011884,CUST03143,2025-07-23,Événement VIC,Moyen-Orient
TP011885,CUST03143,2025-07-26,Appel conseiller de vente,Moyen-Orient
TP011886,CUST03143,2025-12-01,Ouverture newsletter,Moyen-Orient
TP011887,CUST03143,2025-12-01,Appel conseiller de vente,Moyen-Orient
TP011888,CUST03143,2026-04-21,Rendez-vous boutique,Moyen-Orient
TP011889,CUST03143,2026-04-20,Ouverture newsletter,Moyen-Orient
TP011890,CUST03144,2025-06-10,Visite site e-commerce,Chine
TP011891,CUST03144,2025-12-08,Événement VIC,Chine
TP011892,CUST03144,2025-11-20,Visite site e-commerce,Chine
TP011893,CUST03144,2026-03-27,Événement VIC,Chine
TP011894,CUST03146,2025-08-26,Ouverture newsletter,Moyen-Orient
TP011895,CUST03146,2026-01-30,Rendez-vous boutique,Moyen-Orient
TP011896,CUST03146,2026-01-25,Ouverture newsletter,Moyen-Orient
TP011897,CUST03146,2026-01-23,Visite site e-commerce,Moyen-Orient
TP011898,CUST03146,2026-07-23,Visite site e-commerce,Moyen-Orient
TP011899,CUST03146,2026-07-31,Appel conseiller de vente,Moyen-Orient
TP011900,CUST03147,2025-11-28,Ouverture newsletter,Chine
TP011901,CUST03147,2025-11-12,Appel conseiller de vente,Chine
TP011902,CUST03147,2026-04-04,Rendez-vous boutique,Chine
TP011903,CUST03147,2026-04-20,Événement VIC,Chine
TP011904,CUST03148,2025-12-03,Événement VIC,Moyen-Orient
TP011905,CUST03148,2025-11-23,Événement VIC,Moyen-Orient
TP011906,CUST03148,2025-12-03,Appel conseiller de vente,Moyen-Orient
TP011907,CUST03148,2026-06-06,Appel conseiller de vente,Moyen-Orient
TP011908,CUST03148,2026-05-30,Ouverture newsletter,Moyen-Orient
TP011909,CUST03149,2026-01-02,Ouverture newsletter,Chine
TP011910,CUST03149,2026-01-05,Ouverture newsletter,Chine
TP011911,CUST03149,2026-06-01,Rendez-vous boutique,Chine
TP011912,CUST03149,2026-05-25,Rendez-vous boutique,Chine
TP011913,CUST03150,2025-04-18,Événement VIC,France (siège)
TP011914,CUST03150,2025-04-21,Rendez-vous boutique,France (siège)
TP011915,CUST03150,2025-08-22,Rendez-vous boutique,France (siège)
TP011916,CUST03150,2025-08-30,Événement VIC,France (siège)
TP011917,CUST03150,2026-02-18,Visite site e-commerce,France (siège)
TP011918,CUST03150,2026-06-27,Ouverture newsletter,France (siège)
TP011919,CUST03150,2026-07-18,Visite site e-commerce,France (siège)
TP011920,CUST03150,2026-07-12,Ouverture newsletter,France (siège)
TP011921,CUST03151,2026-03-06,Événement VIC,Chine
TP011922,CUST03151,2026-03-04,Appel conseiller de vente,Chine
TP011923,CUST03151,2026-02-28,Visite site e-commerce,Chine
TP011924,CUST03152,2025-09-11,Appel conseiller de vente,Moyen-Orient
TP011925,CUST03152,2025-09-14,Appel conseiller de vente,Moyen-Orient
TP011926,CUST03152,2025-09-14,Ouverture newsletter,Moyen-Orient
TP011927,CUST03153,2025-09-26,Visite site e-commerce,Chine
TP011928,CUST03153,2025-09-22,Ouverture newsletter,Chine
TP011929,CUST03153,2025-09-23,Appel conseiller de vente,Chine
TP011930,CUST03153,2026-01-30,Rendez-vous boutique,Chine
TP011931,CUST03153,2026-07-28,Ouverture newsletter,Chine
TP011932,CUST03154,2026-07-22,Appel conseiller de vente,USA
TP011933,CUST03155,2025-03-08,Rendez-vous boutique,Chine
TP011934,CUST03155,2025-03-15,Appel conseiller de vente,Chine
TP011935,CUST03155,2025-03-21,Ouverture newsletter,Chine
TP011936,CUST03155,2025-09-22,Événement VIC,Chine
TP011937,CUST03155,2025-09-28,Ouverture newsletter,Chine
TP011938,CUST03155,2025-09-30,Ouverture newsletter,Chine
TP011939,CUST03155,2026-03-31,Rendez-vous boutique,Chine
TP011940,CUST03155,2026-03-31,Ouverture newsletter,Chine
TP011941,CUST03156,2026-03-24,Ouverture newsletter,Moyen-Orient
TP011942,CUST03156,2026-03-06,Visite site e-commerce,Moyen-Orient
TP011943,CUST03156,2026-06-29,Rendez-vous boutique,Moyen-Orient
TP011944,CUST03156,2026-06-28,Rendez-vous boutique,Moyen-Orient
TP011945,CUST03156,2026-06-23,Appel conseiller de vente,Moyen-Orient
TP011946,CUST03157,2025-10-14,Visite site e-commerce,Chine
TP011947,CUST03157,2025-10-10,Ouverture newsletter,Chine
TP011948,CUST03157,2025-10-20,Ouverture newsletter,Chine
TP011949,CUST03157,2026-03-30,Événement VIC,Chine
TP011950,CUST03158,2025-07-29,Ouverture newsletter,Moyen-Orient
TP011951,CUST03158,2025-08-10,Ouverture newsletter,Moyen-Orient
TP011952,CUST03158,2026-02-01,Événement VIC,Moyen-Orient
TP011953,CUST03158,2026-01-18,Événement VIC,Moyen-Orient
TP011954,CUST03158,2026-02-02,Visite site e-commerce,Moyen-Orient
TP011955,CUST03158,2026-07-09,Événement VIC,Moyen-Orient
TP011956,CUST03159,2026-03-07,Visite site e-commerce,Chine
TP011957,CUST03159,2026-02-28,Appel conseiller de vente,Chine
TP011958,CUST03160,2025-04-06,Rendez-vous boutique,Chine
TP011959,CUST03160,2025-04-09,Visite site e-commerce,Chine
TP011960,CUST03160,2025-04-11,Rendez-vous boutique,Chine
TP011961,CUST03160,2025-10-09,Ouverture newsletter,Chine
TP011962,CUST03160,2025-10-24,Appel conseiller de vente,Chine
TP011963,CUST03160,2026-03-31,Événement VIC,Chine
TP011964,CUST03160,2026-03-31,Ouverture newsletter,Chine
TP011965,CUST03161,2026-04-28,Ouverture newsletter,Moyen-Orient
TP011966,CUST03162,2025-01-09,Événement VIC,France (siège)
TP011967,CUST03162,2025-01-14,Appel conseiller de vente,France (siège)
TP011968,CUST03162,2025-01-14,Ouverture newsletter,France (siège)
TP011969,CUST03163,2026-04-28,Événement VIC,Moyen-Orient
TP011970,CUST03164,2025-01-21,Appel conseiller de vente,France (siège)
TP011971,CUST03164,2025-01-23,Événement VIC,France (siège)
TP011972,CUST03164,2025-05-09,Appel conseiller de vente,France (siège)
TP011973,CUST03164,2025-05-23,Appel conseiller de vente,France (siège)
TP011974,CUST03164,2025-05-15,Visite site e-commerce,France (siège)
TP011975,CUST03164,2025-10-25,Visite site e-commerce,France (siège)
TP011976,CUST03164,2026-03-21,Événement VIC,France (siège)
TP011977,CUST03164,2026-04-06,Rendez-vous boutique,France (siège)
TP011978,CUST03164,2026-03-18,Visite site e-commerce,France (siège)
TP011979,CUST03165,2025-09-26,Appel conseiller de vente,USA
TP011980,CUST03165,2025-09-21,Visite site e-commerce,USA
TP011981,CUST03165,2025-09-25,Événement VIC,USA
TP011982,CUST03165,2026-01-22,Visite site e-commerce,USA
TP011983,CUST03166,2026-03-24,Visite site e-commerce,Chine
TP011984,CUST03167,2026-04-01,Ouverture newsletter,Chine
TP011985,CUST03167,2026-07-09,Rendez-vous boutique,Chine
TP011986,CUST03167,2026-07-09,Visite site e-commerce,Chine
TP011987,CUST03168,2025-10-08,Rendez-vous boutique,Chine
TP011988,CUST03168,2026-04-16,Événement VIC,Chine
TP011989,CUST03168,2026-04-23,Ouverture newsletter,Chine
TP011990,CUST03169,2026-01-06,Ouverture newsletter,Japon
TP011991,CUST03170,2026-05-14,Ouverture newsletter,France (siège)
TP011992,CUST03170,2026-05-16,Visite site e-commerce,France (siège)
TP011993,CUST03171,2026-01-05,Ouverture newsletter,France (siège)
TP011994,CUST03171,2026-06-21,Rendez-vous boutique,France (siège)
TP011995,CUST03172,2025-06-04,Visite site e-commerce,France (siège)
TP011996,CUST03172,2025-06-19,Ouverture newsletter,France (siège)
TP011997,CUST03172,2025-11-25,Appel conseiller de vente,France (siège)
TP011998,CUST03172,2025-11-23,Rendez-vous boutique,France (siège)
TP011999,CUST03172,2026-05-06,Appel conseiller de vente,France (siège)
TP012000,CUST03172,2026-04-20,Visite site e-commerce,France (siège)
TP012001,CUST03174,2026-04-14,Visite site e-commerce,USA
TP012002,CUST03175,2026-02-23,Appel conseiller de vente,USA
TP012003,CUST03175,2026-02-15,Visite site e-commerce,USA
TP012004,CUST03176,2025-03-18,Appel conseiller de vente,Japon
TP012005,CUST03176,2025-03-03,Ouverture newsletter,Japon
TP012006,CUST03176,2025-08-14,Appel conseiller de vente,Japon
TP012007,CUST03176,2025-08-12,Événement VIC,Japon
TP012008,CUST03176,2025-08-06,Événement VIC,Japon
TP012009,CUST03176,2025-11-22,Rendez-vous boutique,Japon
TP012010,CUST03176,2025-12-04,Appel conseiller de vente,Japon
TP012011,CUST03176,2025-11-28,Événement VIC,Japon
TP012012,CUST03176,2026-05-23,Événement VIC,Japon
TP012013,CUST03176,2026-06-05,Événement VIC,Japon
TP012014,CUST03176,2026-05-24,Rendez-vous boutique,Japon
TP012015,CUST03177,2025-03-23,Rendez-vous boutique,Moyen-Orient
TP012016,CUST03177,2025-03-22,Ouverture newsletter,Moyen-Orient
TP012017,CUST03177,2025-03-20,Rendez-vous boutique,Moyen-Orient
TP012018,CUST03177,2025-09-12,Événement VIC,Moyen-Orient
TP012019,CUST03178,2025-01-16,Appel conseiller de vente,USA
TP012020,CUST03178,2024-12-29,Appel conseiller de vente,USA
TP012021,CUST03178,2025-01-07,Visite site e-commerce,USA
TP012022,CUST03179,2024-12-24,Événement VIC,France (siège)
TP012023,CUST03179,2024-12-24,Appel conseiller de vente,France (siège)
TP012024,CUST03179,2025-04-29,Appel conseiller de vente,France (siège)
TP012025,CUST03179,2025-05-13,Événement VIC,France (siège)
TP012026,CUST03179,2025-09-02,Visite site e-commerce,France (siège)
TP012027,CUST03179,2026-02-09,Visite site e-commerce,France (siège)
TP012028,CUST03179,2026-02-08,Événement VIC,France (siège)
TP012029,CUST03179,2026-02-10,Appel conseiller de vente,France (siège)
TP012030,CUST03179,2026-06-29,Visite site e-commerce,France (siège)
TP012031,CUST03179,2026-06-24,Rendez-vous boutique,France (siège)
TP012032,CUST03180,2026-04-08,Ouverture newsletter,France (siège)
TP012033,CUST03181,2025-11-25,Événement VIC,Chine
TP012034,CUST03181,2025-11-11,Rendez-vous boutique,Chine
TP012035,CUST03181,2025-11-11,Rendez-vous boutique,Chine
TP012036,CUST03181,2026-03-22,Rendez-vous boutique,Chine
TP012037,CUST03181,2026-04-07,Événement VIC,Chine
TP012038,CUST03181,2026-04-12,Rendez-vous boutique,Chine
TP012039,CUST03182,2025-05-05,Visite site e-commerce,Chine
TP012040,CUST03182,2025-05-11,Ouverture newsletter,Chine
TP012041,CUST03182,2025-05-10,Événement VIC,Chine
TP012042,CUST03182,2025-10-21,Appel conseiller de vente,Chine
TP012043,CUST03182,2025-11-04,Visite site e-commerce,Chine
TP012044,CUST03183,2025-08-26,Appel conseiller de vente,USA
TP012045,CUST03183,2025-08-28,Événement VIC,USA
TP012046,CUST03183,2026-01-27,Rendez-vous boutique,USA
TP012047,CUST03183,2026-05-25,Ouverture newsletter,USA
TP012048,CUST03183,2026-05-27,Appel conseiller de vente,USA
TP012049,CUST03184,2025-02-05,Événement VIC,Chine
TP012050,CUST03184,2025-01-29,Appel conseiller de vente,Chine
TP012051,CUST03184,2025-01-27,Appel conseiller de vente,Chine
TP012052,CUST03184,2025-06-15,Appel conseiller de vente,Chine
TP012053,CUST03184,2025-06-11,Visite site e-commerce,Chine
TP012054,CUST03184,2025-06-22,Événement VIC,Chine
TP012055,CUST03184,2025-10-16,Appel conseiller de vente,Chine
TP012056,CUST03184,2025-11-02,Événement VIC,Chine
TP012057,CUST03184,2026-03-11,Rendez-vous boutique,Chine
TP012058,CUST03185,2026-06-12,Ouverture newsletter,USA
TP012059,CUST03185,2026-06-05,Rendez-vous boutique,USA
TP012060,CUST03186,2026-03-23,Événement VIC,Japon
TP012061,CUST03187,2026-03-20,Ouverture newsletter,USA
TP012062,CUST03188,2025-05-07,Visite site e-commerce,USA
TP012063,CUST03188,2025-10-10,Visite site e-commerce,USA
TP012064,CUST03188,2026-04-04,Ouverture newsletter,USA
TP012065,CUST03188,2026-04-06,Visite site e-commerce,USA
TP012066,CUST03188,2026-04-18,Ouverture newsletter,USA
TP012067,CUST03189,2025-05-24,Rendez-vous boutique,Moyen-Orient
TP012068,CUST03189,2025-05-18,Rendez-vous boutique,Moyen-Orient
TP012069,CUST03189,2025-05-24,Rendez-vous boutique,Moyen-Orient
TP012070,CUST03189,2025-11-02,Appel conseiller de vente,Moyen-Orient
TP012071,CUST03189,2025-11-15,Visite site e-commerce,Moyen-Orient
TP012072,CUST03189,2026-05-12,Appel conseiller de vente,Moyen-Orient
TP012073,CUST03190,2025-11-12,Événement VIC,France (siège)
TP012074,CUST03190,2025-11-10,Appel conseiller de vente,France (siège)
TP012075,CUST03190,2026-03-31,Ouverture newsletter,France (siège)
TP012076,CUST03190,2026-03-29,Rendez-vous boutique,France (siège)
TP012077,CUST03190,2026-04-12,Événement VIC,France (siège)
TP012078,CUST03191,2025-08-07,Ouverture newsletter,USA
TP012079,CUST03191,2025-07-23,Appel conseiller de vente,USA
TP012080,CUST03191,2025-12-01,Ouverture newsletter,USA
TP012081,CUST03191,2025-12-05,Rendez-vous boutique,USA
TP012082,CUST03191,2025-12-05,Ouverture newsletter,USA
TP012083,CUST03191,2026-04-29,Ouverture newsletter,USA
TP012084,CUST03191,2026-05-15,Ouverture newsletter,USA
TP012085,CUST03191,2026-04-27,Visite site e-commerce,USA
TP012086,CUST03192,2025-09-17,Rendez-vous boutique,Chine
TP012087,CUST03192,2026-02-23,Visite site e-commerce,Chine
TP012088,CUST03192,2026-02-15,Visite site e-commerce,Chine
TP012089,CUST03192,2026-02-08,Ouverture newsletter,Chine
TP012090,CUST03193,2026-06-14,Appel conseiller de vente,USA
TP012091,CUST03193,2026-06-15,Rendez-vous boutique,USA
TP012092,CUST03194,2026-01-22,Événement VIC,USA
TP012093,CUST03194,2026-01-27,Rendez-vous boutique,USA
TP012094,CUST03194,2026-02-08,Visite site e-commerce,USA
TP012095,CUST03195,2025-11-30,Événement VIC,Chine
TP012096,CUST03195,2025-11-28,Appel conseiller de vente,Chine
TP012097,CUST03195,2026-04-15,Visite site e-commerce,Chine
TP012098,CUST03195,2026-04-24,Visite site e-commerce,Chine
TP012099,CUST03195,2026-04-07,Événement VIC,Chine
TP012100,CUST03197,2025-10-10,Rendez-vous boutique,Moyen-Orient
TP012101,CUST03197,2026-03-15,Rendez-vous boutique,Moyen-Orient
TP012102,CUST03197,2026-03-17,Visite site e-commerce,Moyen-Orient
TP012103,CUST03197,2026-03-03,Événement VIC,Moyen-Orient
TP012104,CUST03198,2026-01-14,Événement VIC,France (siège)
TP012105,CUST03198,2026-01-22,Ouverture newsletter,France (siège)
TP012106,CUST03198,2026-07-13,Visite site e-commerce,France (siège)
TP012107,CUST03199,2025-08-03,Événement VIC,Moyen-Orient
TP012108,CUST03200,2025-11-22,Événement VIC,USA
TP012109,CUST03200,2025-11-15,Visite site e-commerce,USA
TP012110,CUST03201,2025-10-25,Appel conseiller de vente,Chine
TP012111,CUST03201,2025-11-03,Visite site e-commerce,Chine
TP012112,CUST03201,2025-10-12,Appel conseiller de vente,Chine
TP012113,CUST03201,2026-03-26,Événement VIC,Chine
TP012114,CUST03202,2026-04-19,Rendez-vous boutique,Japon
TP012115,CUST03202,2026-04-17,Rendez-vous boutique,Japon
TP012116,CUST03202,2026-04-25,Appel conseiller de vente,Japon
TP012117,CUST03203,2025-04-26,Visite site e-commerce,USA
TP012118,CUST03203,2025-04-11,Ouverture newsletter,USA
TP012119,CUST03203,2025-04-16,Événement VIC,USA
TP012120,CUST03203,2025-10-13,Événement VIC,USA
TP012121,CUST03203,2025-09-25,Rendez-vous boutique,USA
TP012122,CUST03203,2025-10-05,Événement VIC,USA
TP012123,CUST03203,2026-02-12,Appel conseiller de vente,USA
TP012124,CUST03203,2026-02-27,Rendez-vous boutique,USA
TP012125,CUST03205,2025-08-15,Appel conseiller de vente,USA
TP012126,CUST03205,2025-08-03,Ouverture newsletter,USA
TP012127,CUST03205,2025-12-14,Événement VIC,USA
TP012128,CUST03205,2026-06-13,Rendez-vous boutique,USA
TP012129,CUST03205,2026-06-28,Rendez-vous boutique,USA
TP012130,CUST03206,2025-03-27,Visite site e-commerce,Japon
TP012131,CUST03206,2025-03-26,Ouverture newsletter,Japon
TP012132,CUST03206,2025-03-23,Visite site e-commerce,Japon
TP012133,CUST03206,2025-08-11,Visite site e-commerce,Japon
TP012134,CUST03206,2025-08-15,Rendez-vous boutique,Japon
TP012135,CUST03206,2025-08-03,Visite site e-commerce,Japon
TP012136,CUST03206,2026-01-19,Rendez-vous boutique,Japon
TP012137,CUST03206,2026-02-02,Visite site e-commerce,Japon
TP012138,CUST03206,2026-01-24,Ouverture newsletter,Japon
TP012139,CUST03206,2026-07-17,Visite site e-commerce,Japon
TP012140,CUST03207,2025-06-28,Événement VIC,Japon
TP012141,CUST03207,2025-10-13,Appel conseiller de vente,Japon
TP012142,CUST03207,2026-03-28,Appel conseiller de vente,Japon
TP012143,CUST03207,2026-03-17,Rendez-vous boutique,Japon
TP012144,CUST03207,2026-03-25,Rendez-vous boutique,Japon
TP012145,CUST03208,2025-12-12,Visite site e-commerce,Moyen-Orient
TP012146,CUST03208,2025-11-27,Ouverture newsletter,Moyen-Orient
TP012147,CUST03208,2026-06-11,Événement VIC,Moyen-Orient
TP012148,CUST03208,2026-06-02,Rendez-vous boutique,Moyen-Orient
TP012149,CUST03208,2026-06-07,Ouverture newsletter,Moyen-Orient
TP012150,CUST03209,2025-05-19,Appel conseiller de vente,Chine
TP012151,CUST03209,2025-12-17,Ouverture newsletter,Chine
TP012152,CUST03209,2025-12-12,Rendez-vous boutique,Chine
TP012153,CUST03209,2025-12-20,Appel conseiller de vente,Chine
TP012154,CUST03209,2026-06-17,Rendez-vous boutique,Chine
TP012155,CUST03211,2025-10-01,Visite site e-commerce,USA
TP012156,CUST03211,2025-09-17,Événement VIC,USA
TP012157,CUST03211,2025-09-16,Rendez-vous boutique,USA
TP012158,CUST03211,2026-01-30,Événement VIC,USA
TP012159,CUST03211,2026-07-05,Événement VIC,USA
TP012160,CUST03212,2025-10-26,Appel conseiller de vente,USA
TP012161,CUST03212,2026-02-17,Appel conseiller de vente,USA
TP012162,CUST03212,2026-06-01,Rendez-vous boutique,USA
TP012163,CUST03213,2025-12-31,Visite site e-commerce,France (siège)
TP012164,CUST03213,2026-04-24,Appel conseiller de vente,France (siège)
TP012165,CUST03213,2026-04-18,Ouverture newsletter,France (siège)
TP012166,CUST03213,2026-04-03,Appel conseiller de vente,France (siège)
TP012167,CUST03214,2026-01-28,Ouverture newsletter,Chine
TP012168,CUST03214,2026-01-26,Appel conseiller de vente,Chine
TP012169,CUST03214,2026-07-11,Rendez-vous boutique,Chine
TP012170,CUST03214,2026-07-16,Visite site e-commerce,Chine
TP012171,CUST03215,2026-05-22,Ouverture newsletter,Chine
TP012172,CUST03215,2026-05-18,Visite site e-commerce,Chine
TP012173,CUST03216,2025-04-07,Rendez-vous boutique,Chine
TP012174,CUST03216,2025-04-12,Visite site e-commerce,Chine
TP012175,CUST03216,2025-04-12,Événement VIC,Chine
TP012176,CUST03216,2025-09-27,Événement VIC,Chine
TP012177,CUST03216,2025-09-30,Visite site e-commerce,Chine
TP012178,CUST03216,2025-10-06,Ouverture newsletter,Chine
TP012179,CUST03216,2026-01-21,Événement VIC,Chine
TP012180,CUST03216,2026-05-26,Rendez-vous boutique,Chine
TP012181,CUST03216,2026-06-01,Visite site e-commerce,Chine
TP012182,CUST03216,2026-05-31,Visite site e-commerce,Chine
TP012183,CUST03217,2026-07-03,Événement VIC,France (siège)
TP012184,CUST03218,2025-03-30,Ouverture newsletter,USA
TP012185,CUST03218,2025-03-26,Ouverture newsletter,USA
TP012186,CUST03218,2025-04-03,Événement VIC,USA
TP012187,CUST03218,2025-09-04,Appel conseiller de vente,USA
TP012188,CUST03218,2025-09-02,Rendez-vous boutique,USA
TP012189,CUST03218,2026-01-28,Rendez-vous boutique,USA
TP012190,CUST03218,2026-01-22,Appel conseiller de vente,USA
TP012191,CUST03218,2026-01-14,Rendez-vous boutique,USA
TP012192,CUST03218,2026-06-27,Ouverture newsletter,USA
TP012193,CUST03218,2026-06-27,Ouverture newsletter,USA
TP012194,CUST03220,2025-01-29,Ouverture newsletter,Moyen-Orient
TP012195,CUST03220,2025-06-20,Événement VIC,Moyen-Orient
TP012196,CUST03220,2025-10-07,Appel conseiller de vente,Moyen-Orient
TP012197,CUST03220,2026-02-18,Événement VIC,Moyen-Orient
TP012198,CUST03220,2026-07-03,Ouverture newsletter,Moyen-Orient
TP012199,CUST03221,2025-07-13,Appel conseiller de vente,Chine
TP012200,CUST03221,2025-07-29,Visite site e-commerce,Chine
TP012201,CUST03221,2025-07-24,Événement VIC,Chine
TP012202,CUST03221,2025-11-30,Événement VIC,Chine
TP012203,CUST03221,2025-12-04,Appel conseiller de vente,Chine
TP012204,CUST03221,2026-06-05,Événement VIC,Chine
TP012205,CUST03221,2026-05-18,Ouverture newsletter,Chine
TP012206,CUST03221,2026-05-19,Visite site e-commerce,Chine
TP012207,CUST03222,2025-09-02,Événement VIC,Chine
TP012208,CUST03222,2026-02-03,Événement VIC,Chine
TP012209,CUST03222,2026-04-23,Appel conseiller de vente,Chine
TP012210,CUST03223,2026-02-16,Visite site e-commerce,France (siège)
TP012211,CUST03223,2026-06-15,Rendez-vous boutique,France (siège)
TP012212,CUST03223,2026-06-14,Visite site e-commerce,France (siège)
TP012213,CUST03224,2025-08-01,Visite site e-commerce,France (siège)
TP012214,CUST03224,2025-07-28,Ouverture newsletter,France (siège)
TP012215,CUST03224,2025-12-12,Rendez-vous boutique,France (siège)
TP012216,CUST03224,2025-12-09,Rendez-vous boutique,France (siège)
TP012217,CUST03224,2026-04-09,Ouverture newsletter,France (siège)
TP012218,CUST03224,2026-04-15,Visite site e-commerce,France (siège)
TP012219,CUST03225,2026-07-20,Événement VIC,USA
TP012220,CUST03225,2026-07-23,Événement VIC,USA
TP012221,CUST03225,2026-07-14,Rendez-vous boutique,USA
TP012222,CUST03226,2025-06-15,Ouverture newsletter,Moyen-Orient
TP012223,CUST03226,2025-06-30,Rendez-vous boutique,Moyen-Orient
TP012224,CUST03226,2025-06-18,Rendez-vous boutique,Moyen-Orient
TP012225,CUST03226,2026-01-09,Visite site e-commerce,Moyen-Orient
TP012226,CUST03226,2025-12-30,Visite site e-commerce,Moyen-Orient
TP012227,CUST03226,2025-12-25,Appel conseiller de vente,Moyen-Orient
TP012228,CUST03226,2026-06-26,Visite site e-commerce,Moyen-Orient
TP012229,CUST03227,2025-07-20,Ouverture newsletter,Japon
TP012230,CUST03227,2025-08-03,Visite site e-commerce,Japon
TP012231,CUST03227,2025-07-15,Appel conseiller de vente,Japon
TP012232,CUST03227,2026-01-02,Événement VIC,Japon
TP012233,CUST03227,2026-05-28,Rendez-vous boutique,Japon
TP012234,CUST03228,2025-04-19,Visite site e-commerce,USA
TP012235,CUST03228,2025-04-25,Rendez-vous boutique,USA
TP012236,CUST03228,2025-10-15,Rendez-vous boutique,USA
TP012237,CUST03228,2025-10-13,Événement VIC,USA
TP012238,CUST03228,2025-10-23,Rendez-vous boutique,USA
TP012239,CUST03228,2026-04-10,Événement VIC,USA
TP012240,CUST03229,2026-02-13,Appel conseiller de vente,Moyen-Orient
TP012241,CUST03229,2026-02-19,Visite site e-commerce,Moyen-Orient
TP012242,CUST03230,2026-04-15,Ouverture newsletter,Japon
TP012243,CUST03230,2026-04-08,Événement VIC,Japon
TP012244,CUST03231,2026-01-01,Appel conseiller de vente,France (siège)
TP012245,CUST03231,2026-06-01,Ouverture newsletter,France (siège)
TP012246,CUST03231,2026-06-03,Rendez-vous boutique,France (siège)
TP012247,CUST03231,2026-06-02,Ouverture newsletter,France (siège)
TP012248,CUST03233,2026-03-01,Appel conseiller de vente,France (siège)
TP012249,CUST03234,2026-03-18,Ouverture newsletter,USA
TP012250,CUST03234,2026-03-15,Rendez-vous boutique,USA
TP012251,CUST03235,2026-04-23,Appel conseiller de vente,France (siège)
TP012252,CUST03235,2026-04-23,Événement VIC,France (siège)
TP012253,CUST03235,2026-05-11,Visite site e-commerce,France (siège)
TP012254,CUST03236,2026-07-07,Rendez-vous boutique,Japon
TP012255,CUST03236,2026-07-08,Ouverture newsletter,Japon
TP012256,CUST03236,2026-06-27,Appel conseiller de vente,Japon
TP012257,CUST03237,2025-03-29,Événement VIC,Chine
TP012258,CUST03237,2025-08-14,Appel conseiller de vente,Chine
TP012259,CUST03237,2026-01-11,Ouverture newsletter,Chine
TP012260,CUST03237,2026-06-21,Appel conseiller de vente,Chine
TP012261,CUST03238,2025-06-18,Appel conseiller de vente,Chine
TP012262,CUST03238,2025-06-09,Événement VIC,Chine
TP012263,CUST03238,2025-12-21,Rendez-vous boutique,Chine
TP012264,CUST03239,2025-09-02,Rendez-vous boutique,France (siège)
TP012265,CUST03240,2025-04-23,Visite site e-commerce,USA
TP012266,CUST03240,2025-11-14,Appel conseiller de vente,USA
TP012267,CUST03240,2025-11-09,Rendez-vous boutique,USA
TP012268,CUST03240,2025-11-09,Rendez-vous boutique,USA
TP012269,CUST03240,2026-05-04,Ouverture newsletter,USA
TP012270,CUST03240,2026-04-27,Rendez-vous boutique,USA
TP012271,CUST03241,2026-01-16,Rendez-vous boutique,Chine
TP012272,CUST03241,2026-01-24,Visite site e-commerce,Chine
TP012273,CUST03241,2026-07-22,Appel conseiller de vente,Chine
TP012274,CUST03242,2026-02-19,Rendez-vous boutique,Moyen-Orient
TP012275,CUST03242,2026-02-11,Événement VIC,Moyen-Orient
TP012276,CUST03242,2026-02-27,Événement VIC,Moyen-Orient
TP012277,CUST03242,2026-05-21,Ouverture newsletter,Moyen-Orient
TP012278,CUST03243,2026-07-08,Visite site e-commerce,France (siège)
TP012279,CUST03244,2025-07-31,Visite site e-commerce,Chine
TP012280,CUST03244,2026-02-15,Rendez-vous boutique,Chine
TP012281,CUST03244,2026-02-15,Appel conseiller de vente,Chine
TP012282,CUST03245,2025-02-07,Rendez-vous boutique,France (siège)
TP012283,CUST03245,2025-05-24,Ouverture newsletter,France (siège)
TP012284,CUST03245,2025-10-04,Visite site e-commerce,France (siège)
TP012285,CUST03245,2025-09-26,Rendez-vous boutique,France (siège)
TP012286,CUST03245,2025-10-01,Rendez-vous boutique,France (siège)
TP012287,CUST03245,2026-02-21,Appel conseiller de vente,France (siège)
TP012288,CUST03245,2026-02-24,Rendez-vous boutique,France (siège)
TP012289,CUST03245,2026-02-07,Rendez-vous boutique,France (siège)
TP012290,CUST03245,2026-07-23,Rendez-vous boutique,France (siège)
TP012291,CUST03246,2026-02-13,Événement VIC,Chine
TP012292,CUST03247,2025-10-22,Événement VIC,Chine
TP012293,CUST03247,2026-04-02,Ouverture newsletter,Chine
TP012294,CUST03247,2026-04-09,Événement VIC,Chine
TP012295,CUST03247,2026-04-10,Événement VIC,Chine
TP012296,CUST03248,2026-05-18,Rendez-vous boutique,France (siège)
TP012297,CUST03249,2026-03-01,Événement VIC,Moyen-Orient
TP012298,CUST03249,2026-03-08,Ouverture newsletter,Moyen-Orient
TP012299,CUST03249,2026-03-08,Rendez-vous boutique,Moyen-Orient
TP012300,CUST03250,2025-07-11,Visite site e-commerce,Japon
TP012301,CUST03250,2025-07-12,Appel conseiller de vente,Japon
TP012302,CUST03250,2025-12-01,Visite site e-commerce,Japon
TP012303,CUST03250,2025-12-04,Appel conseiller de vente,Japon
TP012304,CUST03250,2026-05-28,Ouverture newsletter,Japon
TP012305,CUST03250,2026-05-26,Rendez-vous boutique,Japon
TP012306,CUST03251,2025-08-20,Événement VIC,USA
TP012307,CUST03251,2025-09-11,Visite site e-commerce,USA
TP012308,CUST03251,2025-08-24,Rendez-vous boutique,USA
TP012309,CUST03251,2026-02-06,Événement VIC,USA
TP012310,CUST03252,2025-08-14,Appel conseiller de vente,USA
TP012311,CUST03252,2025-08-10,Rendez-vous boutique,USA
TP012312,CUST03252,2025-08-29,Appel conseiller de vente,USA
TP012313,CUST03252,2026-01-18,Visite site e-commerce,USA
TP012314,CUST03252,2026-01-15,Appel conseiller de vente,USA
TP012315,CUST03252,2026-06-28,Appel conseiller de vente,USA
TP012316,CUST03252,2026-06-23,Appel conseiller de vente,USA
TP012317,CUST03252,2026-07-01,Appel conseiller de vente,USA
TP012318,CUST03253,2025-07-16,Appel conseiller de vente,Chine
TP012319,CUST03253,2026-01-09,Événement VIC,Chine
TP012320,CUST03253,2026-01-07,Appel conseiller de vente,Chine
TP012321,CUST03253,2026-06-22,Rendez-vous boutique,Chine
TP012322,CUST03253,2026-06-22,Ouverture newsletter,Chine
TP012323,CUST03254,2025-07-11,Ouverture newsletter,Chine
TP012324,CUST03254,2025-07-13,Rendez-vous boutique,Chine
TP012325,CUST03254,2025-07-01,Rendez-vous boutique,Chine
TP012326,CUST03255,2026-06-11,Ouverture newsletter,France (siège)
TP012327,CUST03256,2026-05-11,Rendez-vous boutique,Chine
TP012328,CUST03256,2026-05-17,Ouverture newsletter,Chine
TP012329,CUST03256,2026-05-31,Ouverture newsletter,Chine
TP012330,CUST03257,2026-01-26,Appel conseiller de vente,France (siège)
TP012331,CUST03258,2026-03-28,Appel conseiller de vente,France (siège)
TP012332,CUST03258,2026-03-25,Ouverture newsletter,France (siège)
TP012333,CUST03258,2026-03-16,Visite site e-commerce,France (siège)
TP012334,CUST03259,2025-05-27,Visite site e-commerce,Japon
TP012335,CUST03259,2025-06-05,Ouverture newsletter,Japon
TP012336,CUST03259,2025-11-01,Visite site e-commerce,Japon
TP012337,CUST03259,2025-11-08,Rendez-vous boutique,Japon
TP012338,CUST03259,2026-05-01,Rendez-vous boutique,Japon
TP012339,CUST03259,2026-04-18,Appel conseiller de vente,Japon
TP012340,CUST03259,2026-05-07,Événement VIC,Japon
TP012341,CUST03259,2026-07-20,Appel conseiller de vente,Japon
TP012342,CUST03260,2026-03-10,Rendez-vous boutique,Japon
TP012343,CUST03260,2026-03-17,Ouverture newsletter,Japon
TP012344,CUST03261,2026-03-29,Appel conseiller de vente,Japon
TP012345,CUST03261,2026-03-29,Appel conseiller de vente,Japon
TP012346,CUST03262,2025-08-08,Ouverture newsletter,Moyen-Orient
TP012347,CUST03262,2025-08-06,Rendez-vous boutique,Moyen-Orient
TP012348,CUST03262,2025-08-23,Événement VIC,Moyen-Orient
TP012349,CUST03262,2026-01-17,Visite site e-commerce,Moyen-Orient
TP012350,CUST03262,2026-01-03,Événement VIC,Moyen-Orient
TP012351,CUST03262,2026-05-31,Appel conseiller de vente,Moyen-Orient
TP012352,CUST03263,2025-08-04,Événement VIC,Moyen-Orient
TP012353,CUST03263,2026-02-15,Visite site e-commerce,Moyen-Orient
TP012354,CUST03263,2026-02-13,Visite site e-commerce,Moyen-Orient
TP012355,CUST03263,2026-02-04,Événement VIC,Moyen-Orient
TP012356,CUST03263,2026-07-19,Rendez-vous boutique,Moyen-Orient
TP012357,CUST03263,2026-07-09,Événement VIC,Moyen-Orient
TP012358,CUST03264,2025-09-26,Appel conseiller de vente,Chine
TP012359,CUST03264,2026-02-06,Visite site e-commerce,Chine
TP012360,CUST03264,2026-02-25,Rendez-vous boutique,Chine
TP012361,CUST03264,2026-02-03,Visite site e-commerce,Chine
TP012362,CUST03264,2026-07-21,Ouverture newsletter,Chine
TP012363,CUST03264,2026-07-22,Appel conseiller de vente,Chine
TP012364,CUST03265,2026-05-18,Visite site e-commerce,France (siège)
TP012365,CUST03266,2026-02-12,Appel conseiller de vente,Chine
TP012366,CUST03266,2026-02-07,Appel conseiller de vente,Chine
TP012367,CUST03267,2025-11-08,Événement VIC,Moyen-Orient
TP012368,CUST03267,2026-03-09,Rendez-vous boutique,Moyen-Orient
TP012369,CUST03267,2026-03-13,Événement VIC,Moyen-Orient
TP012370,CUST03267,2026-03-09,Événement VIC,Moyen-Orient
TP012371,CUST03268,2026-03-28,Appel conseiller de vente,Chine
TP012372,CUST03269,2025-04-22,Événement VIC,USA
TP012373,CUST03269,2025-04-25,Rendez-vous boutique,USA
TP012374,CUST03269,2025-09-02,Rendez-vous boutique,USA
TP012375,CUST03269,2025-12-26,Événement VIC,USA
TP012376,CUST03269,2025-12-31,Rendez-vous boutique,USA
TP012377,CUST03269,2025-12-25,Événement VIC,USA
TP012378,CUST03269,2026-06-14,Rendez-vous boutique,USA
TP012379,CUST03270,2025-03-31,Rendez-vous boutique,Moyen-Orient
TP012380,CUST03270,2025-03-29,Rendez-vous boutique,Moyen-Orient
TP012381,CUST03270,2025-09-12,Rendez-vous boutique,Moyen-Orient
TP012382,CUST03270,2025-09-04,Ouverture newsletter,Moyen-Orient
TP012383,CUST03270,2025-09-09,Ouverture newsletter,Moyen-Orient
TP012384,CUST03270,2026-01-18,Appel conseiller de vente,Moyen-Orient
TP012385,CUST03270,2026-01-13,Appel conseiller de vente,Moyen-Orient
TP012386,CUST03270,2026-01-14,Rendez-vous boutique,Moyen-Orient
TP012387,CUST03270,2026-07-10,Visite site e-commerce,Moyen-Orient
TP012388,CUST03270,2026-07-10,Rendez-vous boutique,Moyen-Orient
TP012389,CUST03270,2026-06-25,Visite site e-commerce,Moyen-Orient
TP012390,CUST03271,2026-02-19,Appel conseiller de vente,Chine
TP012391,CUST03271,2026-02-13,Ouverture newsletter,Chine
TP012392,CUST03271,2026-05-27,Appel conseiller de vente,Chine
TP012393,CUST03271,2026-06-03,Appel conseiller de vente,Chine
TP012394,CUST03272,2026-05-15,Événement VIC,Japon
TP012395,CUST03272,2026-05-03,Appel conseiller de vente,Japon
TP012396,CUST03273,2025-07-25,Visite site e-commerce,Chine
TP012397,CUST03273,2025-07-02,Événement VIC,Chine
TP012398,CUST03273,2026-01-09,Ouverture newsletter,Chine
TP012399,CUST03273,2025-12-28,Ouverture newsletter,Chine
TP012400,CUST03273,2025-12-30,Appel conseiller de vente,Chine
TP012401,CUST03273,2026-07-11,Ouverture newsletter,Chine
TP012402,CUST03273,2026-06-24,Ouverture newsletter,Chine
TP012403,CUST03273,2026-06-26,Appel conseiller de vente,Chine
TP012404,CUST03274,2026-05-12,Appel conseiller de vente,France (siège)
TP012405,CUST03276,2025-10-14,Visite site e-commerce,USA
TP012406,CUST03276,2026-02-23,Visite site e-commerce,USA
TP012407,CUST03276,2026-03-05,Appel conseiller de vente,USA
TP012408,CUST03277,2025-09-26,Événement VIC,Japon
TP012409,CUST03277,2026-02-05,Appel conseiller de vente,Japon
TP012410,CUST03278,2026-04-25,Rendez-vous boutique,France (siège)
TP012411,CUST03278,2026-04-28,Rendez-vous boutique,France (siège)
TP012412,CUST03278,2026-04-28,Appel conseiller de vente,France (siège)
TP012413,CUST03279,2025-08-10,Événement VIC,USA
TP012414,CUST03279,2025-08-20,Événement VIC,USA
TP012415,CUST03279,2025-08-16,Visite site e-commerce,USA
TP012416,CUST03279,2026-01-31,Ouverture newsletter,USA
TP012417,CUST03279,2026-02-01,Événement VIC,USA
TP012418,CUST03279,2026-06-12,Ouverture newsletter,USA
TP012419,CUST03280,2026-02-27,Appel conseiller de vente,Moyen-Orient
TP012420,CUST03280,2026-03-04,Rendez-vous boutique,Moyen-Orient
TP012421,CUST03280,2026-07-17,Événement VIC,Moyen-Orient
TP012422,CUST03281,2026-06-17,Visite site e-commerce,Moyen-Orient
TP012423,CUST03281,2026-05-28,Visite site e-commerce,Moyen-Orient
TP012424,CUST03281,2026-06-07,Appel conseiller de vente,Moyen-Orient
TP012425,CUST03282,2025-02-24,Visite site e-commerce,Japon
TP012426,CUST03282,2025-02-25,Ouverture newsletter,Japon
TP012427,CUST03282,2025-03-09,Événement VIC,Japon
TP012428,CUST03282,2025-07-17,Appel conseiller de vente,Japon
TP012429,CUST03282,2025-10-06,Événement VIC,Japon
TP012430,CUST03282,2025-09-18,Événement VIC,Japon
TP012431,CUST03282,2025-09-28,Ouverture newsletter,Japon
TP012432,CUST03282,2026-02-22,Événement VIC,Japon
TP012433,CUST03282,2026-06-07,Visite site e-commerce,Japon
TP012434,CUST03282,2026-06-16,Événement VIC,Japon
TP012435,CUST03282,2026-06-02,Rendez-vous boutique,Japon
TP012436,CUST03283,2025-06-03,Événement VIC,France (siège)
TP012437,CUST03283,2025-10-15,Rendez-vous boutique,France (siège)
TP012438,CUST03283,2025-10-15,Appel conseiller de vente,France (siège)
TP012439,CUST03283,2025-10-06,Appel conseiller de vente,France (siège)
TP012440,CUST03283,2026-03-04,Rendez-vous boutique,France (siège)
TP012441,CUST03283,2026-03-11,Ouverture newsletter,France (siège)
TP012442,CUST03283,2026-03-10,Visite site e-commerce,France (siège)
TP012443,CUST03283,2026-06-15,Rendez-vous boutique,France (siège)
TP012444,CUST03283,2026-06-20,Visite site e-commerce,France (siège)
TP012445,CUST03284,2026-03-02,Événement VIC,USA
TP012446,CUST03284,2026-03-14,Événement VIC,USA
TP012447,CUST03284,2026-03-07,Appel conseiller de vente,USA
TP012448,CUST03285,2025-07-23,Ouverture newsletter,Japon
TP012449,CUST03285,2025-07-21,Ouverture newsletter,Japon
TP012450,CUST03285,2025-07-22,Appel conseiller de vente,Japon
TP012451,CUST03285,2026-01-17,Rendez-vous boutique,Japon
TP012452,CUST03285,2026-01-14,Visite site e-commerce,Japon
TP012453,CUST03285,2026-01-09,Appel conseiller de vente,Japon
TP012454,CUST03285,2026-06-22,Visite site e-commerce,Japon
TP012455,CUST03286,2025-10-03,Ouverture newsletter,USA
TP012456,CUST03286,2025-10-09,Appel conseiller de vente,USA
TP012457,CUST03286,2025-09-25,Appel conseiller de vente,USA
TP012458,CUST03286,2026-04-27,Ouverture newsletter,USA
TP012459,CUST03286,2026-04-23,Ouverture newsletter,USA
TP012460,CUST03286,2026-04-13,Appel conseiller de vente,USA
TP012461,CUST03287,2025-07-16,Visite site e-commerce,Chine
TP012462,CUST03287,2025-07-04,Événement VIC,Chine
TP012463,CUST03287,2025-12-21,Ouverture newsletter,Chine
TP012464,CUST03287,2025-12-22,Événement VIC,Chine
TP012465,CUST03287,2026-05-01,Événement VIC,Chine
TP012466,CUST03287,2026-04-19,Appel conseiller de vente,Chine
TP012467,CUST03288,2025-03-18,Appel conseiller de vente,Japon
TP012468,CUST03288,2025-09-05,Rendez-vous boutique,Japon
TP012469,CUST03288,2026-02-19,Rendez-vous boutique,Japon
TP012470,CUST03288,2026-02-11,Appel conseiller de vente,Japon
TP012471,CUST03289,2025-09-24,Ouverture newsletter,Chine
TP012472,CUST03289,2025-09-30,Visite site e-commerce,Chine
TP012473,CUST03289,2026-03-19,Visite site e-commerce,Chine
TP012474,CUST03290,2026-05-23,Rendez-vous boutique,France (siège)
TP012475,CUST03290,2026-05-21,Ouverture newsletter,France (siège)
TP012476,CUST03290,2026-06-04,Appel conseiller de vente,France (siège)
TP012477,CUST03291,2026-03-13,Visite site e-commerce,USA
TP012478,CUST03291,2026-03-06,Ouverture newsletter,USA
TP012479,CUST03291,2026-03-16,Événement VIC,USA
TP012480,CUST03292,2026-04-12,Ouverture newsletter,Chine
TP012481,CUST03292,2026-03-24,Appel conseiller de vente,Chine
TP012482,CUST03292,2026-04-01,Ouverture newsletter,Chine
TP012483,CUST03294,2025-10-04,Rendez-vous boutique,Japon
TP012484,CUST03294,2025-10-01,Rendez-vous boutique,Japon
TP012485,CUST03294,2025-10-11,Appel conseiller de vente,Japon
TP012486,CUST03294,2026-04-13,Rendez-vous boutique,Japon
TP012487,CUST03294,2026-04-15,Ouverture newsletter,Japon
TP012488,CUST03295,2026-03-29,Visite site e-commerce,Chine
TP012489,CUST03295,2026-03-21,Ouverture newsletter,Chine
TP012490,CUST03295,2026-03-07,Ouverture newsletter,Chine
TP012491,CUST03296,2025-03-06,Visite site e-commerce,Chine
TP012492,CUST03296,2025-02-27,Événement VIC,Chine
TP012493,CUST03296,2025-08-17,Appel conseiller de vente,Chine
TP012494,CUST03296,2025-08-17,Visite site e-commerce,Chine
TP012495,CUST03296,2026-01-17,Ouverture newsletter,Chine
TP012496,CUST03296,2026-02-02,Appel conseiller de vente,Chine
TP012497,CUST03297,2025-11-23,Appel conseiller de vente,USA
TP012498,CUST03297,2025-11-19,Rendez-vous boutique,USA
TP012499,CUST03297,2026-06-03,Événement VIC,USA
TP012500,CUST03297,2026-06-05,Événement VIC,USA
TP012501,CUST03297,2026-05-26,Rendez-vous boutique,USA
TP012502,CUST03298,2025-09-04,Visite site e-commerce,France (siège)
TP012503,CUST03298,2026-02-16,Événement VIC,France (siège)
TP012504,CUST03298,2026-02-14,Ouverture newsletter,France (siège)
TP012505,CUST03298,2026-02-01,Événement VIC,France (siège)
TP012506,CUST03299,2025-07-23,Ouverture newsletter,Japon
TP012507,CUST03299,2025-12-01,Événement VIC,Japon
TP012508,CUST03299,2026-06-10,Rendez-vous boutique,Japon
TP012509,CUST03299,2026-05-24,Événement VIC,Japon
TP012510,CUST03299,2026-06-08,Événement VIC,Japon
TP012511,CUST03300,2025-10-08,Ouverture newsletter,Japon
TP012512,CUST03300,2025-10-15,Appel conseiller de vente,Japon
TP012513,CUST03300,2026-02-26,Visite site e-commerce,Japon
TP012514,CUST03301,2026-03-29,Événement VIC,Chine
TP012515,CUST03301,2026-04-05,Rendez-vous boutique,Chine
TP012516,CUST03301,2026-04-06,Rendez-vous boutique,Chine
TP012517,CUST03302,2026-06-18,Ouverture newsletter,Japon
TP012518,CUST03302,2026-05-26,Appel conseiller de vente,Japon
TP012519,CUST03303,2026-05-01,Rendez-vous boutique,USA
TP012520,CUST03304,2025-06-05,Ouverture newsletter,USA
TP012521,CUST03304,2025-12-08,Appel conseiller de vente,USA
TP012522,CUST03304,2026-06-01,Ouverture newsletter,USA
TP012523,CUST03304,2026-06-09,Ouverture newsletter,USA
TP012524,CUST03305,2025-10-19,Événement VIC,Chine
TP012525,CUST03305,2025-11-03,Rendez-vous boutique,Chine
TP012526,CUST03305,2026-04-02,Événement VIC,Chine
TP012527,CUST03305,2026-04-02,Ouverture newsletter,Chine
TP012528,CUST03306,2026-07-20,Visite site e-commerce,France (siège)
TP012529,CUST03307,2025-10-20,Appel conseiller de vente,France (siège)
TP012530,CUST03307,2026-02-11,Visite site e-commerce,France (siège)
TP012531,CUST03307,2026-02-05,Rendez-vous boutique,France (siège)
TP012532,CUST03307,2026-02-02,Événement VIC,France (siège)
TP012533,CUST03308,2025-06-01,Appel conseiller de vente,France (siège)
TP012534,CUST03308,2025-06-02,Ouverture newsletter,France (siège)
TP012535,CUST03308,2025-06-19,Ouverture newsletter,France (siège)
TP012536,CUST03308,2025-10-28,Appel conseiller de vente,France (siège)
TP012537,CUST03308,2025-11-02,Rendez-vous boutique,France (siège)
TP012538,CUST03308,2026-04-05,Événement VIC,France (siège)
TP012539,CUST03309,2025-03-23,Événement VIC,Chine
TP012540,CUST03309,2025-10-02,Appel conseiller de vente,Chine
TP012541,CUST03309,2025-10-05,Appel conseiller de vente,Chine
TP012542,CUST03309,2026-02-11,Ouverture newsletter,Chine
TP012543,CUST03309,2026-02-04,Appel conseiller de vente,Chine
TP012544,CUST03310,2025-07-31,Ouverture newsletter,France (siège)
TP012545,CUST03310,2025-11-12,Événement VIC,France (siège)
TP012546,CUST03310,2025-11-23,Rendez-vous boutique,France (siège)
TP012547,CUST03310,2025-11-11,Visite site e-commerce,France (siège)
TP012548,CUST03310,2026-05-14,Visite site e-commerce,France (siège)
TP012549,CUST03310,2026-04-27,Rendez-vous boutique,France (siège)
TP012550,CUST03311,2026-04-19,Événement VIC,Chine
TP012551,CUST03311,2026-04-24,Rendez-vous boutique,Chine
TP012552,CUST03312,2025-08-26,Visite site e-commerce,Chine
TP012553,CUST03312,2025-08-12,Rendez-vous boutique,Chine
TP012554,CUST03312,2025-12-25,Événement VIC,Chine
TP012555,CUST03312,2026-06-24,Appel conseiller de vente,Chine
TP012556,CUST03312,2026-07-10,Ouverture newsletter,Chine
TP012557,CUST03313,2025-01-12,Appel conseiller de vente,Chine
TP012558,CUST03313,2025-07-02,Ouverture newsletter,Chine
TP012559,CUST03313,2025-06-30,Ouverture newsletter,Chine
TP012560,CUST03313,2025-07-06,Appel conseiller de vente,Chine
TP012561,CUST03313,2025-11-24,Visite site e-commerce,Chine
TP012562,CUST03313,2025-11-22,Événement VIC,Chine
TP012563,CUST03313,2025-11-11,Appel conseiller de vente,Chine
TP012564,CUST03313,2026-05-05,Événement VIC,Chine
TP012565,CUST03314,2025-12-09,Visite site e-commerce,USA
TP012566,CUST03314,2025-12-19,Visite site e-commerce,USA
TP012567,CUST03314,2025-12-12,Appel conseiller de vente,USA
TP012568,CUST03314,2026-04-29,Rendez-vous boutique,USA
TP012569,CUST03314,2026-05-12,Ouverture newsletter,USA
TP012570,CUST03316,2025-05-04,Ouverture newsletter,France (siège)
TP012571,CUST03316,2025-04-23,Rendez-vous boutique,France (siège)
TP012572,CUST03316,2025-04-14,Visite site e-commerce,France (siège)
TP012573,CUST03316,2025-10-24,Appel conseiller de vente,France (siège)
TP012574,CUST03316,2025-10-07,Ouverture newsletter,France (siège)
TP012575,CUST03316,2025-10-25,Rendez-vous boutique,France (siège)
TP012576,CUST03317,2025-10-06,Événement VIC,Chine
TP012577,CUST03317,2026-01-19,Rendez-vous boutique,Chine
TP012578,CUST03317,2026-05-10,Événement VIC,Chine
TP012579,CUST03317,2026-05-01,Événement VIC,Chine
TP012580,CUST03318,2025-03-24,Événement VIC,USA
TP012581,CUST03318,2025-03-29,Visite site e-commerce,USA
TP012582,CUST03319,2025-09-28,Ouverture newsletter,France (siège)
TP012583,CUST03319,2025-09-27,Appel conseiller de vente,France (siège)
TP012584,CUST03319,2026-02-08,Événement VIC,France (siège)
TP012585,CUST03319,2026-02-24,Visite site e-commerce,France (siège)
TP012586,CUST03319,2026-02-06,Appel conseiller de vente,France (siège)
TP012587,CUST03320,2025-06-29,Événement VIC,Moyen-Orient
TP012588,CUST03320,2025-11-03,Visite site e-commerce,Moyen-Orient
TP012589,CUST03320,2026-04-23,Rendez-vous boutique,Moyen-Orient
TP012590,CUST03320,2026-04-14,Ouverture newsletter,Moyen-Orient
TP012591,CUST03321,2025-04-05,Rendez-vous boutique,Moyen-Orient
TP012592,CUST03321,2025-10-27,Ouverture newsletter,Moyen-Orient
TP012593,CUST03321,2025-10-24,Appel conseiller de vente,Moyen-Orient
TP012594,CUST03321,2025-10-26,Appel conseiller de vente,Moyen-Orient
TP012595,CUST03321,2026-04-18,Événement VIC,Moyen-Orient
TP012596,CUST03322,2025-08-01,Appel conseiller de vente,USA
TP012597,CUST03322,2025-11-29,Événement VIC,USA
TP012598,CUST03322,2025-11-30,Rendez-vous boutique,USA
TP012599,CUST03322,2025-12-06,Rendez-vous boutique,USA
TP012600,CUST03322,2026-05-17,Ouverture newsletter,USA
TP012601,CUST03322,2026-05-17,Événement VIC,USA
TP012602,CUST03322,2026-05-23,Visite site e-commerce,USA
TP012603,CUST03324,2026-04-13,Appel conseiller de vente,USA
TP012604,CUST03324,2026-04-10,Visite site e-commerce,USA
TP012605,CUST03324,2026-04-20,Rendez-vous boutique,USA
TP012606,CUST03325,2025-08-05,Ouverture newsletter,France (siège)
TP012607,CUST03325,2025-08-15,Appel conseiller de vente,France (siège)
TP012608,CUST03325,2026-01-13,Rendez-vous boutique,France (siège)
TP012609,CUST03325,2026-01-24,Événement VIC,France (siège)
TP012610,CUST03325,2026-01-11,Visite site e-commerce,France (siège)
TP012611,CUST03325,2026-06-06,Visite site e-commerce,France (siège)
TP012612,CUST03326,2025-08-13,Ouverture newsletter,USA
TP012613,CUST03326,2026-01-14,Événement VIC,USA
TP012614,CUST03326,2026-01-26,Événement VIC,USA
TP012615,CUST03326,2026-05-29,Appel conseiller de vente,USA
TP012616,CUST03326,2026-05-27,Ouverture newsletter,USA
TP012617,CUST03327,2025-10-24,Événement VIC,France (siège)
TP012618,CUST03327,2025-11-03,Rendez-vous boutique,France (siège)
TP012619,CUST03327,2026-04-01,Ouverture newsletter,France (siège)
TP012620,CUST03328,2026-03-12,Ouverture newsletter,Japon
TP012621,CUST03328,2026-03-20,Ouverture newsletter,Japon
TP012622,CUST03328,2026-03-25,Événement VIC,Japon
TP012623,CUST03329,2025-07-03,Ouverture newsletter,France (siège)
TP012624,CUST03329,2025-06-22,Visite site e-commerce,France (siège)
TP012625,CUST03329,2025-12-03,Rendez-vous boutique,France (siège)
TP012626,CUST03329,2025-12-17,Événement VIC,France (siège)
TP012627,CUST03329,2025-12-11,Ouverture newsletter,France (siège)
TP012628,CUST03329,2026-05-27,Visite site e-commerce,France (siège)
TP012629,CUST03329,2026-05-28,Ouverture newsletter,France (siège)
TP012630,CUST03330,2025-09-23,Événement VIC,Moyen-Orient
TP012631,CUST03331,2026-04-02,Appel conseiller de vente,Chine
TP012632,CUST03331,2026-03-21,Événement VIC,Chine
TP012633,CUST03332,2026-02-02,Événement VIC,Chine
TP012634,CUST03332,2026-01-12,Appel conseiller de vente,Chine
TP012635,CUST03332,2026-01-18,Visite site e-commerce,Chine
TP012636,CUST03332,2026-07-20,Rendez-vous boutique,Chine
TP012637,CUST03332,2026-07-02,Événement VIC,Chine
TP012638,CUST03333,2025-01-15,Événement VIC,Chine
TP012639,CUST03333,2025-01-21,Visite site e-commerce,Chine
TP012640,CUST03333,2025-01-24,Rendez-vous boutique,Chine
TP012641,CUST03333,2025-05-30,Appel conseiller de vente,Chine
TP012642,CUST03333,2025-06-07,Rendez-vous boutique,Chine
TP012643,CUST03333,2025-11-23,Appel conseiller de vente,Chine
TP012644,CUST03333,2025-11-16,Événement VIC,Chine
TP012645,CUST03333,2026-04-07,Rendez-vous boutique,Chine
TP012646,CUST03334,2025-05-01,Événement VIC,Chine
TP012647,CUST03334,2025-09-29,Événement VIC,Chine
TP012648,CUST03334,2026-03-01,Visite site e-commerce,Chine
TP012649,CUST03334,2026-02-11,Visite site e-commerce,Chine
TP012650,CUST03334,2026-02-22,Visite site e-commerce,Chine
TP012651,CUST03334,2026-06-24,Rendez-vous boutique,Chine
TP012652,CUST03334,2026-07-08,Appel conseiller de vente,Chine
TP012653,CUST03336,2026-05-05,Rendez-vous boutique,Japon
TP012654,CUST03336,2026-05-22,Visite site e-commerce,Japon
TP012655,CUST03336,2026-05-18,Appel conseiller de vente,Japon
TP012656,CUST03337,2025-11-25,Visite site e-commerce,France (siège)
TP012657,CUST03337,2025-11-22,Appel conseiller de vente,France (siège)
TP012658,CUST03337,2025-11-11,Visite site e-commerce,France (siège)
TP012659,CUST03338,2026-04-02,Appel conseiller de vente,Chine
TP012660,CUST03338,2026-03-22,Appel conseiller de vente,Chine
TP012661,CUST03338,2026-03-15,Appel conseiller de vente,Chine
TP012662,CUST03339,2025-07-19,Rendez-vous boutique,Japon
TP012663,CUST03339,2025-07-11,Ouverture newsletter,Japon
TP012664,CUST03339,2025-07-16,Événement VIC,Japon
TP012665,CUST03339,2025-11-30,Appel conseiller de vente,Japon
TP012666,CUST03339,2025-12-07,Appel conseiller de vente,Japon
TP012667,CUST03339,2025-11-29,Ouverture newsletter,Japon
TP012668,CUST03339,2026-06-04,Visite site e-commerce,Japon
TP012669,CUST03339,2026-05-17,Événement VIC,Japon
TP012670,CUST03339,2026-05-26,Appel conseiller de vente,Japon
TP012671,CUST03340,2026-06-12,Visite site e-commerce,USA
TP012672,CUST03341,2025-10-14,Rendez-vous boutique,France (siège)
TP012673,CUST03341,2025-10-31,Appel conseiller de vente,France (siège)
TP012674,CUST03341,2025-10-27,Appel conseiller de vente,France (siège)
TP012675,CUST03341,2026-01-22,Événement VIC,France (siège)
TP012676,CUST03341,2026-04-22,Événement VIC,France (siège)
TP012677,CUST03341,2026-04-30,Rendez-vous boutique,France (siège)
TP012678,CUST03341,2026-05-07,Événement VIC,France (siège)
TP012679,CUST03344,2026-06-17,Visite site e-commerce,USA
TP012680,CUST03345,2026-01-03,Rendez-vous boutique,Moyen-Orient
TP012681,CUST03345,2026-07-02,Visite site e-commerce,Moyen-Orient
TP012682,CUST03345,2026-07-15,Visite site e-commerce,Moyen-Orient
TP012683,CUST03345,2026-07-11,Rendez-vous boutique,Moyen-Orient
TP012684,CUST03346,2026-06-28,Ouverture newsletter,France (siège)
TP012685,CUST03346,2026-06-19,Appel conseiller de vente,France (siège)
TP012686,CUST03346,2026-06-20,Ouverture newsletter,France (siège)
TP012687,CUST03348,2025-07-22,Rendez-vous boutique,Chine
TP012688,CUST03348,2025-07-31,Ouverture newsletter,Chine
TP012689,CUST03348,2026-01-24,Événement VIC,Chine
TP012690,CUST03348,2026-01-18,Événement VIC,Chine
TP012691,CUST03348,2026-01-31,Visite site e-commerce,Chine
TP012692,CUST03348,2026-07-04,Ouverture newsletter,Chine
TP012693,CUST03349,2025-02-28,Ouverture newsletter,France (siège)
TP012694,CUST03349,2025-03-15,Appel conseiller de vente,France (siège)
TP012695,CUST03349,2025-02-23,Événement VIC,France (siège)
TP012696,CUST03349,2025-08-14,Ouverture newsletter,France (siège)
TP012697,CUST03349,2025-12-23,Rendez-vous boutique,France (siège)
TP012698,CUST03349,2025-12-13,Appel conseiller de vente,France (siège)
TP012699,CUST03349,2025-12-25,Événement VIC,France (siège)
TP012700,CUST03349,2026-05-13,Rendez-vous boutique,France (siège)
TP012701,CUST03349,2026-05-21,Rendez-vous boutique,France (siège)
TP012702,CUST03349,2026-05-23,Événement VIC,France (siège)
TP012703,CUST03350,2025-06-16,Appel conseiller de vente,USA
TP012704,CUST03350,2025-06-22,Appel conseiller de vente,USA
TP012705,CUST03350,2025-06-10,Événement VIC,USA
TP012706,CUST03350,2025-11-02,Événement VIC,USA
TP012707,CUST03350,2025-11-05,Appel conseiller de vente,USA
TP012708,CUST03351,2025-08-16,Rendez-vous boutique,Japon
TP012709,CUST03351,2026-01-20,Visite site e-commerce,Japon
TP012710,CUST03351,2026-01-25,Rendez-vous boutique,Japon
TP012711,CUST03351,2026-01-31,Ouverture newsletter,Japon
TP012712,CUST03351,2026-06-28,Rendez-vous boutique,Japon
TP012713,CUST03351,2026-06-19,Appel conseiller de vente,Japon
TP012714,CUST03352,2025-08-22,Événement VIC,Moyen-Orient
TP012715,CUST03352,2025-08-28,Ouverture newsletter,Moyen-Orient
TP012716,CUST03352,2026-02-17,Événement VIC,Moyen-Orient
TP012717,CUST03352,2026-03-09,Événement VIC,Moyen-Orient
TP012718,CUST03352,2026-03-05,Événement VIC,Moyen-Orient
TP012719,CUST03353,2025-06-27,Ouverture newsletter,Chine
TP012720,CUST03353,2025-11-03,Rendez-vous boutique,Chine
TP012721,CUST03353,2025-10-16,Appel conseiller de vente,Chine
TP012722,CUST03353,2026-02-26,Événement VIC,Chine
TP012723,CUST03353,2026-02-05,Ouverture newsletter,Chine
TP012724,CUST03353,2026-07-17,Visite site e-commerce,Chine
TP012725,CUST03353,2026-07-08,Ouverture newsletter,Chine
TP012726,CUST03353,2026-07-20,Rendez-vous boutique,Chine
TP012727,CUST03354,2025-11-30,Événement VIC,Moyen-Orient
TP012728,CUST03354,2026-04-14,Appel conseiller de vente,Moyen-Orient
TP012729,CUST03355,2026-04-17,Ouverture newsletter,France (siège)
TP012730,CUST03355,2026-04-16,Ouverture newsletter,France (siège)
TP012731,CUST03355,2026-07-14,Rendez-vous boutique,France (siège)
TP012732,CUST03356,2026-02-03,Appel conseiller de vente,USA
TP012733,CUST03357,2025-04-15,Ouverture newsletter,USA
TP012734,CUST03357,2025-04-15,Visite site e-commerce,USA
TP012735,CUST03357,2025-05-02,Appel conseiller de vente,USA
TP012736,CUST03357,2025-11-01,Appel conseiller de vente,USA
TP012737,CUST03357,2026-05-12,Visite site e-commerce,USA
TP012738,CUST03358,2025-06-10,Rendez-vous boutique,USA
TP012739,CUST03358,2025-10-18,Rendez-vous boutique,USA
TP012740,CUST03358,2025-10-21,Événement VIC,USA
TP012741,CUST03358,2025-10-14,Rendez-vous boutique,USA
TP012742,CUST03358,2026-02-05,Visite site e-commerce,USA
TP012743,CUST03358,2026-01-30,Ouverture newsletter,USA
TP012744,CUST03358,2026-01-26,Ouverture newsletter,USA
TP012745,CUST03358,2026-04-27,Appel conseiller de vente,USA
TP012746,CUST03358,2026-04-28,Visite site e-commerce,USA
TP012747,CUST03358,2026-05-12,Rendez-vous boutique,USA
TP012748,CUST03359,2025-09-02,Appel conseiller de vente,France (siège)
TP012749,CUST03359,2025-12-31,Appel conseiller de vente,France (siège)
TP012750,CUST03359,2026-01-02,Événement VIC,France (siège)
TP012751,CUST03359,2026-04-29,Rendez-vous boutique,France (siège)
TP012752,CUST03359,2026-05-08,Événement VIC,France (siège)
TP012753,CUST03359,2026-05-09,Appel conseiller de vente,France (siège)
TP012754,CUST03360,2025-11-04,Rendez-vous boutique,Chine
TP012755,CUST03360,2025-10-30,Ouverture newsletter,Chine
TP012756,CUST03360,2025-10-22,Appel conseiller de vente,Chine
TP012757,CUST03360,2026-04-08,Rendez-vous boutique,Chine
TP012758,CUST03360,2026-04-22,Ouverture newsletter,Chine
TP012759,CUST03361,2025-05-14,Rendez-vous boutique,Moyen-Orient
TP012760,CUST03361,2025-04-28,Rendez-vous boutique,Moyen-Orient
TP012761,CUST03361,2025-10-11,Appel conseiller de vente,Moyen-Orient
TP012762,CUST03361,2025-10-17,Visite site e-commerce,Moyen-Orient
TP012763,CUST03361,2025-10-23,Appel conseiller de vente,Moyen-Orient
TP012764,CUST03361,2026-02-16,Visite site e-commerce,Moyen-Orient
TP012765,CUST03361,2026-02-18,Événement VIC,Moyen-Orient
TP012766,CUST03361,2026-07-15,Événement VIC,Moyen-Orient
TP012767,CUST03362,2025-12-15,Événement VIC,USA
TP012768,CUST03362,2025-12-24,Visite site e-commerce,USA
TP012769,CUST03362,2025-12-25,Événement VIC,USA
TP012770,CUST03362,2026-07-20,Ouverture newsletter,USA
TP012771,CUST03362,2026-07-08,Visite site e-commerce,USA
TP012772,CUST03362,2026-07-23,Ouverture newsletter,USA
TP012773,CUST03363,2025-11-09,Ouverture newsletter,France (siège)
TP012774,CUST03363,2025-11-29,Rendez-vous boutique,France (siège)
TP012775,CUST03364,2025-04-10,Événement VIC,Moyen-Orient
TP012776,CUST03364,2025-04-06,Visite site e-commerce,Moyen-Orient
TP012777,CUST03364,2025-04-02,Ouverture newsletter,Moyen-Orient
TP012778,CUST03364,2025-09-04,Appel conseiller de vente,Moyen-Orient
TP012779,CUST03364,2026-03-29,Rendez-vous boutique,Moyen-Orient
TP012780,CUST03365,2025-10-01,Appel conseiller de vente,USA
TP012781,CUST03365,2026-04-02,Ouverture newsletter,USA
TP012782,CUST03365,2026-03-26,Appel conseiller de vente,USA
TP012783,CUST03365,2026-03-21,Événement VIC,USA
TP012784,CUST03366,2025-04-09,Événement VIC,France (siège)
TP012785,CUST03366,2025-03-28,Événement VIC,France (siège)
TP012786,CUST03366,2025-04-13,Ouverture newsletter,France (siège)
TP012787,CUST03366,2025-10-12,Visite site e-commerce,France (siège)
TP012788,CUST03366,2025-10-15,Rendez-vous boutique,France (siège)
TP012789,CUST03366,2026-03-22,Appel conseiller de vente,France (siège)
TP012790,CUST03366,2026-03-10,Rendez-vous boutique,France (siège)
TP012791,CUST03368,2026-02-28,Rendez-vous boutique,Chine
TP012792,CUST03368,2026-02-07,Rendez-vous boutique,Chine
TP012793,CUST03368,2026-02-08,Rendez-vous boutique,Chine
TP012794,CUST03369,2025-11-15,Rendez-vous boutique,Moyen-Orient
TP012795,CUST03369,2025-11-02,Appel conseiller de vente,Moyen-Orient
TP012796,CUST03369,2026-04-02,Appel conseiller de vente,Moyen-Orient
TP012797,CUST03369,2026-03-27,Rendez-vous boutique,Moyen-Orient
TP012798,CUST03369,2026-03-24,Rendez-vous boutique,Moyen-Orient
TP012799,CUST03370,2025-11-08,Ouverture newsletter,Chine
TP012800,CUST03370,2026-04-06,Événement VIC,Chine
TP012801,CUST03370,2026-04-05,Événement VIC,Chine
TP012802,CUST03371,2026-05-28,Événement VIC,Moyen-Orient
TP012803,CUST03371,2026-05-24,Appel conseiller de vente,Moyen-Orient
TP012804,CUST03372,2025-05-14,Rendez-vous boutique,USA
TP012805,CUST03372,2025-04-29,Appel conseiller de vente,USA
TP012806,CUST03372,2025-09-10,Visite site e-commerce,USA
TP012807,CUST03372,2026-02-22,Ouverture newsletter,USA
TP012808,CUST03372,2026-02-01,Ouverture newsletter,USA
TP012809,CUST03372,2026-07-08,Appel conseiller de vente,USA
TP012810,CUST03372,2026-07-15,Appel conseiller de vente,USA
TP012811,CUST03372,2026-07-16,Événement VIC,USA
TP012812,CUST03373,2025-12-11,Visite site e-commerce,USA
TP012813,CUST03373,2025-12-08,Rendez-vous boutique,USA
TP012814,CUST03373,2025-11-24,Rendez-vous boutique,USA
TP012815,CUST03373,2026-02-27,Événement VIC,USA
TP012816,CUST03373,2026-05-18,Rendez-vous boutique,USA
TP012817,CUST03374,2026-05-30,Événement VIC,Japon
TP012818,CUST03374,2026-05-23,Rendez-vous boutique,Japon
TP012819,CUST03374,2026-05-31,Ouverture newsletter,Japon
TP012820,CUST03375,2026-06-20,Événement VIC,USA
TP012821,CUST03375,2026-06-20,Rendez-vous boutique,USA
TP012822,CUST03376,2026-02-04,Événement VIC,USA
TP012823,CUST03376,2026-01-31,Ouverture newsletter,USA
TP012824,CUST03376,2026-02-05,Visite site e-commerce,USA
TP012825,CUST03376,2026-06-08,Rendez-vous boutique,USA
TP012826,CUST03376,2026-05-27,Visite site e-commerce,USA
TP012827,CUST03376,2026-05-25,Ouverture newsletter,USA
TP012828,CUST03378,2025-12-15,Visite site e-commerce,France (siège)
TP012829,CUST03378,2025-12-22,Visite site e-commerce,France (siège)
TP012830,CUST03378,2026-05-24,Ouverture newsletter,France (siège)
TP012831,CUST03379,2025-07-13,Appel conseiller de vente,France (siège)
TP012832,CUST03379,2025-07-08,Rendez-vous boutique,France (siège)
TP012833,CUST03379,2025-07-13,Ouverture newsletter,France (siège)
TP012834,CUST03379,2026-01-08,Ouverture newsletter,France (siège)
TP012835,CUST03379,2026-01-10,Visite site e-commerce,France (siège)
TP012836,CUST03379,2026-06-26,Rendez-vous boutique,France (siège)
TP012837,CUST03380,2025-07-02,Visite site e-commerce,USA
TP012838,CUST03380,2025-07-23,Ouverture newsletter,USA
TP012839,CUST03380,2025-07-05,Appel conseiller de vente,USA
TP012840,CUST03380,2026-01-21,Appel conseiller de vente,USA
TP012841,CUST03380,2026-01-05,Appel conseiller de vente,USA
TP012842,CUST03380,2026-01-06,Ouverture newsletter,USA
TP012843,CUST03380,2026-06-12,Visite site e-commerce,USA
TP012844,CUST03380,2026-06-11,Visite site e-commerce,USA
TP012845,CUST03381,2026-04-16,Visite site e-commerce,Moyen-Orient
TP012846,CUST03381,2026-05-02,Visite site e-commerce,Moyen-Orient
TP012847,CUST03381,2026-04-24,Rendez-vous boutique,Moyen-Orient
TP012848,CUST03382,2026-01-27,Appel conseiller de vente,Japon
TP012849,CUST03382,2026-01-16,Ouverture newsletter,Japon
TP012850,CUST03382,2026-06-20,Appel conseiller de vente,Japon
TP012851,CUST03383,2026-05-07,Ouverture newsletter,USA
TP012852,CUST03384,2026-06-19,Ouverture newsletter,Moyen-Orient
TP012853,CUST03384,2026-07-05,Événement VIC,Moyen-Orient
TP012854,CUST03384,2026-06-26,Rendez-vous boutique,Moyen-Orient
TP012855,CUST03385,2025-09-07,Événement VIC,Chine
TP012856,CUST03385,2026-03-30,Appel conseiller de vente,Chine
TP012857,CUST03385,2026-04-02,Rendez-vous boutique,Chine
TP012858,CUST03385,2026-03-31,Rendez-vous boutique,Chine
TP012859,CUST03386,2025-03-30,Ouverture newsletter,Moyen-Orient
TP012860,CUST03386,2025-09-07,Événement VIC,Moyen-Orient
TP012861,CUST03386,2026-02-19,Événement VIC,Moyen-Orient
TP012862,CUST03388,2025-02-13,Visite site e-commerce,Japon
TP012863,CUST03388,2025-02-10,Appel conseiller de vente,Japon
TP012864,CUST03388,2025-01-21,Visite site e-commerce,Japon
TP012865,CUST03388,2025-06-14,Rendez-vous boutique,Japon
TP012866,CUST03388,2025-06-07,Rendez-vous boutique,Japon
TP012867,CUST03388,2025-11-02,Appel conseiller de vente,Japon
TP012868,CUST03388,2025-11-05,Appel conseiller de vente,Japon
TP012869,CUST03388,2026-03-04,Rendez-vous boutique,Japon
TP012870,CUST03388,2026-03-09,Événement VIC,Japon
TP012871,CUST03389,2026-05-11,Visite site e-commerce,Japon
TP012872,CUST03389,2026-04-20,Visite site e-commerce,Japon
TP012873,CUST03389,2026-05-03,Appel conseiller de vente,Japon
TP012874,CUST03390,2025-09-11,Appel conseiller de vente,France (siège)
TP012875,CUST03390,2026-01-03,Événement VIC,France (siège)
TP012876,CUST03390,2025-12-31,Événement VIC,France (siège)
TP012877,CUST03390,2026-01-13,Visite site e-commerce,France (siège)
TP012878,CUST03390,2026-04-30,Visite site e-commerce,France (siège)
TP012879,CUST03390,2026-05-14,Rendez-vous boutique,France (siège)
TP012880,CUST03390,2026-05-14,Ouverture newsletter,France (siège)
TP012881,CUST03391,2025-09-04,Événement VIC,USA
TP012882,CUST03391,2025-09-07,Événement VIC,USA
TP012883,CUST03391,2026-03-05,Visite site e-commerce,USA
TP012884,CUST03391,2026-03-03,Événement VIC,USA
TP012885,CUST03391,2026-02-25,Ouverture newsletter,USA
TP012886,CUST03392,2025-07-17,Rendez-vous boutique,Moyen-Orient
TP012887,CUST03392,2026-01-08,Visite site e-commerce,Moyen-Orient
TP012888,CUST03392,2025-12-24,Événement VIC,Moyen-Orient
TP012889,CUST03392,2026-01-12,Rendez-vous boutique,Moyen-Orient
TP012890,CUST03392,2026-05-07,Rendez-vous boutique,Moyen-Orient
TP012891,CUST03392,2026-04-23,Ouverture newsletter,Moyen-Orient
TP012892,CUST03394,2026-04-16,Visite site e-commerce,France (siège)
TP012893,CUST03394,2026-04-06,Appel conseiller de vente,France (siège)
TP012894,CUST03395,2026-06-25,Événement VIC,Moyen-Orient
TP012895,CUST03397,2026-04-11,Événement VIC,Moyen-Orient
TP012896,CUST03397,2026-04-04,Visite site e-commerce,Moyen-Orient
TP012897,CUST03398,2025-01-15,Visite site e-commerce,Moyen-Orient
TP012898,CUST03398,2025-01-20,Appel conseiller de vente,Moyen-Orient
TP012899,CUST03398,2025-01-08,Événement VIC,Moyen-Orient
TP012900,CUST03398,2025-06-11,Rendez-vous boutique,Moyen-Orient
TP012901,CUST03398,2025-11-20,Rendez-vous boutique,Moyen-Orient
TP012902,CUST03399,2025-04-15,Visite site e-commerce,Chine
TP012903,CUST03400,2026-06-02,Ouverture newsletter,Moyen-Orient
TP012904,CUST03400,2026-06-14,Ouverture newsletter,Moyen-Orient
TP012905,CUST03400,2026-06-10,Appel conseiller de vente,Moyen-Orient
TP012906,CUST03401,2026-05-23,Rendez-vous boutique,USA
TP012907,CUST03402,2025-05-16,Événement VIC,USA
TP012908,CUST03402,2025-09-13,Rendez-vous boutique,USA
TP012909,CUST03402,2025-09-26,Événement VIC,USA
TP012910,CUST03402,2025-09-30,Rendez-vous boutique,USA
TP012911,CUST03402,2026-01-05,Visite site e-commerce,USA
TP012912,CUST03402,2026-01-13,Visite site e-commerce,USA
TP012913,CUST03402,2026-06-06,Ouverture newsletter,USA
TP012914,CUST03403,2025-09-24,Rendez-vous boutique,Moyen-Orient
TP012915,CUST03403,2026-03-03,Événement VIC,Moyen-Orient
TP012916,CUST03403,2026-03-24,Événement VIC,Moyen-Orient
TP012917,CUST03404,2026-05-02,Appel conseiller de vente,France (siège)
TP012918,CUST03405,2025-11-03,Visite site e-commerce,Chine
TP012919,CUST03405,2025-11-17,Visite site e-commerce,Chine
TP012920,CUST03405,2025-11-08,Événement VIC,Chine
TP012921,CUST03406,2026-01-18,Ouverture newsletter,Chine
TP012922,CUST03406,2026-01-15,Rendez-vous boutique,Chine
TP012923,CUST03406,2026-01-27,Ouverture newsletter,Chine
TP012924,CUST03406,2026-05-05,Ouverture newsletter,Chine
TP012925,CUST03406,2026-05-05,Ouverture newsletter,Chine
TP012926,CUST03406,2026-04-23,Événement VIC,Chine
TP012927,CUST03406,2026-07-10,Appel conseiller de vente,Chine
TP012928,CUST03406,2026-07-18,Visite site e-commerce,Chine
TP012929,CUST03407,2025-12-30,Rendez-vous boutique,Chine
TP012930,CUST03407,2026-05-02,Ouverture newsletter,Chine
TP012931,CUST03407,2026-05-07,Appel conseiller de vente,Chine
TP012932,CUST03408,2026-02-09,Appel conseiller de vente,USA
TP012933,CUST03408,2026-01-27,Visite site e-commerce,USA
TP012934,CUST03408,2026-01-25,Rendez-vous boutique,USA
TP012935,CUST03408,2026-06-30,Rendez-vous boutique,USA
TP012936,CUST03408,2026-06-30,Ouverture newsletter,USA
TP012937,CUST03408,2026-07-02,Événement VIC,USA
TP012938,CUST03409,2025-08-13,Rendez-vous boutique,France (siège)
TP012939,CUST03409,2025-08-02,Visite site e-commerce,France (siège)
TP012940,CUST03409,2025-08-03,Rendez-vous boutique,France (siège)
TP012941,CUST03409,2025-12-10,Rendez-vous boutique,France (siège)
TP012942,CUST03409,2026-04-10,Visite site e-commerce,France (siège)
TP012943,CUST03410,2025-12-04,Rendez-vous boutique,Japon
TP012944,CUST03410,2025-12-24,Visite site e-commerce,Japon
TP012945,CUST03410,2026-04-11,Ouverture newsletter,Japon
TP012946,CUST03410,2026-04-15,Visite site e-commerce,Japon
TP012947,CUST03410,2026-04-09,Appel conseiller de vente,Japon
TP012948,CUST03411,2025-07-09,Rendez-vous boutique,USA
TP012949,CUST03411,2025-12-08,Ouverture newsletter,USA
TP012950,CUST03411,2025-12-07,Visite site e-commerce,USA
TP012951,CUST03411,2025-11-30,Événement VIC,USA
TP012952,CUST03411,2026-04-25,Ouverture newsletter,USA
TP012953,CUST03411,2026-04-19,Événement VIC,USA
TP012954,CUST03411,2026-04-22,Rendez-vous boutique,USA
TP012955,CUST03412,2025-07-31,Visite site e-commerce,France (siège)
TP012956,CUST03412,2025-08-17,Visite site e-commerce,France (siège)
TP012957,CUST03412,2025-08-24,Ouverture newsletter,France (siège)
TP012958,CUST03412,2025-11-26,Rendez-vous boutique,France (siège)
TP012959,CUST03412,2026-03-04,Appel conseiller de vente,France (siège)
TP012960,CUST03412,2026-03-01,Ouverture newsletter,France (siège)
TP012961,CUST03412,2026-06-30,Événement VIC,France (siège)
TP012962,CUST03412,2026-06-23,Rendez-vous boutique,France (siège)
TP012963,CUST03413,2025-07-28,Ouverture newsletter,France (siège)
TP012964,CUST03413,2025-07-26,Événement VIC,France (siège)
TP012965,CUST03413,2025-07-25,Appel conseiller de vente,France (siège)
TP012966,CUST03414,2025-05-27,Ouverture newsletter,Japon
TP012967,CUST03414,2025-10-09,Visite site e-commerce,Japon
TP012968,CUST03414,2025-10-03,Appel conseiller de vente,Japon
TP012969,CUST03414,2025-10-07,Rendez-vous boutique,Japon
TP012970,CUST03414,2026-02-23,Visite site e-commerce,Japon
TP012971,CUST03414,2026-03-13,Événement VIC,Japon
TP012972,CUST03414,2026-02-24,Ouverture newsletter,Japon
TP012973,CUST03414,2026-07-22,Appel conseiller de vente,Japon
TP012974,CUST03415,2025-06-23,Événement VIC,Japon
TP012975,CUST03415,2025-06-16,Appel conseiller de vente,Japon
TP012976,CUST03415,2025-06-26,Visite site e-commerce,Japon
TP012977,CUST03415,2025-11-17,Ouverture newsletter,Japon
TP012978,CUST03415,2026-04-01,Événement VIC,Japon
TP012979,CUST03415,2026-04-22,Ouverture newsletter,Japon
TP012980,CUST03415,2026-04-19,Appel conseiller de vente,Japon
TP012981,CUST03416,2025-02-19,Ouverture newsletter,France (siège)
TP012982,CUST03416,2025-09-07,Événement VIC,France (siège)
TP012983,CUST03416,2025-08-20,Événement VIC,France (siège)
TP012984,CUST03416,2025-08-20,Appel conseiller de vente,France (siège)
TP012985,CUST03416,2026-01-27,Événement VIC,France (siège)
TP012986,CUST03416,2026-01-19,Événement VIC,France (siège)
TP012987,CUST03416,2026-07-07,Appel conseiller de vente,France (siège)
TP012988,CUST03417,2025-02-23,Appel conseiller de vente,Moyen-Orient
TP012989,CUST03417,2025-03-04,Rendez-vous boutique,Moyen-Orient
TP012990,CUST03417,2025-02-21,Visite site e-commerce,Moyen-Orient
TP012991,CUST03417,2025-08-18,Événement VIC,Moyen-Orient
TP012992,CUST03417,2025-08-24,Ouverture newsletter,Moyen-Orient
TP012993,CUST03417,2026-03-19,Rendez-vous boutique,Moyen-Orient
TP012994,CUST03417,2026-03-20,Appel conseiller de vente,Moyen-Orient
TP012995,CUST03418,2025-07-17,Événement VIC,USA
TP012996,CUST03418,2025-07-16,Événement VIC,USA
TP012997,CUST03418,2025-07-19,Événement VIC,USA
TP012998,CUST03418,2025-11-22,Ouverture newsletter,USA
TP012999,CUST03418,2025-11-26,Événement VIC,USA
TP013000,CUST03418,2026-03-26,Ouverture newsletter,USA
TP013001,CUST03418,2026-03-14,Ouverture newsletter,USA
TP013002,CUST03418,2026-03-11,Visite site e-commerce,USA
TP013003,CUST03419,2025-11-05,Événement VIC,France (siège)
TP013004,CUST03419,2026-04-26,Visite site e-commerce,France (siège)
TP013005,CUST03419,2026-04-23,Appel conseiller de vente,France (siège)
TP013006,CUST03419,2026-04-23,Événement VIC,France (siège)
TP013007,CUST03420,2025-11-01,Événement VIC,Chine
TP013008,CUST03421,2026-06-24,Ouverture newsletter,Japon
TP013009,CUST03421,2026-06-21,Appel conseiller de vente,Japon
TP013010,CUST03423,2026-04-06,Événement VIC,Chine
TP013011,CUST03425,2025-03-21,Rendez-vous boutique,France (siège)
TP013012,CUST03425,2025-03-10,Événement VIC,France (siège)
TP013013,CUST03425,2025-08-21,Événement VIC,France (siège)
TP013014,CUST03425,2025-08-16,Ouverture newsletter,France (siège)
TP013015,CUST03426,2025-11-13,Rendez-vous boutique,USA
TP013016,CUST03426,2026-02-14,Rendez-vous boutique,USA
TP013017,CUST03426,2026-07-10,Visite site e-commerce,USA
TP013018,CUST03426,2026-07-22,Appel conseiller de vente,USA
TP013019,CUST03427,2025-12-06,Événement VIC,France (siège)
TP013020,CUST03427,2025-12-07,Appel conseiller de vente,France (siège)
TP013021,CUST03427,2025-12-14,Événement VIC,France (siège)
TP013022,CUST03427,2026-05-26,Rendez-vous boutique,France (siège)
TP013023,CUST03427,2026-05-30,Visite site e-commerce,France (siège)
TP013024,CUST03427,2026-06-14,Ouverture newsletter,France (siège)
TP013025,CUST03428,2026-04-28,Visite site e-commerce,Japon
TP013026,CUST03429,2025-04-09,Appel conseiller de vente,Chine
TP013027,CUST03429,2025-04-22,Rendez-vous boutique,Chine
TP013028,CUST03429,2025-08-13,Ouverture newsletter,Chine
TP013029,CUST03429,2025-12-18,Rendez-vous boutique,Chine
TP013030,CUST03429,2025-12-16,Ouverture newsletter,Chine
TP013031,CUST03429,2026-01-03,Ouverture newsletter,Chine
TP013032,CUST03429,2026-06-21,Ouverture newsletter,Chine
TP013033,CUST03430,2025-05-16,Appel conseiller de vente,Chine
TP013034,CUST03430,2025-08-17,Appel conseiller de vente,Chine
TP013035,CUST03430,2025-12-11,Visite site e-commerce,Chine
TP013036,CUST03430,2025-11-28,Rendez-vous boutique,Chine
TP013037,CUST03430,2026-04-07,Appel conseiller de vente,Chine
TP013038,CUST03430,2026-04-06,Événement VIC,Chine
TP013039,CUST03430,2026-07-14,Ouverture newsletter,Chine
TP013040,CUST03430,2026-07-11,Visite site e-commerce,Chine
TP013041,CUST03430,2026-07-06,Événement VIC,Chine
TP013042,CUST03431,2025-02-27,Ouverture newsletter,USA
TP013043,CUST03431,2025-03-13,Appel conseiller de vente,USA
TP013044,CUST03431,2025-03-04,Appel conseiller de vente,USA
TP013045,CUST03431,2025-08-22,Visite site e-commerce,USA
TP013046,CUST03431,2026-03-20,Appel conseiller de vente,USA
TP013047,CUST03431,2026-03-22,Appel conseiller de vente,USA
TP013048,CUST03431,2026-03-12,Visite site e-commerce,USA
TP013049,CUST03432,2025-03-28,Appel conseiller de vente,Chine
TP013050,CUST03432,2025-08-15,Événement VIC,Chine
TP013051,CUST03432,2026-01-21,Ouverture newsletter,Chine
TP013052,CUST03432,2026-01-14,Appel conseiller de vente,Chine
TP013053,CUST03432,2026-01-17,Appel conseiller de vente,Chine
TP013054,CUST03432,2026-05-28,Visite site e-commerce,Chine
TP013055,CUST03432,2026-06-05,Rendez-vous boutique,Chine
TP013056,CUST03433,2025-09-04,Appel conseiller de vente,Chine
TP013057,CUST03433,2025-08-22,Événement VIC,Chine
TP013058,CUST03433,2026-04-03,Rendez-vous boutique,Chine
TP013059,CUST03433,2026-03-31,Rendez-vous boutique,Chine
TP013060,CUST03433,2026-03-19,Appel conseiller de vente,Chine
TP013061,CUST03434,2026-07-28,Appel conseiller de vente,Moyen-Orient
TP013062,CUST03435,2026-01-31,Rendez-vous boutique,France (siège)
TP013063,CUST03435,2026-06-12,Appel conseiller de vente,France (siège)
TP013064,CUST03436,2025-04-15,Ouverture newsletter,Chine
TP013065,CUST03436,2025-10-12,Visite site e-commerce,Chine
TP013066,CUST03436,2025-10-05,Événement VIC,Chine
TP013067,CUST03436,2026-04-21,Appel conseiller de vente,Chine
TP013068,CUST03436,2026-04-13,Ouverture newsletter,Chine
TP013069,CUST03437,2025-07-14,Événement VIC,Moyen-Orient
TP013070,CUST03437,2025-07-19,Appel conseiller de vente,Moyen-Orient
TP013071,CUST03437,2025-07-05,Appel conseiller de vente,Moyen-Orient
TP013072,CUST03437,2025-11-27,Appel conseiller de vente,Moyen-Orient
TP013073,CUST03437,2025-11-07,Ouverture newsletter,Moyen-Orient
TP013074,CUST03437,2026-04-17,Appel conseiller de vente,Moyen-Orient
TP013075,CUST03437,2026-04-21,Visite site e-commerce,Moyen-Orient
TP013076,CUST03438,2026-06-03,Ouverture newsletter,Chine
TP013077,CUST03439,2025-03-22,Visite site e-commerce,Moyen-Orient
TP013078,CUST03439,2025-10-05,Visite site e-commerce,Moyen-Orient
TP013079,CUST03439,2025-09-12,Appel conseiller de vente,Moyen-Orient
TP013080,CUST03440,2025-09-28,Ouverture newsletter,Japon
TP013081,CUST03440,2026-04-04,Événement VIC,Japon
TP013082,CUST03441,2025-10-26,Événement VIC,France (siège)
TP013083,CUST03441,2026-02-20,Visite site e-commerce,France (siège)
TP013084,CUST03441,2026-07-31,Événement VIC,France (siège)
TP013085,CUST03441,2026-07-20,Rendez-vous boutique,France (siège)
TP013086,CUST03441,2026-07-09,Appel conseiller de vente,France (siège)
TP013087,CUST03443,2026-05-31,Visite site e-commerce,Moyen-Orient
TP013088,CUST03443,2026-06-08,Appel conseiller de vente,Moyen-Orient
TP013089,CUST03443,2026-06-02,Rendez-vous boutique,Moyen-Orient
TP013090,CUST03444,2026-01-12,Visite site e-commerce,Chine
TP013091,CUST03444,2026-01-13,Ouverture newsletter,Chine
TP013092,CUST03444,2026-06-11,Rendez-vous boutique,Chine
TP013093,CUST03444,2026-05-28,Ouverture newsletter,Chine
TP013094,CUST03444,2026-05-27,Appel conseiller de vente,Chine
TP013095,CUST03445,2026-04-26,Ouverture newsletter,Chine
TP013096,CUST03445,2026-05-02,Ouverture newsletter,Chine
TP013097,CUST03447,2025-03-27,Événement VIC,Japon
TP013098,CUST03447,2025-04-08,Événement VIC,Japon
TP013099,CUST03447,2025-07-30,Rendez-vous boutique,Japon
TP013100,CUST03448,2025-04-06,Visite site e-commerce,Chine
TP013101,CUST03448,2025-04-09,Visite site e-commerce,Chine
TP013102,CUST03449,2025-11-15,Événement VIC,France (siège)
TP013103,CUST03449,2026-05-15,Visite site e-commerce,France (siège)
TP013104,CUST03450,2025-10-26,Visite site e-commerce,Chine
TP013105,CUST03450,2026-03-08,Appel conseiller de vente,Chine
TP013106,CUST03451,2026-02-21,Ouverture newsletter,France (siège)
TP013107,CUST03451,2026-03-04,Rendez-vous boutique,France (siège)
TP013108,CUST03451,2026-02-27,Rendez-vous boutique,France (siège)
TP013109,CUST03453,2025-12-11,Ouverture newsletter,France (siège)
TP013110,CUST03453,2025-12-19,Appel conseiller de vente,France (siège)
TP013111,CUST03453,2026-05-15,Ouverture newsletter,France (siège)
TP013112,CUST03453,2026-04-23,Événement VIC,France (siège)
TP013113,CUST03454,2025-01-24,Rendez-vous boutique,Japon
TP013114,CUST03454,2025-06-14,Rendez-vous boutique,Japon
TP013115,CUST03454,2025-06-28,Événement VIC,Japon
TP013116,CUST03454,2025-10-24,Rendez-vous boutique,Japon
TP013117,CUST03454,2026-03-03,Visite site e-commerce,Japon
TP013118,CUST03455,2026-07-10,Ouverture newsletter,Chine
TP013119,CUST03455,2026-06-29,Appel conseiller de vente,Chine
TP013120,CUST03455,2026-07-11,Rendez-vous boutique,Chine
TP013121,CUST03456,2025-05-02,Ouverture newsletter,Japon
TP013122,CUST03456,2025-04-30,Visite site e-commerce,Japon
TP013123,CUST03456,2025-11-04,Appel conseiller de vente,Japon
TP013124,CUST03456,2026-04-27,Rendez-vous boutique,Japon
TP013125,CUST03456,2026-04-27,Ouverture newsletter,Japon
TP013126,CUST03457,2026-04-11,Visite site e-commerce,France (siège)
TP013127,CUST03458,2025-04-20,Événement VIC,Chine
TP013128,CUST03458,2025-04-21,Rendez-vous boutique,Chine
TP013129,CUST03458,2025-08-24,Événement VIC,Chine
TP013130,CUST03458,2025-08-23,Ouverture newsletter,Chine
TP013131,CUST03458,2025-12-22,Événement VIC,Chine
TP013132,CUST03458,2026-05-18,Ouverture newsletter,Chine
TP013133,CUST03459,2026-01-25,Appel conseiller de vente,Moyen-Orient
TP013134,CUST03459,2026-05-20,Rendez-vous boutique,Moyen-Orient
TP013135,CUST03460,2025-03-02,Appel conseiller de vente,USA
TP013136,CUST03460,2025-02-12,Visite site e-commerce,USA
TP013137,CUST03460,2025-07-13,Ouverture newsletter,USA
TP013138,CUST03460,2026-01-30,Rendez-vous boutique,USA
TP013139,CUST03460,2026-01-22,Ouverture newsletter,USA
TP013140,CUST03460,2026-01-15,Ouverture newsletter,USA
TP013141,CUST03460,2026-06-19,Ouverture newsletter,USA
TP013142,CUST03460,2026-06-05,Visite site e-commerce,USA
TP013143,CUST03460,2026-06-05,Rendez-vous boutique,USA
TP013144,CUST03462,2025-10-22,Rendez-vous boutique,Japon
TP013145,CUST03462,2025-10-23,Visite site e-commerce,Japon
TP013146,CUST03462,2026-03-21,Visite site e-commerce,Japon
TP013147,CUST03462,2026-03-23,Rendez-vous boutique,Japon
TP013148,CUST03463,2025-04-18,Événement VIC,France (siège)
TP013149,CUST03463,2025-04-12,Ouverture newsletter,France (siège)
TP013150,CUST03463,2025-04-09,Visite site e-commerce,France (siège)
TP013151,CUST03463,2025-09-03,Rendez-vous boutique,France (siège)
TP013152,CUST03463,2025-08-30,Ouverture newsletter,France (siège)
TP013153,CUST03463,2026-03-20,Visite site e-commerce,France (siège)
TP013154,CUST03463,2026-03-05,Rendez-vous boutique,France (siège)
TP013155,CUST03465,2025-05-03,Rendez-vous boutique,USA
TP013156,CUST03465,2025-04-17,Rendez-vous boutique,USA
TP013157,CUST03465,2025-09-29,Appel conseiller de vente,USA
TP013158,CUST03465,2025-10-16,Événement VIC,USA
TP013159,CUST03465,2025-10-09,Appel conseiller de vente,USA
TP013160,CUST03465,2026-04-04,Visite site e-commerce,USA
TP013161,CUST03466,2026-04-01,Appel conseiller de vente,USA
TP013162,CUST03467,2025-02-18,Événement VIC,USA
TP013163,CUST03467,2025-07-20,Événement VIC,USA
TP013164,CUST03467,2025-07-31,Visite site e-commerce,USA
TP013165,CUST03467,2025-07-24,Rendez-vous boutique,USA
TP013166,CUST03468,2026-02-01,Visite site e-commerce,Japon
TP013167,CUST03468,2026-02-16,Rendez-vous boutique,Japon
TP013168,CUST03468,2026-02-04,Événement VIC,Japon
TP013169,CUST03468,2026-06-12,Appel conseiller de vente,Japon
TP013170,CUST03468,2026-06-15,Visite site e-commerce,Japon
TP013171,CUST03468,2026-05-28,Ouverture newsletter,Japon
TP013172,CUST03469,2025-10-15,Visite site e-commerce,Japon
TP013173,CUST03469,2025-10-19,Rendez-vous boutique,Japon
TP013174,CUST03469,2026-04-13,Visite site e-commerce,Japon
TP013175,CUST03469,2026-04-15,Événement VIC,Japon
TP013176,CUST03470,2025-07-14,Ouverture newsletter,USA
TP013177,CUST03470,2025-07-02,Visite site e-commerce,USA
TP013178,CUST03470,2025-07-07,Appel conseiller de vente,USA
TP013179,CUST03470,2025-11-13,Visite site e-commerce,USA
TP013180,CUST03470,2025-11-05,Événement VIC,USA
TP013181,CUST03470,2026-04-02,Appel conseiller de vente,USA
TP013182,CUST03470,2026-04-12,Visite site e-commerce,USA
TP013183,CUST03470,2026-07-22,Rendez-vous boutique,USA
TP013184,CUST03470,2026-07-18,Appel conseiller de vente,USA
TP013185,CUST03470,2026-07-15,Rendez-vous boutique,USA
TP013186,CUST03471,2025-09-02,Événement VIC,Japon
TP013187,CUST03471,2026-02-11,Rendez-vous boutique,Japon
TP013188,CUST03471,2026-02-13,Appel conseiller de vente,Japon
TP013189,CUST03471,2026-02-10,Ouverture newsletter,Japon
TP013190,CUST03471,2026-06-05,Événement VIC,Japon
TP013191,CUST03472,2025-04-01,Visite site e-commerce,Moyen-Orient
TP013192,CUST03472,2025-04-15,Événement VIC,Moyen-Orient
TP013193,CUST03472,2025-04-03,Événement VIC,Moyen-Orient
TP013194,CUST03472,2025-08-24,Rendez-vous boutique,Moyen-Orient
TP013195,CUST03472,2025-12-30,Ouverture newsletter,Moyen-Orient
TP013196,CUST03472,2026-06-06,Visite site e-commerce,Moyen-Orient
TP013197,CUST03472,2026-06-01,Rendez-vous boutique,Moyen-Orient
TP013198,CUST03473,2025-03-15,Appel conseiller de vente,Japon
TP013199,CUST03473,2025-08-25,Appel conseiller de vente,Japon
TP013200,CUST03473,2026-02-11,Événement VIC,Japon
TP013201,CUST03473,2026-02-13,Événement VIC,Japon
TP013202,CUST03473,2026-02-23,Ouverture newsletter,Japon
TP013203,CUST03473,2026-06-18,Événement VIC,Japon
TP013204,CUST03474,2026-03-03,Appel conseiller de vente,Chine
TP013205,CUST03475,2026-03-08,Visite site e-commerce,France (siège)
TP013206,CUST03477,2025-06-28,Ouverture newsletter,Japon
TP013207,CUST03477,2025-06-15,Rendez-vous boutique,Japon
TP013208,CUST03477,2025-12-07,Événement VIC,Japon
TP013209,CUST03477,2025-12-08,Rendez-vous boutique,Japon
TP013210,CUST03477,2026-06-25,Appel conseiller de vente,Japon
TP013211,CUST03477,2026-06-15,Appel conseiller de vente,Japon
TP013212,CUST03478,2026-05-31,Ouverture newsletter,France (siège)
TP013213,CUST03479,2025-09-11,Appel conseiller de vente,USA
TP013214,CUST03479,2025-09-05,Rendez-vous boutique,USA
TP013215,CUST03479,2026-03-24,Appel conseiller de vente,USA
TP013216,CUST03479,2026-03-12,Événement VIC,USA
TP013217,CUST03479,2026-03-25,Événement VIC,USA
TP013218,CUST03480,2025-05-03,Appel conseiller de vente,USA
TP013219,CUST03480,2025-10-01,Événement VIC,USA
TP013220,CUST03480,2026-03-12,Rendez-vous boutique,USA
TP013221,CUST03480,2026-03-09,Ouverture newsletter,USA
TP013222,CUST03481,2025-10-10,Appel conseiller de vente,USA
TP013223,CUST03481,2026-04-18,Appel conseiller de vente,USA
TP013224,CUST03482,2025-08-31,Ouverture newsletter,USA
TP013225,CUST03482,2025-09-09,Événement VIC,USA
TP013226,CUST03482,2025-08-22,Visite site e-commerce,USA
TP013227,CUST03482,2026-03-13,Événement VIC,USA
TP013228,CUST03482,2026-02-21,Visite site e-commerce,USA
TP013229,CUST03482,2026-02-25,Visite site e-commerce,USA
TP013230,CUST03483,2025-09-04,Appel conseiller de vente,Japon
TP013231,CUST03483,2026-02-28,Rendez-vous boutique,Japon
TP013232,CUST03483,2026-07-21,Rendez-vous boutique,Japon
TP013233,CUST03483,2026-06-30,Visite site e-commerce,Japon
TP013234,CUST03483,2026-06-30,Appel conseiller de vente,Japon
TP013235,CUST03485,2025-11-29,Visite site e-commerce,Chine
TP013236,CUST03485,2026-03-31,Appel conseiller de vente,Chine
TP013237,CUST03485,2026-03-13,Ouverture newsletter,Chine
TP013238,CUST03486,2025-08-07,Appel conseiller de vente,France (siège)
TP013239,CUST03486,2025-08-06,Événement VIC,France (siège)
TP013240,CUST03486,2026-02-11,Ouverture newsletter,France (siège)
TP013241,CUST03486,2026-02-12,Appel conseiller de vente,France (siège)
TP013242,CUST03486,2026-07-31,Appel conseiller de vente,France (siège)
TP013243,CUST03486,2026-07-25,Événement VIC,France (siège)
TP013244,CUST03487,2025-10-07,Ouverture newsletter,Chine
TP013245,CUST03487,2025-09-24,Ouverture newsletter,Chine
TP013246,CUST03487,2025-10-04,Ouverture newsletter,Chine
TP013247,CUST03487,2026-04-09,Événement VIC,Chine
TP013248,CUST03487,2026-04-06,Appel conseiller de vente,Chine
TP013249,CUST03487,2026-04-15,Rendez-vous boutique,Chine
TP013250,CUST03488,2026-05-22,Appel conseiller de vente,Chine
TP013251,CUST03488,2026-05-25,Événement VIC,Chine
TP013252,CUST03488,2026-06-03,Visite site e-commerce,Chine
TP013253,CUST03489,2025-11-10,Événement VIC,Moyen-Orient
TP013254,CUST03489,2025-11-08,Visite site e-commerce,Moyen-Orient
TP013255,CUST03489,2026-05-14,Rendez-vous boutique,Moyen-Orient
TP013256,CUST03490,2026-03-03,Appel conseiller de vente,USA
TP013257,CUST03490,2026-07-20,Ouverture newsletter,USA
TP013258,CUST03490,2026-07-22,Événement VIC,USA
TP013259,CUST03490,2026-07-28,Ouverture newsletter,USA
TP013260,CUST03492,2026-01-19,Événement VIC,USA
TP013261,CUST03492,2026-01-15,Événement VIC,USA
TP013262,CUST03492,2026-01-26,Appel conseiller de vente,USA
TP013263,CUST03492,2026-06-04,Ouverture newsletter,USA
TP013264,CUST03493,2026-03-23,Appel conseiller de vente,Moyen-Orient
TP013265,CUST03494,2025-08-09,Événement VIC,France (siège)
TP013266,CUST03494,2025-07-26,Rendez-vous boutique,France (siège)
TP013267,CUST03494,2026-01-12,Appel conseiller de vente,France (siège)
TP013268,CUST03494,2026-01-16,Rendez-vous boutique,France (siège)
TP013269,CUST03494,2026-01-17,Rendez-vous boutique,France (siège)
TP013270,CUST03494,2026-07-13,Visite site e-commerce,France (siège)
TP013271,CUST03494,2026-07-12,Appel conseiller de vente,France (siège)
TP013272,CUST03495,2025-12-26,Appel conseiller de vente,USA
TP013273,CUST03495,2026-01-08,Appel conseiller de vente,USA
TP013274,CUST03495,2026-05-02,Ouverture newsletter,USA
TP013275,CUST03495,2026-05-01,Visite site e-commerce,USA
TP013276,CUST03496,2025-04-20,Visite site e-commerce,USA
TP013277,CUST03496,2025-04-08,Appel conseiller de vente,USA
TP013278,CUST03496,2025-04-25,Visite site e-commerce,USA
TP013279,CUST03496,2025-09-25,Événement VIC,USA
TP013280,CUST03497,2026-05-26,Rendez-vous boutique,USA
TP013281,CUST03497,2026-05-24,Visite site e-commerce,USA
TP013282,CUST03497,2026-05-14,Événement VIC,USA
TP013283,CUST03498,2026-07-03,Ouverture newsletter,Moyen-Orient
TP013284,CUST03498,2026-07-23,Rendez-vous boutique,Moyen-Orient
TP013285,CUST03499,2025-05-09,Appel conseiller de vente,France (siège)
TP013286,CUST03499,2025-05-17,Visite site e-commerce,France (siège)
TP013287,CUST03499,2025-11-04,Événement VIC,France (siège)
TP013288,CUST03499,2026-05-20,Visite site e-commerce,France (siège)
TP013289,CUST03499,2026-05-13,Appel conseiller de vente,France (siège)
TP013290,CUST03499,2026-05-13,Rendez-vous boutique,France (siège)
TP013291,CUST03501,2026-06-18,Visite site e-commerce,Chine
TP013292,CUST03501,2026-06-30,Rendez-vous boutique,Chine
TP013293,CUST03501,2026-06-28,Ouverture newsletter,Chine
TP013294,CUST03502,2026-01-26,Événement VIC,Chine
TP013295,CUST03502,2026-01-31,Visite site e-commerce,Chine
TP013296,CUST03502,2026-02-13,Événement VIC,Chine
TP013297,CUST03502,2026-07-25,Appel conseiller de vente,Chine
TP013298,CUST03503,2026-03-08,Rendez-vous boutique,France (siège)
TP013299,CUST03503,2026-03-07,Rendez-vous boutique,France (siège)
TP013300,CUST03503,2026-03-03,Événement VIC,France (siège)
TP013301,CUST03504,2025-12-13,Visite site e-commerce,USA
TP013302,CUST03504,2025-12-20,Événement VIC,USA
TP013303,CUST03504,2025-12-17,Événement VIC,USA
TP013304,CUST03504,2026-05-19,Rendez-vous boutique,USA
TP013305,CUST03504,2026-06-09,Appel conseiller de vente,USA
TP013306,CUST03504,2026-06-05,Ouverture newsletter,USA
TP013307,CUST03505,2025-04-03,Événement VIC,USA
TP013308,CUST03505,2025-04-12,Ouverture newsletter,USA
TP013309,CUST03505,2025-09-24,Événement VIC,USA
TP013310,CUST03505,2025-09-24,Ouverture newsletter,USA
TP013311,CUST03505,2026-02-07,Ouverture newsletter,USA
TP013312,CUST03505,2026-02-03,Événement VIC,USA
TP013313,CUST03507,2026-02-02,Appel conseiller de vente,Chine
TP013314,CUST03507,2026-02-04,Visite site e-commerce,Chine
TP013315,CUST03507,2026-06-24,Visite site e-commerce,Chine
TP013316,CUST03507,2026-07-08,Ouverture newsletter,Chine
TP013317,CUST03508,2025-04-23,Rendez-vous boutique,USA
TP013318,CUST03508,2025-04-08,Rendez-vous boutique,USA
TP013319,CUST03508,2025-04-22,Événement VIC,USA
TP013320,CUST03508,2025-07-24,Événement VIC,USA
TP013321,CUST03508,2025-08-03,Visite site e-commerce,USA
TP013322,CUST03508,2025-12-24,Ouverture newsletter,USA
TP013323,CUST03508,2026-06-21,Ouverture newsletter,USA
TP013324,CUST03509,2025-05-29,Rendez-vous boutique,France (siège)
TP013325,CUST03509,2025-05-27,Ouverture newsletter,France (siège)
TP013326,CUST03509,2025-11-15,Appel conseiller de vente,France (siège)
TP013327,CUST03509,2025-10-27,Appel conseiller de vente,France (siège)
TP013328,CUST03509,2026-03-28,Rendez-vous boutique,France (siège)
TP013329,CUST03509,2026-03-23,Rendez-vous boutique,France (siège)
TP013330,CUST03509,2026-04-04,Ouverture newsletter,France (siège)
TP013331,CUST03510,2025-12-01,Appel conseiller de vente,France (siège)
TP013332,CUST03510,2026-05-25,Événement VIC,France (siège)
TP013333,CUST03510,2026-05-19,Rendez-vous boutique,France (siège)
TP013334,CUST03511,2025-11-01,Appel conseiller de vente,Japon
TP013335,CUST03511,2025-10-20,Événement VIC,Japon
TP013336,CUST03511,2026-02-23,Événement VIC,Japon
TP013337,CUST03511,2026-02-06,Visite site e-commerce,Japon
TP013338,CUST03511,2026-02-09,Événement VIC,Japon
TP013339,CUST03512,2025-10-10,Visite site e-commerce,Moyen-Orient
TP013340,CUST03512,2026-02-14,Rendez-vous boutique,Moyen-Orient
TP013341,CUST03512,2026-07-27,Événement VIC,Moyen-Orient
TP013342,CUST03512,2026-07-24,Appel conseiller de vente,Moyen-Orient
TP013343,CUST03514,2025-02-13,Appel conseiller de vente,Japon
TP013344,CUST03514,2025-07-10,Visite site e-commerce,Japon
TP013345,CUST03514,2025-06-23,Rendez-vous boutique,Japon
TP013346,CUST03514,2025-06-26,Visite site e-commerce,Japon
TP013347,CUST03514,2025-11-30,Ouverture newsletter,Japon
TP013348,CUST03514,2025-12-08,Appel conseiller de vente,Japon
TP013349,CUST03514,2025-12-18,Ouverture newsletter,Japon
TP013350,CUST03514,2026-05-23,Appel conseiller de vente,Japon
TP013351,CUST03515,2025-07-30,Appel conseiller de vente,Chine
TP013352,CUST03515,2025-12-09,Rendez-vous boutique,Chine
TP013353,CUST03515,2025-12-12,Appel conseiller de vente,Chine
TP013354,CUST03515,2026-04-16,Rendez-vous boutique,Chine
TP013355,CUST03515,2026-04-14,Événement VIC,Chine
TP013356,CUST03515,2026-03-23,Visite site e-commerce,Chine
TP013357,CUST03516,2025-08-12,Ouverture newsletter,Moyen-Orient
TP013358,CUST03516,2025-07-30,Événement VIC,Moyen-Orient
TP013359,CUST03516,2025-07-26,Visite site e-commerce,Moyen-Orient
TP013360,CUST03516,2025-12-03,Événement VIC,Moyen-Orient
TP013361,CUST03516,2025-12-20,Appel conseiller de vente,Moyen-Orient
TP013362,CUST03516,2025-12-24,Visite site e-commerce,Moyen-Orient
TP013363,CUST03516,2026-04-29,Rendez-vous boutique,Moyen-Orient
TP013364,CUST03516,2026-05-02,Événement VIC,Moyen-Orient
TP013365,CUST03516,2026-05-17,Ouverture newsletter,Moyen-Orient
TP013366,CUST03517,2026-01-27,Rendez-vous boutique,Japon
TP013367,CUST03517,2026-07-12,Événement VIC,Japon
TP013368,CUST03517,2026-07-07,Rendez-vous boutique,Japon
TP013369,CUST03518,2025-03-24,Ouverture newsletter,USA
TP013370,CUST03518,2025-03-29,Événement VIC,USA
TP013371,CUST03518,2025-10-16,Appel conseiller de vente,USA
TP013372,CUST03518,2025-10-07,Ouverture newsletter,USA
TP013373,CUST03518,2025-10-12,Rendez-vous boutique,USA
TP013374,CUST03518,2026-03-27,Visite site e-commerce,USA
TP013375,CUST03519,2025-12-07,Visite site e-commerce,Japon
TP013376,CUST03519,2025-12-22,Appel conseiller de vente,Japon
TP013377,CUST03519,2025-12-17,Événement VIC,Japon
TP013378,CUST03519,2026-05-08,Appel conseiller de vente,Japon
TP013379,CUST03520,2026-04-26,Appel conseiller de vente,Chine
TP013380,CUST03520,2026-04-11,Événement VIC,Chine
TP013381,CUST03520,2026-04-16,Rendez-vous boutique,Chine
TP013382,CUST03521,2026-01-05,Visite site e-commerce,France (siège)
TP013383,CUST03521,2026-07-07,Appel conseiller de vente,France (siège)
TP013384,CUST03521,2026-06-26,Rendez-vous boutique,France (siège)
TP013385,CUST03521,2026-06-23,Ouverture newsletter,France (siège)
TP013386,CUST03522,2025-06-12,Visite site e-commerce,Japon
TP013387,CUST03522,2025-10-26,Visite site e-commerce,Japon
TP013388,CUST03522,2025-10-27,Rendez-vous boutique,Japon
TP013389,CUST03522,2026-04-03,Ouverture newsletter,Japon
TP013390,CUST03522,2026-03-30,Visite site e-commerce,Japon
TP013391,CUST03523,2025-02-14,Ouverture newsletter,Moyen-Orient
TP013392,CUST03523,2025-06-21,Événement VIC,Moyen-Orient
TP013393,CUST03523,2025-06-20,Rendez-vous boutique,Moyen-Orient
TP013394,CUST03523,2025-06-22,Rendez-vous boutique,Moyen-Orient
TP013395,CUST03523,2025-12-18,Ouverture newsletter,Moyen-Orient
TP013396,CUST03523,2025-12-16,Ouverture newsletter,Moyen-Orient
TP013397,CUST03523,2025-12-20,Ouverture newsletter,Moyen-Orient
TP013398,CUST03523,2026-04-27,Appel conseiller de vente,Moyen-Orient
TP013399,CUST03523,2026-05-12,Événement VIC,Moyen-Orient
TP013400,CUST03523,2026-04-28,Événement VIC,Moyen-Orient
TP013401,CUST03524,2025-02-25,Ouverture newsletter,France (siège)
TP013402,CUST03524,2025-02-26,Visite site e-commerce,France (siège)
TP013403,CUST03524,2025-02-18,Événement VIC,France (siège)
TP013404,CUST03524,2025-05-05,Appel conseiller de vente,France (siège)
TP013405,CUST03524,2025-05-09,Ouverture newsletter,France (siège)
TP013406,CUST03524,2025-09-08,Ouverture newsletter,France (siège)
TP013407,CUST03524,2025-09-16,Visite site e-commerce,France (siège)
TP013408,CUST03524,2025-09-27,Événement VIC,France (siège)
TP013409,CUST03524,2025-11-15,Appel conseiller de vente,France (siège)
TP013410,CUST03524,2025-12-07,Rendez-vous boutique,France (siège)
TP013411,CUST03524,2026-03-04,Ouverture newsletter,France (siège)
TP013412,CUST03524,2026-06-20,Événement VIC,France (siège)
TP013413,CUST03525,2025-07-31,Ouverture newsletter,USA
TP013414,CUST03525,2025-08-09,Appel conseiller de vente,USA
TP013415,CUST03525,2025-08-09,Rendez-vous boutique,USA
TP013416,CUST03526,2026-03-06,Rendez-vous boutique,Chine
TP013417,CUST03527,2025-06-16,Rendez-vous boutique,Moyen-Orient
TP013418,CUST03527,2025-06-14,Événement VIC,Moyen-Orient
TP013419,CUST03528,2025-12-23,Événement VIC,Moyen-Orient
TP013420,CUST03528,2026-04-21,Événement VIC,Moyen-Orient
TP013421,CUST03528,2026-04-22,Événement VIC,Moyen-Orient
TP013422,CUST03528,2026-04-29,Ouverture newsletter,Moyen-Orient
TP013423,CUST03530,2025-10-29,Rendez-vous boutique,USA
TP013424,CUST03530,2026-04-23,Rendez-vous boutique,USA
TP013425,CUST03531,2025-09-24,Événement VIC,USA
TP013426,CUST03531,2026-02-21,Appel conseiller de vente,USA
TP013427,CUST03531,2026-03-10,Ouverture newsletter,USA
TP013428,CUST03531,2026-03-10,Appel conseiller de vente,USA
TP013429,CUST03532,2025-08-21,Rendez-vous boutique,France (siège)
TP013430,CUST03532,2026-02-13,Appel conseiller de vente,France (siège)
TP013431,CUST03532,2026-02-22,Visite site e-commerce,France (siège)
TP013432,CUST03532,2026-02-25,Ouverture newsletter,France (siège)
TP013433,CUST03533,2025-08-13,Rendez-vous boutique,France (siège)
TP013434,CUST03533,2025-08-17,Événement VIC,France (siège)
TP013435,CUST03533,2026-02-05,Appel conseiller de vente,France (siège)
TP013436,CUST03534,2025-10-21,Ouverture newsletter,USA
TP013437,CUST03534,2025-10-25,Événement VIC,USA
TP013438,CUST03534,2026-03-02,Rendez-vous boutique,USA
TP013439,CUST03535,2025-05-06,Appel conseiller de vente,France (siège)
TP013440,CUST03535,2025-11-30,Événement VIC,France (siège)
TP013441,CUST03535,2025-11-25,Visite site e-commerce,France (siège)
TP013442,CUST03535,2026-04-15,Visite site e-commerce,France (siège)
TP013443,CUST03535,2026-05-02,Rendez-vous boutique,France (siège)
TP013444,CUST03536,2025-02-14,Événement VIC,Chine
TP013445,CUST03536,2025-02-26,Ouverture newsletter,Chine
TP013446,CUST03536,2025-02-19,Rendez-vous boutique,Chine
TP013447,CUST03536,2025-09-12,Visite site e-commerce,Chine
TP013448,CUST03536,2026-03-15,Visite site e-commerce,Chine
TP013449,CUST03537,2025-03-28,Rendez-vous boutique,Chine
TP013450,CUST03537,2025-03-26,Visite site e-commerce,Chine
TP013451,CUST03537,2025-09-01,Ouverture newsletter,Chine
TP013452,CUST03537,2025-08-24,Rendez-vous boutique,Chine
TP013453,CUST03537,2025-09-01,Rendez-vous boutique,Chine
TP013454,CUST03537,2026-02-19,Ouverture newsletter,Chine
TP013455,CUST03537,2026-03-02,Appel conseiller de vente,Chine
TP013456,CUST03537,2026-03-13,Visite site e-commerce,Chine
TP013457,CUST03538,2025-07-16,Appel conseiller de vente,France (siège)
TP013458,CUST03538,2025-06-28,Rendez-vous boutique,France (siège)
TP013459,CUST03538,2025-07-01,Rendez-vous boutique,France (siège)
TP013460,CUST03539,2026-01-08,Ouverture newsletter,Chine
TP013461,CUST03539,2026-01-26,Événement VIC,Chine
TP013462,CUST03539,2026-06-07,Ouverture newsletter,Chine
TP013463,CUST03541,2025-09-11,Événement VIC,Chine
TP013464,CUST03541,2025-09-16,Visite site e-commerce,Chine
TP013465,CUST03541,2025-12-02,Événement VIC,Chine
TP013466,CUST03541,2025-12-16,Visite site e-commerce,Chine
TP013467,CUST03541,2026-03-18,Événement VIC,Chine
TP013468,CUST03541,2026-06-03,Rendez-vous boutique,Chine
TP013469,CUST03541,2026-06-11,Appel conseiller de vente,Chine
TP013470,CUST03542,2025-08-24,Appel conseiller de vente,Moyen-Orient
TP013471,CUST03542,2025-12-29,Événement VIC,Moyen-Orient
TP013472,CUST03542,2026-04-27,Événement VIC,Moyen-Orient
TP013473,CUST03542,2026-05-04,Événement VIC,Moyen-Orient
TP013474,CUST03542,2026-04-27,Événement VIC,Moyen-Orient
TP013475,CUST03543,2026-06-14,Visite site e-commerce,France (siège)
TP013476,CUST03543,2026-06-05,Visite site e-commerce,France (siège)
TP013477,CUST03543,2026-06-07,Visite site e-commerce,France (siège)
TP013478,CUST03544,2025-04-16,Visite site e-commerce,USA
TP013479,CUST03544,2025-04-15,Événement VIC,USA
TP013480,CUST03544,2025-04-06,Appel conseiller de vente,USA
TP013481,CUST03544,2025-09-23,Visite site e-commerce,USA
TP013482,CUST03544,2025-10-11,Ouverture newsletter,USA
TP013483,CUST03544,2026-03-01,Événement VIC,USA
TP013484,CUST03545,2025-02-14,Rendez-vous boutique,Chine
TP013485,CUST03545,2025-02-06,Ouverture newsletter,Chine
TP013486,CUST03545,2025-02-18,Ouverture newsletter,Chine
TP013487,CUST03545,2025-07-15,Événement VIC,Chine
TP013488,CUST03545,2025-07-18,Visite site e-commerce,Chine
TP013489,CUST03545,2025-07-09,Appel conseiller de vente,Chine
TP013490,CUST03545,2025-12-27,Rendez-vous boutique,Chine
TP013491,CUST03545,2026-05-25,Appel conseiller de vente,Chine
TP013492,CUST03545,2026-06-01,Appel conseiller de vente,Chine
TP013493,CUST03545,2026-05-30,Appel conseiller de vente,Chine
TP013494,CUST03546,2025-08-28,Rendez-vous boutique,Moyen-Orient
TP013495,CUST03546,2025-08-20,Appel conseiller de vente,Moyen-Orient
TP013496,CUST03546,2025-08-27,Visite site e-commerce,Moyen-Orient
TP013497,CUST03546,2025-12-23,Événement VIC,Moyen-Orient
TP013498,CUST03546,2025-12-22,Ouverture newsletter,Moyen-Orient
TP013499,CUST03546,2026-05-31,Événement VIC,Moyen-Orient
TP013500,CUST03547,2025-07-08,Appel conseiller de vente,Moyen-Orient
TP013501,CUST03547,2025-07-14,Rendez-vous boutique,Moyen-Orient
TP013502,CUST03547,2025-07-10,Événement VIC,Moyen-Orient
TP013503,CUST03547,2025-12-21,Rendez-vous boutique,Moyen-Orient
TP013504,CUST03547,2025-12-27,Rendez-vous boutique,Moyen-Orient
TP013505,CUST03548,2026-01-20,Ouverture newsletter,France (siège)
TP013506,CUST03548,2026-01-10,Rendez-vous boutique,France (siège)
TP013507,CUST03548,2026-01-17,Rendez-vous boutique,France (siège)
TP013508,CUST03548,2026-06-30,Ouverture newsletter,France (siège)
TP013509,CUST03548,2026-07-13,Rendez-vous boutique,France (siège)
TP013510,CUST03549,2025-12-16,Événement VIC,Chine
TP013511,CUST03549,2025-12-28,Visite site e-commerce,Chine
TP013512,CUST03550,2025-04-12,Ouverture newsletter,Japon
TP013513,CUST03550,2025-04-14,Événement VIC,Japon
TP013514,CUST03550,2025-04-07,Appel conseiller de vente,Japon
TP013515,CUST03550,2025-08-18,Visite site e-commerce,Japon
TP013516,CUST03550,2026-02-18,Événement VIC,Japon
TP013517,CUST03550,2026-06-29,Ouverture newsletter,Japon
TP013518,CUST03550,2026-06-10,Rendez-vous boutique,Japon
TP013519,CUST03551,2025-02-22,Rendez-vous boutique,Chine
TP013520,CUST03551,2025-02-20,Visite site e-commerce,Chine
TP013521,CUST03551,2025-04-23,Événement VIC,Chine
TP013522,CUST03551,2025-07-24,Visite site e-commerce,Chine
TP013523,CUST03551,2025-08-01,Ouverture newsletter,Chine
TP013524,CUST03551,2025-07-20,Rendez-vous boutique,Chine
TP013525,CUST03551,2025-11-10,Visite site e-commerce,Chine
TP013526,CUST03551,2025-11-08,Visite site e-commerce,Chine
TP013527,CUST03551,2026-02-21,Événement VIC,Chine
TP013528,CUST03551,2026-02-18,Ouverture newsletter,Chine
TP013529,CUST03551,2026-06-23,Rendez-vous boutique,Chine
TP013530,CUST03552,2025-09-09,Visite site e-commerce,USA
TP013531,CUST03552,2025-12-19,Événement VIC,USA
TP013532,CUST03552,2026-05-05,Appel conseiller de vente,USA
TP013533,CUST03552,2026-04-19,Rendez-vous boutique,USA
TP013534,CUST03553,2026-03-19,Ouverture newsletter,USA
TP013535,CUST03553,2026-03-25,Appel conseiller de vente,USA
TP013536,CUST03553,2026-03-14,Événement VIC,USA
TP013537,CUST03554,2026-02-04,Appel conseiller de vente,USA
TP013538,CUST03554,2026-01-23,Rendez-vous boutique,USA
TP013539,CUST03554,2026-01-24,Rendez-vous boutique,USA
TP013540,CUST03554,2026-07-25,Visite site e-commerce,USA
TP013541,CUST03554,2026-07-03,Rendez-vous boutique,USA
TP013542,CUST03555,2025-01-27,Événement VIC,USA
TP013543,CUST03555,2025-02-12,Appel conseiller de vente,USA
TP013544,CUST03555,2025-02-09,Événement VIC,USA
TP013545,CUST03555,2025-07-15,Visite site e-commerce,USA
TP013546,CUST03555,2025-07-08,Rendez-vous boutique,USA
TP013547,CUST03555,2025-12-24,Rendez-vous boutique,USA
TP013548,CUST03556,2025-12-23,Rendez-vous boutique,USA
TP013549,CUST03556,2025-12-20,Appel conseiller de vente,USA
TP013550,CUST03556,2025-12-11,Ouverture newsletter,USA
TP013551,CUST03556,2026-06-03,Ouverture newsletter,USA
TP013552,CUST03556,2026-05-20,Appel conseiller de vente,USA
TP013553,CUST03556,2026-05-30,Visite site e-commerce,USA
TP013554,CUST03557,2025-06-19,Visite site e-commerce,Japon
TP013555,CUST03557,2025-06-23,Événement VIC,Japon
TP013556,CUST03557,2025-06-01,Visite site e-commerce,Japon
TP013557,CUST03557,2025-09-24,Visite site e-commerce,Japon
TP013558,CUST03557,2025-10-09,Rendez-vous boutique,Japon
TP013559,CUST03557,2026-03-15,Rendez-vous boutique,Japon
TP013560,CUST03558,2025-05-31,Visite site e-commerce,Moyen-Orient
TP013561,CUST03558,2025-05-24,Ouverture newsletter,Moyen-Orient
TP013562,CUST03558,2025-06-03,Appel conseiller de vente,Moyen-Orient
TP013563,CUST03558,2025-11-10,Ouverture newsletter,Moyen-Orient
TP013564,CUST03558,2025-11-26,Rendez-vous boutique,Moyen-Orient
TP013565,CUST03558,2026-03-05,Visite site e-commerce,Moyen-Orient
TP013566,CUST03559,2026-07-08,Rendez-vous boutique,Moyen-Orient
TP013567,CUST03559,2026-07-24,Ouverture newsletter,Moyen-Orient
TP013568,CUST03559,2026-07-22,Rendez-vous boutique,Moyen-Orient
TP013569,CUST03560,2026-05-03,Appel conseiller de vente,Japon
TP013570,CUST03560,2026-04-28,Événement VIC,Japon
TP013571,CUST03560,2026-04-26,Événement VIC,Japon
TP013572,CUST03561,2026-03-01,Appel conseiller de vente,France (siège)
TP013573,CUST03561,2026-02-27,Appel conseiller de vente,France (siège)
TP013574,CUST03561,2026-03-02,Visite site e-commerce,France (siège)
TP013575,CUST03563,2025-11-26,Ouverture newsletter,Chine
TP013576,CUST03563,2025-11-07,Visite site e-commerce,Chine
TP013577,CUST03563,2026-06-22,Événement VIC,Chine
TP013578,CUST03563,2026-07-03,Appel conseiller de vente,Chine
TP013579,CUST03564,2025-06-13,Appel conseiller de vente,Moyen-Orient
TP013580,CUST03564,2025-12-10,Appel conseiller de vente,Moyen-Orient
TP013581,CUST03564,2026-06-08,Rendez-vous boutique,Moyen-Orient
TP013582,CUST03566,2025-07-28,Visite site e-commerce,Japon
TP013583,CUST03566,2025-08-15,Visite site e-commerce,Japon
TP013584,CUST03566,2026-01-18,Ouverture newsletter,Japon
TP013585,CUST03566,2026-01-13,Rendez-vous boutique,Japon
TP013586,CUST03566,2026-07-12,Ouverture newsletter,Japon
TP013587,CUST03567,2025-05-14,Visite site e-commerce,Moyen-Orient
TP013588,CUST03567,2025-05-24,Visite site e-commerce,Moyen-Orient
TP013589,CUST03567,2025-05-08,Ouverture newsletter,Moyen-Orient
TP013590,CUST03568,2025-05-25,Ouverture newsletter,Japon
TP013591,CUST03568,2025-05-24,Ouverture newsletter,Japon
TP013592,CUST03568,2025-06-01,Rendez-vous boutique,Japon
TP013593,CUST03568,2025-11-26,Appel conseiller de vente,Japon
TP013594,CUST03568,2025-11-25,Événement VIC,Japon
TP013595,CUST03568,2026-04-04,Visite site e-commerce,Japon
TP013596,CUST03568,2026-03-23,Rendez-vous boutique,Japon
TP013597,CUST03569,2025-04-22,Visite site e-commerce,USA
TP013598,CUST03569,2025-04-15,Visite site e-commerce,USA
TP013599,CUST03569,2025-09-16,Appel conseiller de vente,USA
TP013600,CUST03569,2026-02-14,Appel conseiller de vente,USA
TP013601,CUST03570,2025-04-21,Appel conseiller de vente,Chine
TP013602,CUST03570,2025-04-24,Appel conseiller de vente,Chine
TP013603,CUST03570,2025-08-31,Ouverture newsletter,Chine
TP013604,CUST03570,2025-08-19,Visite site e-commerce,Chine
TP013605,CUST03570,2026-01-19,Ouverture newsletter,Chine
TP013606,CUST03570,2026-06-17,Appel conseiller de vente,Chine
TP013607,CUST03570,2026-06-14,Événement VIC,Chine
TP013608,CUST03571,2026-02-01,Événement VIC,France (siège)
TP013609,CUST03571,2026-02-04,Appel conseiller de vente,France (siège)
TP013610,CUST03571,2026-01-30,Événement VIC,France (siège)
TP013611,CUST03571,2026-07-12,Appel conseiller de vente,France (siège)
TP013612,CUST03572,2025-08-19,Rendez-vous boutique,France (siège)
TP013613,CUST03572,2025-08-20,Appel conseiller de vente,France (siège)
TP013614,CUST03572,2025-08-11,Événement VIC,France (siège)
TP013615,CUST03572,2026-02-12,Événement VIC,France (siège)
TP013616,CUST03573,2025-01-28,Appel conseiller de vente,USA
TP013617,CUST03573,2025-01-31,Ouverture newsletter,USA
TP013618,CUST03573,2025-01-22,Rendez-vous boutique,USA
TP013619,CUST03573,2025-06-19,Ouverture newsletter,USA
TP013620,CUST03574,2025-04-17,Visite site e-commerce,France (siège)
TP013621,CUST03574,2025-04-02,Visite site e-commerce,France (siège)
TP013622,CUST03574,2025-04-10,Ouverture newsletter,France (siège)
TP013623,CUST03574,2025-08-26,Visite site e-commerce,France (siège)
TP013624,CUST03574,2025-09-03,Ouverture newsletter,France (siège)
TP013625,CUST03574,2025-08-24,Événement VIC,France (siège)
TP013626,CUST03574,2026-02-12,Rendez-vous boutique,France (siège)
TP013627,CUST03574,2026-02-21,Appel conseiller de vente,France (siège)
TP013628,CUST03575,2025-05-08,Visite site e-commerce,France (siège)
TP013629,CUST03575,2025-04-23,Visite site e-commerce,France (siège)
TP013630,CUST03575,2025-04-18,Ouverture newsletter,France (siège)
TP013631,CUST03575,2025-08-09,Événement VIC,France (siège)
TP013632,CUST03575,2026-01-13,Rendez-vous boutique,France (siège)
TP013633,CUST03575,2026-01-20,Appel conseiller de vente,France (siège)
TP013634,CUST03575,2026-01-26,Visite site e-commerce,France (siège)
TP013635,CUST03575,2026-06-19,Rendez-vous boutique,France (siège)
TP013636,CUST03575,2026-06-13,Rendez-vous boutique,France (siège)
TP013637,CUST03576,2025-07-03,Rendez-vous boutique,France (siège)
TP013638,CUST03576,2025-12-07,Rendez-vous boutique,France (siège)
TP013639,CUST03576,2025-11-25,Ouverture newsletter,France (siège)
TP013640,CUST03576,2026-05-19,Appel conseiller de vente,France (siège)
TP013641,CUST03576,2026-05-12,Appel conseiller de vente,France (siège)
TP013642,CUST03576,2026-05-12,Rendez-vous boutique,France (siège)
TP013643,CUST03577,2026-01-24,Visite site e-commerce,France (siège)
TP013644,CUST03577,2026-06-05,Appel conseiller de vente,France (siège)
TP013645,CUST03577,2026-06-01,Événement VIC,France (siège)
TP013646,CUST03578,2025-01-29,Ouverture newsletter,France (siège)
TP013647,CUST03578,2025-02-02,Rendez-vous boutique,France (siège)
TP013648,CUST03578,2025-07-11,Visite site e-commerce,France (siège)
TP013649,CUST03578,2025-06-29,Rendez-vous boutique,France (siège)
TP013650,CUST03578,2025-11-16,Visite site e-commerce,France (siège)
TP013651,CUST03578,2026-04-17,Événement VIC,France (siège)
TP013652,CUST03579,2025-05-03,Visite site e-commerce,France (siège)
TP013653,CUST03579,2025-05-04,Appel conseiller de vente,France (siège)
TP013654,CUST03579,2025-09-20,Ouverture newsletter,France (siège)
TP013655,CUST03579,2025-10-03,Ouverture newsletter,France (siège)
TP013656,CUST03579,2026-02-28,Rendez-vous boutique,France (siège)
TP013657,CUST03580,2025-09-01,Ouverture newsletter,Chine
TP013658,CUST03580,2026-01-29,Appel conseiller de vente,Chine
TP013659,CUST03580,2026-01-24,Ouverture newsletter,Chine
TP013660,CUST03580,2026-07-21,Rendez-vous boutique,Chine
TP013661,CUST03581,2025-06-10,Ouverture newsletter,Chine
TP013662,CUST03581,2025-06-08,Rendez-vous boutique,Chine
TP013663,CUST03581,2025-06-10,Appel conseiller de vente,Chine
TP013664,CUST03581,2025-10-29,Appel conseiller de vente,Chine
TP013665,CUST03582,2025-06-05,Visite site e-commerce,USA
TP013666,CUST03582,2025-05-26,Visite site e-commerce,USA
TP013667,CUST03582,2025-08-24,Ouverture newsletter,USA
TP013668,CUST03582,2025-09-02,Visite site e-commerce,USA
TP013669,CUST03582,2026-01-19,Rendez-vous boutique,USA
TP013670,CUST03582,2026-01-13,Appel conseiller de vente,USA
TP013671,CUST03582,2026-06-12,Visite site e-commerce,USA
TP013672,CUST03582,2026-06-18,Événement VIC,USA
TP013673,CUST03582,2026-06-21,Ouverture newsletter,USA
TP013674,CUST03583,2025-06-29,Événement VIC,USA
TP013675,CUST03583,2025-10-25,Appel conseiller de vente,USA
TP013676,CUST03583,2026-03-05,Ouverture newsletter,USA
TP013677,CUST03583,2026-02-28,Événement VIC,USA
TP013678,CUST03583,2026-03-06,Appel conseiller de vente,USA
TP013679,CUST03583,2026-07-09,Ouverture newsletter,USA
TP013680,CUST03584,2025-12-12,Appel conseiller de vente,Moyen-Orient
TP013681,CUST03584,2025-12-14,Ouverture newsletter,Moyen-Orient
TP013682,CUST03584,2026-05-25,Ouverture newsletter,Moyen-Orient
TP013683,CUST03585,2025-09-19,Rendez-vous boutique,Chine
TP013684,CUST03585,2026-04-16,Appel conseiller de vente,Chine
TP013685,CUST03585,2026-04-12,Appel conseiller de vente,Chine
TP013686,CUST03585,2026-03-27,Appel conseiller de vente,Chine
TP013687,CUST03586,2025-08-28,Événement VIC,Japon
TP013688,CUST03586,2025-09-17,Rendez-vous boutique,Japon
TP013689,CUST03586,2025-09-16,Visite site e-commerce,Japon
TP013690,CUST03586,2026-02-12,Visite site e-commerce,Japon
TP013691,CUST03587,2026-03-24,Ouverture newsletter,France (siège)
TP013692,CUST03588,2026-07-19,Appel conseiller de vente,France (siège)
TP013693,CUST03589,2025-08-20,Rendez-vous boutique,France (siège)
TP013694,CUST03589,2026-01-31,Rendez-vous boutique,France (siège)
TP013695,CUST03589,2026-07-07,Ouverture newsletter,France (siège)
TP013696,CUST03589,2026-07-01,Visite site e-commerce,France (siège)
TP013697,CUST03589,2026-07-03,Rendez-vous boutique,France (siège)
TP013698,CUST03590,2025-05-16,Événement VIC,Chine
TP013699,CUST03590,2025-05-23,Appel conseiller de vente,Chine
TP013700,CUST03590,2025-05-12,Ouverture newsletter,Chine
TP013701,CUST03590,2025-10-02,Ouverture newsletter,Chine
TP013702,CUST03590,2025-10-21,Événement VIC,Chine
TP013703,CUST03590,2026-02-23,Événement VIC,Chine
TP013704,CUST03590,2026-02-12,Appel conseiller de vente,Chine
TP013705,CUST03591,2025-09-16,Événement VIC,Japon
TP013706,CUST03591,2026-03-07,Rendez-vous boutique,Japon
TP013707,CUST03592,2026-04-12,Ouverture newsletter,Moyen-Orient
TP013708,CUST03593,2026-01-24,Appel conseiller de vente,Chine
TP013709,CUST03593,2026-01-21,Ouverture newsletter,Chine
TP013710,CUST03594,2025-06-05,Événement VIC,Moyen-Orient
TP013711,CUST03594,2025-11-27,Visite site e-commerce,Moyen-Orient
TP013712,CUST03594,2026-05-17,Rendez-vous boutique,Moyen-Orient
TP013713,CUST03594,2026-05-15,Visite site e-commerce,Moyen-Orient
TP013714,CUST03595,2025-12-03,Événement VIC,France (siège)
TP013715,CUST03595,2025-11-16,Appel conseiller de vente,France (siège)
TP013716,CUST03595,2026-05-03,Ouverture newsletter,France (siège)
TP013717,CUST03596,2025-05-06,Rendez-vous boutique,USA
TP013718,CUST03596,2025-04-20,Appel conseiller de vente,USA
TP013719,CUST03596,2025-04-18,Visite site e-commerce,USA
TP013720,CUST03596,2025-10-27,Appel conseiller de vente,USA
TP013721,CUST03597,2026-03-01,Rendez-vous boutique,Japon
TP013722,CUST03597,2026-02-28,Appel conseiller de vente,Japon
TP013723,CUST03598,2025-01-10,Appel conseiller de vente,France (siège)
TP013724,CUST03598,2025-01-10,Événement VIC,France (siège)
TP013725,CUST03598,2025-01-05,Ouverture newsletter,France (siège)
TP013726,CUST03598,2025-05-04,Événement VIC,France (siège)
TP013727,CUST03598,2025-04-24,Visite site e-commerce,France (siège)
TP013728,CUST03598,2025-05-02,Appel conseiller de vente,France (siège)
TP013729,CUST03598,2025-09-03,Ouverture newsletter,France (siège)
TP013730,CUST03598,2025-08-25,Ouverture newsletter,France (siège)
TP013731,CUST03598,2025-08-27,Visite site e-commerce,France (siège)
TP013732,CUST03599,2025-04-28,Appel conseiller de vente,Moyen-Orient
TP013733,CUST03599,2025-11-06,Ouverture newsletter,Moyen-Orient
TP013734,CUST03599,2025-10-27,Événement VIC,Moyen-Orient
TP013735,CUST03599,2025-11-03,Ouverture newsletter,Moyen-Orient
TP013736,CUST03599,2026-04-17,Rendez-vous boutique,Moyen-Orient
TP013737,CUST03600,2026-06-01,Appel conseiller de vente,USA
TP013738,CUST03601,2025-07-03,Rendez-vous boutique,Moyen-Orient
TP013739,CUST03601,2026-01-05,Ouverture newsletter,Moyen-Orient
TP013740,CUST03601,2026-01-06,Ouverture newsletter,Moyen-Orient
TP013741,CUST03601,2026-07-16,Visite site e-commerce,Moyen-Orient
TP013742,CUST03602,2026-04-19,Rendez-vous boutique,France (siège)
TP013743,CUST03604,2026-01-26,Événement VIC,USA
TP013744,CUST03604,2026-07-27,Visite site e-commerce,USA
TP013745,CUST03605,2025-07-03,Appel conseiller de vente,Japon
TP013746,CUST03605,2025-07-13,Visite site e-commerce,Japon
TP013747,CUST03605,2026-01-09,Ouverture newsletter,Japon
TP013748,CUST03606,2025-07-09,Appel conseiller de vente,Chine
TP013749,CUST03606,2025-07-05,Ouverture newsletter,Chine
TP013750,CUST03606,2026-01-02,Rendez-vous boutique,Chine
TP013751,CUST03606,2026-06-10,Visite site e-commerce,Chine
TP013752,CUST03606,2026-05-24,Ouverture newsletter,Chine
TP013753,CUST03606,2026-06-11,Rendez-vous boutique,Chine
TP013754,CUST03608,2025-02-14,Appel conseiller de vente,USA
TP013755,CUST03608,2025-02-03,Ouverture newsletter,USA
TP013756,CUST03608,2025-02-18,Visite site e-commerce,USA
TP013757,CUST03608,2025-06-01,Rendez-vous boutique,USA
TP013758,CUST03608,2025-05-23,Ouverture newsletter,USA
TP013759,CUST03608,2025-05-26,Visite site e-commerce,USA
TP013760,CUST03608,2025-09-15,Rendez-vous boutique,USA
TP013761,CUST03608,2025-12-02,Visite site e-commerce,USA
TP013762,CUST03608,2025-12-16,Événement VIC,USA
TP013763,CUST03608,2025-12-13,Appel conseiller de vente,USA
TP013764,CUST03608,2026-04-07,Appel conseiller de vente,USA
TP013765,CUST03608,2026-03-23,Appel conseiller de vente,USA
TP013766,CUST03608,2026-04-03,Ouverture newsletter,USA
TP013767,CUST03608,2026-06-08,Appel conseiller de vente,USA
TP013768,CUST03608,2026-05-28,Événement VIC,USA
TP013769,CUST03609,2026-02-17,Rendez-vous boutique,Chine
TP013770,CUST03610,2025-11-17,Événement VIC,France (siège)
TP013771,CUST03610,2025-11-13,Ouverture newsletter,France (siège)
TP013772,CUST03610,2025-11-14,Ouverture newsletter,France (siège)
TP013773,CUST03610,2026-04-07,Appel conseiller de vente,France (siège)
TP013774,CUST03610,2026-04-11,Ouverture newsletter,France (siège)
TP013775,CUST03611,2025-12-01,Événement VIC,USA
TP013776,CUST03611,2026-04-19,Événement VIC,USA
TP013777,CUST03612,2024-11-30,Appel conseiller de vente,Chine
TP013778,CUST03612,2024-11-19,Appel conseiller de vente,Chine
TP013779,CUST03612,2024-11-20,Visite site e-commerce,Chine
TP013780,CUST03612,2025-06-04,Événement VIC,Chine
TP013781,CUST03612,2025-05-25,Appel conseiller de vente,Chine
TP013782,CUST03612,2025-05-26,Rendez-vous boutique,Chine
TP013783,CUST03612,2025-10-10,Rendez-vous boutique,Chine
TP013784,CUST03612,2025-10-06,Rendez-vous boutique,Chine
TP013785,CUST03612,2025-10-13,Événement VIC,Chine
TP013786,CUST03612,2026-03-03,Visite site e-commerce,Chine
TP013787,CUST03613,2025-04-28,Appel conseiller de vente,France (siège)
TP013788,CUST03614,2025-12-13,Appel conseiller de vente,France (siège)
TP013789,CUST03614,2026-04-16,Appel conseiller de vente,France (siège)
TP013790,CUST03614,2026-04-16,Rendez-vous boutique,France (siège)
TP013791,CUST03614,2026-04-23,Rendez-vous boutique,France (siège)
TP013792,CUST03615,2025-07-05,Visite site e-commerce,France (siège)
TP013793,CUST03615,2025-11-16,Visite site e-commerce,France (siège)
TP013794,CUST03615,2025-11-23,Visite site e-commerce,France (siège)
TP013795,CUST03615,2025-12-07,Événement VIC,France (siège)
TP013796,CUST03615,2026-04-19,Rendez-vous boutique,France (siège)
TP013797,CUST03616,2025-02-09,Ouverture newsletter,France (siège)
TP013798,CUST03616,2025-02-09,Appel conseiller de vente,France (siège)
TP013799,CUST03616,2025-07-23,Ouverture newsletter,France (siège)
TP013800,CUST03616,2025-07-16,Rendez-vous boutique,France (siège)
TP013801,CUST03616,2025-12-07,Événement VIC,France (siège)
TP013802,CUST03616,2025-12-12,Ouverture newsletter,France (siège)
TP013803,CUST03616,2025-12-03,Événement VIC,France (siège)
TP013804,CUST03616,2026-05-02,Ouverture newsletter,France (siège)
TP013805,CUST03616,2026-04-14,Événement VIC,France (siège)
TP013806,CUST03617,2026-06-13,Rendez-vous boutique,France (siège)
TP013807,CUST03617,2026-05-28,Événement VIC,France (siège)
TP013808,CUST03618,2025-04-05,Rendez-vous boutique,USA
TP013809,CUST03618,2025-03-21,Visite site e-commerce,USA
TP013810,CUST03618,2025-04-03,Ouverture newsletter,USA
TP013811,CUST03619,2025-09-18,Appel conseiller de vente,France (siège)
TP013812,CUST03619,2025-09-24,Événement VIC,France (siège)
TP013813,CUST03620,2025-11-18,Rendez-vous boutique,USA
TP013814,CUST03620,2025-11-06,Visite site e-commerce,USA
TP013815,CUST03620,2025-11-07,Rendez-vous boutique,USA
TP013816,CUST03620,2026-05-16,Ouverture newsletter,USA
TP013817,CUST03620,2026-04-28,Rendez-vous boutique,USA
TP013818,CUST03620,2026-05-21,Événement VIC,USA
TP013819,CUST03621,2025-10-19,Ouverture newsletter,Japon
TP013820,CUST03621,2026-03-07,Rendez-vous boutique,Japon
TP013821,CUST03621,2026-03-01,Visite site e-commerce,Japon
TP013822,CUST03622,2025-10-17,Visite site e-commerce,Moyen-Orient
TP013823,CUST03622,2025-10-10,Visite site e-commerce,Moyen-Orient
TP013824,CUST03622,2026-04-02,Visite site e-commerce,Moyen-Orient
TP013825,CUST03622,2026-04-03,Visite site e-commerce,Moyen-Orient
TP013826,CUST03622,2026-03-27,Ouverture newsletter,Moyen-Orient
TP013827,CUST03623,2026-06-08,Rendez-vous boutique,Moyen-Orient
TP013828,CUST03623,2026-06-18,Visite site e-commerce,Moyen-Orient
TP013829,CUST03623,2026-06-18,Appel conseiller de vente,Moyen-Orient
TP013830,CUST03624,2025-08-10,Événement VIC,Chine
TP013831,CUST03624,2026-02-16,Rendez-vous boutique,Chine
TP013832,CUST03626,2025-02-08,Événement VIC,Moyen-Orient
TP013833,CUST03626,2025-02-24,Événement VIC,Moyen-Orient
TP013834,CUST03626,2025-02-15,Rendez-vous boutique,Moyen-Orient
TP013835,CUST03626,2025-08-24,Rendez-vous boutique,Moyen-Orient
TP013836,CUST03626,2025-08-17,Rendez-vous boutique,Moyen-Orient
TP013837,CUST03626,2025-08-15,Appel conseiller de vente,Moyen-Orient
TP013838,CUST03626,2026-03-02,Événement VIC,Moyen-Orient
TP013839,CUST03626,2026-02-22,Rendez-vous boutique,Moyen-Orient
TP013840,CUST03626,2026-02-15,Appel conseiller de vente,Moyen-Orient
TP013841,CUST03626,2026-07-01,Événement VIC,Moyen-Orient
TP013842,CUST03626,2026-07-03,Appel conseiller de vente,Moyen-Orient
TP013843,CUST03626,2026-07-08,Rendez-vous boutique,Moyen-Orient
TP013844,CUST03627,2026-01-17,Événement VIC,France (siège)
TP013845,CUST03627,2025-12-30,Appel conseiller de vente,France (siège)
TP013846,CUST03628,2025-06-19,Appel conseiller de vente,Chine
TP013847,CUST03628,2025-06-13,Événement VIC,Chine
TP013848,CUST03628,2025-11-04,Événement VIC,Chine
TP013849,CUST03628,2026-05-04,Ouverture newsletter,Chine
TP013850,CUST03629,2025-06-14,Rendez-vous boutique,Chine
TP013851,CUST03629,2025-10-29,Ouverture newsletter,Chine
TP013852,CUST03629,2025-11-02,Ouverture newsletter,Chine
TP013853,CUST03629,2026-03-10,Rendez-vous boutique,Chine
TP013854,CUST03629,2026-03-10,Appel conseiller de vente,Chine
TP013855,CUST03629,2026-03-02,Ouverture newsletter,Chine
TP013856,CUST03629,2026-07-11,Visite site e-commerce,Chine
TP013857,CUST03629,2026-07-18,Rendez-vous boutique,Chine
TP013858,CUST03629,2026-07-13,Ouverture newsletter,Chine
TP013859,CUST03630,2025-04-20,Ouverture newsletter,France (siège)
TP013860,CUST03630,2025-04-22,Ouverture newsletter,France (siège)
TP013861,CUST03630,2025-11-18,Événement VIC,France (siège)
TP013862,CUST03630,2025-11-23,Événement VIC,France (siège)
TP013863,CUST03630,2025-11-10,Rendez-vous boutique,France (siège)
TP013864,CUST03630,2026-04-04,Rendez-vous boutique,France (siège)
TP013865,CUST03632,2026-07-12,Ouverture newsletter,Japon
TP013866,CUST03632,2026-07-19,Visite site e-commerce,Japon
TP013867,CUST03633,2025-05-02,Rendez-vous boutique,USA
TP013868,CUST03633,2025-05-05,Rendez-vous boutique,USA
TP013869,CUST03633,2025-10-02,Rendez-vous boutique,USA
TP013870,CUST03633,2025-10-25,Ouverture newsletter,USA
TP013871,CUST03633,2026-02-16,Ouverture newsletter,USA
TP013872,CUST03633,2026-07-18,Ouverture newsletter,USA
TP013873,CUST03633,2026-07-17,Appel conseiller de vente,USA
TP013874,CUST03634,2025-08-06,Visite site e-commerce,Chine
TP013875,CUST03634,2025-12-01,Rendez-vous boutique,Chine
TP013876,CUST03635,2025-11-25,Événement VIC,Japon
TP013877,CUST03635,2025-12-03,Événement VIC,Japon
TP013878,CUST03635,2026-05-27,Appel conseiller de vente,Japon
TP013879,CUST03635,2026-05-13,Événement VIC,Japon
TP013880,CUST03635,2026-05-25,Visite site e-commerce,Japon
TP013881,CUST03636,2025-03-01,Visite site e-commerce,Japon
TP013882,CUST03636,2025-07-18,Rendez-vous boutique,Japon
TP013883,CUST03636,2025-07-31,Rendez-vous boutique,Japon
TP013884,CUST03636,2025-08-09,Événement VIC,Japon
TP013885,CUST03636,2025-12-19,Appel conseiller de vente,Japon
TP013886,CUST03636,2026-05-26,Appel conseiller de vente,Japon
TP013887,CUST03636,2026-05-21,Appel conseiller de vente,Japon
TP013888,CUST03636,2026-05-28,Rendez-vous boutique,Japon
TP013889,CUST03637,2025-06-05,Visite site e-commerce,Japon
TP013890,CUST03637,2025-06-16,Rendez-vous boutique,Japon
TP013891,CUST03637,2025-11-11,Événement VIC,Japon
TP013892,CUST03638,2026-02-21,Appel conseiller de vente,Moyen-Orient
TP013893,CUST03638,2026-03-03,Appel conseiller de vente,Moyen-Orient
TP013894,CUST03638,2026-03-02,Ouverture newsletter,Moyen-Orient
TP013895,CUST03639,2025-05-23,Rendez-vous boutique,France (siège)
TP013896,CUST03639,2025-06-03,Rendez-vous boutique,France (siège)
TP013897,CUST03639,2025-11-01,Événement VIC,France (siège)
TP013898,CUST03639,2025-10-31,Ouverture newsletter,France (siège)
TP013899,CUST03639,2025-10-31,Appel conseiller de vente,France (siège)
TP013900,CUST03639,2026-04-17,Appel conseiller de vente,France (siège)
TP013901,CUST03639,2026-04-04,Rendez-vous boutique,France (siège)
TP013902,CUST03639,2026-04-20,Visite site e-commerce,France (siège)
TP013903,CUST03640,2025-08-28,Rendez-vous boutique,USA
TP013904,CUST03640,2026-01-14,Événement VIC,USA
TP013905,CUST03640,2026-01-08,Visite site e-commerce,USA
TP013906,CUST03640,2026-01-06,Ouverture newsletter,USA
TP013907,CUST03640,2026-07-05,Visite site e-commerce,USA
TP013908,CUST03641,2026-02-10,Événement VIC,France (siège)
TP013909,CUST03641,2026-02-05,Appel conseiller de vente,France (siège)
TP013910,CUST03641,2026-06-13,Appel conseiller de vente,France (siège)
TP013911,CUST03641,2026-06-05,Événement VIC,France (siège)
TP013912,CUST03641,2026-06-07,Visite site e-commerce,France (siège)
TP013913,CUST03642,2026-05-08,Visite site e-commerce,Japon
TP013914,CUST03643,2025-05-26,Événement VIC,USA
TP013915,CUST03643,2025-05-23,Événement VIC,USA
TP013916,CUST03643,2025-05-21,Appel conseiller de vente,USA
TP013917,CUST03643,2025-11-20,Rendez-vous boutique,USA
TP013918,CUST03643,2026-04-19,Visite site e-commerce,USA
TP013919,CUST03643,2026-04-27,Visite site e-commerce,USA
TP013920,CUST03644,2026-05-07,Appel conseiller de vente,USA
TP013921,CUST03644,2026-04-27,Appel conseiller de vente,USA
TP013922,CUST03645,2026-01-30,Visite site e-commerce,Moyen-Orient
TP013923,CUST03645,2026-05-23,Visite site e-commerce,Moyen-Orient
TP013924,CUST03645,2026-05-21,Rendez-vous boutique,Moyen-Orient
TP013925,CUST03645,2026-05-20,Rendez-vous boutique,Moyen-Orient
TP013926,CUST03646,2025-11-14,Visite site e-commerce,USA
TP013927,CUST03646,2026-04-12,Appel conseiller de vente,USA
TP013928,CUST03646,2026-04-15,Ouverture newsletter,USA
TP013929,CUST03646,2026-04-24,Ouverture newsletter,USA
TP013930,CUST03647,2026-01-14,Appel conseiller de vente,Moyen-Orient
TP013931,CUST03647,2026-01-27,Visite site e-commerce,Moyen-Orient
TP013932,CUST03647,2026-06-07,Rendez-vous boutique,Moyen-Orient
TP013933,CUST03647,2026-06-13,Rendez-vous boutique,Moyen-Orient
TP013934,CUST03647,2026-06-18,Visite site e-commerce,Moyen-Orient
TP013935,CUST03648,2025-12-13,Visite site e-commerce,USA
TP013936,CUST03648,2025-12-21,Rendez-vous boutique,USA
TP013937,CUST03648,2025-12-02,Visite site e-commerce,USA
TP013938,CUST03649,2026-02-27,Événement VIC,Japon
TP013939,CUST03649,2026-03-12,Ouverture newsletter,Japon
TP013940,CUST03649,2026-07-07,Ouverture newsletter,Japon
TP013941,CUST03649,2026-07-12,Appel conseiller de vente,Japon
TP013942,CUST03650,2026-05-11,Événement VIC,France (siège)
TP013943,CUST03651,2025-07-28,Ouverture newsletter,France (siège)
TP013944,CUST03651,2025-07-08,Événement VIC,France (siège)
TP013945,CUST03651,2025-10-09,Visite site e-commerce,France (siège)
TP013946,CUST03651,2025-10-05,Appel conseiller de vente,France (siège)
TP013947,CUST03651,2025-10-28,Ouverture newsletter,France (siège)
TP013948,CUST03651,2026-01-24,Rendez-vous boutique,France (siège)
TP013949,CUST03651,2026-04-30,Rendez-vous boutique,France (siège)
TP013950,CUST03652,2026-04-26,Événement VIC,Chine
TP013951,CUST03653,2026-07-24,Événement VIC,Chine
TP013952,CUST03653,2026-07-28,Rendez-vous boutique,Chine
TP013953,CUST03655,2026-01-31,Événement VIC,Moyen-Orient
TP013954,CUST03655,2026-02-18,Visite site e-commerce,Moyen-Orient
TP013955,CUST03655,2026-07-03,Appel conseiller de vente,Moyen-Orient
TP013956,CUST03655,2026-07-10,Rendez-vous boutique,Moyen-Orient
TP013957,CUST03656,2026-05-04,Appel conseiller de vente,France (siège)
TP013958,CUST03657,2026-05-21,Ouverture newsletter,France (siège)
TP013959,CUST03657,2026-05-21,Ouverture newsletter,France (siège)
TP013960,CUST03658,2026-03-12,Ouverture newsletter,Moyen-Orient
TP013961,CUST03658,2026-03-28,Rendez-vous boutique,Moyen-Orient
TP013962,CUST03658,2026-03-16,Rendez-vous boutique,Moyen-Orient
TP013963,CUST03659,2025-02-22,Appel conseiller de vente,Chine
TP013964,CUST03659,2025-10-02,Événement VIC,Chine
TP013965,CUST03659,2026-03-18,Appel conseiller de vente,Chine
TP013966,CUST03660,2026-03-04,Événement VIC,France (siège)
TP013967,CUST03660,2026-02-27,Appel conseiller de vente,France (siège)
TP013968,CUST03661,2026-03-24,Visite site e-commerce,Chine
TP013969,CUST03662,2025-06-04,Visite site e-commerce,Japon
TP013970,CUST03662,2025-05-18,Appel conseiller de vente,Japon
TP013971,CUST03662,2025-09-09,Rendez-vous boutique,Japon
TP013972,CUST03662,2026-04-13,Appel conseiller de vente,Japon
TP013973,CUST03663,2025-03-21,Appel conseiller de vente,USA
TP013974,CUST03663,2025-03-24,Ouverture newsletter,USA
TP013975,CUST03663,2025-03-07,Appel conseiller de vente,USA
TP013976,CUST03663,2025-08-28,Visite site e-commerce,USA
TP013977,CUST03664,2025-09-16,Rendez-vous boutique,Moyen-Orient
TP013978,CUST03664,2025-09-03,Événement VIC,Moyen-Orient
TP013979,CUST03664,2025-08-30,Appel conseiller de vente,Moyen-Orient
TP013980,CUST03664,2026-01-30,Événement VIC,Moyen-Orient
TP013981,CUST03664,2026-07-01,Événement VIC,Moyen-Orient
TP013982,CUST03664,2026-06-25,Ouverture newsletter,Moyen-Orient
TP013983,CUST03665,2025-10-26,Événement VIC,USA
TP013984,CUST03665,2025-10-26,Ouverture newsletter,USA
TP013985,CUST03665,2025-10-29,Rendez-vous boutique,USA
TP013986,CUST03665,2026-04-14,Appel conseiller de vente,USA
TP013987,CUST03665,2026-04-01,Rendez-vous boutique,USA
TP013988,CUST03666,2025-08-07,Événement VIC,USA
TP013989,CUST03666,2025-08-09,Visite site e-commerce,USA
TP013990,CUST03666,2025-08-14,Ouverture newsletter,USA
TP013991,CUST03667,2025-04-08,Visite site e-commerce,France (siège)
TP013992,CUST03667,2025-04-03,Appel conseiller de vente,France (siège)
TP013993,CUST03667,2025-09-23,Appel conseiller de vente,France (siège)
TP013994,CUST03667,2025-09-13,Appel conseiller de vente,France (siège)
TP013995,CUST03667,2025-09-03,Appel conseiller de vente,France (siège)
TP013996,CUST03667,2026-02-21,Visite site e-commerce,France (siège)
TP013997,CUST03668,2025-09-13,Événement VIC,Chine
TP013998,CUST03668,2025-09-21,Visite site e-commerce,Chine
TP013999,CUST03668,2026-01-15,Événement VIC,Chine
TP014000,CUST03668,2026-01-18,Événement VIC,Chine
TP014001,CUST03668,2026-01-17,Visite site e-commerce,Chine
TP014002,CUST03669,2025-07-30,Visite site e-commerce,Chine
TP014003,CUST03669,2025-08-22,Événement VIC,Chine
TP014004,CUST03669,2025-08-05,Appel conseiller de vente,Chine
TP014005,CUST03669,2026-01-13,Visite site e-commerce,Chine
TP014006,CUST03669,2026-05-26,Ouverture newsletter,Chine
TP014007,CUST03669,2026-05-16,Visite site e-commerce,Chine
TP014008,CUST03669,2026-05-26,Rendez-vous boutique,Chine
TP014009,CUST03670,2026-03-20,Appel conseiller de vente,Japon
TP014010,CUST03670,2026-03-26,Visite site e-commerce,Japon
TP014011,CUST03670,2026-03-03,Visite site e-commerce,Japon
TP014012,CUST03671,2025-10-23,Événement VIC,USA
TP014013,CUST03671,2025-10-19,Appel conseiller de vente,USA
TP014014,CUST03671,2025-10-04,Rendez-vous boutique,USA
TP014015,CUST03671,2026-03-01,Ouverture newsletter,USA
TP014016,CUST03671,2026-03-14,Visite site e-commerce,USA
TP014017,CUST03672,2026-05-10,Ouverture newsletter,Chine
TP014018,CUST03673,2025-08-29,Rendez-vous boutique,Chine
TP014019,CUST03673,2025-09-01,Rendez-vous boutique,Chine
TP014020,CUST03673,2026-01-06,Ouverture newsletter,Chine
TP014021,CUST03673,2026-01-15,Événement VIC,Chine
TP014022,CUST03673,2026-01-01,Ouverture newsletter,Chine
TP014023,CUST03673,2026-04-08,Événement VIC,Chine
TP014024,CUST03673,2026-05-29,Ouverture newsletter,Chine
TP014025,CUST03675,2026-02-15,Appel conseiller de vente,France (siège)
TP014026,CUST03676,2025-06-29,Rendez-vous boutique,Chine
TP014027,CUST03676,2025-07-08,Appel conseiller de vente,Chine
TP014028,CUST03676,2025-07-04,Appel conseiller de vente,Chine
TP014029,CUST03676,2026-01-10,Rendez-vous boutique,Chine
TP014030,CUST03676,2026-01-10,Visite site e-commerce,Chine
TP014031,CUST03676,2026-01-05,Appel conseiller de vente,Chine
TP014032,CUST03677,2025-02-06,Visite site e-commerce,Moyen-Orient
TP014033,CUST03677,2025-02-20,Visite site e-commerce,Moyen-Orient
TP014034,CUST03677,2025-05-19,Rendez-vous boutique,Moyen-Orient
TP014035,CUST03677,2025-05-21,Visite site e-commerce,Moyen-Orient
TP014036,CUST03677,2025-08-03,Visite site e-commerce,Moyen-Orient
TP014037,CUST03677,2025-08-16,Rendez-vous boutique,Moyen-Orient
TP014038,CUST03677,2025-10-28,Ouverture newsletter,Moyen-Orient
TP014039,CUST03677,2026-02-17,Visite site e-commerce,Moyen-Orient
TP014040,CUST03677,2026-05-26,Ouverture newsletter,Moyen-Orient
TP014041,CUST03677,2026-05-21,Ouverture newsletter,Moyen-Orient
TP014042,CUST03677,2026-05-08,Rendez-vous boutique,Moyen-Orient
TP014043,CUST03678,2026-04-23,Appel conseiller de vente,USA
TP014044,CUST03679,2025-02-26,Événement VIC,France (siège)
TP014045,CUST03679,2025-02-11,Ouverture newsletter,France (siège)
TP014046,CUST03679,2025-03-03,Appel conseiller de vente,France (siège)
TP014047,CUST03679,2025-08-01,Événement VIC,France (siège)
TP014048,CUST03679,2025-12-18,Ouverture newsletter,France (siège)
TP014049,CUST03679,2026-01-01,Appel conseiller de vente,France (siège)
TP014050,CUST03679,2026-05-05,Rendez-vous boutique,France (siège)
TP014051,CUST03679,2026-04-28,Ouverture newsletter,France (siège)
TP014052,CUST03679,2026-04-27,Visite site e-commerce,France (siège)
TP014053,CUST03680,2025-09-19,Rendez-vous boutique,France (siège)
TP014054,CUST03680,2025-09-08,Rendez-vous boutique,France (siège)
TP014055,CUST03680,2025-08-31,Appel conseiller de vente,France (siège)
TP014056,CUST03680,2026-01-25,Rendez-vous boutique,France (siège)
TP014057,CUST03680,2026-01-31,Ouverture newsletter,France (siège)
TP014058,CUST03680,2026-06-10,Événement VIC,France (siège)
TP014059,CUST03681,2026-03-19,Rendez-vous boutique,USA
TP014060,CUST03682,2026-02-11,Événement VIC,Japon
TP014061,CUST03682,2026-07-08,Événement VIC,Japon
TP014062,CUST03685,2025-04-15,Rendez-vous boutique,France (siège)
TP014063,CUST03685,2025-04-08,Appel conseiller de vente,France (siège)
TP014064,CUST03685,2025-03-24,Événement VIC,France (siège)
TP014065,CUST03685,2025-08-11,Visite site e-commerce,France (siège)
TP014066,CUST03685,2025-08-15,Appel conseiller de vente,France (siège)
TP014067,CUST03685,2025-11-19,Événement VIC,France (siège)
TP014068,CUST03685,2025-10-28,Visite site e-commerce,France (siège)
TP014069,CUST03685,2026-03-02,Rendez-vous boutique,France (siège)
TP014070,CUST03685,2026-03-05,Rendez-vous boutique,France (siège)
TP014071,CUST03685,2026-03-01,Appel conseiller de vente,France (siège)
TP014072,CUST03686,2026-05-25,Ouverture newsletter,Japon
TP014073,CUST03686,2026-05-20,Visite site e-commerce,Japon
TP014074,CUST03686,2026-05-01,Visite site e-commerce,Japon
TP014075,CUST03688,2026-01-21,Ouverture newsletter,Moyen-Orient
TP014076,CUST03688,2026-01-08,Ouverture newsletter,Moyen-Orient
TP014077,CUST03688,2026-06-30,Événement VIC,Moyen-Orient
TP014078,CUST03688,2026-07-02,Visite site e-commerce,Moyen-Orient
TP014079,CUST03688,2026-06-26,Appel conseiller de vente,Moyen-Orient
TP014080,CUST03689,2025-03-01,Visite site e-commerce,France (siège)
TP014081,CUST03689,2025-03-09,Rendez-vous boutique,France (siège)
TP014082,CUST03689,2025-08-19,Événement VIC,France (siège)
TP014083,CUST03689,2025-08-22,Appel conseiller de vente,France (siège)
TP014084,CUST03689,2025-09-01,Ouverture newsletter,France (siège)
TP014085,CUST03689,2026-03-05,Événement VIC,France (siège)
TP014086,CUST03689,2026-03-19,Visite site e-commerce,France (siège)
TP014087,CUST03690,2025-09-20,Appel conseiller de vente,Chine
TP014088,CUST03690,2025-09-22,Événement VIC,Chine
TP014089,CUST03690,2025-09-20,Appel conseiller de vente,Chine
TP014090,CUST03690,2026-04-07,Rendez-vous boutique,Chine
TP014091,CUST03690,2026-03-23,Événement VIC,Chine
TP014092,CUST03691,2025-12-04,Rendez-vous boutique,France (siège)
TP014093,CUST03691,2026-05-24,Ouverture newsletter,France (siège)
TP014094,CUST03692,2026-05-29,Appel conseiller de vente,Chine
TP014095,CUST03692,2026-06-14,Événement VIC,Chine
TP014096,CUST03692,2026-06-10,Appel conseiller de vente,Chine
TP014097,CUST03693,2025-09-25,Événement VIC,USA
TP014098,CUST03693,2025-09-28,Ouverture newsletter,USA
TP014099,CUST03693,2026-02-17,Visite site e-commerce,USA
TP014100,CUST03693,2026-03-07,Ouverture newsletter,USA
TP014101,CUST03693,2026-03-11,Ouverture newsletter,USA
TP014102,CUST03694,2025-12-03,Événement VIC,France (siège)
TP014103,CUST03694,2025-12-04,Rendez-vous boutique,France (siège)
TP014104,CUST03694,2026-05-07,Rendez-vous boutique,France (siège)
TP014105,CUST03695,2025-10-25,Visite site e-commerce,Moyen-Orient
TP014106,CUST03695,2026-03-18,Événement VIC,Moyen-Orient
TP014107,CUST03695,2026-03-17,Ouverture newsletter,Moyen-Orient
TP014108,CUST03696,2026-02-12,Événement VIC,France (siège)
TP014109,CUST03697,2026-03-21,Ouverture newsletter,Japon
TP014110,CUST03697,2026-03-04,Ouverture newsletter,Japon
TP014111,CUST03698,2025-12-07,Rendez-vous boutique,Chine
TP014112,CUST03698,2025-11-20,Appel conseiller de vente,Chine
TP014113,CUST03698,2026-05-09,Ouverture newsletter,Chine
TP014114,CUST03699,2025-11-14,Visite site e-commerce,USA
TP014115,CUST03699,2025-10-28,Appel conseiller de vente,USA
TP014116,CUST03699,2025-11-06,Appel conseiller de vente,USA
TP014117,CUST03699,2026-04-29,Ouverture newsletter,USA
TP014118,CUST03699,2026-05-04,Ouverture newsletter,USA
TP014119,CUST03700,2025-08-26,Appel conseiller de vente,France (siège)
TP014120,CUST03700,2025-08-25,Événement VIC,France (siège)
TP014121,CUST03700,2025-08-29,Appel conseiller de vente,France (siège)
TP014122,CUST03700,2026-02-07,Ouverture newsletter,France (siège)
TP014123,CUST03700,2026-02-10,Appel conseiller de vente,France (siège)
TP014124,CUST03700,2026-02-17,Rendez-vous boutique,France (siège)
TP014125,CUST03700,2026-06-09,Événement VIC,France (siège)
TP014126,CUST03700,2026-05-22,Événement VIC,France (siège)
TP014127,CUST03700,2026-05-26,Rendez-vous boutique,France (siège)
TP014128,CUST03701,2025-04-10,Appel conseiller de vente,Chine
TP014129,CUST03701,2025-04-06,Visite site e-commerce,Chine
TP014130,CUST03701,2025-09-21,Événement VIC,Chine
TP014131,CUST03701,2025-09-10,Événement VIC,Chine
TP014132,CUST03701,2026-03-10,Événement VIC,Chine
TP014133,CUST03701,2026-07-18,Appel conseiller de vente,Chine
TP014134,CUST03702,2025-08-12,Visite site e-commerce,USA
TP014135,CUST03702,2026-01-11,Ouverture newsletter,USA
TP014136,CUST03702,2026-06-06,Ouverture newsletter,USA
TP014137,CUST03703,2025-05-07,Visite site e-commerce,Chine
TP014138,CUST03703,2025-05-06,Événement VIC,Chine
TP014139,CUST03703,2025-05-26,Ouverture newsletter,Chine
TP014140,CUST03703,2025-10-29,Rendez-vous boutique,Chine
TP014141,CUST03703,2025-10-20,Ouverture newsletter,Chine
TP014142,CUST03703,2025-11-05,Appel conseiller de vente,Chine
TP014143,CUST03703,2026-04-18,Visite site e-commerce,Chine
TP014144,CUST03703,2026-04-15,Visite site e-commerce,Chine
TP014145,CUST03704,2026-06-26,Appel conseiller de vente,Japon
TP014146,CUST03704,2026-06-14,Événement VIC,Japon
TP014147,CUST03704,2026-07-03,Visite site e-commerce,Japon
TP014148,CUST03706,2025-07-25,Appel conseiller de vente,Chine
TP014149,CUST03706,2025-07-25,Événement VIC,Chine
TP014150,CUST03706,2025-07-15,Visite site e-commerce,Chine
TP014151,CUST03706,2025-11-28,Ouverture newsletter,Chine
TP014152,CUST03706,2026-05-02,Visite site e-commerce,Chine
TP014153,CUST03707,2026-02-16,Rendez-vous boutique,USA
TP014154,CUST03707,2026-03-03,Visite site e-commerce,USA
TP014155,CUST03707,2026-03-08,Visite site e-commerce,USA
TP014156,CUST03708,2025-06-10,Visite site e-commerce,USA
TP014157,CUST03708,2025-12-20,Événement VIC,USA
TP014158,CUST03708,2025-12-15,Ouverture newsletter,USA
TP014159,CUST03708,2025-12-23,Appel conseiller de vente,USA
TP014160,CUST03708,2026-06-16,Appel conseiller de vente,USA
TP014161,CUST03709,2026-05-16,Événement VIC,Moyen-Orient
TP014162,CUST03710,2025-11-16,Appel conseiller de vente,Japon
TP014163,CUST03711,2025-03-30,Ouverture newsletter,USA
TP014164,CUST03711,2025-04-08,Rendez-vous boutique,USA
TP014165,CUST03711,2025-04-05,Appel conseiller de vente,USA
TP014166,CUST03711,2025-10-02,Rendez-vous boutique,USA
TP014167,CUST03711,2025-09-26,Rendez-vous boutique,USA
TP014168,CUST03712,2026-03-01,Ouverture newsletter,Moyen-Orient
TP014169,CUST03712,2026-02-23,Visite site e-commerce,Moyen-Orient
TP014170,CUST03712,2026-07-14,Rendez-vous boutique,Moyen-Orient
TP014171,CUST03712,2026-07-03,Appel conseiller de vente,Moyen-Orient
TP014172,CUST03712,2026-07-08,Visite site e-commerce,Moyen-Orient
TP014173,CUST03713,2026-05-11,Ouverture newsletter,USA
TP014174,CUST03713,2026-04-27,Ouverture newsletter,USA
TP014175,CUST03714,2025-11-27,Rendez-vous boutique,France (siège)
TP014176,CUST03714,2026-06-12,Événement VIC,France (siège)
TP014177,CUST03715,2025-12-21,Appel conseiller de vente,France (siège)
TP014178,CUST03715,2026-05-05,Appel conseiller de vente,France (siège)
TP014179,CUST03715,2026-04-29,Événement VIC,France (siège)
TP014180,CUST03716,2025-02-22,Ouverture newsletter,France (siège)
TP014181,CUST03716,2025-08-05,Rendez-vous boutique,France (siège)
TP014182,CUST03716,2025-08-05,Appel conseiller de vente,France (siège)
TP014183,CUST03716,2026-02-02,Ouverture newsletter,France (siège)
TP014184,CUST03716,2026-01-17,Visite site e-commerce,France (siège)
TP014185,CUST03716,2026-02-02,Rendez-vous boutique,France (siège)
TP014186,CUST03716,2026-07-23,Appel conseiller de vente,France (siège)
TP014187,CUST03716,2026-07-07,Appel conseiller de vente,France (siège)
TP014188,CUST03717,2025-12-11,Appel conseiller de vente,USA
TP014189,CUST03717,2025-12-25,Rendez-vous boutique,USA
TP014190,CUST03717,2025-12-30,Ouverture newsletter,USA
TP014191,CUST03717,2026-05-07,Rendez-vous boutique,USA
TP014192,CUST03718,2025-07-04,Événement VIC,France (siège)
TP014193,CUST03718,2025-07-17,Événement VIC,France (siège)
TP014194,CUST03718,2025-07-14,Rendez-vous boutique,France (siège)
TP014195,CUST03718,2025-12-17,Événement VIC,France (siège)
TP014196,CUST03718,2025-12-18,Visite site e-commerce,France (siège)
TP014197,CUST03718,2025-12-14,Rendez-vous boutique,France (siège)
TP014198,CUST03718,2026-05-24,Visite site e-commerce,France (siège)
TP014199,CUST03718,2026-05-21,Rendez-vous boutique,France (siège)
TP014200,CUST03719,2026-04-10,Événement VIC,France (siège)
TP014201,CUST03719,2026-04-17,Événement VIC,France (siège)
TP014202,CUST03719,2026-04-14,Appel conseiller de vente,France (siège)
TP014203,CUST03720,2026-01-24,Événement VIC,Moyen-Orient
TP014204,CUST03720,2026-01-29,Appel conseiller de vente,Moyen-Orient
TP014205,CUST03720,2026-01-22,Événement VIC,Moyen-Orient
TP014206,CUST03720,2026-06-20,Événement VIC,Moyen-Orient
TP014207,CUST03721,2025-11-30,Appel conseiller de vente,USA
TP014208,CUST03721,2025-11-25,Visite site e-commerce,USA
TP014209,CUST03721,2026-05-06,Appel conseiller de vente,USA
TP014210,CUST03721,2026-05-27,Ouverture newsletter,USA
TP014211,CUST03722,2025-03-06,Visite site e-commerce,France (siège)
TP014212,CUST03722,2025-10-06,Ouverture newsletter,France (siège)
TP014213,CUST03722,2026-03-19,Rendez-vous boutique,France (siège)
TP014214,CUST03723,2025-07-27,Rendez-vous boutique,Japon
TP014215,CUST03724,2026-04-23,Ouverture newsletter,Chine
TP014216,CUST03724,2026-04-19,Appel conseiller de vente,Chine
TP014217,CUST03724,2026-05-05,Événement VIC,Chine
TP014218,CUST03725,2025-11-08,Visite site e-commerce,France (siège)
TP014219,CUST03725,2026-04-28,Appel conseiller de vente,France (siège)
TP014220,CUST03726,2025-06-04,Visite site e-commerce,France (siège)
TP014221,CUST03726,2025-06-17,Ouverture newsletter,France (siège)
TP014222,CUST03726,2025-12-13,Appel conseiller de vente,France (siège)
TP014223,CUST03726,2026-06-11,Événement VIC,France (siège)
TP014224,CUST03726,2026-05-29,Événement VIC,France (siège)
TP014225,CUST03727,2026-02-05,Visite site e-commerce,France (siège)
TP014226,CUST03727,2026-02-05,Visite site e-commerce,France (siège)
TP014227,CUST03728,2026-06-15,Rendez-vous boutique,Moyen-Orient
TP014228,CUST03728,2026-06-18,Visite site e-commerce,Moyen-Orient
TP014229,CUST03728,2026-06-18,Appel conseiller de vente,Moyen-Orient
TP014230,CUST03729,2025-09-13,Ouverture newsletter,France (siège)
TP014231,CUST03729,2026-02-20,Ouverture newsletter,France (siège)
TP014232,CUST03729,2026-07-26,Événement VIC,France (siège)
TP014233,CUST03729,2026-07-23,Ouverture newsletter,France (siège)
TP014234,CUST03729,2026-07-12,Appel conseiller de vente,France (siège)
TP014235,CUST03730,2026-02-03,Visite site e-commerce,France (siège)
TP014236,CUST03730,2026-02-19,Appel conseiller de vente,France (siège)
TP014237,CUST03730,2026-02-06,Ouverture newsletter,France (siège)
TP014238,CUST03730,2026-05-24,Rendez-vous boutique,France (siège)
TP014239,CUST03730,2026-05-13,Ouverture newsletter,France (siège)
TP014240,CUST03730,2026-05-09,Rendez-vous boutique,France (siège)
TP014241,CUST03732,2025-05-02,Ouverture newsletter,Chine
TP014242,CUST03733,2026-03-24,Rendez-vous boutique,USA
TP014243,CUST03733,2026-03-16,Appel conseiller de vente,USA
TP014244,CUST03733,2026-07-18,Visite site e-commerce,USA
TP014245,CUST03733,2026-07-13,Visite site e-commerce,USA
TP014246,CUST03734,2025-04-25,Événement VIC,Chine
TP014247,CUST03734,2025-08-30,Appel conseiller de vente,Chine
TP014248,CUST03734,2026-01-06,Événement VIC,Chine
TP014249,CUST03734,2026-01-12,Visite site e-commerce,Chine
TP014250,CUST03734,2026-01-22,Événement VIC,Chine
TP014251,CUST03734,2026-06-02,Événement VIC,Chine
TP014252,CUST03735,2026-05-12,Ouverture newsletter,Chine
TP014253,CUST03735,2026-05-02,Rendez-vous boutique,Chine
TP014254,CUST03735,2026-05-09,Appel conseiller de vente,Chine
TP014255,CUST03736,2025-05-05,Événement VIC,Chine
TP014256,CUST03736,2025-05-07,Appel conseiller de vente,Chine
TP014257,CUST03736,2025-10-21,Événement VIC,Chine
TP014258,CUST03736,2025-10-18,Rendez-vous boutique,Chine
TP014259,CUST03736,2026-04-15,Ouverture newsletter,Chine
TP014260,CUST03736,2026-03-23,Rendez-vous boutique,Chine
TP014261,CUST03736,2026-03-27,Rendez-vous boutique,Chine
TP014262,CUST03737,2026-05-08,Événement VIC,France (siège)
TP014263,CUST03737,2026-05-18,Ouverture newsletter,France (siège)
TP014264,CUST03738,2025-11-08,Rendez-vous boutique,USA
TP014265,CUST03738,2025-11-04,Rendez-vous boutique,USA
TP014266,CUST03738,2026-05-21,Visite site e-commerce,USA
TP014267,CUST03738,2026-05-07,Visite site e-commerce,USA
TP014268,CUST03739,2025-10-04,Événement VIC,France (siège)
TP014269,CUST03739,2025-10-22,Rendez-vous boutique,France (siège)
TP014270,CUST03739,2025-10-07,Ouverture newsletter,France (siège)
TP014271,CUST03739,2026-04-20,Événement VIC,France (siège)
TP014272,CUST03739,2026-04-26,Ouverture newsletter,France (siège)
TP014273,CUST03741,2025-07-25,Rendez-vous boutique,Chine
TP014274,CUST03741,2025-07-15,Rendez-vous boutique,Chine
TP014275,CUST03741,2025-07-21,Appel conseiller de vente,Chine
TP014276,CUST03741,2025-12-17,Visite site e-commerce,Chine
TP014277,CUST03741,2026-01-04,Visite site e-commerce,Chine
TP014278,CUST03741,2026-01-05,Ouverture newsletter,Chine
TP014279,CUST03741,2026-04-27,Événement VIC,Chine
TP014280,CUST03741,2026-05-02,Ouverture newsletter,Chine
TP014281,CUST03742,2026-06-29,Événement VIC,USA
TP014282,CUST03743,2025-11-13,Appel conseiller de vente,France (siège)
TP014283,CUST03743,2025-11-09,Événement VIC,France (siège)
TP014284,CUST03743,2025-11-11,Ouverture newsletter,France (siège)
TP014285,CUST03743,2026-03-23,Ouverture newsletter,France (siège)
TP014286,CUST03744,2025-02-19,Visite site e-commerce,Japon
TP014287,CUST03744,2025-03-07,Visite site e-commerce,Japon
TP014288,CUST03744,2025-07-23,Ouverture newsletter,Japon
TP014289,CUST03744,2025-07-27,Rendez-vous boutique,Japon
TP014290,CUST03744,2025-11-22,Rendez-vous boutique,Japon
TP014291,CUST03744,2026-05-12,Visite site e-commerce,Japon
TP014292,CUST03744,2026-05-23,Rendez-vous boutique,Japon
TP014293,CUST03744,2026-05-27,Visite site e-commerce,Japon
TP014294,CUST03745,2025-02-10,Appel conseiller de vente,France (siège)
TP014295,CUST03745,2025-02-13,Appel conseiller de vente,France (siège)
TP014296,CUST03745,2025-02-25,Ouverture newsletter,France (siège)
TP014297,CUST03745,2025-08-29,Ouverture newsletter,France (siège)
TP014298,CUST03745,2026-01-18,Appel conseiller de vente,France (siège)
TP014299,CUST03745,2026-02-08,Ouverture newsletter,France (siège)
TP014300,CUST03745,2026-01-30,Rendez-vous boutique,France (siège)
TP014301,CUST03745,2026-06-16,Événement VIC,France (siège)
TP014302,CUST03745,2026-06-11,Événement VIC,France (siège)
TP014303,CUST03745,2026-06-16,Visite site e-commerce,France (siège)
TP014304,CUST03746,2026-03-26,Rendez-vous boutique,Chine
TP014305,CUST03746,2026-03-22,Ouverture newsletter,Chine
TP014306,CUST03746,2026-03-31,Appel conseiller de vente,Chine
TP014307,CUST03747,2026-05-20,Ouverture newsletter,France (siège)
TP014308,CUST03748,2025-07-06,Appel conseiller de vente,Moyen-Orient
TP014309,CUST03748,2025-11-12,Appel conseiller de vente,Moyen-Orient
TP014310,CUST03748,2026-03-20,Appel conseiller de vente,Moyen-Orient
TP014311,CUST03748,2026-03-30,Rendez-vous boutique,Moyen-Orient
TP014312,CUST03748,2026-03-20,Appel conseiller de vente,Moyen-Orient
TP014313,CUST03749,2025-05-06,Ouverture newsletter,Moyen-Orient
TP014314,CUST03749,2025-10-09,Appel conseiller de vente,Moyen-Orient
TP014315,CUST03749,2026-03-17,Ouverture newsletter,Moyen-Orient
TP014316,CUST03749,2026-03-11,Visite site e-commerce,Moyen-Orient
TP014317,CUST03750,2025-12-27,Événement VIC,Japon
TP014318,CUST03750,2026-06-14,Visite site e-commerce,Japon
TP014319,CUST03750,2026-06-16,Ouverture newsletter,Japon
TP014320,CUST03750,2026-06-09,Visite site e-commerce,Japon
TP014321,CUST03751,2025-12-22,Visite site e-commerce,France (siège)
TP014322,CUST03751,2025-12-16,Événement VIC,France (siège)
TP014323,CUST03751,2025-12-23,Événement VIC,France (siège)
TP014324,CUST03752,2025-10-07,Ouverture newsletter,USA
TP014325,CUST03752,2025-09-18,Rendez-vous boutique,USA
TP014326,CUST03752,2025-09-27,Rendez-vous boutique,USA
TP014327,CUST03752,2026-04-06,Visite site e-commerce,USA
TP014328,CUST03752,2026-03-14,Rendez-vous boutique,USA
TP014329,CUST03753,2025-03-31,Ouverture newsletter,France (siège)
TP014330,CUST03753,2025-03-28,Appel conseiller de vente,France (siège)
TP014331,CUST03753,2025-09-24,Rendez-vous boutique,France (siège)
TP014332,CUST03753,2026-03-10,Rendez-vous boutique,France (siège)
TP014333,CUST03753,2026-03-12,Visite site e-commerce,France (siège)
TP014334,CUST03753,2026-03-10,Événement VIC,France (siège)
TP014335,CUST03754,2025-06-09,Rendez-vous boutique,Japon
TP014336,CUST03754,2025-06-06,Appel conseiller de vente,Japon
TP014337,CUST03754,2025-05-30,Événement VIC,Japon
TP014338,CUST03754,2025-11-09,Visite site e-commerce,Japon
TP014339,CUST03754,2025-10-21,Appel conseiller de vente,Japon
TP014340,CUST03754,2025-11-01,Visite site e-commerce,Japon
TP014341,CUST03754,2026-04-11,Visite site e-commerce,Japon
TP014342,CUST03755,2026-01-10,Rendez-vous boutique,Chine
TP014343,CUST03755,2026-01-02,Événement VIC,Chine
TP014344,CUST03755,2026-05-17,Visite site e-commerce,Chine
TP014345,CUST03755,2026-05-28,Rendez-vous boutique,Chine
TP014346,CUST03755,2026-05-28,Événement VIC,Chine
TP014347,CUST03756,2025-06-28,Événement VIC,USA
TP014348,CUST03756,2025-06-26,Rendez-vous boutique,USA
TP014349,CUST03756,2025-07-02,Rendez-vous boutique,USA
TP014350,CUST03756,2026-01-08,Rendez-vous boutique,USA
TP014351,CUST03756,2026-01-06,Visite site e-commerce,USA
TP014352,CUST03756,2026-06-14,Rendez-vous boutique,USA
TP014353,CUST03756,2026-06-23,Visite site e-commerce,USA
TP014354,CUST03757,2026-05-09,Ouverture newsletter,Japon
TP014355,CUST03757,2026-05-08,Ouverture newsletter,Japon
TP014356,CUST03758,2026-05-01,Rendez-vous boutique,Moyen-Orient
TP014357,CUST03758,2026-05-06,Appel conseiller de vente,Moyen-Orient
TP014358,CUST03759,2026-06-07,Ouverture newsletter,France (siège)
TP014359,CUST03759,2026-06-14,Appel conseiller de vente,France (siège)
TP014360,CUST03760,2025-07-07,Rendez-vous boutique,France (siège)
TP014361,CUST03760,2025-12-25,Ouverture newsletter,France (siège)
TP014362,CUST03760,2026-06-09,Appel conseiller de vente,France (siège)
TP014363,CUST03761,2026-05-19,Rendez-vous boutique,USA
TP014364,CUST03762,2025-08-06,Rendez-vous boutique,France (siège)
TP014365,CUST03762,2025-07-19,Appel conseiller de vente,France (siège)
TP014366,CUST03762,2025-12-08,Appel conseiller de vente,France (siège)
TP014367,CUST03762,2025-12-02,Appel conseiller de vente,France (siège)
TP014368,CUST03762,2026-04-30,Événement VIC,France (siège)
TP014369,CUST03762,2026-04-28,Événement VIC,France (siège)
TP014370,CUST03764,2025-07-08,Visite site e-commerce,USA
TP014371,CUST03764,2025-07-13,Visite site e-commerce,USA
TP014372,CUST03764,2025-07-24,Ouverture newsletter,USA
TP014373,CUST03764,2025-12-27,Appel conseiller de vente,USA
TP014374,CUST03764,2025-12-29,Événement VIC,USA
TP014375,CUST03764,2026-04-30,Appel conseiller de vente,USA
TP014376,CUST03765,2025-06-20,Appel conseiller de vente,France (siège)
TP014377,CUST03765,2026-01-02,Appel conseiller de vente,France (siège)
TP014378,CUST03765,2026-01-17,Appel conseiller de vente,France (siège)
TP014379,CUST03766,2026-04-06,Appel conseiller de vente,France (siège)
TP014380,CUST03767,2025-08-11,Rendez-vous boutique,Japon
TP014381,CUST03767,2025-08-17,Visite site e-commerce,Japon
TP014382,CUST03767,2025-08-13,Visite site e-commerce,Japon
TP014383,CUST03767,2026-01-29,Rendez-vous boutique,Japon
TP014384,CUST03767,2026-01-23,Ouverture newsletter,Japon
TP014385,CUST03767,2026-01-16,Événement VIC,Japon
TP014386,CUST03767,2026-06-22,Rendez-vous boutique,Japon
TP014387,CUST03767,2026-07-10,Visite site e-commerce,Japon
TP014388,CUST03767,2026-07-09,Rendez-vous boutique,Japon
TP014389,CUST03768,2025-08-02,Événement VIC,Moyen-Orient
TP014390,CUST03768,2025-08-09,Appel conseiller de vente,Moyen-Orient
TP014391,CUST03768,2025-08-11,Visite site e-commerce,Moyen-Orient
TP014392,CUST03768,2025-12-23,Appel conseiller de vente,Moyen-Orient
TP014393,CUST03768,2026-05-29,Appel conseiller de vente,Moyen-Orient
TP014394,CUST03769,2026-06-23,Visite site e-commerce,Chine
TP014395,CUST03769,2026-06-27,Visite site e-commerce,Chine
TP014396,CUST03770,2025-03-24,Événement VIC,Japon
TP014397,CUST03770,2025-03-25,Ouverture newsletter,Japon
TP014398,CUST03770,2025-08-01,Événement VIC,Japon
TP014399,CUST03770,2025-12-27,Appel conseiller de vente,Japon
TP014400,CUST03770,2025-12-15,Événement VIC,Japon
TP014401,CUST03770,2026-04-19,Rendez-vous boutique,Japon
TP014402,CUST03771,2026-05-13,Appel conseiller de vente,Chine
TP014403,CUST03771,2026-05-20,Événement VIC,Chine
TP014404,CUST03771,2026-05-14,Visite site e-commerce,Chine
TP014405,CUST03772,2026-07-21,Événement VIC,France (siège)
TP014406,CUST03773,2026-05-13,Événement VIC,USA
TP014407,CUST03774,2026-06-12,Événement VIC,USA
TP014408,CUST03774,2026-06-02,Visite site e-commerce,USA
TP014409,CUST03775,2026-06-22,Événement VIC,Japon
TP014410,CUST03775,2026-06-29,Appel conseiller de vente,Japon
TP014411,CUST03775,2026-06-30,Appel conseiller de vente,Japon
TP014412,CUST03776,2025-04-23,Appel conseiller de vente,France (siège)
TP014413,CUST03776,2025-08-31,Appel conseiller de vente,France (siège)
TP014414,CUST03776,2025-09-04,Ouverture newsletter,France (siège)
TP014415,CUST03776,2025-08-25,Événement VIC,France (siège)
TP014416,CUST03776,2026-02-25,Rendez-vous boutique,France (siège)
TP014417,CUST03777,2025-07-26,Ouverture newsletter,Chine
TP014418,CUST03777,2025-12-20,Ouverture newsletter,Chine
TP014419,CUST03778,2025-09-04,Appel conseiller de vente,Chine
TP014420,CUST03778,2025-09-16,Rendez-vous boutique,Chine
TP014421,CUST03778,2025-09-06,Appel conseiller de vente,Chine
TP014422,CUST03780,2025-04-27,Ouverture newsletter,USA
TP014423,CUST03780,2025-11-11,Appel conseiller de vente,USA
TP014424,CUST03781,2025-07-24,Appel conseiller de vente,Chine
TP014425,CUST03781,2025-12-07,Visite site e-commerce,Chine
TP014426,CUST03781,2026-05-22,Visite site e-commerce,Chine
TP014427,CUST03783,2025-08-29,Rendez-vous boutique,Japon
TP014428,CUST03783,2025-08-14,Rendez-vous boutique,Japon
TP014429,CUST03783,2025-08-29,Rendez-vous boutique,Japon
TP014430,CUST03783,2026-03-11,Visite site e-commerce,Japon
TP014431,CUST03783,2026-02-25,Rendez-vous boutique,Japon
TP014432,CUST03783,2026-03-12,Ouverture newsletter,Japon
TP014433,CUST03784,2025-11-10,Rendez-vous boutique,Chine
TP014434,CUST03784,2025-10-31,Événement VIC,Chine
TP014435,CUST03784,2026-04-18,Rendez-vous boutique,Chine
TP014436,CUST03784,2026-03-29,Rendez-vous boutique,Chine
TP014437,CUST03784,2026-04-03,Appel conseiller de vente,Chine
TP014438,CUST03785,2025-10-16,Visite site e-commerce,France (siège)
TP014439,CUST03785,2026-03-01,Ouverture newsletter,France (siège)
TP014440,CUST03785,2026-02-22,Ouverture newsletter,France (siège)
TP014441,CUST03785,2026-02-25,Événement VIC,France (siège)
TP014442,CUST03785,2026-07-05,Ouverture newsletter,France (siège)
TP014443,CUST03786,2026-06-13,Visite site e-commerce,France (siège)
TP014444,CUST03786,2026-06-14,Événement VIC,France (siège)
TP014445,CUST03786,2026-06-11,Événement VIC,France (siège)
TP014446,CUST03787,2025-02-13,Appel conseiller de vente,France (siège)
TP014447,CUST03787,2025-07-30,Appel conseiller de vente,France (siège)
TP014448,CUST03787,2025-08-08,Rendez-vous boutique,France (siège)
TP014449,CUST03787,2026-02-17,Ouverture newsletter,France (siège)
TP014450,CUST03787,2026-02-27,Appel conseiller de vente,France (siège)
TP014451,CUST03787,2026-07-10,Événement VIC,France (siège)
TP014452,CUST03788,2025-11-08,Appel conseiller de vente,France (siège)
TP014453,CUST03788,2025-11-05,Ouverture newsletter,France (siège)
TP014454,CUST03788,2025-11-16,Événement VIC,France (siège)
TP014455,CUST03789,2025-09-17,Rendez-vous boutique,USA
TP014456,CUST03789,2025-09-05,Ouverture newsletter,USA
TP014457,CUST03789,2025-09-13,Appel conseiller de vente,USA
TP014458,CUST03790,2025-08-01,Visite site e-commerce,Moyen-Orient
TP014459,CUST03790,2025-07-14,Événement VIC,Moyen-Orient
TP014460,CUST03790,2025-07-23,Visite site e-commerce,Moyen-Orient
TP014461,CUST03790,2026-01-19,Appel conseiller de vente,Moyen-Orient
TP014462,CUST03790,2026-01-21,Visite site e-commerce,Moyen-Orient
TP014463,CUST03790,2026-01-26,Ouverture newsletter,Moyen-Orient
TP014464,CUST03790,2026-06-10,Rendez-vous boutique,Moyen-Orient
TP014465,CUST03790,2026-06-18,Événement VIC,Moyen-Orient
TP014466,CUST03790,2026-06-20,Appel conseiller de vente,Moyen-Orient
TP014467,CUST03791,2026-02-01,Rendez-vous boutique,Chine
TP014468,CUST03791,2026-01-21,Appel conseiller de vente,Chine
TP014469,CUST03791,2026-01-21,Appel conseiller de vente,Chine
TP014470,CUST03792,2025-02-05,Ouverture newsletter,USA
TP014471,CUST03792,2025-02-01,Rendez-vous boutique,USA
TP014472,CUST03792,2025-06-10,Visite site e-commerce,USA
TP014473,CUST03792,2025-06-14,Rendez-vous boutique,USA
TP014474,CUST03792,2025-11-20,Visite site e-commerce,USA
TP014475,CUST03792,2025-11-21,Visite site e-commerce,USA
TP014476,CUST03792,2025-12-02,Événement VIC,USA
TP014477,CUST03792,2026-04-16,Visite site e-commerce,USA
TP014478,CUST03792,2026-04-15,Rendez-vous boutique,USA
TP014479,CUST03792,2026-04-12,Visite site e-commerce,USA
TP014480,CUST03793,2025-12-23,Appel conseiller de vente,USA
TP014481,CUST03793,2026-01-15,Événement VIC,USA
TP014482,CUST03793,2026-06-29,Ouverture newsletter,USA
TP014483,CUST03793,2026-06-24,Ouverture newsletter,USA
TP014484,CUST03794,2025-12-25,Ouverture newsletter,USA
TP014485,CUST03794,2025-12-19,Événement VIC,USA
TP014486,CUST03795,2026-03-19,Visite site e-commerce,USA
TP014487,CUST03795,2026-04-01,Appel conseiller de vente,USA
TP014488,CUST03795,2026-03-16,Événement VIC,USA
TP014489,CUST03796,2026-06-06,Visite site e-commerce,USA
TP014490,CUST03796,2026-06-12,Appel conseiller de vente,USA
TP014491,CUST03796,2026-06-12,Ouverture newsletter,USA
TP014492,CUST03797,2025-05-12,Rendez-vous boutique,Chine
TP014493,CUST03797,2025-11-05,Appel conseiller de vente,Chine
TP014494,CUST03797,2025-11-09,Visite site e-commerce,Chine
TP014495,CUST03797,2026-04-04,Ouverture newsletter,Chine
TP014496,CUST03797,2026-04-06,Visite site e-commerce,Chine
TP014497,CUST03798,2026-03-26,Ouverture newsletter,Chine
TP014498,CUST03798,2026-03-30,Événement VIC,Chine
TP014499,CUST03799,2025-03-23,Visite site e-commerce,Moyen-Orient
TP014500,CUST03799,2025-03-19,Ouverture newsletter,Moyen-Orient
TP014501,CUST03799,2025-03-14,Appel conseiller de vente,Moyen-Orient
TP014502,CUST03799,2025-08-12,Visite site e-commerce,Moyen-Orient
TP014503,CUST03800,2025-12-25,Rendez-vous boutique,Moyen-Orient
TP014504,CUST03800,2025-12-22,Appel conseiller de vente,Moyen-Orient
TP014505,CUST03800,2026-06-16,Ouverture newsletter,Moyen-Orient
TP014506,CUST03800,2026-06-11,Ouverture newsletter,Moyen-Orient
TP014507,CUST03801,2025-10-12,Rendez-vous boutique,Japon
TP014508,CUST03801,2025-09-30,Événement VIC,Japon
TP014509,CUST03801,2026-03-28,Visite site e-commerce,Japon
TP014510,CUST03801,2026-03-22,Événement VIC,Japon
TP014511,CUST03802,2026-07-09,Appel conseiller de vente,USA
TP014512,CUST03802,2026-07-17,Ouverture newsletter,USA
TP014513,CUST03803,2026-05-10,Visite site e-commerce,France (siège)
TP014514,CUST03805,2026-06-29,Événement VIC,USA
TP014515,CUST03805,2026-06-23,Appel conseiller de vente,USA
TP014516,CUST03805,2026-07-07,Appel conseiller de vente,USA
TP014517,CUST03806,2025-08-29,Appel conseiller de vente,USA
TP014518,CUST03806,2025-08-21,Appel conseiller de vente,USA
TP014519,CUST03806,2025-08-14,Ouverture newsletter,USA
TP014520,CUST03807,2025-10-17,Visite site e-commerce,Moyen-Orient
TP014521,CUST03807,2026-04-02,Rendez-vous boutique,Moyen-Orient
TP014522,CUST03807,2026-04-14,Événement VIC,Moyen-Orient
TP014523,CUST03807,2026-03-27,Ouverture newsletter,Moyen-Orient
TP014524,CUST03808,2025-04-13,Visite site e-commerce,France (siège)
TP014525,CUST03808,2025-04-19,Visite site e-commerce,France (siège)
TP014526,CUST03808,2025-10-05,Rendez-vous boutique,France (siège)
TP014527,CUST03808,2025-09-22,Appel conseiller de vente,France (siège)
TP014528,CUST03808,2025-09-17,Visite site e-commerce,France (siège)
TP014529,CUST03808,2026-03-08,Visite site e-commerce,France (siège)
TP014530,CUST03808,2026-03-13,Événement VIC,France (siège)
TP014531,CUST03809,2025-07-16,Rendez-vous boutique,USA
TP014532,CUST03809,2025-07-24,Ouverture newsletter,USA
TP014533,CUST03809,2025-07-28,Événement VIC,USA
TP014534,CUST03809,2026-02-11,Visite site e-commerce,USA
TP014535,CUST03809,2026-06-18,Rendez-vous boutique,USA
TP014536,CUST03810,2025-05-15,Événement VIC,France (siège)
TP014537,CUST03810,2025-05-16,Appel conseiller de vente,France (siège)
TP014538,CUST03810,2025-11-17,Appel conseiller de vente,France (siège)
TP014539,CUST03810,2025-11-06,Événement VIC,France (siège)
TP014540,CUST03810,2025-11-13,Appel conseiller de vente,France (siège)
TP014541,CUST03810,2026-03-21,Appel conseiller de vente,France (siège)
TP014542,CUST03810,2026-03-19,Visite site e-commerce,France (siège)
TP014543,CUST03811,2025-07-20,Ouverture newsletter,USA
TP014544,CUST03811,2025-07-13,Événement VIC,USA
TP014545,CUST03813,2025-07-22,Appel conseiller de vente,USA
TP014546,CUST03813,2025-07-11,Événement VIC,USA
TP014547,CUST03813,2025-07-29,Rendez-vous boutique,USA
TP014548,CUST03813,2025-12-24,Événement VIC,USA
TP014549,CUST03813,2025-12-26,Visite site e-commerce,USA
TP014550,CUST03813,2026-05-26,Visite site e-commerce,USA
TP014551,CUST03813,2026-06-02,Rendez-vous boutique,USA
TP014552,CUST03813,2026-05-14,Rendez-vous boutique,USA
TP014553,CUST03814,2025-01-29,Événement VIC,France (siège)
TP014554,CUST03814,2025-01-22,Événement VIC,France (siège)
TP014555,CUST03814,2025-01-30,Événement VIC,France (siège)
TP014556,CUST03814,2025-07-15,Rendez-vous boutique,France (siège)
TP014557,CUST03814,2025-07-02,Appel conseiller de vente,France (siège)
TP014558,CUST03814,2025-12-16,Événement VIC,France (siège)
TP014559,CUST03814,2026-04-25,Visite site e-commerce,France (siège)
TP014560,CUST03814,2026-04-17,Appel conseiller de vente,France (siège)
TP014561,CUST03815,2026-01-11,Ouverture newsletter,Moyen-Orient
TP014562,CUST03815,2025-12-24,Visite site e-commerce,Moyen-Orient
TP014563,CUST03815,2025-12-24,Ouverture newsletter,Moyen-Orient
TP014564,CUST03815,2026-04-09,Visite site e-commerce,Moyen-Orient
TP014565,CUST03815,2026-04-16,Appel conseiller de vente,Moyen-Orient
TP014566,CUST03815,2026-04-27,Appel conseiller de vente,Moyen-Orient
TP014567,CUST03816,2025-02-11,Visite site e-commerce,Chine
TP014568,CUST03816,2025-03-05,Visite site e-commerce,Chine
TP014569,CUST03816,2025-03-04,Événement VIC,Chine
TP014570,CUST03816,2025-06-28,Ouverture newsletter,Chine
TP014571,CUST03816,2025-06-20,Ouverture newsletter,Chine
TP014572,CUST03816,2025-06-21,Événement VIC,Chine
TP014573,CUST03816,2025-12-12,Rendez-vous boutique,Chine
TP014574,CUST03816,2025-12-08,Événement VIC,Chine
TP014575,CUST03816,2026-04-20,Appel conseiller de vente,Chine
TP014576,CUST03816,2026-04-20,Événement VIC,Chine
TP014577,CUST03816,2026-04-14,Visite site e-commerce,Chine
TP014578,CUST03818,2026-06-24,Événement VIC,France (siège)
TP014579,CUST03818,2026-06-18,Événement VIC,France (siège)
TP014580,CUST03818,2026-06-29,Événement VIC,France (siège)
TP014581,CUST03819,2025-03-23,Ouverture newsletter,Japon
TP014582,CUST03819,2025-03-20,Rendez-vous boutique,Japon
TP014583,CUST03819,2025-09-01,Appel conseiller de vente,Japon
TP014584,CUST03819,2025-09-14,Appel conseiller de vente,Japon
TP014585,CUST03819,2025-09-02,Appel conseiller de vente,Japon
TP014586,CUST03819,2026-03-16,Visite site e-commerce,Japon
TP014587,CUST03819,2026-03-19,Rendez-vous boutique,Japon
TP014588,CUST03819,2026-03-14,Rendez-vous boutique,Japon
TP014589,CUST03820,2026-06-29,Appel conseiller de vente,USA
TP014590,CUST03821,2025-09-09,Visite site e-commerce,USA
TP014591,CUST03821,2025-08-23,Ouverture newsletter,USA
TP014592,CUST03821,2026-03-15,Rendez-vous boutique,USA
TP014593,CUST03821,2026-03-29,Événement VIC,USA
TP014594,CUST03821,2026-03-08,Événement VIC,USA
TP014595,CUST03822,2025-08-26,Appel conseiller de vente,USA
TP014596,CUST03822,2025-09-05,Visite site e-commerce,USA
TP014597,CUST03822,2025-08-28,Ouverture newsletter,USA
TP014598,CUST03822,2026-03-15,Ouverture newsletter,USA
TP014599,CUST03822,2026-03-18,Appel conseiller de vente,USA
TP014600,CUST03823,2026-05-30,Appel conseiller de vente,France (siège)
TP014601,CUST03823,2026-06-06,Événement VIC,France (siège)
TP014602,CUST03823,2026-05-30,Événement VIC,France (siège)
TP014603,CUST03824,2025-08-04,Visite site e-commerce,France (siège)
TP014604,CUST03824,2025-11-06,Appel conseiller de vente,France (siège)
TP014605,CUST03824,2025-10-28,Appel conseiller de vente,France (siège)
TP014606,CUST03824,2025-10-23,Rendez-vous boutique,France (siège)
TP014607,CUST03824,2026-03-08,Ouverture newsletter,France (siège)
TP014608,CUST03824,2026-02-22,Appel conseiller de vente,France (siège)
TP014609,CUST03824,2026-06-18,Appel conseiller de vente,France (siège)
TP014610,CUST03824,2026-06-17,Appel conseiller de vente,France (siège)
TP014611,CUST03826,2026-01-25,Événement VIC,USA
TP014612,CUST03826,2026-02-04,Événement VIC,USA
TP014613,CUST03826,2026-01-24,Rendez-vous boutique,USA
TP014614,CUST03827,2025-10-13,Appel conseiller de vente,Moyen-Orient
TP014615,CUST03827,2026-02-02,Ouverture newsletter,Moyen-Orient
TP014616,CUST03827,2026-02-12,Événement VIC,Moyen-Orient
TP014617,CUST03827,2026-01-31,Ouverture newsletter,Moyen-Orient
TP014618,CUST03827,2026-07-19,Ouverture newsletter,Moyen-Orient
TP014619,CUST03828,2026-03-23,Visite site e-commerce,Moyen-Orient
TP014620,CUST03829,2025-03-29,Événement VIC,Moyen-Orient
TP014621,CUST03829,2025-03-21,Rendez-vous boutique,Moyen-Orient
TP014622,CUST03829,2025-08-23,Appel conseiller de vente,Moyen-Orient
TP014623,CUST03829,2025-09-09,Événement VIC,Moyen-Orient
TP014624,CUST03829,2025-08-26,Rendez-vous boutique,Moyen-Orient
TP014625,CUST03829,2026-02-26,Événement VIC,Moyen-Orient
TP014626,CUST03829,2026-02-26,Événement VIC,Moyen-Orient
TP014627,CUST03829,2026-02-12,Événement VIC,Moyen-Orient
TP014628,CUST03830,2026-06-25,Appel conseiller de vente,Moyen-Orient
TP014629,CUST03830,2026-06-18,Ouverture newsletter,Moyen-Orient
TP014630,CUST03831,2026-02-13,Ouverture newsletter,Moyen-Orient
TP014631,CUST03831,2026-02-11,Appel conseiller de vente,Moyen-Orient
TP014632,CUST03832,2025-09-22,Rendez-vous boutique,Moyen-Orient
TP014633,CUST03832,2025-09-22,Rendez-vous boutique,Moyen-Orient
TP014634,CUST03832,2025-09-27,Visite site e-commerce,Moyen-Orient
TP014635,CUST03832,2026-03-07,Appel conseiller de vente,Moyen-Orient
TP014636,CUST03833,2025-07-04,Visite site e-commerce,Chine
TP014637,CUST03833,2025-06-26,Visite site e-commerce,Chine
TP014638,CUST03833,2025-06-20,Ouverture newsletter,Chine
TP014639,CUST03834,2025-09-30,Événement VIC,Moyen-Orient
TP014640,CUST03834,2026-01-24,Événement VIC,Moyen-Orient
TP014641,CUST03834,2026-06-09,Événement VIC,Moyen-Orient
TP014642,CUST03834,2026-05-20,Événement VIC,Moyen-Orient
TP014643,CUST03835,2026-04-28,Appel conseiller de vente,Japon
TP014644,CUST03835,2026-04-09,Visite site e-commerce,Japon
TP014645,CUST03836,2025-07-22,Ouverture newsletter,Moyen-Orient
TP014646,CUST03836,2025-08-07,Appel conseiller de vente,Moyen-Orient
TP014647,CUST03836,2025-11-21,Rendez-vous boutique,Moyen-Orient
TP014648,CUST03836,2026-05-02,Événement VIC,Moyen-Orient
TP014649,CUST03837,2025-05-02,Événement VIC,USA
TP014650,CUST03837,2025-05-09,Rendez-vous boutique,USA
TP014651,CUST03837,2025-10-22,Rendez-vous boutique,USA
TP014652,CUST03837,2026-04-15,Visite site e-commerce,USA
TP014653,CUST03837,2026-03-28,Appel conseiller de vente,USA
TP014654,CUST03838,2025-09-28,Événement VIC,USA
TP014655,CUST03838,2025-10-06,Ouverture newsletter,USA
TP014656,CUST03838,2025-09-14,Ouverture newsletter,USA
TP014657,CUST03838,2026-03-12,Visite site e-commerce,USA
TP014658,CUST03838,2026-03-14,Ouverture newsletter,USA
TP014659,CUST03838,2026-03-08,Visite site e-commerce,USA
TP014660,CUST03839,2025-02-16,Rendez-vous boutique,Moyen-Orient
TP014661,CUST03839,2025-02-08,Rendez-vous boutique,Moyen-Orient
TP014662,CUST03839,2025-07-14,Rendez-vous boutique,Moyen-Orient
TP014663,CUST03839,2025-06-28,Rendez-vous boutique,Moyen-Orient
TP014664,CUST03839,2025-07-13,Ouverture newsletter,Moyen-Orient
TP014665,CUST03839,2025-12-20,Visite site e-commerce,Moyen-Orient
TP014666,CUST03839,2025-12-11,Appel conseiller de vente,Moyen-Orient
TP014667,CUST03839,2026-07-02,Ouverture newsletter,Moyen-Orient
TP014668,CUST03839,2026-07-02,Ouverture newsletter,Moyen-Orient
TP014669,CUST03839,2026-06-16,Ouverture newsletter,Moyen-Orient
TP014670,CUST03840,2025-10-18,Visite site e-commerce,Japon
TP014671,CUST03840,2025-10-02,Appel conseiller de vente,Japon
TP014672,CUST03840,2025-10-18,Appel conseiller de vente,Japon
TP014673,CUST03840,2026-04-21,Rendez-vous boutique,Japon
TP014674,CUST03840,2026-04-06,Rendez-vous boutique,Japon
TP014675,CUST03841,2026-06-30,Visite site e-commerce,France (siège)
TP014676,CUST03841,2026-07-20,Ouverture newsletter,France (siège)
TP014677,CUST03841,2026-06-29,Ouverture newsletter,France (siège)
TP014678,CUST03842,2026-04-09,Visite site e-commerce,USA
TP014679,CUST03842,2026-04-26,Ouverture newsletter,USA
TP014680,CUST03842,2026-04-08,Appel conseiller de vente,USA
TP014681,CUST03843,2026-01-12,Appel conseiller de vente,Japon
TP014682,CUST03843,2025-12-28,Appel conseiller de vente,Japon
TP014683,CUST03843,2026-06-23,Visite site e-commerce,Japon
TP014684,CUST03843,2026-06-23,Appel conseiller de vente,Japon
TP014685,CUST03843,2026-06-25,Visite site e-commerce,Japon
TP014686,CUST03844,2026-02-20,Ouverture newsletter,France (siège)
TP014687,CUST03844,2026-02-03,Événement VIC,France (siège)
TP014688,CUST03844,2026-02-15,Événement VIC,France (siège)
TP014689,CUST03845,2026-07-14,Ouverture newsletter,USA
TP014690,CUST03845,2026-07-09,Ouverture newsletter,USA
TP014691,CUST03846,2026-02-08,Ouverture newsletter,USA
TP014692,CUST03847,2026-01-23,Événement VIC,USA
TP014693,CUST03847,2026-01-30,Rendez-vous boutique,USA
TP014694,CUST03848,2025-11-29,Visite site e-commerce,Chine
TP014695,CUST03848,2025-12-15,Événement VIC,Chine
TP014696,CUST03848,2025-12-11,Visite site e-commerce,Chine
TP014697,CUST03848,2026-06-26,Rendez-vous boutique,Chine
TP014698,CUST03848,2026-07-03,Ouverture newsletter,Chine
TP014699,CUST03849,2025-12-07,Événement VIC,Moyen-Orient
TP014700,CUST03849,2025-12-08,Appel conseiller de vente,Moyen-Orient
TP014701,CUST03849,2026-06-05,Visite site e-commerce,Moyen-Orient
TP014702,CUST03850,2026-02-06,Événement VIC,USA
TP014703,CUST03850,2026-07-28,Ouverture newsletter,USA
TP014704,CUST03850,2026-07-20,Ouverture newsletter,USA
TP014705,CUST03851,2026-05-03,Ouverture newsletter,USA
TP014706,CUST03852,2026-01-28,Ouverture newsletter,France (siège)
TP014707,CUST03852,2026-01-18,Rendez-vous boutique,France (siège)
TP014708,CUST03852,2026-01-19,Événement VIC,France (siège)
TP014709,CUST03852,2026-07-16,Appel conseiller de vente,France (siège)
TP014710,CUST03852,2026-07-17,Visite site e-commerce,France (siège)
TP014711,CUST03853,2026-01-26,Visite site e-commerce,France (siège)
TP014712,CUST03853,2026-02-09,Appel conseiller de vente,France (siège)
TP014713,CUST03853,2026-01-31,Visite site e-commerce,France (siège)
TP014714,CUST03854,2025-09-23,Appel conseiller de vente,Japon
TP014715,CUST03854,2026-02-06,Visite site e-commerce,Japon
TP014716,CUST03854,2026-01-20,Rendez-vous boutique,Japon
TP014717,CUST03854,2026-05-20,Appel conseiller de vente,Japon
TP014718,CUST03854,2026-06-05,Ouverture newsletter,Japon
TP014719,CUST03854,2026-05-23,Rendez-vous boutique,Japon
TP014720,CUST03855,2026-07-14,Visite site e-commerce,Chine
TP014721,CUST03855,2026-06-22,Événement VIC,Chine
TP014722,CUST03855,2026-07-15,Visite site e-commerce,Chine
TP014723,CUST03856,2025-05-14,Événement VIC,USA
TP014724,CUST03856,2025-05-19,Ouverture newsletter,USA
TP014725,CUST03856,2025-10-24,Ouverture newsletter,USA
TP014726,CUST03856,2025-11-08,Événement VIC,USA
TP014727,CUST03856,2025-11-03,Rendez-vous boutique,USA
TP014728,CUST03856,2026-03-27,Rendez-vous boutique,USA
TP014729,CUST03856,2026-04-12,Événement VIC,USA
TP014730,CUST03856,2026-04-14,Événement VIC,USA
TP014731,CUST03857,2026-02-14,Appel conseiller de vente,Chine
TP014732,CUST03857,2026-02-16,Rendez-vous boutique,Chine
TP014733,CUST03858,2026-06-26,Appel conseiller de vente,USA
TP014734,CUST03858,2026-06-30,Ouverture newsletter,USA
TP014735,CUST03859,2025-04-26,Appel conseiller de vente,Japon
TP014736,CUST03859,2025-05-01,Ouverture newsletter,Japon
TP014737,CUST03859,2025-08-17,Appel conseiller de vente,Japon
TP014738,CUST03859,2025-08-11,Ouverture newsletter,Japon
TP014739,CUST03859,2025-08-17,Rendez-vous boutique,Japon
TP014740,CUST03859,2025-12-27,Ouverture newsletter,Japon
TP014741,CUST03859,2026-05-26,Événement VIC,Japon
TP014742,CUST03859,2026-05-09,Événement VIC,Japon
TP014743,CUST03859,2026-05-08,Événement VIC,Japon
TP014744,CUST03860,2025-07-16,Ouverture newsletter,USA
TP014745,CUST03860,2025-12-19,Visite site e-commerce,USA
TP014746,CUST03860,2026-05-04,Appel conseiller de vente,USA
TP014747,CUST03861,2025-03-27,Appel conseiller de vente,Japon
TP014748,CUST03861,2025-09-16,Ouverture newsletter,Japon
TP014749,CUST03861,2025-09-17,Visite site e-commerce,Japon
TP014750,CUST03861,2026-03-07,Visite site e-commerce,Japon
TP014751,CUST03861,2026-02-17,Ouverture newsletter,Japon
TP014752,CUST03861,2026-03-11,Visite site e-commerce,Japon
TP014753,CUST03862,2025-06-25,Appel conseiller de vente,Moyen-Orient
TP014754,CUST03862,2025-06-21,Visite site e-commerce,Moyen-Orient
TP014755,CUST03862,2026-01-24,Événement VIC,Moyen-Orient
TP014756,CUST03862,2026-07-19,Appel conseiller de vente,Moyen-Orient
TP014757,CUST03863,2026-05-05,Visite site e-commerce,France (siège)
TP014758,CUST03863,2026-05-03,Ouverture newsletter,France (siège)
TP014759,CUST03863,2026-05-17,Événement VIC,France (siège)
TP014760,CUST03864,2026-04-26,Rendez-vous boutique,USA
TP014761,CUST03865,2026-03-02,Appel conseiller de vente,USA
TP014762,CUST03865,2026-06-06,Événement VIC,USA
TP014763,CUST03865,2026-06-20,Ouverture newsletter,USA
TP014764,CUST03866,2026-04-05,Visite site e-commerce,Moyen-Orient
TP014765,CUST03866,2026-04-01,Événement VIC,Moyen-Orient
TP014766,CUST03867,2026-01-07,Appel conseiller de vente,Moyen-Orient
TP014767,CUST03867,2026-06-20,Appel conseiller de vente,Moyen-Orient
TP014768,CUST03867,2026-06-23,Rendez-vous boutique,Moyen-Orient
TP014769,CUST03867,2026-06-29,Rendez-vous boutique,Moyen-Orient
TP014770,CUST03868,2026-07-23,Visite site e-commerce,Moyen-Orient
TP014771,CUST03869,2025-04-26,Événement VIC,USA
TP014772,CUST03869,2025-10-15,Rendez-vous boutique,USA
TP014773,CUST03869,2025-10-20,Événement VIC,USA
TP014774,CUST03869,2025-10-29,Rendez-vous boutique,USA
TP014775,CUST03869,2026-03-12,Ouverture newsletter,USA
TP014776,CUST03869,2026-03-03,Appel conseiller de vente,USA
TP014777,CUST03869,2026-02-24,Rendez-vous boutique,USA
TP014778,CUST03870,2025-09-20,Appel conseiller de vente,Moyen-Orient
TP014779,CUST03870,2026-02-14,Rendez-vous boutique,Moyen-Orient
TP014780,CUST03870,2026-02-25,Rendez-vous boutique,Moyen-Orient
TP014781,CUST03870,2026-07-14,Rendez-vous boutique,Moyen-Orient
TP014782,CUST03871,2025-09-25,Ouverture newsletter,USA
TP014783,CUST03871,2026-04-18,Visite site e-commerce,USA
TP014784,CUST03871,2026-04-06,Ouverture newsletter,USA
TP014785,CUST03871,2026-04-23,Ouverture newsletter,USA
TP014786,CUST03872,2026-06-06,Ouverture newsletter,Chine
TP014787,CUST03873,2025-05-16,Rendez-vous boutique,Moyen-Orient
TP014788,CUST03873,2025-05-01,Appel conseiller de vente,Moyen-Orient
TP014789,CUST03873,2025-10-30,Visite site e-commerce,Moyen-Orient
TP014790,CUST03873,2025-10-10,Appel conseiller de vente,Moyen-Orient
TP014791,CUST03873,2025-10-30,Événement VIC,Moyen-Orient
TP014792,CUST03873,2026-04-12,Rendez-vous boutique,Moyen-Orient
TP014793,CUST03873,2026-04-05,Événement VIC,Moyen-Orient
TP014794,CUST03873,2026-04-01,Visite site e-commerce,Moyen-Orient
TP014795,CUST03874,2025-05-29,Ouverture newsletter,Chine
TP014796,CUST03874,2025-05-27,Visite site e-commerce,Chine
TP014797,CUST03874,2025-05-29,Ouverture newsletter,Chine
TP014798,CUST03874,2025-10-14,Rendez-vous boutique,Chine
TP014799,CUST03874,2025-10-19,Appel conseiller de vente,Chine
TP014800,CUST03874,2025-10-06,Événement VIC,Chine
TP014801,CUST03874,2026-04-05,Appel conseiller de vente,Chine
TP014802,CUST03875,2025-08-12,Événement VIC,USA
TP014803,CUST03877,2025-06-10,Visite site e-commerce,Chine
TP014804,CUST03877,2025-11-17,Rendez-vous boutique,Chine
TP014805,CUST03877,2025-11-21,Rendez-vous boutique,Chine
TP014806,CUST03877,2026-03-22,Rendez-vous boutique,Chine
TP014807,CUST03877,2026-04-05,Visite site e-commerce,Chine
TP014808,CUST03878,2026-01-07,Événement VIC,France (siège)
TP014809,CUST03878,2026-01-07,Événement VIC,France (siège)
TP014810,CUST03878,2026-06-27,Rendez-vous boutique,France (siège)
TP014811,CUST03878,2026-06-29,Rendez-vous boutique,France (siège)
TP014812,CUST03879,2025-09-03,Événement VIC,Chine
TP014813,CUST03879,2026-02-21,Ouverture newsletter,Chine
TP014814,CUST03879,2026-02-14,Visite site e-commerce,Chine
TP014815,CUST03880,2025-02-23,Appel conseiller de vente,Japon
TP014816,CUST03880,2025-02-08,Ouverture newsletter,Japon
TP014817,CUST03880,2025-07-08,Ouverture newsletter,Japon
TP014818,CUST03880,2025-07-12,Rendez-vous boutique,Japon
TP014819,CUST03880,2025-07-11,Événement VIC,Japon
TP014820,CUST03880,2025-12-26,Ouverture newsletter,Japon
TP014821,CUST03880,2025-12-21,Visite site e-commerce,Japon
TP014822,CUST03880,2026-05-18,Rendez-vous boutique,Japon
TP014823,CUST03880,2026-05-17,Appel conseiller de vente,Japon
TP014824,CUST03880,2026-05-05,Visite site e-commerce,Japon
TP014825,CUST03881,2026-05-01,Appel conseiller de vente,Chine
TP014826,CUST03883,2025-07-06,Appel conseiller de vente,Moyen-Orient
TP014827,CUST03883,2025-06-21,Visite site e-commerce,Moyen-Orient
TP014828,CUST03883,2025-07-05,Rendez-vous boutique,Moyen-Orient
TP014829,CUST03883,2026-01-20,Rendez-vous boutique,Moyen-Orient
TP014830,CUST03883,2026-07-15,Ouverture newsletter,Moyen-Orient
TP014831,CUST03885,2025-03-23,Ouverture newsletter,USA
TP014832,CUST03885,2025-03-22,Appel conseiller de vente,USA
TP014833,CUST03885,2025-08-12,Ouverture newsletter,USA
TP014834,CUST03885,2025-08-15,Ouverture newsletter,USA
TP014835,CUST03885,2025-08-18,Rendez-vous boutique,USA
TP014836,CUST03885,2026-01-21,Ouverture newsletter,USA
TP014837,CUST03885,2026-05-30,Rendez-vous boutique,USA
TP014838,CUST03886,2026-06-03,Visite site e-commerce,USA
TP014839,CUST03887,2025-05-16,Événement VIC,Japon
TP014840,CUST03887,2025-05-31,Événement VIC,Japon
TP014841,CUST03887,2025-06-08,Rendez-vous boutique,Japon
TP014842,CUST03887,2025-11-12,Rendez-vous boutique,Japon
TP014843,CUST03887,2026-03-12,Appel conseiller de vente,Japon
TP014844,CUST03887,2026-03-09,Événement VIC,Japon
TP014845,CUST03887,2026-03-05,Visite site e-commerce,Japon
TP014846,CUST03888,2025-09-21,Ouverture newsletter,Moyen-Orient
TP014847,CUST03888,2025-09-16,Rendez-vous boutique,Moyen-Orient
TP014848,CUST03888,2025-09-25,Rendez-vous boutique,Moyen-Orient
TP014849,CUST03888,2026-02-22,Appel conseiller de vente,Moyen-Orient
TP014850,CUST03888,2026-03-05,Rendez-vous boutique,Moyen-Orient
TP014851,CUST03889,2026-05-23,Appel conseiller de vente,Chine
TP014852,CUST03890,2025-06-03,Ouverture newsletter,Moyen-Orient
TP014853,CUST03890,2025-05-26,Visite site e-commerce,Moyen-Orient
TP014854,CUST03890,2025-06-17,Événement VIC,Moyen-Orient
TP014855,CUST03890,2025-11-15,Visite site e-commerce,Moyen-Orient
TP014856,CUST03890,2025-11-01,Ouverture newsletter,Moyen-Orient
TP014857,CUST03890,2026-03-22,Événement VIC,Moyen-Orient
TP014858,CUST03891,2026-02-17,Ouverture newsletter,Chine
TP014859,CUST03892,2025-11-14,Appel conseiller de vente,France (siège)
TP014860,CUST03892,2026-03-17,Événement VIC,France (siège)
TP014861,CUST03892,2026-06-21,Événement VIC,France (siège)
TP014862,CUST03892,2026-06-22,Rendez-vous boutique,France (siège)
TP014863,CUST03893,2025-11-19,Visite site e-commerce,USA
TP014864,CUST03893,2026-05-28,Visite site e-commerce,USA
TP014865,CUST03893,2026-05-31,Visite site e-commerce,USA
TP014866,CUST03894,2026-01-27,Événement VIC,Chine
TP014867,CUST03894,2026-01-23,Rendez-vous boutique,Chine
TP014868,CUST03894,2026-02-12,Appel conseiller de vente,Chine
TP014869,CUST03894,2026-06-03,Ouverture newsletter,Chine
TP014870,CUST03895,2025-07-02,Appel conseiller de vente,USA
TP014871,CUST03895,2025-06-22,Ouverture newsletter,USA
TP014872,CUST03895,2025-06-29,Visite site e-commerce,USA
TP014873,CUST03895,2025-12-13,Appel conseiller de vente,USA
TP014874,CUST03895,2025-12-21,Appel conseiller de vente,USA
TP014875,CUST03895,2025-12-23,Visite site e-commerce,USA
TP014876,CUST03895,2026-05-04,Visite site e-commerce,USA
TP014877,CUST03895,2026-04-26,Ouverture newsletter,USA
TP014878,CUST03897,2026-01-13,Appel conseiller de vente,Chine
TP014879,CUST03897,2026-06-04,Visite site e-commerce,Chine
TP014880,CUST03897,2026-06-19,Événement VIC,Chine
TP014881,CUST03898,2025-05-04,Ouverture newsletter,Chine
TP014882,CUST03898,2025-05-04,Ouverture newsletter,Chine
TP014883,CUST03898,2025-08-25,Événement VIC,Chine
TP014884,CUST03898,2025-08-17,Visite site e-commerce,Chine
TP014885,CUST03898,2025-08-30,Rendez-vous boutique,Chine
TP014886,CUST03898,2026-02-09,Visite site e-commerce,Chine
TP014887,CUST03898,2026-02-22,Événement VIC,Chine
TP014888,CUST03898,2026-02-14,Visite site e-commerce,Chine
TP014889,CUST03899,2026-03-06,Ouverture newsletter,USA
TP014890,CUST03899,2026-03-05,Rendez-vous boutique,USA
TP014891,CUST03899,2026-03-04,Visite site e-commerce,USA
TP014892,CUST03900,2026-01-08,Événement VIC,France (siège)
TP014893,CUST03900,2025-12-31,Visite site e-commerce,France (siège)
TP014894,CUST03900,2026-06-01,Ouverture newsletter,France (siège)
TP014895,CUST03900,2026-05-20,Ouverture newsletter,France (siège)
TP014896,CUST03900,2026-05-26,Visite site e-commerce,France (siège)
TP014897,CUST03901,2025-07-23,Ouverture newsletter,France (siège)
TP014898,CUST03901,2025-07-30,Événement VIC,France (siège)
TP014899,CUST03901,2025-08-05,Événement VIC,France (siège)
TP014900,CUST03901,2025-12-19,Appel conseiller de vente,France (siège)
TP014901,CUST03901,2025-12-31,Ouverture newsletter,France (siège)
TP014902,CUST03901,2026-01-01,Événement VIC,France (siège)
TP014903,CUST03901,2026-06-14,Appel conseiller de vente,France (siège)
TP014904,CUST03901,2026-06-12,Visite site e-commerce,France (siège)
TP014905,CUST03902,2026-02-10,Ouverture newsletter,Moyen-Orient
TP014906,CUST03902,2026-02-10,Événement VIC,Moyen-Orient
TP014907,CUST03902,2026-02-04,Appel conseiller de vente,Moyen-Orient
TP014908,CUST03902,2026-07-16,Ouverture newsletter,Moyen-Orient
TP014909,CUST03903,2026-03-22,Visite site e-commerce,Moyen-Orient
TP014910,CUST03903,2026-03-16,Événement VIC,Moyen-Orient
TP014911,CUST03905,2025-11-16,Rendez-vous boutique,Japon
TP014912,CUST03905,2025-12-05,Événement VIC,Japon
TP014913,CUST03906,2026-05-11,Ouverture newsletter,Chine
TP014914,CUST03906,2026-05-12,Événement VIC,Chine
TP014915,CUST03907,2025-12-16,Visite site e-commerce,USA
TP014916,CUST03907,2025-12-14,Ouverture newsletter,USA
TP014917,CUST03907,2025-12-12,Ouverture newsletter,USA
TP014918,CUST03907,2026-05-16,Ouverture newsletter,USA
TP014919,CUST03908,2025-06-29,Ouverture newsletter,Moyen-Orient
TP014920,CUST03908,2025-06-25,Rendez-vous boutique,Moyen-Orient
TP014921,CUST03908,2025-12-17,Événement VIC,Moyen-Orient
TP014922,CUST03908,2026-06-24,Appel conseiller de vente,Moyen-Orient
TP014923,CUST03909,2026-03-28,Ouverture newsletter,USA
TP014924,CUST03909,2026-03-30,Événement VIC,USA
TP014925,CUST03909,2026-03-18,Ouverture newsletter,USA
TP014926,CUST03910,2025-02-02,Événement VIC,Moyen-Orient
TP014927,CUST03910,2025-02-08,Rendez-vous boutique,Moyen-Orient
TP014928,CUST03910,2025-02-06,Ouverture newsletter,Moyen-Orient
TP014929,CUST03910,2025-06-20,Visite site e-commerce,Moyen-Orient
TP014930,CUST03910,2025-07-05,Rendez-vous boutique,Moyen-Orient
TP014931,CUST03910,2025-11-02,Événement VIC,Moyen-Orient
TP014932,CUST03910,2026-04-22,Rendez-vous boutique,Moyen-Orient
TP014933,CUST03910,2026-04-18,Visite site e-commerce,Moyen-Orient
TP014934,CUST03910,2026-04-16,Rendez-vous boutique,Moyen-Orient
TP014935,CUST03911,2026-04-08,Événement VIC,France (siège)
TP014936,CUST03911,2026-04-11,Rendez-vous boutique,France (siège)
TP014937,CUST03912,2025-09-01,Rendez-vous boutique,France (siège)
TP014938,CUST03912,2025-08-30,Visite site e-commerce,France (siège)
TP014939,CUST03912,2026-02-21,Rendez-vous boutique,France (siège)
TP014940,CUST03912,2026-01-31,Événement VIC,France (siège)
TP014941,CUST03912,2026-02-19,Rendez-vous boutique,France (siège)
TP014942,CUST03913,2025-04-09,Ouverture newsletter,Moyen-Orient
TP014943,CUST03913,2025-04-23,Appel conseiller de vente,Moyen-Orient
TP014944,CUST03913,2025-09-13,Visite site e-commerce,Moyen-Orient
TP014945,CUST03913,2025-09-11,Ouverture newsletter,Moyen-Orient
TP014946,CUST03913,2026-03-08,Visite site e-commerce,Moyen-Orient
TP014947,CUST03913,2026-03-15,Visite site e-commerce,Moyen-Orient
TP014948,CUST03913,2026-03-12,Rendez-vous boutique,Moyen-Orient
TP014949,CUST03915,2025-05-27,Visite site e-commerce,USA
TP014950,CUST03915,2025-09-29,Événement VIC,USA
TP014951,CUST03915,2025-10-10,Ouverture newsletter,USA
TP014952,CUST03915,2026-03-03,Ouverture newsletter,USA
TP014953,CUST03915,2026-03-26,Rendez-vous boutique,USA
TP014954,CUST03916,2025-02-15,Ouverture newsletter,Moyen-Orient
TP014955,CUST03916,2025-01-27,Appel conseiller de vente,Moyen-Orient
TP014956,CUST03916,2025-02-08,Appel conseiller de vente,Moyen-Orient
TP014957,CUST03916,2025-05-14,Appel conseiller de vente,Moyen-Orient
TP014958,CUST03916,2025-05-25,Appel conseiller de vente,Moyen-Orient
TP014959,CUST03916,2025-05-29,Événement VIC,Moyen-Orient
TP014960,CUST03916,2025-08-31,Ouverture newsletter,Moyen-Orient
TP014961,CUST03916,2025-09-08,Visite site e-commerce,Moyen-Orient
TP014962,CUST03916,2025-12-29,Rendez-vous boutique,Moyen-Orient
TP014963,CUST03916,2025-12-25,Ouverture newsletter,Moyen-Orient
TP014964,CUST03916,2026-01-02,Rendez-vous boutique,Moyen-Orient
TP014965,CUST03916,2026-04-04,Visite site e-commerce,Moyen-Orient
TP014966,CUST03916,2026-04-09,Appel conseiller de vente,Moyen-Orient
TP014967,CUST03916,2026-04-09,Visite site e-commerce,Moyen-Orient
TP014968,CUST03917,2025-12-20,Ouverture newsletter,France (siège)
TP014969,CUST03917,2026-01-04,Ouverture newsletter,France (siège)
TP014970,CUST03917,2025-12-21,Événement VIC,France (siège)
TP014971,CUST03917,2026-06-15,Appel conseiller de vente,France (siège)
TP014972,CUST03917,2026-06-15,Rendez-vous boutique,France (siège)
TP014973,CUST03918,2025-06-04,Événement VIC,Chine
TP014974,CUST03918,2025-06-12,Ouverture newsletter,Chine
TP014975,CUST03918,2025-11-28,Événement VIC,Chine
TP014976,CUST03918,2025-11-27,Ouverture newsletter,Chine
TP014977,CUST03918,2025-12-12,Ouverture newsletter,Chine
TP014978,CUST03918,2026-06-03,Visite site e-commerce,Chine
TP014979,CUST03918,2026-06-07,Appel conseiller de vente,Chine
TP014980,CUST03919,2026-06-13,Visite site e-commerce,Moyen-Orient
TP014981,CUST03919,2026-06-17,Visite site e-commerce,Moyen-Orient
TP014982,CUST03920,2025-05-18,Appel conseiller de vente,Moyen-Orient
TP014983,CUST03920,2025-05-07,Événement VIC,Moyen-Orient
TP014984,CUST03920,2025-09-25,Ouverture newsletter,Moyen-Orient
TP014985,CUST03920,2025-09-06,Ouverture newsletter,Moyen-Orient
TP014986,CUST03921,2026-02-12,Événement VIC,Moyen-Orient
TP014987,CUST03921,2026-02-13,Rendez-vous boutique,Moyen-Orient
TP014988,CUST03921,2026-01-22,Appel conseiller de vente,Moyen-Orient
TP014989,CUST03921,2026-05-19,Rendez-vous boutique,Moyen-Orient
TP014990,CUST03921,2026-05-14,Appel conseiller de vente,Moyen-Orient
TP014991,CUST03921,2026-05-22,Visite site e-commerce,Moyen-Orient
TP014992,CUST03922,2026-07-24,Ouverture newsletter,Chine
TP014993,CUST03922,2026-07-16,Appel conseiller de vente,Chine
TP014994,CUST03922,2026-07-20,Visite site e-commerce,Chine
TP014995,CUST03923,2025-10-24,Rendez-vous boutique,Moyen-Orient
TP014996,CUST03923,2025-10-25,Visite site e-commerce,Moyen-Orient
TP014997,CUST03923,2026-03-06,Rendez-vous boutique,Moyen-Orient
TP014998,CUST03923,2026-02-17,Visite site e-commerce,Moyen-Orient
TP014999,CUST03923,2026-03-01,Événement VIC,Moyen-Orient
TP015000,CUST03923,2026-06-22,Rendez-vous boutique,Moyen-Orient
TP015001,CUST03924,2026-05-09,Appel conseiller de vente,Japon
TP015002,CUST03926,2026-05-24,Visite site e-commerce,USA
TP015003,CUST03927,2026-05-07,Visite site e-commerce,USA
TP015004,CUST03927,2026-04-14,Visite site e-commerce,USA
TP015005,CUST03927,2026-04-29,Ouverture newsletter,USA
TP015006,CUST03928,2025-02-19,Événement VIC,Moyen-Orient
TP015007,CUST03928,2025-03-01,Ouverture newsletter,Moyen-Orient
TP015008,CUST03928,2025-02-08,Appel conseiller de vente,Moyen-Orient
TP015009,CUST03928,2025-07-16,Ouverture newsletter,Moyen-Orient
TP015010,CUST03928,2025-10-08,Visite site e-commerce,Moyen-Orient
TP015011,CUST03928,2025-10-08,Événement VIC,Moyen-Orient
TP015012,CUST03928,2026-02-06,Événement VIC,Moyen-Orient
TP015013,CUST03928,2026-02-12,Ouverture newsletter,Moyen-Orient
TP015014,CUST03929,2026-01-31,Visite site e-commerce,USA
TP015015,CUST03929,2026-01-12,Événement VIC,USA
TP015016,CUST03929,2026-04-22,Visite site e-commerce,USA
TP015017,CUST03929,2026-04-18,Ouverture newsletter,USA
TP015018,CUST03930,2026-01-29,Ouverture newsletter,France (siège)
TP015019,CUST03930,2026-02-08,Événement VIC,France (siège)
TP015020,CUST03930,2026-01-20,Rendez-vous boutique,France (siège)
TP015021,CUST03930,2026-07-19,Appel conseiller de vente,France (siège)
TP015022,CUST03931,2025-11-18,Ouverture newsletter,USA
TP015023,CUST03932,2026-07-14,Événement VIC,Moyen-Orient
TP015024,CUST03932,2026-07-14,Visite site e-commerce,Moyen-Orient
TP015025,CUST03933,2025-06-09,Visite site e-commerce,USA
TP015026,CUST03933,2025-06-01,Appel conseiller de vente,USA
TP015027,CUST03933,2025-11-28,Ouverture newsletter,USA
TP015028,CUST03933,2025-11-15,Rendez-vous boutique,USA
TP015029,CUST03933,2025-11-14,Événement VIC,USA
TP015030,CUST03933,2026-05-14,Ouverture newsletter,USA
TP015031,CUST03933,2026-05-15,Rendez-vous boutique,USA
TP015032,CUST03933,2026-05-01,Ouverture newsletter,USA
TP015033,CUST03934,2026-03-25,Visite site e-commerce,USA
TP015034,CUST03935,2026-05-04,Ouverture newsletter,Chine
TP015035,CUST03936,2026-01-01,Appel conseiller de vente,Japon
TP015036,CUST03936,2025-12-21,Ouverture newsletter,Japon
TP015037,CUST03936,2026-01-01,Appel conseiller de vente,Japon
TP015038,CUST03936,2026-05-25,Ouverture newsletter,Japon
TP015039,CUST03936,2026-05-25,Rendez-vous boutique,Japon
TP015040,CUST03936,2026-05-28,Événement VIC,Japon
TP015041,CUST03937,2025-02-27,Événement VIC,USA
TP015042,CUST03937,2025-09-14,Rendez-vous boutique,USA
TP015043,CUST03937,2025-09-27,Ouverture newsletter,USA
TP015044,CUST03937,2025-09-16,Rendez-vous boutique,USA
TP015045,CUST03937,2026-02-16,Rendez-vous boutique,USA
TP015046,CUST03937,2026-02-25,Visite site e-commerce,USA
TP015047,CUST03937,2026-02-13,Événement VIC,USA
TP015048,CUST03938,2025-07-02,Visite site e-commerce,France (siège)
TP015049,CUST03938,2025-06-18,Visite site e-commerce,France (siège)
TP015050,CUST03938,2025-11-09,Visite site e-commerce,France (siège)
TP015051,CUST03938,2025-11-21,Appel conseiller de vente,France (siège)
TP015052,CUST03940,2025-05-21,Ouverture newsletter,USA
TP015053,CUST03940,2025-05-23,Ouverture newsletter,USA
TP015054,CUST03941,2026-02-25,Événement VIC,Chine
TP015055,CUST03941,2026-03-06,Rendez-vous boutique,Chine
TP015056,CUST03941,2026-07-22,Événement VIC,Chine
TP015057,CUST03941,2026-07-24,Événement VIC,Chine
TP015058,CUST03942,2026-05-16,Événement VIC,Japon
TP015059,CUST03942,2026-05-08,Événement VIC,Japon
TP015060,CUST03943,2025-09-25,Rendez-vous boutique,France (siège)
TP015061,CUST03943,2025-09-29,Rendez-vous boutique,France (siège)
TP015062,CUST03943,2025-10-01,Événement VIC,France (siège)
TP015063,CUST03943,2026-02-08,Rendez-vous boutique,France (siège)
TP015064,CUST03943,2026-06-25,Rendez-vous boutique,France (siège)
TP015065,CUST03943,2026-07-02,Rendez-vous boutique,France (siège)
TP015066,CUST03944,2026-06-02,Appel conseiller de vente,Japon
TP015067,CUST03945,2026-02-10,Ouverture newsletter,USA
TP015068,CUST03945,2026-03-02,Appel conseiller de vente,USA
TP015069,CUST03945,2026-02-12,Événement VIC,USA
TP015070,CUST03946,2026-02-18,Ouverture newsletter,France (siège)
TP015071,CUST03946,2026-02-27,Ouverture newsletter,France (siège)
TP015072,CUST03947,2026-02-27,Rendez-vous boutique,Chine
TP015073,CUST03947,2026-07-13,Événement VIC,Chine
TP015074,CUST03948,2024-12-22,Événement VIC,Moyen-Orient
TP015075,CUST03948,2024-12-26,Rendez-vous boutique,Moyen-Orient
TP015076,CUST03948,2025-01-04,Visite site e-commerce,Moyen-Orient
TP015077,CUST03948,2025-05-07,Visite site e-commerce,Moyen-Orient
TP015078,CUST03948,2025-05-14,Événement VIC,Moyen-Orient
TP015079,CUST03948,2025-10-23,Ouverture newsletter,Moyen-Orient
TP015080,CUST03948,2026-02-09,Rendez-vous boutique,Moyen-Orient
TP015081,CUST03948,2026-02-05,Visite site e-commerce,Moyen-Orient
TP015082,CUST03948,2026-02-08,Événement VIC,Moyen-Orient
TP015083,CUST03948,2026-06-24,Événement VIC,Moyen-Orient
TP015084,CUST03948,2026-06-16,Rendez-vous boutique,Moyen-Orient
TP015085,CUST03948,2026-06-12,Ouverture newsletter,Moyen-Orient
TP015086,CUST03949,2025-07-28,Rendez-vous boutique,Moyen-Orient
TP015087,CUST03949,2025-12-05,Appel conseiller de vente,Moyen-Orient
TP015088,CUST03949,2025-12-02,Visite site e-commerce,Moyen-Orient
TP015089,CUST03949,2026-04-06,Visite site e-commerce,Moyen-Orient
TP015090,CUST03949,2026-04-25,Ouverture newsletter,Moyen-Orient
TP015091,CUST03950,2025-10-11,Ouverture newsletter,Japon
TP015092,CUST03951,2025-01-15,Visite site e-commerce,France (siège)
TP015093,CUST03951,2024-12-26,Appel conseiller de vente,France (siège)
TP015094,CUST03951,2025-01-19,Événement VIC,France (siège)
TP015095,CUST03951,2025-05-09,Appel conseiller de vente,France (siège)
TP015096,CUST03951,2025-05-11,Rendez-vous boutique,France (siège)
TP015097,CUST03951,2025-10-20,Rendez-vous boutique,France (siège)
TP015098,CUST03951,2025-10-14,Rendez-vous boutique,France (siège)
TP015099,CUST03951,2025-10-10,Rendez-vous boutique,France (siège)
TP015100,CUST03951,2026-03-25,Ouverture newsletter,France (siège)
TP015101,CUST03951,2026-03-28,Appel conseiller de vente,France (siège)
TP015102,CUST03952,2026-04-15,Ouverture newsletter,USA
TP015103,CUST03952,2026-05-09,Visite site e-commerce,USA
TP015104,CUST03952,2026-05-04,Ouverture newsletter,USA
TP015105,CUST03953,2026-01-20,Rendez-vous boutique,Japon
TP015106,CUST03953,2026-01-22,Visite site e-commerce,Japon
TP015107,CUST03953,2026-07-12,Appel conseiller de vente,Japon
TP015108,CUST03953,2026-07-16,Événement VIC,Japon
TP015109,CUST03953,2026-07-11,Visite site e-commerce,Japon
TP015110,CUST03954,2025-09-24,Événement VIC,Moyen-Orient
TP015111,CUST03954,2025-09-16,Ouverture newsletter,Moyen-Orient
TP015112,CUST03954,2025-10-09,Visite site e-commerce,Moyen-Orient
TP015113,CUST03954,2026-02-25,Ouverture newsletter,Moyen-Orient
TP015114,CUST03955,2026-03-23,Rendez-vous boutique,Moyen-Orient
TP015115,CUST03955,2026-03-21,Rendez-vous boutique,Moyen-Orient
TP015116,CUST03955,2026-03-18,Appel conseiller de vente,Moyen-Orient
TP015117,CUST03956,2025-09-21,Rendez-vous boutique,France (siège)
TP015118,CUST03956,2025-09-23,Visite site e-commerce,France (siège)
TP015119,CUST03956,2025-09-24,Événement VIC,France (siège)
TP015120,CUST03956,2026-02-18,Appel conseiller de vente,France (siège)
TP015121,CUST03956,2026-02-24,Événement VIC,France (siège)
TP015122,CUST03957,2026-01-07,Ouverture newsletter,France (siège)
TP015123,CUST03957,2026-01-01,Événement VIC,France (siège)
TP015124,CUST03957,2026-06-28,Rendez-vous boutique,France (siège)
TP015125,CUST03957,2026-07-12,Visite site e-commerce,France (siège)
TP015126,CUST03958,2025-04-23,Ouverture newsletter,USA
TP015127,CUST03958,2025-05-04,Visite site e-commerce,USA
TP015128,CUST03958,2025-05-09,Visite site e-commerce,USA
TP015129,CUST03958,2025-11-04,Ouverture newsletter,USA
TP015130,CUST03958,2025-10-20,Appel conseiller de vente,USA
TP015131,CUST03958,2025-10-17,Appel conseiller de vente,USA
TP015132,CUST03958,2026-01-31,Rendez-vous boutique,USA
TP015133,CUST03958,2026-02-04,Ouverture newsletter,USA
TP015134,CUST03958,2026-07-16,Rendez-vous boutique,USA
TP015135,CUST03958,2026-07-07,Appel conseiller de vente,USA
TP015136,CUST03958,2026-06-24,Événement VIC,USA
TP015137,CUST03959,2025-11-08,Visite site e-commerce,Moyen-Orient
TP015138,CUST03959,2025-10-24,Appel conseiller de vente,Moyen-Orient
TP015139,CUST03959,2026-03-01,Ouverture newsletter,Moyen-Orient
TP015140,CUST03959,2026-06-05,Visite site e-commerce,Moyen-Orient
TP015141,CUST03960,2025-03-22,Visite site e-commerce,Japon
TP015142,CUST03960,2025-03-06,Appel conseiller de vente,Japon
TP015143,CUST03960,2025-03-11,Événement VIC,Japon
TP015144,CUST03960,2025-06-28,Ouverture newsletter,Japon
TP015145,CUST03960,2025-11-21,Appel conseiller de vente,Japon
TP015146,CUST03960,2026-04-09,Événement VIC,Japon
TP015147,CUST03961,2024-12-17,Visite site e-commerce,USA
TP015148,CUST03961,2025-03-09,Appel conseiller de vente,USA
TP015149,CUST03961,2025-07-02,Rendez-vous boutique,USA
TP015150,CUST03961,2025-06-17,Appel conseiller de vente,USA
TP015151,CUST03961,2025-10-14,Visite site e-commerce,USA
TP015152,CUST03961,2025-09-28,Appel conseiller de vente,USA
TP015153,CUST03961,2026-02-06,Appel conseiller de vente,USA
TP015154,CUST03961,2026-01-28,Visite site e-commerce,USA
TP015155,CUST03961,2026-02-04,Appel conseiller de vente,USA
TP015156,CUST03961,2026-05-13,Visite site e-commerce,USA
TP015157,CUST03962,2026-03-16,Ouverture newsletter,USA
TP015158,CUST03962,2026-07-15,Rendez-vous boutique,USA
TP015159,CUST03962,2026-07-18,Rendez-vous boutique,USA
TP015160,CUST03962,2026-07-13,Ouverture newsletter,USA
TP015161,CUST03963,2025-03-28,Visite site e-commerce,Moyen-Orient
TP015162,CUST03963,2025-09-16,Rendez-vous boutique,Moyen-Orient
TP015163,CUST03963,2025-09-19,Appel conseiller de vente,Moyen-Orient
TP015164,CUST03963,2025-09-11,Rendez-vous boutique,Moyen-Orient
TP015165,CUST03963,2026-03-11,Rendez-vous boutique,Moyen-Orient
TP015166,CUST03963,2026-02-27,Ouverture newsletter,Moyen-Orient
TP015167,CUST03963,2026-02-19,Visite site e-commerce,Moyen-Orient
TP015168,CUST03963,2026-07-09,Événement VIC,Moyen-Orient
TP015169,CUST03963,2026-06-17,Visite site e-commerce,Moyen-Orient
TP015170,CUST03963,2026-07-03,Événement VIC,Moyen-Orient
TP015171,CUST03964,2025-07-07,Ouverture newsletter,USA
TP015172,CUST03964,2025-12-23,Rendez-vous boutique,USA
TP015173,CUST03964,2026-06-16,Événement VIC,USA
TP015174,CUST03964,2026-06-23,Visite site e-commerce,USA
TP015175,CUST03965,2026-07-01,Ouverture newsletter,Moyen-Orient
TP015176,CUST03965,2026-07-11,Visite site e-commerce,Moyen-Orient
TP015177,CUST03965,2026-07-20,Ouverture newsletter,Moyen-Orient
TP015178,CUST03966,2026-01-28,Appel conseiller de vente,Chine
TP015179,CUST03966,2026-01-21,Ouverture newsletter,Chine
TP015180,CUST03966,2026-06-19,Appel conseiller de vente,Chine
TP015181,CUST03966,2026-06-19,Événement VIC,Chine
TP015182,CUST03966,2026-05-28,Ouverture newsletter,Chine
TP015183,CUST03967,2026-03-27,Rendez-vous boutique,Japon
TP015184,CUST03967,2026-04-10,Appel conseiller de vente,Japon
TP015185,CUST03967,2026-04-15,Visite site e-commerce,Japon
TP015186,CUST03968,2025-07-26,Ouverture newsletter,Chine
TP015187,CUST03968,2025-07-27,Visite site e-commerce,Chine
TP015188,CUST03968,2025-07-29,Événement VIC,Chine
TP015189,CUST03968,2026-01-29,Événement VIC,Chine
TP015190,CUST03968,2026-02-01,Événement VIC,Chine
TP015191,CUST03968,2026-02-10,Ouverture newsletter,Chine
TP015192,CUST03968,2026-07-11,Appel conseiller de vente,Chine
TP015193,CUST03968,2026-06-30,Rendez-vous boutique,Chine
TP015194,CUST03968,2026-07-23,Visite site e-commerce,Chine
TP015195,CUST03970,2026-03-23,Ouverture newsletter,USA
TP015196,CUST03970,2026-03-24,Ouverture newsletter,USA
TP015197,CUST03970,2026-03-24,Événement VIC,USA
TP015198,CUST03971,2025-05-23,Ouverture newsletter,Chine
TP015199,CUST03971,2025-11-29,Ouverture newsletter,Chine
TP015200,CUST03971,2025-12-05,Événement VIC,Chine
TP015201,CUST03971,2026-04-14,Événement VIC,Chine
TP015202,CUST03971,2026-04-21,Rendez-vous boutique,Chine
TP015203,CUST03971,2026-04-15,Rendez-vous boutique,Chine
TP015204,CUST03972,2026-05-17,Appel conseiller de vente,Chine
TP015205,CUST03973,2025-11-12,Rendez-vous boutique,France (siège)
TP015206,CUST03973,2025-11-12,Appel conseiller de vente,France (siège)
TP015207,CUST03973,2026-03-13,Ouverture newsletter,France (siège)
TP015208,CUST03973,2026-03-04,Visite site e-commerce,France (siège)
TP015209,CUST03974,2026-05-04,Ouverture newsletter,USA
TP015210,CUST03975,2025-05-06,Ouverture newsletter,Chine
TP015211,CUST03975,2025-05-10,Visite site e-commerce,Chine
TP015212,CUST03975,2025-05-19,Événement VIC,Chine
TP015213,CUST03975,2025-10-12,Ouverture newsletter,Chine
TP015214,CUST03975,2025-10-26,Rendez-vous boutique,Chine
TP015215,CUST03975,2026-04-25,Appel conseiller de vente,Chine
TP015216,CUST03975,2026-04-21,Visite site e-commerce,Chine
TP015217,CUST03976,2026-05-28,Événement VIC,France (siège)
TP015218,CUST03977,2026-05-18,Rendez-vous boutique,USA
TP015219,CUST03977,2026-05-21,Appel conseiller de vente,USA
TP015220,CUST03977,2026-04-30,Rendez-vous boutique,USA
TP015221,CUST03978,2025-04-02,Rendez-vous boutique,France (siège)
TP015222,CUST03978,2025-08-24,Appel conseiller de vente,France (siège)
TP015223,CUST03978,2025-08-23,Ouverture newsletter,France (siège)
TP015224,CUST03978,2025-08-19,Rendez-vous boutique,France (siège)
TP015225,CUST03978,2026-04-16,Appel conseiller de vente,France (siège)
TP015226,CUST03978,2026-04-24,Rendez-vous boutique,France (siège)
TP015227,CUST03978,2026-04-20,Appel conseiller de vente,France (siège)
TP015228,CUST03979,2025-08-02,Rendez-vous boutique,USA
TP015229,CUST03979,2025-07-22,Ouverture newsletter,USA
TP015230,CUST03979,2025-12-16,Rendez-vous boutique,USA
TP015231,CUST03979,2025-12-17,Appel conseiller de vente,USA
TP015232,CUST03979,2025-12-23,Événement VIC,USA
TP015233,CUST03979,2026-05-25,Événement VIC,USA
TP015234,CUST03979,2026-05-23,Rendez-vous boutique,USA
TP015235,CUST03980,2026-03-21,Rendez-vous boutique,Chine
TP015236,CUST03980,2026-04-02,Visite site e-commerce,Chine
TP015237,CUST03981,2026-05-24,Appel conseiller de vente,Japon
TP015238,CUST03982,2025-06-15,Visite site e-commerce,Japon
TP015239,CUST03982,2025-06-05,Événement VIC,Japon
TP015240,CUST03982,2025-06-13,Ouverture newsletter,Japon
TP015241,CUST03982,2025-11-13,Appel conseiller de vente,Japon
TP015242,CUST03982,2025-11-13,Événement VIC,Japon
TP015243,CUST03982,2025-11-29,Ouverture newsletter,Japon
TP015244,CUST03982,2026-05-24,Appel conseiller de vente,Japon
TP015245,CUST03983,2025-10-03,Rendez-vous boutique,USA
TP015246,CUST03983,2025-10-13,Appel conseiller de vente,USA
TP015247,CUST03983,2026-03-17,Événement VIC,USA
TP015248,CUST03984,2026-03-21,Visite site e-commerce,Chine
TP015249,CUST03984,2026-03-15,Rendez-vous boutique,Chine
TP015250,CUST03985,2025-03-19,Visite site e-commerce,France (siège)
TP015251,CUST03985,2025-03-20,Appel conseiller de vente,France (siège)
TP015252,CUST03985,2025-08-25,Appel conseiller de vente,France (siège)
TP015253,CUST03985,2025-08-23,Rendez-vous boutique,France (siège)
TP015254,CUST03985,2025-08-24,Ouverture newsletter,France (siège)
TP015255,CUST03985,2026-02-02,Rendez-vous boutique,France (siège)
TP015256,CUST03986,2026-03-19,Ouverture newsletter,Japon
TP015257,CUST03986,2026-03-27,Ouverture newsletter,Japon
TP015258,CUST03988,2026-01-01,Ouverture newsletter,Chine
TP015259,CUST03988,2026-06-20,Visite site e-commerce,Chine
TP015260,CUST03989,2026-02-14,Ouverture newsletter,Chine
TP015261,CUST03989,2026-01-30,Événement VIC,Chine
TP015262,CUST03989,2026-07-26,Ouverture newsletter,Chine
TP015263,CUST03990,2026-06-04,Appel conseiller de vente,USA
TP015264,CUST03991,2025-11-10,Ouverture newsletter,Chine
TP015265,CUST03991,2026-02-20,Événement VIC,Chine
TP015266,CUST03991,2026-06-23,Ouverture newsletter,Chine
TP015267,CUST03991,2026-07-06,Appel conseiller de vente,Chine
TP015268,CUST03991,2026-07-05,Événement VIC,Chine
TP015269,CUST03994,2026-05-10,Appel conseiller de vente,France (siège)
TP015270,CUST03994,2026-05-17,Ouverture newsletter,France (siège)
TP015271,CUST03994,2026-04-27,Événement VIC,France (siège)
TP015272,CUST03995,2026-03-21,Appel conseiller de vente,USA
TP015273,CUST03996,2025-06-05,Visite site e-commerce,France (siège)
TP015274,CUST03996,2025-12-27,Rendez-vous boutique,France (siège)
TP015275,CUST03996,2025-12-11,Rendez-vous boutique,France (siège)
TP015276,CUST03996,2025-12-21,Visite site e-commerce,France (siège)
TP015277,CUST03996,2026-06-03,Ouverture newsletter,France (siège)
TP015278,CUST03997,2026-05-19,Appel conseiller de vente,Chine
TP015279,CUST03997,2026-05-27,Visite site e-commerce,Chine
TP015280,CUST03998,2025-05-18,Visite site e-commerce,France (siège)
TP015281,CUST03998,2025-10-20,Visite site e-commerce,France (siège)
TP015282,CUST03998,2025-10-12,Événement VIC,France (siège)
TP015283,CUST03998,2025-10-11,Rendez-vous boutique,France (siège)
TP015284,CUST03998,2026-03-27,Événement VIC,France (siège)
TP015285,CUST03998,2026-04-05,Visite site e-commerce,France (siège)
TP015286,CUST03999,2026-04-21,Visite site e-commerce,USA
TP015287,CUST04000,2026-03-23,Rendez-vous boutique,France (siège)
TP015288,CUST04000,2026-03-03,Ouverture newsletter,France (siège)
