transaction_id,customer_id,market,boutique,channel,category,transaction_date,amount_local,currency,amount_eur
TXN000001,CUST00001,Chine,Pékin,Boutique,Mariage,2025-09-20,134004.75,CNY,17420.62
TXN000002,CUST00001,Chine,Pékin,En ligne,Horlogerie,2026-02-02,340037.4,CNY,44204.86
TXN000003,CUST00004,France (siège),Paris Champs-Élysées,Boutique,Joaillerie,2026-03-14,15992.91,EUR,15992.91
TXN000004,CUST00005,Japon,Osaka,Boutique,Joaillerie,2025-07-15,2013494.92,JPY,12483.67
TXN000005,CUST00005,Japon,Osaka,En ligne,Joaillerie,2026-01-14,1640373.6,JPY,10170.32
TXN000006,CUST00005,Japon,Osaka,Boutique,Accessoires & Parfums,2026-07-02,99776.26,JPY,618.61
TXN000007,CUST00006,Japon,Osaka,Boutique,Joaillerie,2025-05-05,1495173.19,JPY,9270.07
TXN000008,CUST00006,Japon,Osaka,En ligne,Accessoires & Parfums,2025-10-02,98713.99,JPY,612.03
TXN000009,CUST00006,Japon,Osaka,Boutique,Horlogerie,2026-03-26,3799966.22,JPY,23559.79
TXN000010,CUST00007,Chine,Hong Kong,Boutique,Horlogerie,2025-05-06,150730.2,CNY,19594.93
TXN000011,CUST00007,Chine,Hong Kong,Boutique,Accessoires & Parfums,2025-09-30,3851.77,CNY,500.73
TXN000012,CUST00007,Chine,Hong Kong,Boutique,Mariage,2026-05-21,78314.79,CNY,10180.92
TXN000013,CUST00008,France (siège),Paris Champs-Élysées,En ligne,Joaillerie,2026-06-08,13709.04,EUR,13709.04
TXN000014,CUST00009,Chine,Pékin,Boutique,Accessoires & Parfums,2025-06-13,6788.17,CNY,882.46
TXN000015,CUST00010,Japon,Tokyo Ginza,Boutique,Joaillerie,2025-08-29,3267309.16,JPY,20257.32
TXN000016,CUST00010,Japon,Tokyo Ginza,En ligne,Accessoires & Parfums,2026-03-14,117608.96,JPY,729.18
TXN000017,CUST00011,Chine,Hong Kong,Boutique,Joaillerie,2025-05-20,117799.78,CNY,15313.97
TXN000018,CUST00011,Chine,Hong Kong,Événement privé,Joaillerie,2025-11-26,82179.23,CNY,10683.3
TXN000019,CUST00011,Chine,Hong Kong,Boutique,Joaillerie,2026-05-20,109972.12,CNY,14296.38
TXN000020,CUST00012,Chine,Pékin,Boutique,Accessoires & Parfums,2026-01-01,14023.54,CNY,1823.06
TXN000021,CUST00012,Chine,Pékin,Boutique,Joaillerie,2026-05-29,77961.27,CNY,10134.97
TXN000022,CUST00013,France (siège),Paris Vendôme,Boutique,Haute Joaillerie,2025-08-23,103461.83,EUR,103461.83
TXN000023,CUST00014,Japon,Osaka,Boutique,Joaillerie,2026-03-25,3632011.15,JPY,22518.47
TXN000024,CUST00015,Chine,Pékin,Boutique,Horlogerie,2025-09-29,238645.95,CNY,31023.97
TXN000025,CUST00015,Chine,Pékin,Boutique,Mariage,2026-03-01,101752.36,CNY,13227.81
TXN000026,CUST00015,Chine,Pékin,En ligne,Joaillerie,2026-07-22,172932.77,CNY,22481.26
TXN000027,CUST00016,Japon,Osaka,En ligne,Accessoires & Parfums,2026-07-09,148466.71,JPY,920.49
TXN000028,CUST00017,France (siège),Paris Vendôme,Boutique,Horlogerie,2025-04-13,31009.05,EUR,31009.05
TXN000029,CUST00017,France (siège),Paris Vendôme,Événement privé,Mariage,2025-08-20,7339.05,EUR,7339.05
TXN000030,CUST00017,France (siège),Paris Vendôme,En ligne,Joaillerie,2025-11-19,16844.37,EUR,16844.37
TXN000031,CUST00017,France (siège),Paris Vendôme,Événement privé,Joaillerie,2026-04-12,15120.8,EUR,15120.8
TXN000032,CUST00018,USA,New York 5th Ave,En ligne,Accessoires & Parfums,2025-05-07,884.65,USD,813.88
TXN000033,CUST00018,USA,New York 5th Ave,Boutique,Mariage,2025-11-27,6389.3,USD,5878.16
TXN000034,CUST00018,USA,New York 5th Ave,En ligne,Joaillerie,2026-05-27,4636.18,USD,4265.29
TXN000035,CUST00020,France (siège),Cannes,En ligne,Joaillerie,2026-06-12,4442.77,EUR,4442.77
TXN000036,CUST00021,Chine,Hong Kong,Boutique,Accessoires & Parfums,2026-06-18,4594.06,CNY,597.23
TXN000037,CUST00022,France (siège),Paris Vendôme,Boutique,Accessoires & Parfums,2026-02-09,703.65,EUR,703.65
TXN000038,CUST00022,France (siège),Paris Vendôme,En ligne,Accessoires & Parfums,2026-06-27,817.95,EUR,817.95
TXN000039,CUST00023,Japon,Tokyo Ginza,Boutique,Joaillerie,2025-04-12,1014303.66,JPY,6288.68
TXN000040,CUST00023,Japon,Tokyo Ginza,Boutique,Horlogerie,2025-10-20,4224571.68,JPY,26192.34
TXN000041,CUST00023,Japon,Tokyo Ginza,Boutique,Mariage,2026-04-03,1927092.02,JPY,11947.97
TXN000042,CUST00024,Moyen-Orient,Abu Dhabi,En ligne,Haute Joaillerie,2026-05-15,353791.76,AED,88447.94
TXN000043,CUST00025,USA,New York 5th Ave,Événement privé,Horlogerie,2026-01-25,33842.94,USD,31135.51
TXN000044,CUST00025,USA,New York 5th Ave,Boutique,Joaillerie,2026-05-29,17153.12,USD,15780.87
TXN000045,CUST00027,Japon,Osaka,Boutique,Joaillerie,2025-04-27,1224456.44,JPY,7591.63
TXN000046,CUST00027,Japon,Osaka,Boutique,Horlogerie,2025-09-30,5149895.21,JPY,31929.35
TXN000047,CUST00028,Moyen-Orient,Dubaï Mall,Boutique,Accessoires & Parfums,2025-12-04,3036.51,AED,759.13
TXN000048,CUST00029,France (siège),Paris Vendôme,Événement privé,Horlogerie,2026-03-09,36281.13,EUR,36281.13
TXN000049,CUST00029,France (siège),Paris Vendôme,En ligne,Accessoires & Parfums,2026-06-27,974.18,EUR,974.18
TXN000050,CUST00030,Moyen-Orient,Abu Dhabi,Boutique,Accessoires & Parfums,2025-03-06,4771.83,AED,1192.96
TXN000051,CUST00030,Moyen-Orient,Abu Dhabi,Boutique,Mariage,2025-07-14,52162.17,AED,13040.54
TXN000052,CUST00030,Moyen-Orient,Abu Dhabi,Boutique,Joaillerie,2025-11-19,88389.77,AED,22097.44
TXN000053,CUST00030,Moyen-Orient,Abu Dhabi,Boutique,Joaillerie,2026-02-21,117723.24,AED,29430.81
TXN000054,CUST00030,Moyen-Orient,Abu Dhabi,Boutique,Joaillerie,2026-06-26,90978.82,AED,22744.71
TXN000055,CUST00031,Moyen-Orient,Abu Dhabi,Boutique,Joaillerie,2025-09-06,31406.14,AED,7851.54
TXN000056,CUST00031,Moyen-Orient,Abu Dhabi,Boutique,Accessoires & Parfums,2026-02-12,1983.83,AED,495.96
TXN000057,CUST00031,Moyen-Orient,Abu Dhabi,Boutique,Joaillerie,2026-07-31,82754.09,AED,20688.52
TXN000058,CUST00032,USA,New York 5th Ave,Boutique,Joaillerie,2026-07-21,17218.33,USD,15840.87
TXN000059,CUST00033,Chine,Shanghai,Boutique,Mariage,2025-08-16,109816.98,CNY,14276.21
TXN000060,CUST00033,Chine,Shanghai,Boutique,Joaillerie,2026-01-16,125577.98,CNY,16325.14
TXN000061,CUST00033,Chine,Shanghai,Boutique,Haute Joaillerie,2026-07-16,304756.36,CNY,39618.33
TXN000062,CUST00034,France (siège),Paris Champs-Élysées,Boutique,Joaillerie,2026-01-21,13282.94,EUR,13282.94
TXN000063,CUST00034,France (siège),Paris Champs-Élysées,Boutique,Accessoires & Parfums,2026-05-07,746.98,EUR,746.98
TXN000064,CUST00035,Chine,Shanghai,Boutique,Accessoires & Parfums,2026-04-06,8004.22,CNY,1040.55
TXN000065,CUST00036,France (siège),Paris Vendôme,Boutique,Joaillerie,2025-03-18,17010.63,EUR,17010.63
TXN000066,CUST00036,France (siège),Paris Vendôme,Boutique,Accessoires & Parfums,2025-09-05,1271.35,EUR,1271.35
TXN000067,CUST00036,France (siège),Paris Vendôme,Boutique,Joaillerie,2026-02-07,20975.56,EUR,20975.56
TXN000068,CUST00036,France (siège),Paris Vendôme,Boutique,Accessoires & Parfums,2026-07-21,1409.25,EUR,1409.25
TXN000069,CUST00038,Moyen-Orient,Dubaï Mall,Boutique,Horlogerie,2025-12-29,143489.19,AED,35872.3
TXN000070,CUST00038,Moyen-Orient,Dubaï Mall,En ligne,Horlogerie,2026-06-09,137121.67,AED,34280.42
TXN000071,CUST00039,France (siège),Paris Vendôme,Événement privé,Joaillerie,2026-06-15,19000.14,EUR,19000.14
TXN000072,CUST00040,Moyen-Orient,Dubaï Mall,En ligne,Accessoires & Parfums,2025-09-03,3427.02,AED,856.76
TXN000073,CUST00040,Moyen-Orient,Dubaï Mall,Boutique,Accessoires & Parfums,2026-01-17,3662.67,AED,915.67
TXN000074,CUST00040,Moyen-Orient,Dubaï Mall,Boutique,Accessoires & Parfums,2026-06-25,4077.07,AED,1019.27
TXN000075,CUST00041,France (siège),Paris Vendôme,Boutique,Horlogerie,2025-05-16,20112.41,EUR,20112.41
TXN000076,CUST00041,France (siège),Paris Vendôme,Boutique,Joaillerie,2025-11-20,12803.03,EUR,12803.03
TXN000077,CUST00041,France (siège),Paris Vendôme,Événement privé,Accessoires & Parfums,2026-05-12,476.39,EUR,476.39
TXN000078,CUST00042,France (siège),Paris Vendôme,En ligne,Joaillerie,2026-05-30,7414.77,EUR,7414.77
TXN000079,CUST00044,USA,New York 5th Ave,Boutique,Accessoires & Parfums,2025-11-26,944.12,USD,868.59
TXN000080,CUST00044,USA,New York 5th Ave,Boutique,Mariage,2026-06-07,12905.56,USD,11873.11
TXN000081,CUST00045,Moyen-Orient,Dubaï Mall,Boutique,Mariage,2025-06-07,50120.4,AED,12530.1
TXN000082,CUST00045,Moyen-Orient,Dubaï Mall,Boutique,Joaillerie,2025-12-08,56799.04,AED,14199.76
TXN000083,CUST00045,Moyen-Orient,Dubaï Mall,En ligne,Accessoires & Parfums,2026-05-24,3876.05,AED,969.01
TXN000084,CUST00046,France (siège),Paris Champs-Élysées,Événement privé,Joaillerie,2025-08-04,9149.35,EUR,9149.35
TXN000085,CUST00046,France (siège),Paris Champs-Élysées,Boutique,Accessoires & Parfums,2026-01-14,418.48,EUR,418.48
TXN000086,CUST00046,France (siège),Paris Champs-Élysées,En ligne,Accessoires & Parfums,2026-07-17,827.66,EUR,827.66
TXN000087,CUST00047,USA,Bal Harbour,Boutique,Mariage,2026-05-10,14458.95,USD,13302.24
TXN000088,CUST00048,Chine,Shanghai,Boutique,Joaillerie,2025-08-04,87906.04,CNY,11427.79
TXN000089,CUST00048,Chine,Shanghai,Boutique,Horlogerie,2026-02-02,109896.95,CNY,14286.6
TXN000090,CUST00049,Moyen-Orient,Abu Dhabi,En ligne,Joaillerie,2025-10-12,81123.38,AED,20280.84
TXN000091,CUST00049,Moyen-Orient,Abu Dhabi,Événement privé,Accessoires & Parfums,2026-02-25,3825.22,AED,956.3
TXN000092,CUST00049,Moyen-Orient,Abu Dhabi,Boutique,Joaillerie,2026-07-30,65938.74,AED,16484.68
TXN000093,CUST00050,France (siège),Paris Champs-Élysées,En ligne,Joaillerie,2026-07-17,13012.48,EUR,13012.48
TXN000094,CUST00051,Chine,Shanghai,Boutique,Accessoires & Parfums,2025-08-03,7229.53,CNY,939.84
TXN000095,CUST00051,Chine,Shanghai,Événement privé,Accessoires & Parfums,2026-01-26,7848.34,CNY,1020.28
TXN000096,CUST00051,Chine,Shanghai,Boutique,Mariage,2026-07-25,97863.42,CNY,12722.24
TXN000097,CUST00052,Chine,Hong Kong,Boutique,Joaillerie,2025-09-03,179135.99,CNY,23287.68
TXN000098,CUST00052,Chine,Hong Kong,Événement privé,Haute Joaillerie,2025-12-28,1068436.63,CNY,138896.76
TXN000099,CUST00052,Chine,Hong Kong,Événement privé,Accessoires & Parfums,2026-04-21,8176.42,CNY,1062.93
TXN000100,CUST00053,USA,Beverly Hills,Boutique,Joaillerie,2025-05-07,17283.19,USD,15900.53
TXN000101,CUST00053,USA,Beverly Hills,Boutique,Accessoires & Parfums,2025-09-26,1252.42,USD,1152.22
TXN000102,CUST00053,USA,Beverly Hills,En ligne,Joaillerie,2026-01-14,10907.26,USD,10034.68
TXN000103,CUST00053,USA,Beverly Hills,Boutique,Horlogerie,2026-07-08,18662.16,USD,17169.19
TXN000104,CUST00054,Chine,Hong Kong,Boutique,Joaillerie,2025-04-09,121086.89,CNY,15741.3
TXN000105,CUST00055,Moyen-Orient,Dubaï Mall,Boutique,Joaillerie,2025-11-03,32190.85,AED,8047.71
TXN000106,CUST00055,Moyen-Orient,Dubaï Mall,Boutique,Mariage,2026-04-22,38327.91,AED,9581.98
TXN000107,CUST00056,Japon,Tokyo Ginza,En ligne,Accessoires & Parfums,2025-05-02,165086.51,JPY,1023.54
TXN000108,CUST00056,Japon,Tokyo Ginza,Boutique,Accessoires & Parfums,2025-10-29,104389.7,JPY,647.22
TXN000109,CUST00056,Japon,Tokyo Ginza,Boutique,Joaillerie,2026-04-14,2638236.64,JPY,16357.07
TXN000110,CUST00057,Japon,Tokyo Ginza,Boutique,Horlogerie,2026-02-17,4282734.05,JPY,26552.95
TXN000111,CUST00057,Japon,Tokyo Ginza,Boutique,Joaillerie,2026-06-22,2506918.19,JPY,15542.89
TXN000112,CUST00058,Chine,Shanghai,Événement privé,Horlogerie,2026-01-12,287653.52,CNY,37394.96
TXN000113,CUST00058,Chine,Shanghai,En ligne,Mariage,2026-06-11,107900.23,CNY,14027.03
TXN000114,CUST00059,USA,New York 5th Ave,En ligne,Joaillerie,2025-03-24,12293.38,USD,11309.91
TXN000115,CUST00059,USA,New York 5th Ave,Boutique,Horlogerie,2025-07-14,11915.26,USD,10962.04
TXN000116,CUST00059,USA,New York 5th Ave,En ligne,Joaillerie,2025-11-21,19933.31,USD,18338.64
TXN000117,CUST00059,USA,New York 5th Ave,En ligne,Joaillerie,2026-05-01,14312.63,USD,13167.62
TXN000118,CUST00061,USA,New York 5th Ave,Boutique,Horlogerie,2025-10-05,20316.66,USD,18691.33
TXN000119,CUST00061,USA,New York 5th Ave,Boutique,Accessoires & Parfums,2026-04-09,527.68,USD,485.46
TXN000120,CUST00062,Moyen-Orient,Dubaï Mall,Événement privé,Joaillerie,2026-03-27,83861.69,AED,20965.42
TXN000121,CUST00064,Chine,Hong Kong,Boutique,Accessoires & Parfums,2025-11-07,8231.67,CNY,1070.12
TXN000122,CUST00064,Chine,Hong Kong,Boutique,Horlogerie,2026-03-14,228006.89,CNY,29640.9
TXN000123,CUST00065,France (siège),Paris Champs-Élysées,En ligne,Horlogerie,2025-05-21,14816.17,EUR,14816.17
TXN000124,CUST00065,France (siège),Paris Champs-Élysées,Événement privé,Mariage,2025-12-22,12726.94,EUR,12726.94
TXN000125,CUST00065,France (siège),Paris Champs-Élysées,En ligne,Accessoires & Parfums,2026-06-18,879.77,EUR,879.77
TXN000126,CUST00066,France (siège),Cannes,Boutique,Horlogerie,2025-12-16,64296.05,EUR,64296.05
TXN000127,CUST00066,France (siège),Cannes,En ligne,Mariage,2026-06-11,13163.39,EUR,13163.39
TXN000128,CUST00067,Moyen-Orient,Dubaï Mall,Boutique,Accessoires & Parfums,2025-08-05,2245.64,AED,561.41
TXN000129,CUST00067,Moyen-Orient,Dubaï Mall,En ligne,Accessoires & Parfums,2026-01-03,3361.28,AED,840.32
TXN000130,CUST00067,Moyen-Orient,Dubaï Mall,Boutique,Accessoires & Parfums,2026-07-05,3858.01,AED,964.5
TXN000131,CUST00068,USA,Bal Harbour,Boutique,Accessoires & Parfums,2025-10-30,610.35,USD,561.52
TXN000132,CUST00069,Chine,Pékin,Boutique,Joaillerie,2025-08-29,132897.75,CNY,17276.71
TXN000133,CUST00069,Chine,Pékin,Événement privé,Mariage,2026-01-02,102912.85,CNY,13378.67
TXN000134,CUST00069,Chine,Pékin,Événement privé,Accessoires & Parfums,2026-04-16,8009.16,CNY,1041.19
TXN000135,CUST00070,USA,Beverly Hills,En ligne,Accessoires & Parfums,2025-12-24,1257.77,USD,1157.14
TXN000136,CUST00070,USA,Beverly Hills,Boutique,Horlogerie,2026-07-12,29261.91,USD,26920.96
TXN000137,CUST00072,USA,Bal Harbour,Boutique,Mariage,2026-07-26,11066.64,USD,10181.31
TXN000138,CUST00073,France (siège),Cannes,En ligne,Mariage,2025-08-26,14447.37,EUR,14447.37
TXN000139,CUST00073,France (siège),Cannes,En ligne,Accessoires & Parfums,2025-12-30,1278.83,EUR,1278.83
TXN000140,CUST00073,France (siège),Cannes,Boutique,Mariage,2026-05-12,7536.01,EUR,7536.01
TXN000141,CUST00074,USA,New York 5th Ave,Boutique,Joaillerie,2026-06-08,7289.91,USD,6706.71
TXN000142,CUST00075,Chine,Shanghai,Boutique,Accessoires & Parfums,2025-10-16,6518.77,CNY,847.44
TXN000143,CUST00075,Chine,Shanghai,Boutique,Accessoires & Parfums,2026-04-07,7435.76,CNY,966.65
TXN000144,CUST00076,USA,New York 5th Ave,En ligne,Horlogerie,2026-03-14,23056.12,USD,21211.63
TXN000145,CUST00078,Moyen-Orient,Dubaï Mall,Boutique,Accessoires & Parfums,2025-07-27,2486.15,AED,621.54
TXN000146,CUST00078,Moyen-Orient,Dubaï Mall,Boutique,Accessoires & Parfums,2026-01-31,3296.46,AED,824.12
TXN000147,CUST00079,France (siège),Paris Champs-Élysées,Boutique,Joaillerie,2026-05-28,13138.45,EUR,13138.45
TXN000148,CUST00080,Japon,Osaka,Boutique,Accessoires & Parfums,2025-03-04,138856.26,JPY,860.91
TXN000149,CUST00080,Japon,Osaka,Boutique,Joaillerie,2025-08-19,1999844.5,JPY,12399.04
TXN000150,CUST00080,Japon,Osaka,Boutique,Accessoires & Parfums,2026-01-24,135636.06,JPY,840.94
TXN000151,CUST00080,Japon,Osaka,En ligne,Mariage,2026-06-28,2284384.67,JPY,14163.18
TXN000152,CUST00081,USA,New York 5th Ave,Boutique,Joaillerie,2026-04-23,12745.17,USD,11725.56
TXN000153,CUST00082,Japon,Tokyo Ginza,En ligne,Joaillerie,2025-05-21,2417176.39,JPY,14986.49
TXN000154,CUST00082,Japon,Tokyo Ginza,Événement privé,Joaillerie,2025-09-28,3170697.66,JPY,19658.33
TXN000155,CUST00082,Japon,Tokyo Ginza,Boutique,Horlogerie,2026-01-20,6867337.13,JPY,42577.49
TXN000156,CUST00082,Japon,Tokyo Ginza,Boutique,Accessoires & Parfums,2026-05-29,223852.29,JPY,1387.88
TXN000157,CUST00083,France (siège),Paris Vendôme,Événement privé,Joaillerie,2025-03-08,17813.1,EUR,17813.1
TXN000158,CUST00083,France (siège),Paris Vendôme,Boutique,Accessoires & Parfums,2025-07-15,976.03,EUR,976.03
TXN000159,CUST00083,France (siège),Paris Vendôme,Boutique,Joaillerie,2025-10-22,18916.32,EUR,18916.32
TXN000160,CUST00083,France (siège),Paris Vendôme,En ligne,Accessoires & Parfums,2026-03-18,1297.27,EUR,1297.27
TXN000161,CUST00085,Japon,Osaka,Boutique,Joaillerie,2026-02-07,3235213.2,JPY,20058.32
TXN000162,CUST00085,Japon,Osaka,Boutique,Haute Joaillerie,2026-06-16,18541988.21,JPY,114960.33
TXN000163,CUST00086,France (siège),Paris Champs-Élysées,Événement privé,Horlogerie,2026-02-25,24269.87,EUR,24269.87
TXN000164,CUST00086,France (siège),Paris Champs-Élysées,Boutique,Mariage,2026-07-30,12717.49,EUR,12717.49
TXN000165,CUST00087,Chine,Pékin,Boutique,Horlogerie,2025-02-28,126932.52,CNY,16501.23
TXN000166,CUST00088,USA,New York 5th Ave,Événement privé,Haute Joaillerie,2025-04-11,100003.51,USD,92003.23
TXN000167,CUST00088,USA,New York 5th Ave,Boutique,Joaillerie,2025-10-13,2026.85,USD,1864.7
TXN000168,CUST00088,USA,New York 5th Ave,Boutique,Accessoires & Parfums,2026-03-26,519.29,USD,477.75
TXN000169,CUST00089,Japon,Osaka,En ligne,Joaillerie,2025-08-21,2986138.44,JPY,18514.06
TXN000170,CUST00089,Japon,Osaka,Boutique,Accessoires & Parfums,2026-01-27,45506.43,JPY,282.14
TXN000171,CUST00089,Japon,Osaka,Boutique,Haute Joaillerie,2026-06-15,22041843.54,JPY,136659.43
TXN000172,CUST00090,Chine,Hong Kong,En ligne,Haute Joaillerie,2026-06-04,802020.78,CNY,104262.7
TXN000173,CUST00091,USA,Beverly Hills,Boutique,Accessoires & Parfums,2025-04-12,772.41,USD,710.61
TXN000174,CUST00091,USA,Beverly Hills,Boutique,Accessoires & Parfums,2025-09-16,878.47,USD,808.19
TXN000175,CUST00091,USA,Beverly Hills,En ligne,Horlogerie,2026-03-09,22485.69,USD,20686.83
TXN000176,CUST00092,USA,Beverly Hills,Boutique,Haute Joaillerie,2025-07-23,137290.49,USD,126307.25
TXN000177,CUST00092,USA,Beverly Hills,Boutique,Accessoires & Parfums,2026-01-14,741.77,USD,682.43
TXN000178,CUST00093,USA,Bal Harbour,Boutique,Joaillerie,2025-11-01,13213.18,USD,12156.13
TXN000179,CUST00094,USA,Beverly Hills,Boutique,Haute Joaillerie,2025-09-23,70922.56,USD,65248.75
TXN000180,CUST00094,USA,Beverly Hills,Événement privé,Horlogerie,2026-03-11,23069.21,USD,21223.67
TXN000181,CUST00095,Japon,Osaka,Boutique,Joaillerie,2025-12-06,3642897.72,JPY,22585.97
TXN000182,CUST00095,Japon,Osaka,Boutique,Joaillerie,2026-05-05,2954392.62,JPY,18317.23
TXN000183,CUST00096,Moyen-Orient,Dubaï Mall,En ligne,Accessoires & Parfums,2025-12-21,3542.21,AED,885.55
TXN000184,CUST00096,Moyen-Orient,Dubaï Mall,Boutique,Accessoires & Parfums,2026-07-11,3465.77,AED,866.44
TXN000185,CUST00097,Japon,Osaka,Boutique,Accessoires & Parfums,2026-07-12,131522.05,JPY,815.44
TXN000186,CUST00098,USA,Beverly Hills,Événement privé,Accessoires & Parfums,2025-02-01,935.79,USD,860.93
TXN000187,CUST00098,USA,Beverly Hills,Événement privé,Mariage,2025-06-08,16115.34,USD,14826.12
TXN000188,CUST00098,USA,Beverly Hills,Boutique,Mariage,2025-10-16,20372.29,USD,18742.51
TXN000189,CUST00098,USA,Beverly Hills,En ligne,Joaillerie,2026-02-18,15105.04,USD,13896.64
TXN000190,CUST00098,USA,Beverly Hills,Événement privé,Joaillerie,2026-06-27,18661.66,USD,17168.72
TXN000191,CUST00101,Chine,Pékin,Boutique,Joaillerie,2025-04-30,106968.7,CNY,13905.93
TXN000192,CUST00102,Chine,Shanghai,Événement privé,Accessoires & Parfums,2025-08-04,6518.32,CNY,847.38
TXN000193,CUST00102,Chine,Shanghai,Boutique,Horlogerie,2026-02-09,247155.78,CNY,32130.25
TXN000194,CUST00102,Chine,Shanghai,En ligne,Accessoires & Parfums,2026-07-30,3940.45,CNY,512.26
TXN000195,CUST00103,Chine,Pékin,Boutique,Joaillerie,2025-11-01,133008.85,CNY,17291.15
TXN000196,CUST00103,Chine,Pékin,Boutique,Accessoires & Parfums,2026-05-13,4239.97,CNY,551.2
TXN000197,CUST00104,Chine,Shanghai,Événement privé,Joaillerie,2025-11-24,135322.36,CNY,17591.91
TXN000198,CUST00104,Chine,Shanghai,En ligne,Mariage,2026-05-04,86450.08,CNY,11238.51
TXN000199,CUST00105,France (siège),Paris Vendôme,En ligne,Joaillerie,2025-08-24,14325.75,EUR,14325.75
TXN000200,CUST00105,France (siège),Paris Vendôme,Boutique,Joaillerie,2026-04-02,16842.61,EUR,16842.61
TXN000201,CUST00106,Moyen-Orient,Abu Dhabi,En ligne,Mariage,2026-06-17,55012.8,AED,13753.2
TXN000202,CUST00108,USA,Bal Harbour,En ligne,Joaillerie,2026-06-05,14098.92,USD,12971.01
TXN000203,CUST00110,France (siège),Paris Vendôme,En ligne,Accessoires & Parfums,2026-02-23,492.64,EUR,492.64
TXN000204,CUST00111,USA,Beverly Hills,Boutique,Haute Joaillerie,2026-02-10,118073.51,USD,108627.63
TXN000205,CUST00112,Moyen-Orient,Abu Dhabi,Boutique,Accessoires & Parfums,2026-05-16,2397.84,AED,599.46
TXN000206,CUST00113,Chine,Pékin,Boutique,Horlogerie,2025-12-12,154626.35,CNY,20101.43
TXN000207,CUST00113,Chine,Pékin,En ligne,Horlogerie,2026-06-13,136358.39,CNY,17726.59
TXN000208,CUST00114,France (siège),Cannes,En ligne,Accessoires & Parfums,2025-06-02,612.95,EUR,612.95
TXN000209,CUST00114,France (siège),Cannes,Boutique,Mariage,2025-11-18,7856.87,EUR,7856.87
TXN000210,CUST00114,France (siège),Cannes,Boutique,Accessoires & Parfums,2026-06-04,492.04,EUR,492.04
TXN000211,CUST00115,Moyen-Orient,Dubaï Mall,Boutique,Haute Joaillerie,2025-10-28,345835.77,AED,86458.94
TXN000212,CUST00115,Moyen-Orient,Dubaï Mall,Boutique,Horlogerie,2026-04-23,159029.93,AED,39757.48
TXN000213,CUST00116,France (siège),Cannes,Boutique,Horlogerie,2025-06-18,24062.0,EUR,24062.0
TXN000214,CUST00116,France (siège),Cannes,En ligne,Horlogerie,2025-11-07,32378.54,EUR,32378.54
TXN000215,CUST00116,France (siège),Cannes,Boutique,Horlogerie,2026-04-20,27924.8,EUR,27924.8
TXN000216,CUST00117,Moyen-Orient,Dubaï Mall,En ligne,Haute Joaillerie,2026-01-15,379262.81,AED,94815.7
TXN000217,CUST00117,Moyen-Orient,Dubaï Mall,En ligne,Accessoires & Parfums,2026-07-19,2983.81,AED,745.95
TXN000218,CUST00118,Moyen-Orient,Dubaï Mall,Boutique,Accessoires & Parfums,2026-03-10,2893.19,AED,723.3
TXN000219,CUST00119,France (siège),Paris Champs-Élysées,Boutique,Joaillerie,2025-11-16,9889.66,EUR,9889.66
TXN000220,CUST00119,France (siège),Paris Champs-Élysées,En ligne,Mariage,2026-05-16,9808.3,EUR,9808.3
TXN000221,CUST00120,Chine,Shanghai,En ligne,Accessoires & Parfums,2025-08-04,6151.57,CNY,799.7
TXN000222,CUST00120,Chine,Shanghai,Boutique,Horlogerie,2026-02-12,135155.49,CNY,17570.21
TXN000223,CUST00121,France (siège),Paris Champs-Élysées,Boutique,Accessoires & Parfums,2025-12-25,1083.89,EUR,1083.89
TXN000224,CUST00121,France (siège),Paris Champs-Élysées,En ligne,Accessoires & Parfums,2026-06-29,1299.93,EUR,1299.93
TXN000225,CUST00122,Moyen-Orient,Dubaï Mall,Boutique,Accessoires & Parfums,2025-09-30,3216.84,AED,804.21
TXN000226,CUST00122,Moyen-Orient,Dubaï Mall,Boutique,Mariage,2026-03-19,39045.93,AED,9761.48
TXN000227,CUST00123,Chine,Shanghai,En ligne,Joaillerie,2025-08-22,157869.58,CNY,20523.04
TXN000228,CUST00123,Chine,Shanghai,Événement privé,Joaillerie,2025-12-24,207996.4,CNY,27039.53
TXN000229,CUST00123,Chine,Shanghai,Boutique,Joaillerie,2026-05-10,110332.07,CNY,14343.17
TXN000230,CUST00124,France (siège),Cannes,Événement privé,Haute Joaillerie,2026-06-01,67328.01,EUR,67328.01
TXN000231,CUST00125,France (siège),Paris Vendôme,Boutique,Joaillerie,2026-04-13,17250.88,EUR,17250.88
TXN000232,CUST00126,Chine,Pékin,Boutique,Horlogerie,2025-04-04,192479.08,CNY,25022.28
TXN000233,CUST00127,Moyen-Orient,Abu Dhabi,Événement privé,Mariage,2026-03-04,45547.77,AED,11386.94
TXN000234,CUST00128,France (siège),Cannes,Boutique,Joaillerie,2025-05-27,12465.37,EUR,12465.37
TXN000235,CUST00128,France (siège),Cannes,Boutique,Accessoires & Parfums,2025-10-14,943.13,EUR,943.13
TXN000236,CUST00128,France (siège),Cannes,Boutique,Horlogerie,2026-02-01,30080.16,EUR,30080.16
TXN000237,CUST00128,France (siège),Cannes,Boutique,Joaillerie,2026-07-15,8791.89,EUR,8791.89
TXN000238,CUST00129,France (siège),Paris Vendôme,Boutique,Accessoires & Parfums,2025-06-24,759.11,EUR,759.11
TXN000239,CUST00129,France (siège),Paris Vendôme,Boutique,Joaillerie,2025-11-12,10261.42,EUR,10261.42
TXN000240,CUST00129,France (siège),Paris Vendôme,En ligne,Accessoires & Parfums,2026-05-20,666.17,EUR,666.17
TXN000241,CUST00130,Chine,Pékin,Boutique,Mariage,2025-10-10,89025.85,CNY,11573.36
TXN000242,CUST00130,Chine,Pékin,En ligne,Mariage,2026-02-22,158071.04,CNY,20549.24
TXN000243,CUST00130,Chine,Pékin,Boutique,Mariage,2026-07-04,129243.97,CNY,16801.72
TXN000244,CUST00131,USA,New York 5th Ave,Boutique,Joaillerie,2025-10-23,18180.47,USD,16726.04
TXN000245,CUST00132,Japon,Tokyo Ginza,Boutique,Accessoires & Parfums,2025-07-17,107415.15,JPY,665.97
TXN000246,CUST00132,Japon,Tokyo Ginza,Événement privé,Joaillerie,2025-12-23,4792040.54,JPY,29710.65
TXN000247,CUST00132,Japon,Tokyo Ginza,Événement privé,Horlogerie,2026-06-12,3563664.83,JPY,22094.72
TXN000248,CUST00133,France (siège),Paris Champs-Élysées,Boutique,Horlogerie,2025-07-19,29649.51,EUR,29649.51
TXN000249,CUST00133,France (siège),Paris Champs-Élysées,Boutique,Accessoires & Parfums,2025-12-07,1178.37,EUR,1178.37
TXN000250,CUST00133,France (siège),Paris Champs-Élysées,Boutique,Accessoires & Parfums,2026-05-24,587.07,EUR,587.07
TXN000251,CUST00134,USA,Beverly Hills,Boutique,Joaillerie,2026-05-29,14983.06,USD,13784.41
TXN000252,CUST00135,Moyen-Orient,Abu Dhabi,Boutique,Accessoires & Parfums,2026-04-06,3869.59,AED,967.4
TXN000253,CUST00136,Chine,Hong Kong,Boutique,Haute Joaillerie,2026-05-15,629542.69,CNY,81840.55
TXN000254,CUST00138,Chine,Pékin,En ligne,Joaillerie,2026-01-05,117460.93,CNY,15269.92
TXN000255,CUST00139,Chine,Pékin,Boutique,Horlogerie,2025-07-05,267299.42,CNY,34748.93
TXN000256,CUST00139,Chine,Pékin,En ligne,Haute Joaillerie,2025-11-03,918508.34,CNY,119406.08
TXN000257,CUST00139,Chine,Pékin,Boutique,Horlogerie,2026-05-09,234148.67,CNY,30439.33
TXN000258,CUST00140,USA,Bal Harbour,En ligne,Accessoires & Parfums,2025-06-22,507.08,USD,466.51
TXN000259,CUST00141,France (siège),Paris Champs-Élysées,Boutique,Accessoires & Parfums,2025-06-29,1077.85,EUR,1077.85
TXN000260,CUST00141,France (siège),Paris Champs-Élysées,En ligne,Accessoires & Parfums,2025-12-09,1043.65,EUR,1043.65
TXN000261,CUST00141,France (siège),Paris Champs-Élysées,En ligne,Accessoires & Parfums,2026-05-22,911.24,EUR,911.24
TXN000262,CUST00142,Moyen-Orient,Dubaï Mall,Boutique,Accessoires & Parfums,2025-04-12,5904.3,AED,1476.08
TXN000263,CUST00142,Moyen-Orient,Dubaï Mall,Événement privé,Joaillerie,2025-08-19,78960.68,AED,19740.17
TXN000264,CUST00142,Moyen-Orient,Dubaï Mall,En ligne,Joaillerie,2025-12-16,72382.84,AED,18095.71
TXN000265,CUST00142,Moyen-Orient,Dubaï Mall,Boutique,Joaillerie,2026-05-05,59825.17,AED,14956.29
TXN000266,CUST00143,USA,Bal Harbour,Boutique,Joaillerie,2026-01-08,16866.77,USD,15517.43
TXN000267,CUST00143,USA,Bal Harbour,En ligne,Accessoires & Parfums,2026-06-07,978.92,USD,900.6
TXN000268,CUST00144,Japon,Tokyo Ginza,Événement privé,Accessoires & Parfums,2026-06-07,122722.49,JPY,760.88
TXN000269,CUST00145,Chine,Shanghai,En ligne,Haute Joaillerie,2025-04-26,1166329.63,CNY,151622.85
TXN000270,CUST00145,Chine,Shanghai,Boutique,Haute Joaillerie,2025-09-15,1277437.97,CNY,166066.94
TXN000271,CUST00145,Chine,Shanghai,Boutique,Horlogerie,2026-02-17,223671.36,CNY,29077.28
TXN000272,CUST00145,Chine,Shanghai,Boutique,Accessoires & Parfums,2026-07-20,7305.78,CNY,949.75
TXN000273,CUST00146,Moyen-Orient,Abu Dhabi,Boutique,Joaillerie,2025-11-12,105783.27,AED,26445.82
TXN000274,CUST00146,Moyen-Orient,Abu Dhabi,En ligne,Accessoires & Parfums,2026-05-04,3236.73,AED,809.18
TXN000275,CUST00147,France (siège),Paris Vendôme,Événement privé,Joaillerie,2026-02-28,15823.29,EUR,15823.29
TXN000276,CUST00147,France (siège),Paris Vendôme,Boutique,Joaillerie,2026-07-31,16979.83,EUR,16979.83
TXN000277,CUST00148,Japon,Tokyo Ginza,Boutique,Accessoires & Parfums,2025-07-11,124686.56,JPY,773.06
TXN000278,CUST00150,Chine,Hong Kong,Boutique,Joaillerie,2025-12-21,105324.86,CNY,13692.23
TXN000279,CUST00151,France (siège),Paris Vendôme,Boutique,Mariage,2025-12-11,13176.9,EUR,13176.9
TXN000280,CUST00151,France (siège),Paris Vendôme,En ligne,Haute Joaillerie,2026-06-06,53333.28,EUR,53333.28
TXN000281,CUST00152,France (siège),Paris Vendôme,Boutique,Joaillerie,2026-07-27,16316.65,EUR,16316.65
TXN000282,CUST00153,Moyen-Orient,Abu Dhabi,Boutique,Joaillerie,2025-04-18,62268.37,AED,15567.09
TXN000283,CUST00153,Moyen-Orient,Abu Dhabi,Boutique,Joaillerie,2025-11-03,54625.12,AED,13656.28
TXN000284,CUST00153,Moyen-Orient,Abu Dhabi,Boutique,Joaillerie,2026-04-12,46262.71,AED,11565.68
TXN000285,CUST00154,Japon,Osaka,Boutique,Accessoires & Parfums,2025-11-02,114303.75,JPY,708.68
TXN000286,CUST00154,Japon,Osaka,Boutique,Horlogerie,2026-04-06,3655553.62,JPY,22664.43
TXN000287,CUST00155,USA,New York 5th Ave,Boutique,Joaillerie,2026-06-15,24650.46,USD,22678.43
TXN000288,CUST00156,Moyen-Orient,Dubaï Mall,En ligne,Accessoires & Parfums,2026-05-06,2713.0,AED,678.25
TXN000289,CUST00157,France (siège),Cannes,Boutique,Accessoires & Parfums,2026-02-13,896.21,EUR,896.21
TXN000290,CUST00158,Japon,Tokyo Ginza,Boutique,Horlogerie,2026-05-10,3673979.16,JPY,22778.67
TXN000291,CUST00159,France (siège),Paris Vendôme,En ligne,Horlogerie,2025-03-02,26327.15,EUR,26327.15
TXN000292,CUST00159,France (siège),Paris Vendôme,Événement privé,Haute Joaillerie,2025-08-06,110695.34,EUR,110695.34
TXN000293,CUST00159,France (siège),Paris Vendôme,En ligne,Horlogerie,2026-01-24,23012.58,EUR,23012.58
TXN000294,CUST00159,France (siège),Paris Vendôme,Boutique,Horlogerie,2026-06-15,24665.43,EUR,24665.43
TXN000295,CUST00160,Japon,Tokyo Ginza,Boutique,Mariage,2025-11-10,909718.59,JPY,5640.26
TXN000296,CUST00160,Japon,Tokyo Ginza,En ligne,Mariage,2026-04-30,1832705.54,JPY,11362.77
TXN000297,CUST00161,France (siège),Paris Champs-Élysées,En ligne,Accessoires & Parfums,2026-03-26,950.28,EUR,950.28
TXN000298,CUST00162,Japon,Osaka,Boutique,Accessoires & Parfums,2025-11-07,221719.12,JPY,1374.66
TXN000299,CUST00162,Japon,Osaka,Événement privé,Horlogerie,2026-02-07,8110062.49,JPY,50282.39
TXN000300,CUST00162,Japon,Osaka,Boutique,Joaillerie,2026-06-26,1934630.89,JPY,11994.71
TXN000301,CUST00163,Moyen-Orient,Abu Dhabi,Boutique,Accessoires & Parfums,2026-01-26,2960.65,AED,740.16
TXN000302,CUST00164,Chine,Shanghai,Boutique,Mariage,2025-01-13,167037.18,CNY,21714.83
TXN000303,CUST00164,Chine,Shanghai,En ligne,Mariage,2025-07-03,125687.47,CNY,16339.37
TXN000304,CUST00164,Chine,Shanghai,Boutique,Accessoires & Parfums,2026-01-01,6393.83,CNY,831.2
TXN000305,CUST00164,Chine,Shanghai,En ligne,Accessoires & Parfums,2026-05-18,7477.68,CNY,972.1
TXN000306,CUST00165,Japon,Tokyo Ginza,Boutique,Horlogerie,2025-11-18,4775517.18,JPY,29608.21
TXN000307,CUST00165,Japon,Tokyo Ginza,Événement privé,Horlogerie,2026-04-21,4501886.03,JPY,27911.69
TXN000308,CUST00166,Chine,Pékin,En ligne,Horlogerie,2025-06-03,180092.63,CNY,23412.04
TXN000309,CUST00166,Chine,Pékin,Boutique,Accessoires & Parfums,2025-12-01,3718.19,CNY,483.37
TXN000310,CUST00166,Chine,Pékin,Boutique,Joaillerie,2026-06-22,129456.99,CNY,16829.41
TXN000311,CUST00167,France (siège),Cannes,Boutique,Joaillerie,2025-11-07,13516.75,EUR,13516.75
TXN000312,CUST00167,France (siège),Cannes,En ligne,Accessoires & Parfums,2026-05-01,975.42,EUR,975.42
TXN000313,CUST00168,Chine,Shanghai,Boutique,Haute Joaillerie,2025-05-12,372647.43,CNY,48444.17
TXN000314,CUST00168,Chine,Shanghai,Boutique,Haute Joaillerie,2025-11-19,336790.94,CNY,43782.82
TXN000315,CUST00168,Chine,Shanghai,En ligne,Mariage,2026-05-24,54525.04,CNY,7088.25
TXN000316,CUST00169,Chine,Hong Kong,En ligne,Accessoires & Parfums,2025-08-24,4802.0,CNY,624.26
TXN000317,CUST00169,Chine,Hong Kong,Boutique,Horlogerie,2025-12-26,229860.27,CNY,29881.83
TXN000318,CUST00169,Chine,Hong Kong,Boutique,Accessoires & Parfums,2026-05-29,7059.24,CNY,917.7
TXN000319,CUST00170,USA,Beverly Hills,Boutique,Accessoires & Parfums,2025-05-09,962.79,USD,885.77
TXN000320,CUST00170,USA,Beverly Hills,Boutique,Accessoires & Parfums,2025-11-29,853.16,USD,784.91
TXN000321,CUST00170,USA,Beverly Hills,Événement privé,Accessoires & Parfums,2026-05-24,895.46,USD,823.82
TXN000322,CUST00171,France (siège),Paris Champs-Élysées,Événement privé,Joaillerie,2025-04-23,9358.71,EUR,9358.71
TXN000323,CUST00171,France (siège),Paris Champs-Élysées,Boutique,Accessoires & Parfums,2025-10-10,633.75,EUR,633.75
TXN000324,CUST00171,France (siège),Paris Champs-Élysées,Boutique,Joaillerie,2026-04-05,14288.72,EUR,14288.72
TXN000325,CUST00173,USA,Bal Harbour,En ligne,Horlogerie,2025-09-28,29727.16,USD,27348.99
TXN000326,CUST00174,Chine,Hong Kong,En ligne,Joaillerie,2025-11-24,125245.02,CNY,16281.85
TXN000327,CUST00176,USA,Bal Harbour,Boutique,Haute Joaillerie,2025-09-15,151056.47,USD,138971.95
TXN000328,CUST00177,USA,Bal Harbour,Événement privé,Mariage,2025-03-27,10130.77,USD,9320.31
TXN000329,CUST00178,France (siège),Cannes,En ligne,Accessoires & Parfums,2025-10-28,804.82,EUR,804.82
TXN000330,CUST00178,France (siège),Cannes,En ligne,Joaillerie,2026-04-10,15759.49,EUR,15759.49
TXN000331,CUST00179,Chine,Hong Kong,Boutique,Accessoires & Parfums,2026-04-16,7305.22,CNY,949.68
TXN000332,CUST00180,Chine,Pékin,En ligne,Joaillerie,2026-01-09,117063.21,CNY,15218.22
TXN000333,CUST00180,Chine,Pékin,Boutique,Mariage,2026-06-04,76057.77,CNY,9887.51
TXN000334,CUST00181,France (siège),Paris Champs-Élysées,Boutique,Mariage,2026-06-07,6495.18,EUR,6495.18
TXN000335,CUST00182,France (siège),Paris Vendôme,Boutique,Joaillerie,2026-01-27,9578.44,EUR,9578.44
TXN000336,CUST00182,France (siège),Paris Vendôme,Boutique,Horlogerie,2026-07-09,37853.37,EUR,37853.37
TXN000337,CUST00183,France (siège),Cannes,Boutique,Mariage,2025-10-13,7446.48,EUR,7446.48
TXN000338,CUST00184,France (siège),Paris Champs-Élysées,Boutique,Accessoires & Parfums,2025-02-04,1161.69,EUR,1161.69
TXN000339,CUST00184,France (siège),Paris Champs-Élysées,Boutique,Joaillerie,2025-06-30,10514.83,EUR,10514.83
TXN000340,CUST00184,France (siège),Paris Champs-Élysées,Boutique,Horlogerie,2025-12-26,32227.63,EUR,32227.63
TXN000341,CUST00185,France (siège),Paris Vendôme,En ligne,Mariage,2026-05-21,10793.12,EUR,10793.12
TXN000342,CUST00186,France (siège),Paris Champs-Élysées,Événement privé,Mariage,2026-02-25,11989.34,EUR,11989.34
TXN000343,CUST00186,France (siège),Paris Champs-Élysées,Événement privé,Accessoires & Parfums,2026-07-25,731.38,EUR,731.38
TXN000344,CUST00187,Moyen-Orient,Abu Dhabi,Boutique,Accessoires & Parfums,2025-10-01,2314.66,AED,578.67
TXN000345,CUST00187,Moyen-Orient,Abu Dhabi,Boutique,Mariage,2026-04-06,44485.19,AED,11121.3
TXN000346,CUST00188,USA,Beverly Hills,Boutique,Accessoires & Parfums,2025-04-20,757.48,USD,696.88
TXN000347,CUST00188,USA,Beverly Hills,Boutique,Horlogerie,2025-09-27,42178.45,USD,38804.18
TXN000348,CUST00188,USA,Beverly Hills,Événement privé,Joaillerie,2026-02-12,20344.1,USD,18716.57
TXN000349,CUST00188,USA,Beverly Hills,En ligne,Accessoires & Parfums,2026-07-14,919.32,USD,845.77
TXN000350,CUST00189,USA,Beverly Hills,Boutique,Accessoires & Parfums,2026-03-18,981.13,USD,902.64
TXN000351,CUST00190,Japon,Tokyo Ginza,Boutique,Mariage,2025-02-25,1463116.35,JPY,9071.32
TXN000352,CUST00192,Moyen-Orient,Dubaï Mall,Boutique,Haute Joaillerie,2026-04-01,446514.77,AED,111628.69
TXN000353,CUST00194,Moyen-Orient,Dubaï Mall,Boutique,Mariage,2026-06-15,56450.95,AED,14112.74
TXN000354,CUST00195,Japon,Osaka,En ligne,Accessoires & Parfums,2025-02-28,133199.3,JPY,825.84
TXN000355,CUST00195,Japon,Osaka,Boutique,Joaillerie,2025-08-02,1697120.41,JPY,10522.15
TXN000356,CUST00195,Japon,Osaka,En ligne,Joaillerie,2026-02-03,2082486.18,JPY,12911.41
TXN000357,CUST00195,Japon,Osaka,Boutique,Horlogerie,2026-07-04,3848885.69,JPY,23863.09
TXN000358,CUST00196,France (siège),Cannes,En ligne,Joaillerie,2026-05-04,7119.05,EUR,7119.05
TXN000359,CUST00197,France (siège),Paris Vendôme,Événement privé,Accessoires & Parfums,2025-04-15,1032.16,EUR,1032.16
TXN000360,CUST00197,France (siège),Paris Vendôme,En ligne,Accessoires & Parfums,2025-09-13,762.37,EUR,762.37
TXN000361,CUST00197,France (siège),Paris Vendôme,En ligne,Joaillerie,2026-02-09,23800.63,EUR,23800.63
TXN000362,CUST00197,France (siège),Paris Vendôme,Événement privé,Joaillerie,2026-07-07,28512.21,EUR,28512.21
TXN000363,CUST00198,France (siège),Paris Vendôme,Boutique,Accessoires & Parfums,2025-04-06,1184.21,EUR,1184.21
TXN000364,CUST00198,France (siège),Paris Vendôme,Boutique,Accessoires & Parfums,2025-09-19,760.83,EUR,760.83
TXN000365,CUST00198,France (siège),Paris Vendôme,En ligne,Haute Joaillerie,2026-03-15,134595.1,EUR,134595.1
TXN000366,CUST00199,Chine,Hong Kong,Événement privé,Joaillerie,2025-04-28,116065.49,CNY,15088.51
TXN000367,CUST00199,Chine,Hong Kong,Boutique,Haute Joaillerie,2025-11-15,667756.92,CNY,86808.4
TXN000368,CUST00200,Japon,Tokyo Ginza,Boutique,Accessoires & Parfums,2026-01-18,101496.3,JPY,629.28
TXN000369,CUST00200,Japon,Tokyo Ginza,En ligne,Joaillerie,2026-07-28,1892729.93,JPY,11734.93
TXN000370,CUST00201,Japon,Osaka,Boutique,Accessoires & Parfums,2025-10-18,122987.68,JPY,762.52
TXN000371,CUST00201,Japon,Osaka,Boutique,Joaillerie,2026-04-26,2896262.75,JPY,17956.83
TXN000372,CUST00202,France (siège),Cannes,Boutique,Accessoires & Parfums,2025-04-17,794.8,EUR,794.8
TXN000373,CUST00202,France (siège),Cannes,Boutique,Mariage,2025-11-09,8040.98,EUR,8040.98
TXN000374,CUST00203,France (siège),Cannes,Boutique,Horlogerie,2026-03-30,25415.89,EUR,25415.89
TXN000375,CUST00204,Japon,Tokyo Ginza,Événement privé,Accessoires & Parfums,2025-06-17,67180.17,JPY,416.52
TXN000376,CUST00204,Japon,Tokyo Ginza,Boutique,Joaillerie,2025-12-06,3227677.42,JPY,20011.6
TXN000377,CUST00204,Japon,Tokyo Ginza,Boutique,Mariage,2026-04-05,1529015.28,JPY,9479.89
TXN000378,CUST00205,Japon,Osaka,Événement privé,Joaillerie,2026-04-01,2213317.55,JPY,13722.57
TXN000379,CUST00206,Moyen-Orient,Abu Dhabi,Boutique,Accessoires & Parfums,2025-06-25,1511.0,AED,377.75
TXN000380,CUST00206,Moyen-Orient,Abu Dhabi,Boutique,Accessoires & Parfums,2025-11-13,2416.86,AED,604.22
TXN000381,CUST00206,Moyen-Orient,Abu Dhabi,Boutique,Joaillerie,2026-05-12,75322.5,AED,18830.63
TXN000382,CUST00207,USA,Bal Harbour,Boutique,Horlogerie,2026-05-22,29678.5,USD,27304.22
TXN000383,CUST00208,USA,Bal Harbour,Boutique,Accessoires & Parfums,2025-09-16,616.2,USD,566.9
TXN000384,CUST00208,USA,Bal Harbour,Boutique,Joaillerie,2026-03-05,16156.74,USD,14864.2
TXN000385,CUST00209,USA,Bal Harbour,En ligne,Joaillerie,2025-01-01,13642.96,USD,12551.53
TXN000386,CUST00209,USA,Bal Harbour,En ligne,Accessoires & Parfums,2025-05-17,1195.63,USD,1099.98
TXN000387,CUST00209,USA,Bal Harbour,Boutique,Accessoires & Parfums,2025-09-24,1062.3,USD,977.31
TXN000388,CUST00209,USA,Bal Harbour,En ligne,Joaillerie,2026-02-26,33980.61,USD,31262.16
TXN000389,CUST00209,USA,Bal Harbour,Boutique,Joaillerie,2026-06-27,22872.38,USD,21042.59
TXN000390,CUST00210,Chine,Hong Kong,Boutique,Accessoires & Parfums,2025-09-23,4996.93,CNY,649.6
TXN000391,CUST00210,Chine,Hong Kong,Événement privé,Accessoires & Parfums,2026-01-26,7428.0,CNY,965.64
TXN000392,CUST00210,Chine,Hong Kong,Boutique,Accessoires & Parfums,2026-06-14,4972.75,CNY,646.46
TXN000393,CUST00211,France (siège),Paris Champs-Élysées,En ligne,Accessoires & Parfums,2026-01-02,548.69,EUR,548.69
TXN000394,CUST00212,USA,New York 5th Ave,Boutique,Haute Joaillerie,2026-01-06,117833.42,USD,108406.75
TXN000395,CUST00212,USA,New York 5th Ave,Événement privé,Joaillerie,2026-06-27,16369.3,USD,15059.76
TXN000396,CUST00213,Moyen-Orient,Dubaï Mall,Boutique,Mariage,2025-04-26,82704.45,AED,20676.11
TXN000397,CUST00213,Moyen-Orient,Dubaï Mall,Boutique,Joaillerie,2025-09-21,84411.42,AED,21102.86
TXN000398,CUST00213,Moyen-Orient,Dubaï Mall,En ligne,Accessoires & Parfums,2026-02-12,2545.17,AED,636.29
TXN000399,CUST00213,Moyen-Orient,Dubaï Mall,En ligne,Mariage,2026-07-06,21564.27,AED,5391.07
TXN000400,CUST00214,USA,Beverly Hills,Boutique,Mariage,2025-06-24,10885.52,USD,10014.68
TXN000401,CUST00214,USA,Beverly Hills,Événement privé,Horlogerie,2025-12-19,50197.26,USD,46181.48
TXN000402,CUST00214,USA,Beverly Hills,Boutique,Horlogerie,2026-06-11,38019.55,USD,34977.99
TXN000403,CUST00215,USA,New York 5th Ave,En ligne,Haute Joaillerie,2026-01-31,97024.96,USD,89262.96
TXN000404,CUST00216,Chine,Shanghai,Boutique,Mariage,2025-12-20,17805.81,CNY,2314.76
TXN000405,CUST00216,Chine,Shanghai,Événement privé,Haute Joaillerie,2026-05-22,968687.21,CNY,125929.34
TXN000406,CUST00217,Japon,Osaka,Boutique,Mariage,2026-03-20,1660491.83,JPY,10295.05
TXN000407,CUST00218,France (siège),Cannes,Boutique,Accessoires & Parfums,2025-06-29,993.43,EUR,993.43
TXN000408,CUST00218,France (siège),Cannes,Boutique,Accessoires & Parfums,2025-12-14,1197.58,EUR,1197.58
TXN000409,CUST00218,France (siège),Cannes,Boutique,Accessoires & Parfums,2026-05-03,514.76,EUR,514.76
TXN000410,CUST00219,USA,Beverly Hills,Boutique,Horlogerie,2025-06-06,22765.63,USD,20944.38
TXN000411,CUST00219,USA,Beverly Hills,Boutique,Mariage,2025-12-10,11437.77,USD,10522.75
TXN000412,CUST00219,USA,Beverly Hills,En ligne,Joaillerie,2026-05-14,12672.94,USD,11659.11
TXN000413,CUST00220,France (siège),Paris Vendôme,Boutique,Accessoires & Parfums,2026-07-22,1347.29,EUR,1347.29
TXN000414,CUST00221,Moyen-Orient,Dubaï Mall,En ligne,Joaillerie,2026-03-28,38990.39,AED,9747.6
TXN000415,CUST00222,USA,Beverly Hills,Boutique,Joaillerie,2025-07-05,20789.44,USD,19126.28
TXN000416,CUST00222,USA,Beverly Hills,Boutique,Accessoires & Parfums,2025-11-24,1146.41,USD,1054.69
TXN000417,CUST00222,USA,Beverly Hills,Boutique,Horlogerie,2026-05-30,26158.78,USD,24066.08
TXN000418,CUST00223,Chine,Shanghai,Événement privé,Joaillerie,2025-07-11,205309.96,CNY,26690.3
TXN000419,CUST00223,Chine,Shanghai,Boutique,Joaillerie,2025-10-05,185503.32,CNY,24115.43
TXN000420,CUST00223,Chine,Shanghai,Boutique,Horlogerie,2026-02-16,451429.02,CNY,58685.77
TXN000421,CUST00223,Chine,Shanghai,Boutique,Joaillerie,2026-05-21,288474.42,CNY,37501.68
TXN000422,CUST00224,Moyen-Orient,Dubaï Mall,Boutique,Accessoires & Parfums,2025-12-09,2271.53,AED,567.88
TXN000423,CUST00224,Moyen-Orient,Dubaï Mall,Boutique,Joaillerie,2026-05-07,37966.67,AED,9491.67
TXN000424,CUST00225,USA,New York 5th Ave,Boutique,Joaillerie,2026-01-09,13070.51,USD,12024.86
TXN000425,CUST00225,USA,New York 5th Ave,Boutique,Joaillerie,2026-05-17,12006.84,USD,11046.29
TXN000426,CUST00226,France (siège),Cannes,Boutique,Joaillerie,2025-08-21,10678.27,EUR,10678.27
TXN000427,CUST00226,France (siège),Cannes,En ligne,Accessoires & Parfums,2026-02-21,655.07,EUR,655.07
TXN000428,CUST00226,France (siège),Cannes,Boutique,Joaillerie,2026-07-16,12346.34,EUR,12346.34
TXN000429,CUST00227,Moyen-Orient,Dubaï Mall,Boutique,Haute Joaillerie,2026-07-22,301540.11,AED,75385.03
TXN000430,CUST00228,France (siège),Paris Champs-Élysées,Boutique,Accessoires & Parfums,2026-06-07,973.28,EUR,973.28
TXN000431,CUST00229,Moyen-Orient,Abu Dhabi,Boutique,Haute Joaillerie,2025-06-24,337949.96,AED,84487.49
TXN000432,CUST00229,Moyen-Orient,Abu Dhabi,Boutique,Joaillerie,2025-12-12,50679.08,AED,12669.77
TXN000433,CUST00229,Moyen-Orient,Abu Dhabi,Boutique,Mariage,2026-06-03,48823.04,AED,12205.76
TXN000434,CUST00230,Japon,Osaka,Boutique,Accessoires & Parfums,2025-08-29,73078.31,JPY,453.09
TXN000435,CUST00230,Japon,Osaka,En ligne,Accessoires & Parfums,2025-12-21,183349.65,JPY,1136.77
TXN000436,CUST00230,Japon,Osaka,Boutique,Joaillerie,2026-05-05,2425718.04,JPY,15039.45
TXN000437,CUST00231,France (siège),Paris Champs-Élysées,Boutique,Horlogerie,2026-02-14,22713.18,EUR,22713.18
TXN000438,CUST00232,Japon,Osaka,Boutique,Haute Joaillerie,2026-02-15,13005327.57,JPY,80633.03
TXN000439,CUST00232,Japon,Osaka,Boutique,Accessoires & Parfums,2026-07-15,99800.84,JPY,618.77
TXN000440,CUST00233,Moyen-Orient,Abu Dhabi,Boutique,Mariage,2025-03-28,29305.22,AED,7326.3
TXN000441,CUST00233,Moyen-Orient,Abu Dhabi,En ligne,Accessoires & Parfums,2025-09-23,1120.42,AED,280.11
TXN000442,CUST00233,Moyen-Orient,Abu Dhabi,En ligne,Accessoires & Parfums,2026-03-01,2917.9,AED,729.48
TXN000443,CUST00234,France (siège),Paris Champs-Élysées,En ligne,Haute Joaillerie,2025-01-26,90958.86,EUR,90958.86
TXN000444,CUST00235,Chine,Pékin,Boutique,Joaillerie,2025-05-20,90437.09,CNY,11756.82
TXN000445,CUST00235,Chine,Pékin,Boutique,Joaillerie,2025-10-23,88840.79,CNY,11549.3
TXN000446,CUST00235,Chine,Pékin,Boutique,Joaillerie,2026-03-06,148504.48,CNY,19305.58
TXN000447,CUST00235,Chine,Pékin,Boutique,Mariage,2026-07-24,81906.64,CNY,10647.86
TXN000448,CUST00236,USA,New York 5th Ave,Boutique,Horlogerie,2025-02-24,31127.92,USD,28637.69
TXN000449,CUST00236,USA,New York 5th Ave,Boutique,Joaillerie,2025-06-24,25595.51,USD,23547.87
TXN000450,CUST00236,USA,New York 5th Ave,En ligne,Horlogerie,2025-11-01,28345.57,USD,26077.93
TXN000451,CUST00236,USA,New York 5th Ave,Boutique,Joaillerie,2026-04-07,16922.7,USD,15568.88
TXN000452,CUST00237,Japon,Osaka,Boutique,Accessoires & Parfums,2026-04-21,123854.7,JPY,767.9
TXN000453,CUST00238,France (siège),Paris Vendôme,En ligne,Horlogerie,2026-07-14,19308.98,EUR,19308.98
TXN000454,CUST00239,Japon,Tokyo Ginza,Boutique,Joaillerie,2026-01-08,2162333.36,JPY,13406.47
TXN000455,CUST00239,Japon,Tokyo Ginza,Boutique,Joaillerie,2026-07-10,2667536.01,JPY,16538.72
TXN000456,CUST00240,Japon,Tokyo Ginza,En ligne,Accessoires & Parfums,2026-05-24,92652.97,JPY,574.45
TXN000457,CUST00241,France (siège),Paris Champs-Élysées,Événement privé,Horlogerie,2026-06-18,33563.43,EUR,33563.43
TXN000458,CUST00242,USA,Bal Harbour,Boutique,Accessoires & Parfums,2025-08-02,994.57,USD,915.01
TXN000459,CUST00242,USA,Bal Harbour,En ligne,Accessoires & Parfums,2026-01-11,793.03,USD,729.59
TXN000460,CUST00242,USA,Bal Harbour,Boutique,Joaillerie,2026-06-02,16082.09,USD,14795.52
TXN000461,CUST00243,USA,New York 5th Ave,Boutique,Accessoires & Parfums,2026-07-22,1146.73,USD,1054.99
TXN000462,CUST00244,Japon,Tokyo Ginza,Boutique,Accessoires & Parfums,2025-12-17,255514.14,JPY,1584.19
TXN000463,CUST00244,Japon,Tokyo Ginza,Boutique,Mariage,2026-06-03,1446159.28,JPY,8966.19
TXN000464,CUST00245,Moyen-Orient,Abu Dhabi,Boutique,Accessoires & Parfums,2026-02-18,2447.0,AED,611.75
TXN000465,CUST00246,Chine,Shanghai,Boutique,Accessoires & Parfums,2026-03-24,5627.83,CNY,731.62
TXN000466,CUST00247,France (siège),Paris Champs-Élysées,Boutique,Horlogerie,2026-04-06,11393.96,EUR,11393.96
TXN000467,CUST00248,Chine,Shanghai,En ligne,Accessoires & Parfums,2025-05-02,6549.44,CNY,851.43
TXN000468,CUST00248,Chine,Shanghai,Boutique,Accessoires & Parfums,2025-10-04,6803.98,CNY,884.52
TXN000469,CUST00248,Chine,Shanghai,Boutique,Joaillerie,2026-03-18,128205.0,CNY,16666.65
TXN000470,CUST00249,USA,Bal Harbour,Boutique,Accessoires & Parfums,2025-11-03,1004.33,USD,923.98
TXN000471,CUST00249,USA,Bal Harbour,Boutique,Mariage,2026-04-19,11869.52,USD,10919.96
TXN000472,CUST00250,France (siège),Cannes,Boutique,Haute Joaillerie,2026-07-26,76068.67,EUR,76068.67
TXN000473,CUST00252,France (siège),Paris Vendôme,Boutique,Joaillerie,2026-03-14,11925.11,EUR,11925.11
TXN000474,CUST00253,France (siège),Paris Vendôme,En ligne,Accessoires & Parfums,2026-03-28,705.36,EUR,705.36
TXN000475,CUST00254,Moyen-Orient,Dubaï Mall,Boutique,Horlogerie,2026-02-14,67198.97,AED,16799.74
TXN000476,CUST00255,Japon,Osaka,Boutique,Accessoires & Parfums,2025-10-25,147700.47,JPY,915.74
TXN000477,CUST00255,Japon,Osaka,En ligne,Joaillerie,2026-04-24,2719718.11,JPY,16862.25
TXN000478,CUST00256,USA,Beverly Hills,Boutique,Mariage,2026-01-27,7922.43,USD,7288.64
TXN000479,CUST00257,France (siège),Paris Champs-Élysées,Boutique,Horlogerie,2026-04-03,32588.26,EUR,32588.26
TXN000480,CUST00258,USA,New York 5th Ave,Boutique,Haute Joaillerie,2025-05-10,126886.87,USD,116735.92
TXN000481,CUST00258,USA,New York 5th Ave,En ligne,Accessoires & Parfums,2025-10-10,711.58,USD,654.65
TXN000482,CUST00258,USA,New York 5th Ave,Boutique,Horlogerie,2026-03-03,34378.2,USD,31627.94
TXN000483,CUST00259,France (siège),Cannes,Boutique,Horlogerie,2026-01-28,17968.14,EUR,17968.14
TXN000484,CUST00260,Moyen-Orient,Dubaï Mall,Événement privé,Accessoires & Parfums,2026-01-12,4467.24,AED,1116.81
TXN000485,CUST00260,Moyen-Orient,Dubaï Mall,Événement privé,Accessoires & Parfums,2026-05-31,4884.79,AED,1221.2
TXN000486,CUST00261,France (siège),Cannes,Événement privé,Joaillerie,2025-08-05,19942.07,EUR,19942.07
TXN000487,CUST00261,France (siège),Cannes,Boutique,Accessoires & Parfums,2025-12-05,1815.61,EUR,1815.61
TXN000488,CUST00261,France (siège),Cannes,En ligne,Accessoires & Parfums,2026-04-16,1232.96,EUR,1232.96
TXN000489,CUST00262,France (siège),Cannes,Boutique,Joaillerie,2025-10-19,14798.95,EUR,14798.95
TXN000490,CUST00262,France (siège),Cannes,Boutique,Joaillerie,2026-04-21,2536.55,EUR,2536.55
TXN000491,CUST00263,Japon,Tokyo Ginza,Boutique,Accessoires & Parfums,2025-06-26,130299.4,JPY,807.86
TXN000492,CUST00263,Japon,Tokyo Ginza,Boutique,Accessoires & Parfums,2025-11-10,143827.99,JPY,891.73
TXN000493,CUST00263,Japon,Tokyo Ginza,Événement privé,Accessoires & Parfums,2026-03-19,156720.9,JPY,971.67
TXN000494,CUST00263,Japon,Tokyo Ginza,En ligne,Accessoires & Parfums,2026-07-22,186270.81,JPY,1154.88
TXN000495,CUST00264,Chine,Pékin,En ligne,Accessoires & Parfums,2026-03-30,9250.43,CNY,1202.56
TXN000496,CUST00265,Japon,Osaka,Boutique,Mariage,2025-09-10,2221464.78,JPY,13773.08
TXN000497,CUST00265,Japon,Osaka,En ligne,Accessoires & Parfums,2026-03-01,172128.12,JPY,1067.19
TXN000498,CUST00265,Japon,Osaka,Boutique,Accessoires & Parfums,2026-07-26,157297.88,JPY,975.25
TXN000499,CUST00266,France (siège),Paris Vendôme,En ligne,Joaillerie,2026-03-05,6604.9,EUR,6604.9
TXN000500,CUST00268,France (siège),Paris Vendôme,Boutique,Accessoires & Parfums,2025-11-30,150.0,EUR,150.0
TXN000501,CUST00268,France (siège),Paris Vendôme,En ligne,Haute Joaillerie,2026-05-23,105397.52,EUR,105397.52
TXN000502,CUST00269,Chine,Pékin,En ligne,Accessoires & Parfums,2026-05-01,4188.21,CNY,544.47
TXN000503,CUST00270,France (siège),Paris Vendôme,Événement privé,Joaillerie,2026-05-18,14020.32,EUR,14020.32
TXN000504,CUST00271,USA,Beverly Hills,Boutique,Haute Joaillerie,2026-03-06,69273.15,USD,63731.3
TXN000505,CUST00272,USA,New York 5th Ave,Boutique,Haute Joaillerie,2025-11-21,101044.7,USD,92961.13
TXN000506,CUST00272,USA,New York 5th Ave,En ligne,Accessoires & Parfums,2026-04-29,861.36,USD,792.45
TXN000507,CUST00274,Japon,Tokyo Ginza,Boutique,Accessoires & Parfums,2026-06-28,110851.37,JPY,687.28
TXN000508,CUST00275,Chine,Pékin,En ligne,Accessoires & Parfums,2025-09-11,6046.77,CNY,786.08
TXN000509,CUST00275,Chine,Pékin,Boutique,Haute Joaillerie,2026-03-07,609967.46,CNY,79295.77
TXN000510,CUST00276,Moyen-Orient,Abu Dhabi,Boutique,Mariage,2026-03-10,72720.02,AED,18180.01
TXN000511,CUST00277,France (siège),Cannes,Boutique,Mariage,2025-11-24,13118.78,EUR,13118.78
TXN000512,CUST00277,France (siège),Cannes,Boutique,Horlogerie,2026-05-07,29330.41,EUR,29330.41
TXN000513,CUST00278,Chine,Hong Kong,Boutique,Accessoires & Parfums,2025-09-25,6231.6,CNY,810.11
TXN000514,CUST00278,Chine,Hong Kong,Boutique,Haute Joaillerie,2026-03-12,494286.9,CNY,64257.3
TXN000515,CUST00278,Chine,Hong Kong,En ligne,Mariage,2026-07-26,97223.64,CNY,12639.07
TXN000516,CUST00279,Chine,Shanghai,En ligne,Accessoires & Parfums,2025-05-24,4516.21,CNY,587.11
TXN000517,CUST00279,Chine,Shanghai,Boutique,Mariage,2025-12-26,72401.77,CNY,9412.23
TXN000518,CUST00279,Chine,Shanghai,Boutique,Accessoires & Parfums,2026-06-26,5080.5,CNY,660.46
TXN000519,CUST00280,USA,Bal Harbour,Boutique,Joaillerie,2025-02-26,7171.58,USD,6597.85
TXN000520,CUST00280,USA,Bal Harbour,Boutique,Joaillerie,2025-07-12,27714.65,USD,25497.47
TXN000521,CUST00280,USA,Bal Harbour,En ligne,Joaillerie,2025-11-04,22181.03,USD,20406.55
TXN000522,CUST00280,USA,Bal Harbour,Boutique,Mariage,2026-03-23,16831.83,USD,15485.29
TXN000523,CUST00280,USA,Bal Harbour,Boutique,Horlogerie,2026-07-24,33124.01,USD,30474.09
TXN000524,CUST00281,Moyen-Orient,Dubaï Mall,Boutique,Haute Joaillerie,2026-02-10,356195.35,AED,89048.84
TXN000525,CUST00281,Moyen-Orient,Dubaï Mall,En ligne,Joaillerie,2026-07-02,36754.08,AED,9188.52
TXN000526,CUST00282,France (siège),Paris Vendôme,En ligne,Mariage,2025-12-14,16690.7,EUR,16690.7
TXN000527,CUST00282,France (siège),Paris Vendôme,Boutique,Horlogerie,2026-06-15,27959.19,EUR,27959.19
TXN000528,CUST00283,Japon,Tokyo Ginza,Boutique,Joaillerie,2025-12-08,1782844.28,JPY,11053.63
TXN000529,CUST00283,Japon,Tokyo Ginza,En ligne,Joaillerie,2026-06-30,1987005.73,JPY,12319.44
TXN000530,CUST00284,Moyen-Orient,Dubaï Mall,Événement privé,Accessoires & Parfums,2025-10-11,5440.48,AED,1360.12
TXN000531,CUST00284,Moyen-Orient,Dubaï Mall,Boutique,Accessoires & Parfums,2026-03-12,3667.84,AED,916.96
TXN000532,CUST00285,France (siège),Cannes,En ligne,Haute Joaillerie,2025-03-17,117394.76,EUR,117394.76
TXN000533,CUST00285,France (siège),Cannes,En ligne,Horlogerie,2025-08-08,32015.56,EUR,32015.56
TXN000534,CUST00285,France (siège),Cannes,Événement privé,Accessoires & Parfums,2025-12-24,1961.58,EUR,1961.58
TXN000535,CUST00285,France (siège),Cannes,Boutique,Accessoires & Parfums,2026-05-05,1280.26,EUR,1280.26
TXN000536,CUST00286,Chine,Hong Kong,Boutique,Horlogerie,2025-04-12,244677.96,CNY,31808.14
TXN000537,CUST00286,Chine,Hong Kong,En ligne,Joaillerie,2025-08-14,43860.44,CNY,5701.86
TXN000538,CUST00286,Chine,Hong Kong,Boutique,Accessoires & Parfums,2026-02-12,6757.3,CNY,878.45
TXN000539,CUST00287,USA,Beverly Hills,En ligne,Accessoires & Parfums,2025-09-17,642.82,USD,591.39
TXN000540,CUST00287,USA,Beverly Hills,Boutique,Joaillerie,2026-01-31,14428.24,USD,13273.98
TXN000541,CUST00287,USA,Beverly Hills,Boutique,Accessoires & Parfums,2026-06-28,1379.64,USD,1269.27
TXN000542,CUST00288,Moyen-Orient,Abu Dhabi,En ligne,Accessoires & Parfums,2026-07-04,3613.09,AED,903.27
TXN000543,CUST00289,USA,New York 5th Ave,En ligne,Accessoires & Parfums,2025-05-05,745.47,USD,685.83
TXN000544,CUST00289,USA,New York 5th Ave,Boutique,Horlogerie,2025-10-12,34559.5,USD,31794.74
TXN000545,CUST00289,USA,New York 5th Ave,Boutique,Accessoires & Parfums,2026-03-22,932.59,USD,857.98
TXN000546,CUST00290,France (siège),Paris Vendôme,Boutique,Mariage,2026-02-13,12221.05,EUR,12221.05
TXN000547,CUST00293,Chine,Pékin,En ligne,Horlogerie,2026-04-27,235579.99,CNY,30625.4
TXN000548,CUST00294,Moyen-Orient,Dubaï Mall,Boutique,Haute Joaillerie,2026-04-25,817578.46,AED,204394.62
TXN000549,CUST00296,Moyen-Orient,Dubaï Mall,Boutique,Horlogerie,2025-07-04,125225.12,AED,31306.28
TXN000550,CUST00296,Moyen-Orient,Dubaï Mall,Boutique,Accessoires & Parfums,2025-12-06,2647.4,AED,661.85
TXN000551,CUST00296,Moyen-Orient,Dubaï Mall,Boutique,Accessoires & Parfums,2026-05-17,3727.83,AED,931.96
TXN000552,CUST00297,France (siège),Cannes,Boutique,Joaillerie,2025-04-04,15991.31,EUR,15991.31
TXN000553,CUST00298,USA,Beverly Hills,Boutique,Joaillerie,2025-04-21,13554.84,USD,12470.45
TXN000554,CUST00298,USA,Beverly Hills,En ligne,Joaillerie,2025-11-14,17176.71,USD,15802.58
TXN000555,CUST00298,USA,Beverly Hills,En ligne,Joaillerie,2026-03-31,14166.66,USD,13033.33
TXN000556,CUST00299,Chine,Hong Kong,Boutique,Horlogerie,2026-05-23,212959.03,CNY,27684.67
TXN000557,CUST00300,Chine,Hong Kong,Boutique,Joaillerie,2026-02-20,205310.05,CNY,26690.31
TXN000558,CUST00300,Chine,Hong Kong,Boutique,Joaillerie,2026-06-30,116510.91,CNY,15146.42
TXN000559,CUST00301,Chine,Shanghai,Boutique,Accessoires & Parfums,2025-03-17,7609.38,CNY,989.22
TXN000560,CUST00301,Chine,Shanghai,En ligne,Joaillerie,2025-08-16,139899.28,CNY,18186.91
TXN000561,CUST00301,Chine,Shanghai,Boutique,Accessoires & Parfums,2025-12-22,7058.97,CNY,917.67
TXN000562,CUST00301,Chine,Shanghai,Boutique,Accessoires & Parfums,2026-05-20,9086.3,CNY,1181.22
TXN000563,CUST00302,France (siège),Cannes,Événement privé,Accessoires & Parfums,2025-09-05,555.38,EUR,555.38
TXN000564,CUST00302,France (siège),Cannes,En ligne,Mariage,2026-02-16,6577.64,EUR,6577.64
TXN000565,CUST00302,France (siège),Cannes,En ligne,Accessoires & Parfums,2026-07-06,1046.69,EUR,1046.69
TXN000566,CUST00303,USA,Bal Harbour,En ligne,Accessoires & Parfums,2025-11-17,391.61,USD,360.29
TXN000567,CUST00303,USA,Bal Harbour,En ligne,Horlogerie,2026-04-15,32739.02,USD,30119.89
TXN000568,CUST00304,USA,Bal Harbour,Boutique,Joaillerie,2026-05-29,12978.15,USD,11939.9
TXN000569,CUST00305,Moyen-Orient,Abu Dhabi,Boutique,Mariage,2025-07-15,47704.52,AED,11926.13
TXN000570,CUST00305,Moyen-Orient,Abu Dhabi,Boutique,Accessoires & Parfums,2025-11-18,2191.33,AED,547.83
TXN000571,CUST00306,Moyen-Orient,Dubaï Mall,Boutique,Haute Joaillerie,2026-07-06,368894.83,AED,92223.71
TXN000572,CUST00307,Chine,Pékin,Boutique,Joaillerie,2025-10-23,129688.63,CNY,16859.52
TXN000573,CUST00307,Chine,Pékin,Boutique,Accessoires & Parfums,2026-03-27,4163.46,CNY,541.25
TXN000574,CUST00308,Japon,Tokyo Ginza,Boutique,Mariage,2026-06-27,2377267.45,JPY,14739.06
TXN000575,CUST00309,Chine,Hong Kong,Boutique,Mariage,2026-04-13,124602.99,CNY,16198.39
TXN000576,CUST00310,Moyen-Orient,Dubaï Mall,Boutique,Horlogerie,2026-04-22,116809.52,AED,29202.38
TXN000577,CUST00311,Moyen-Orient,Dubaï Mall,Boutique,Accessoires & Parfums,2026-03-21,4469.79,AED,1117.45
TXN000578,CUST00312,France (siège),Cannes,Boutique,Joaillerie,2025-06-09,21838.41,EUR,21838.41
TXN000579,CUST00312,France (siège),Cannes,Boutique,Accessoires & Parfums,2026-01-05,617.41,EUR,617.41
TXN000580,CUST00312,France (siège),Cannes,Boutique,Joaillerie,2026-07-15,11845.32,EUR,11845.32
TXN000581,CUST00313,Japon,Tokyo Ginza,Boutique,Joaillerie,2025-10-24,2124600.67,JPY,13172.52
TXN000582,CUST00313,Japon,Tokyo Ginza,Boutique,Accessoires & Parfums,2026-05-07,84385.52,JPY,523.19
TXN000583,CUST00314,USA,Bal Harbour,Événement privé,Haute Joaillerie,2026-01-12,228543.28,USD,210259.82
TXN000584,CUST00314,USA,Bal Harbour,Boutique,Horlogerie,2026-05-09,57619.58,USD,53010.02
TXN000585,CUST00315,Chine,Shanghai,Boutique,Accessoires & Parfums,2026-01-13,9266.66,CNY,1204.67
TXN000586,CUST00315,Chine,Shanghai,Événement privé,Joaillerie,2026-06-05,94591.03,CNY,12296.83
TXN000587,CUST00316,Chine,Hong Kong,Boutique,Horlogerie,2026-04-18,184832.24,CNY,24028.19
TXN000588,CUST00317,Japon,Osaka,Événement privé,Joaillerie,2025-09-11,1788352.66,JPY,11087.79
TXN000589,CUST00317,Japon,Osaka,Boutique,Horlogerie,2026-02-19,3504243.77,JPY,21726.31
TXN000590,CUST00318,USA,Bal Harbour,Événement privé,Accessoires & Parfums,2026-06-08,874.23,USD,804.29
TXN000591,CUST00319,France (siège),Paris Vendôme,En ligne,Mariage,2025-01-20,14557.26,EUR,14557.26
TXN000592,CUST00319,France (siège),Paris Vendôme,En ligne,Mariage,2025-05-31,8054.55,EUR,8054.55
TXN000593,CUST00319,France (siège),Paris Vendôme,Boutique,Accessoires & Parfums,2025-10-26,640.07,EUR,640.07
TXN000594,CUST00319,France (siège),Paris Vendôme,Événement privé,Joaillerie,2026-03-28,20397.36,EUR,20397.36
TXN000595,CUST00320,Japon,Tokyo Ginza,En ligne,Joaillerie,2025-08-24,3379062.47,JPY,20950.19
TXN000596,CUST00320,Japon,Tokyo Ginza,Boutique,Joaillerie,2026-02-12,1348977.74,JPY,8363.66
TXN000597,CUST00320,Japon,Tokyo Ginza,Événement privé,Joaillerie,2026-07-21,1733835.15,JPY,10749.78
TXN000598,CUST00321,Japon,Osaka,Événement privé,Mariage,2025-11-09,2416248.99,JPY,14980.74
TXN000599,CUST00321,Japon,Osaka,Boutique,Accessoires & Parfums,2026-03-23,101955.72,JPY,632.13
TXN000600,CUST00322,Chine,Hong Kong,Boutique,Horlogerie,2026-07-19,148347.28,CNY,19285.15
TXN000601,CUST00323,USA,Beverly Hills,Boutique,Haute Joaillerie,2025-11-20,99654.24,USD,91681.91
TXN000602,CUST00324,Japon,Osaka,Boutique,Haute Joaillerie,2025-02-14,20341380.65,JPY,126116.56
TXN000603,CUST00324,Japon,Osaka,Boutique,Accessoires & Parfums,2025-08-30,148297.2,JPY,919.44
TXN000604,CUST00324,Japon,Osaka,Boutique,Joaillerie,2026-02-27,3275040.13,JPY,20305.25
TXN000605,CUST00325,Chine,Pékin,Événement privé,Accessoires & Parfums,2025-01-27,13224.65,CNY,1719.2
TXN000606,CUST00325,Chine,Pékin,En ligne,Joaillerie,2025-05-11,182388.23,CNY,23710.47
TXN000607,CUST00325,Chine,Pékin,Boutique,Haute Joaillerie,2025-08-10,1166344.01,CNY,151624.72
TXN000608,CUST00325,Chine,Pékin,Boutique,Joaillerie,2025-11-27,93659.5,CNY,12175.73
TXN000609,CUST00325,Chine,Pékin,Boutique,Joaillerie,2026-03-07,147291.2,CNY,19147.86
TXN000610,CUST00325,Chine,Pékin,En ligne,Mariage,2026-06-23,137324.43,CNY,17852.18
TXN000611,CUST00326,Chine,Hong Kong,Boutique,Joaillerie,2026-04-21,139896.48,CNY,18186.54
TXN000612,CUST00328,Japon,Osaka,Boutique,Joaillerie,2026-01-11,1172056.36,JPY,7266.75
TXN000613,CUST00328,Japon,Osaka,Boutique,Accessoires & Parfums,2026-07-16,156725.82,JPY,971.7
TXN000614,CUST00329,Japon,Osaka,Boutique,Horlogerie,2025-05-06,3980363.7,JPY,24678.25
TXN000615,CUST00329,Japon,Osaka,En ligne,Horlogerie,2025-11-04,4248007.67,JPY,26337.65
TXN000616,CUST00329,Japon,Osaka,En ligne,Accessoires & Parfums,2026-03-24,139725.44,JPY,866.3
TXN000617,CUST00330,USA,Beverly Hills,Événement privé,Accessoires & Parfums,2026-03-23,835.71,USD,768.85
TXN000618,CUST00331,USA,New York 5th Ave,Boutique,Accessoires & Parfums,2026-06-09,893.48,USD,822.0
TXN000619,CUST00332,USA,New York 5th Ave,Boutique,Joaillerie,2025-03-16,31500.82,USD,28980.75
TXN000620,CUST00332,USA,New York 5th Ave,Boutique,Mariage,2025-09-09,10724.7,USD,9866.72
TXN000621,CUST00333,Moyen-Orient,Dubaï Mall,Événement privé,Horlogerie,2025-11-01,80522.65,AED,20130.66
TXN000622,CUST00333,Moyen-Orient,Dubaï Mall,En ligne,Haute Joaillerie,2026-03-25,532195.15,AED,133048.79
TXN000623,CUST00334,France (siège),Paris Vendôme,Boutique,Accessoires & Parfums,2025-02-19,870.41,EUR,870.41
TXN000624,CUST00334,France (siège),Paris Vendôme,En ligne,Accessoires & Parfums,2025-07-19,702.64,EUR,702.64
TXN000625,CUST00334,France (siège),Paris Vendôme,En ligne,Horlogerie,2025-11-13,31858.41,EUR,31858.41
TXN000626,CUST00334,France (siège),Paris Vendôme,Boutique,Mariage,2026-04-15,11883.38,EUR,11883.38
TXN000627,CUST00335,France (siège),Paris Champs-Élysées,Boutique,Joaillerie,2025-01-19,19163.97,EUR,19163.97
TXN000628,CUST00335,France (siège),Paris Champs-Élysées,Événement privé,Horlogerie,2025-06-03,22610.97,EUR,22610.97
TXN000629,CUST00336,Chine,Hong Kong,Boutique,Joaillerie,2025-05-17,122148.28,CNY,15879.28
TXN000630,CUST00338,USA,Bal Harbour,Boutique,Accessoires & Parfums,2025-11-18,924.48,USD,850.52
TXN000631,CUST00338,USA,Bal Harbour,Boutique,Mariage,2026-04-15,17494.58,USD,16095.01
TXN000632,CUST00339,Chine,Hong Kong,En ligne,Horlogerie,2025-05-06,150460.43,CNY,19559.86
TXN000633,CUST00339,Chine,Hong Kong,Boutique,Mariage,2025-10-11,77448.34,CNY,10068.28
TXN000634,CUST00339,Chine,Hong Kong,Boutique,Accessoires & Parfums,2026-04-06,5072.16,CNY,659.38
TXN000635,CUST00341,Chine,Pékin,En ligne,Horlogerie,2025-01-16,312695.01,CNY,40650.35
TXN000636,CUST00341,Chine,Pékin,En ligne,Horlogerie,2025-06-30,293669.07,CNY,38176.98
TXN000637,CUST00341,Chine,Pékin,Boutique,Mariage,2025-12-18,65026.41,CNY,8453.43
TXN000638,CUST00342,Chine,Shanghai,Événement privé,Horlogerie,2026-04-24,97482.18,CNY,12672.68
TXN000639,CUST00343,USA,New York 5th Ave,En ligne,Accessoires & Parfums,2026-03-14,1117.49,USD,1028.09
TXN000640,CUST00344,USA,Bal Harbour,En ligne,Haute Joaillerie,2026-01-16,118553.21,USD,109068.95
TXN000641,CUST00344,USA,Bal Harbour,Boutique,Haute Joaillerie,2026-07-07,78144.59,USD,71893.02
TXN000642,CUST00345,USA,New York 5th Ave,Boutique,Mariage,2026-03-13,23729.23,USD,21830.89
TXN000643,CUST00345,USA,New York 5th Ave,Boutique,Accessoires & Parfums,2026-06-10,879.77,USD,809.39
TXN000644,CUST00346,Japon,Osaka,En ligne,Mariage,2025-02-23,1691927.01,JPY,10489.95
TXN000645,CUST00346,Japon,Osaka,Boutique,Accessoires & Parfums,2025-09-01,164539.88,JPY,1020.15
TXN000646,CUST00346,Japon,Osaka,En ligne,Horlogerie,2026-02-01,5490622.98,JPY,34041.86
TXN000647,CUST00347,France (siège),Cannes,En ligne,Joaillerie,2025-12-17,25365.88,EUR,25365.88
TXN000648,CUST00347,France (siège),Cannes,Boutique,Joaillerie,2026-05-13,17785.53,EUR,17785.53
TXN000649,CUST00349,Chine,Pékin,Événement privé,Accessoires & Parfums,2025-12-17,3712.47,CNY,482.62
TXN000650,CUST00349,Chine,Pékin,En ligne,Mariage,2026-05-30,96060.78,CNY,12487.9
TXN000651,CUST00350,France (siège),Paris Vendôme,Boutique,Joaillerie,2025-10-13,14211.49,EUR,14211.49
TXN000652,CUST00351,France (siège),Paris Champs-Élysées,Boutique,Horlogerie,2026-02-15,39384.19,EUR,39384.19
TXN000653,CUST00351,France (siège),Paris Champs-Élysées,Boutique,Mariage,2026-06-24,20050.28,EUR,20050.28
TXN000654,CUST00352,Chine,Pékin,Boutique,Horlogerie,2025-04-15,321766.03,CNY,41829.58
TXN000655,CUST00352,Chine,Pékin,Boutique,Accessoires & Parfums,2025-08-16,9049.78,CNY,1176.47
TXN000656,CUST00352,Chine,Pékin,Boutique,Accessoires & Parfums,2025-12-11,10917.61,CNY,1419.29
TXN000657,CUST00352,Chine,Pékin,Boutique,Accessoires & Parfums,2026-02-24,10544.86,CNY,1370.83
TXN000658,CUST00352,Chine,Pékin,En ligne,Haute Joaillerie,2026-07-01,561213.97,CNY,72957.82
TXN000659,CUST00353,France (siège),Paris Champs-Élysées,Événement privé,Accessoires & Parfums,2026-05-27,1247.29,EUR,1247.29
TXN000660,CUST00354,USA,Beverly Hills,Boutique,Mariage,2025-04-30,21805.95,USD,20061.47
TXN000661,CUST00354,USA,Beverly Hills,Boutique,Mariage,2025-09-15,12969.15,USD,11931.61
TXN000662,CUST00355,Japon,Tokyo Ginza,Boutique,Accessoires & Parfums,2025-10-01,113304.31,JPY,702.49
TXN000663,CUST00355,Japon,Tokyo Ginza,En ligne,Horlogerie,2026-03-12,4840344.1,JPY,30010.13
TXN000664,CUST00357,Japon,Osaka,En ligne,Joaillerie,2025-11-03,4829031.44,JPY,29939.99
TXN000665,CUST00357,Japon,Osaka,Boutique,Joaillerie,2026-04-12,1860103.34,JPY,11532.64
TXN000666,CUST00359,Chine,Shanghai,Boutique,Joaillerie,2025-12-28,109391.35,CNY,14220.88
TXN000667,CUST00359,Chine,Shanghai,Boutique,Accessoires & Parfums,2026-04-06,10194.63,CNY,1325.3
TXN000668,CUST00360,USA,Bal Harbour,Boutique,Accessoires & Parfums,2026-06-29,854.74,USD,786.37
TXN000669,CUST00361,Moyen-Orient,Abu Dhabi,Boutique,Joaillerie,2025-03-05,44495.77,AED,11123.94
TXN000670,CUST00361,Moyen-Orient,Abu Dhabi,Boutique,Joaillerie,2025-08-14,14276.92,AED,3569.23
TXN000671,CUST00361,Moyen-Orient,Abu Dhabi,Boutique,Mariage,2026-01-09,50694.92,AED,12673.73
TXN000672,CUST00361,Moyen-Orient,Abu Dhabi,Boutique,Joaillerie,2026-07-02,54313.83,AED,13578.46
TXN000673,CUST00362,France (siège),Paris Champs-Élysées,En ligne,Accessoires & Parfums,2026-06-10,896.28,EUR,896.28
TXN000674,CUST00363,France (siège),Paris Champs-Élysées,Événement privé,Accessoires & Parfums,2025-09-16,982.92,EUR,982.92
TXN000675,CUST00363,France (siège),Paris Champs-Élysées,En ligne,Joaillerie,2026-02-08,20975.72,EUR,20975.72
TXN000676,CUST00363,France (siège),Paris Champs-Élysées,Boutique,Accessoires & Parfums,2026-07-25,975.03,EUR,975.03
TXN000677,CUST00364,Moyen-Orient,Abu Dhabi,En ligne,Horlogerie,2025-12-23,123075.63,AED,30768.91
TXN000678,CUST00364,Moyen-Orient,Abu Dhabi,En ligne,Accessoires & Parfums,2026-06-04,2792.7,AED,698.17
TXN000679,CUST00365,Moyen-Orient,Dubaï Mall,Boutique,Mariage,2025-08-16,55947.07,AED,13986.77
TXN000680,CUST00365,Moyen-Orient,Dubaï Mall,Événement privé,Joaillerie,2025-12-04,88194.29,AED,22048.57
TXN000681,CUST00365,Moyen-Orient,Dubaï Mall,Événement privé,Accessoires & Parfums,2026-04-21,4793.98,AED,1198.5
TXN000682,CUST00366,Chine,Hong Kong,Boutique,Accessoires & Parfums,2025-02-21,9234.55,CNY,1200.49
TXN000683,CUST00366,Chine,Hong Kong,Événement privé,Mariage,2025-07-31,86388.06,CNY,11230.45
TXN000684,CUST00367,France (siège),Paris Champs-Élysées,En ligne,Accessoires & Parfums,2026-01-13,573.77,EUR,573.77
TXN000685,CUST00368,France (siège),Paris Vendôme,Boutique,Joaillerie,2025-07-13,8756.22,EUR,8756.22
TXN000686,CUST00368,France (siège),Paris Vendôme,En ligne,Horlogerie,2025-12-27,28443.71,EUR,28443.71
TXN000687,CUST00370,Chine,Hong Kong,Événement privé,Accessoires & Parfums,2025-06-08,6203.33,CNY,806.43
TXN000688,CUST00370,Chine,Hong Kong,Boutique,Joaillerie,2025-11-29,83442.93,CNY,10847.58
TXN000689,CUST00370,Chine,Hong Kong,Boutique,Joaillerie,2026-04-27,83956.92,CNY,10914.4
TXN000690,CUST00371,Chine,Pékin,Boutique,Mariage,2025-08-02,83670.81,CNY,10877.2
TXN000691,CUST00371,Chine,Pékin,En ligne,Horlogerie,2026-01-19,267571.86,CNY,34784.34
TXN000692,CUST00371,Chine,Pékin,Boutique,Mariage,2026-07-11,73665.28,CNY,9576.49
TXN000693,CUST00372,Moyen-Orient,Abu Dhabi,Événement privé,Horlogerie,2025-09-10,119929.89,AED,29982.47
TXN000694,CUST00372,Moyen-Orient,Abu Dhabi,Boutique,Joaillerie,2026-01-27,25406.91,AED,6351.73
TXN000695,CUST00372,Moyen-Orient,Abu Dhabi,Événement privé,Mariage,2026-06-18,60371.96,AED,15092.99
TXN000696,CUST00373,Japon,Tokyo Ginza,En ligne,Joaillerie,2026-06-16,2362374.3,JPY,14646.72
TXN000697,CUST00374,Japon,Osaka,Événement privé,Mariage,2026-07-29,2042291.46,JPY,12662.21
TXN000698,CUST00375,France (siège),Paris Vendôme,En ligne,Horlogerie,2025-05-02,30977.65,EUR,30977.65
TXN000699,CUST00375,France (siège),Paris Vendôme,En ligne,Accessoires & Parfums,2025-10-29,812.2,EUR,812.2
TXN000700,CUST00375,France (siège),Paris Vendôme,En ligne,Joaillerie,2026-04-25,18088.49,EUR,18088.49
TXN000701,CUST00376,USA,Beverly Hills,Boutique,Joaillerie,2025-12-06,25837.25,USD,23770.27
TXN000702,CUST00376,USA,Beverly Hills,Boutique,Haute Joaillerie,2026-05-11,153191.63,USD,140936.3
TXN000703,CUST00377,Chine,Hong Kong,Boutique,Joaillerie,2025-04-07,124696.15,CNY,16210.5
TXN000704,CUST00378,USA,New York 5th Ave,En ligne,Mariage,2025-04-04,8407.19,USD,7734.61
TXN000705,CUST00378,USA,New York 5th Ave,En ligne,Accessoires & Parfums,2025-09-05,901.8,USD,829.65
TXN000706,CUST00378,USA,New York 5th Ave,En ligne,Joaillerie,2026-03-08,8797.18,USD,8093.4
TXN000707,CUST00381,Moyen-Orient,Abu Dhabi,En ligne,Horlogerie,2025-04-20,80817.56,AED,20204.39
TXN000708,CUST00381,Moyen-Orient,Abu Dhabi,Boutique,Joaillerie,2025-10-07,57298.03,AED,14324.51
TXN000709,CUST00381,Moyen-Orient,Abu Dhabi,Boutique,Horlogerie,2026-03-06,98309.29,AED,24577.32
TXN000710,CUST00382,France (siège),Paris Champs-Élysées,En ligne,Accessoires & Parfums,2026-03-12,1178.13,EUR,1178.13
TXN000711,CUST00383,Chine,Hong Kong,Boutique,Joaillerie,2026-04-01,134552.69,CNY,17491.85
TXN000712,CUST00384,USA,Beverly Hills,En ligne,Accessoires & Parfums,2025-12-14,1290.07,USD,1186.86
TXN000713,CUST00384,USA,Beverly Hills,Boutique,Joaillerie,2026-05-16,20601.72,USD,18953.58
TXN000714,CUST00385,France (siège),Cannes,Événement privé,Accessoires & Parfums,2025-07-31,782.36,EUR,782.36
TXN000715,CUST00385,France (siège),Cannes,Boutique,Mariage,2026-01-19,7112.81,EUR,7112.81
TXN000716,CUST00385,France (siège),Cannes,Boutique,Accessoires & Parfums,2026-07-17,950.35,EUR,950.35
TXN000717,CUST00386,France (siège),Paris Champs-Élysées,Boutique,Accessoires & Parfums,2026-07-10,868.1,EUR,868.1
TXN000718,CUST00387,France (siège),Paris Champs-Élysées,Boutique,Horlogerie,2025-03-31,17728.17,EUR,17728.17
TXN000719,CUST00387,France (siège),Paris Champs-Élysées,Boutique,Accessoires & Parfums,2025-09-19,831.41,EUR,831.41
TXN000720,CUST00387,France (siège),Paris Champs-Élysées,Boutique,Horlogerie,2026-02-13,40968.63,EUR,40968.63
TXN000721,CUST00387,France (siège),Paris Champs-Élysées,En ligne,Accessoires & Parfums,2026-06-16,753.69,EUR,753.69
TXN000722,CUST00388,Chine,Shanghai,Événement privé,Joaillerie,2026-05-07,147932.46,CNY,19231.22
TXN000723,CUST00389,Chine,Hong Kong,En ligne,Joaillerie,2026-02-15,52345.4,CNY,6804.9
TXN000724,CUST00389,Chine,Hong Kong,En ligne,Mariage,2026-07-10,86677.7,CNY,11268.1
TXN000725,CUST00390,Moyen-Orient,Abu Dhabi,Boutique,Mariage,2026-07-14,34405.63,AED,8601.41
TXN000726,CUST00391,France (siège),Cannes,En ligne,Accessoires & Parfums,2026-02-13,710.98,EUR,710.98
TXN000727,CUST00392,Japon,Osaka,Boutique,Accessoires & Parfums,2025-03-16,114913.67,JPY,712.46
TXN000728,CUST00392,Japon,Osaka,En ligne,Accessoires & Parfums,2025-09-20,102497.62,JPY,635.49
TXN000729,CUST00392,Japon,Osaka,Boutique,Accessoires & Parfums,2026-04-03,118594.07,JPY,735.28
TXN000730,CUST00393,Chine,Shanghai,Boutique,Joaillerie,2025-03-24,153028.06,CNY,19893.65
TXN000731,CUST00393,Chine,Shanghai,En ligne,Joaillerie,2025-09-22,145749.86,CNY,18947.48
TXN000732,CUST00393,Chine,Shanghai,Boutique,Mariage,2026-03-18,83105.74,CNY,10803.75
TXN000733,CUST00394,Moyen-Orient,Abu Dhabi,Événement privé,Joaillerie,2025-04-11,72621.26,AED,18155.32
TXN000734,CUST00394,Moyen-Orient,Abu Dhabi,Boutique,Horlogerie,2025-09-26,111409.73,AED,27852.43
TXN000735,CUST00394,Moyen-Orient,Abu Dhabi,Boutique,Accessoires & Parfums,2026-03-03,3204.02,AED,801.01
TXN000736,CUST00394,Moyen-Orient,Abu Dhabi,Boutique,Mariage,2026-07-30,48342.14,AED,12085.53
TXN000737,CUST00395,Japon,Tokyo Ginza,En ligne,Joaillerie,2025-05-03,2764804.88,JPY,17141.79
TXN000738,CUST00395,Japon,Tokyo Ginza,Boutique,Horlogerie,2025-09-06,4686530.6,JPY,29056.49
TXN000739,CUST00395,Japon,Tokyo Ginza,En ligne,Horlogerie,2025-12-10,8235788.27,JPY,51061.89
TXN000740,CUST00395,Japon,Tokyo Ginza,Boutique,Mariage,2026-05-23,2156277.92,JPY,13368.92
TXN000741,CUST00396,Chine,Hong Kong,En ligne,Accessoires & Parfums,2026-03-18,6666.03,CNY,866.58
TXN000742,CUST00397,France (siège),Cannes,En ligne,Mariage,2025-05-22,9445.11,EUR,9445.11
TXN000743,CUST00397,France (siège),Cannes,Boutique,Joaillerie,2025-11-23,10613.41,EUR,10613.41
TXN000744,CUST00397,France (siège),Cannes,En ligne,Accessoires & Parfums,2026-04-21,566.2,EUR,566.2
TXN000745,CUST00398,Chine,Shanghai,En ligne,Horlogerie,2025-07-06,104515.5,CNY,13587.01
TXN000746,CUST00398,Chine,Shanghai,Boutique,Joaillerie,2025-11-25,150292.72,CNY,19538.05
TXN000747,CUST00398,Chine,Shanghai,En ligne,Accessoires & Parfums,2026-04-14,6920.43,CNY,899.66
TXN000748,CUST00399,Moyen-Orient,Abu Dhabi,En ligne,Accessoires & Parfums,2025-12-19,2995.45,AED,748.86
TXN000749,CUST00399,Moyen-Orient,Abu Dhabi,Boutique,Joaillerie,2026-06-21,45024.37,AED,11256.09
TXN000750,CUST00400,France (siège),Cannes,Boutique,Accessoires & Parfums,2025-02-06,398.16,EUR,398.16
TXN000751,CUST00400,France (siège),Cannes,Boutique,Horlogerie,2025-07-11,24847.73,EUR,24847.73
TXN000752,CUST00400,France (siège),Cannes,Boutique,Mariage,2025-12-21,10557.63,EUR,10557.63
TXN000753,CUST00400,France (siège),Cannes,Boutique,Accessoires & Parfums,2026-05-25,915.18,EUR,915.18
TXN000754,CUST00402,Chine,Hong Kong,En ligne,Accessoires & Parfums,2025-04-14,12405.63,CNY,1612.73
TXN000755,CUST00402,Chine,Hong Kong,Boutique,Joaillerie,2025-08-15,129571.06,CNY,16844.24
TXN000756,CUST00402,Chine,Hong Kong,Boutique,Accessoires & Parfums,2026-01-10,6322.89,CNY,821.98
TXN000757,CUST00402,Chine,Hong Kong,Boutique,Mariage,2026-05-25,100680.32,CNY,13088.44
TXN000758,CUST00403,Chine,Hong Kong,Boutique,Joaillerie,2025-03-16,112367.55,CNY,14607.78
TXN000759,CUST00403,Chine,Hong Kong,Boutique,Mariage,2025-09-09,108570.99,CNY,14114.23
TXN000760,CUST00403,Chine,Hong Kong,En ligne,Haute Joaillerie,2026-02-04,1593251.5,CNY,207122.69
TXN000761,CUST00403,Chine,Hong Kong,Boutique,Joaillerie,2026-07-16,76981.37,CNY,10007.58
TXN000762,CUST00405,USA,Beverly Hills,Boutique,Accessoires & Parfums,2026-05-28,863.15,USD,794.1
TXN000763,CUST00406,Japon,Tokyo Ginza,En ligne,Joaillerie,2026-03-22,2056009.11,JPY,12747.26
TXN000764,CUST00407,Moyen-Orient,Abu Dhabi,Boutique,Accessoires & Parfums,2026-04-23,4493.09,AED,1123.27
TXN000765,CUST00409,Moyen-Orient,Dubaï Mall,Événement privé,Mariage,2025-10-29,42694.35,AED,10673.59
TXN000766,CUST00409,Moyen-Orient,Dubaï Mall,Boutique,Haute Joaillerie,2026-04-13,287905.5,AED,71976.37
TXN000767,CUST00410,Japon,Tokyo Ginza,Événement privé,Accessoires & Parfums,2025-06-18,198160.9,JPY,1228.6
TXN000768,CUST00410,Japon,Tokyo Ginza,En ligne,Accessoires & Parfums,2025-11-19,99867.83,JPY,619.18
TXN000769,CUST00410,Japon,Tokyo Ginza,En ligne,Joaillerie,2026-03-22,3921122.33,JPY,24310.96
TXN000770,CUST00410,Japon,Tokyo Ginza,Boutique,Accessoires & Parfums,2026-07-23,182266.31,JPY,1130.05
TXN000771,CUST00411,USA,Bal Harbour,En ligne,Horlogerie,2025-04-15,29372.42,USD,27022.63
TXN000772,CUST00411,USA,Bal Harbour,Événement privé,Joaillerie,2025-09-24,14535.03,USD,13372.22
TXN000773,CUST00411,USA,Bal Harbour,Boutique,Mariage,2026-03-22,15236.45,USD,14017.53
TXN000774,CUST00412,USA,Beverly Hills,Boutique,Accessoires & Parfums,2025-04-30,1369.39,USD,1259.83
TXN000775,CUST00412,USA,Beverly Hills,En ligne,Joaillerie,2025-09-26,22899.76,USD,21067.78
TXN000776,CUST00412,USA,Beverly Hills,Boutique,Horlogerie,2026-02-16,31694.26,USD,29158.72
TXN000777,CUST00412,USA,Beverly Hills,En ligne,Haute Joaillerie,2026-07-21,198750.23,USD,182850.21
TXN000778,CUST00413,USA,Beverly Hills,Boutique,Joaillerie,2026-01-12,28783.36,USD,26480.69
TXN000779,CUST00413,USA,Beverly Hills,Boutique,Joaillerie,2026-06-08,17190.74,USD,15815.48
TXN000780,CUST00414,Moyen-Orient,Dubaï Mall,Événement privé,Accessoires & Parfums,2025-03-04,2637.11,AED,659.28
TXN000781,CUST00414,Moyen-Orient,Dubaï Mall,Boutique,Joaillerie,2025-07-23,80588.8,AED,20147.2
TXN000782,CUST00414,Moyen-Orient,Dubaï Mall,Boutique,Mariage,2025-12-17,39999.29,AED,9999.82
TXN000783,CUST00414,Moyen-Orient,Dubaï Mall,Boutique,Accessoires & Parfums,2026-05-20,3855.11,AED,963.78
TXN000784,CUST00415,France (siège),Cannes,En ligne,Accessoires & Parfums,2025-03-28,744.24,EUR,744.24
TXN000785,CUST00416,USA,Bal Harbour,En ligne,Accessoires & Parfums,2025-04-17,907.95,USD,835.32
TXN000786,CUST00416,USA,Bal Harbour,Boutique,Horlogerie,2025-10-29,17796.2,USD,16372.5
TXN000787,CUST00416,USA,Bal Harbour,En ligne,Joaillerie,2026-04-02,12884.58,USD,11853.81
TXN000788,CUST00417,Moyen-Orient,Dubaï Mall,En ligne,Haute Joaillerie,2026-05-16,349014.15,AED,87253.54
TXN000789,CUST00418,Moyen-Orient,Dubaï Mall,Boutique,Accessoires & Parfums,2025-02-14,3687.26,AED,921.81
TXN000790,CUST00418,Moyen-Orient,Dubaï Mall,Boutique,Joaillerie,2025-06-03,155775.89,AED,38943.97
TXN000791,CUST00418,Moyen-Orient,Dubaï Mall,Boutique,Mariage,2025-09-22,63207.35,AED,15801.84
TXN000792,CUST00418,Moyen-Orient,Dubaï Mall,En ligne,Joaillerie,2026-01-18,114775.91,AED,28693.98
TXN000793,CUST00418,Moyen-Orient,Dubaï Mall,Événement privé,Joaillerie,2026-05-24,48445.97,AED,12111.49
TXN000794,CUST00419,Japon,Tokyo Ginza,Boutique,Accessoires & Parfums,2025-10-21,79780.34,JPY,494.64
TXN000795,CUST00419,Japon,Tokyo Ginza,Boutique,Haute Joaillerie,2026-02-05,25733658.53,JPY,159548.68
TXN000796,CUST00419,Japon,Tokyo Ginza,En ligne,Haute Joaillerie,2026-06-04,19960465.47,JPY,123754.89
TXN000797,CUST00420,Chine,Shanghai,Boutique,Accessoires & Parfums,2025-07-25,5906.55,CNY,767.85
TXN000798,CUST00420,Chine,Shanghai,Boutique,Accessoires & Parfums,2026-01-04,10854.0,CNY,1411.02
TXN000799,CUST00420,Chine,Shanghai,Boutique,Mariage,2026-06-07,77911.57,CNY,10128.5
TXN000800,CUST00422,Chine,Shanghai,En ligne,Horlogerie,2026-07-25,122874.43,CNY,15973.68
TXN000801,CUST00423,USA,New York 5th Ave,Boutique,Haute Joaillerie,2025-07-15,73122.83,USD,67273.01
TXN000802,CUST00423,USA,New York 5th Ave,En ligne,Accessoires & Parfums,2026-01-05,461.82,USD,424.87
TXN000803,CUST00423,USA,New York 5th Ave,Boutique,Accessoires & Parfums,2026-07-02,786.87,USD,723.92
TXN000804,CUST00424,USA,Bal Harbour,En ligne,Accessoires & Parfums,2025-10-19,790.77,USD,727.51
TXN000805,CUST00424,USA,Bal Harbour,Boutique,Accessoires & Parfums,2026-03-18,822.37,USD,756.58
TXN000806,CUST00425,USA,New York 5th Ave,Boutique,Accessoires & Parfums,2026-06-01,1194.36,USD,1098.82
TXN000807,CUST00428,France (siège),Cannes,Boutique,Horlogerie,2025-03-27,22151.96,EUR,22151.96
TXN000808,CUST00428,France (siège),Cannes,En ligne,Joaillerie,2025-09-12,17029.0,EUR,17029.0
TXN000809,CUST00428,France (siège),Cannes,Événement privé,Horlogerie,2026-02-28,25872.35,EUR,25872.35
TXN000810,CUST00428,France (siège),Cannes,Boutique,Horlogerie,2026-07-23,27978.95,EUR,27978.95
TXN000811,CUST00430,Japon,Tokyo Ginza,En ligne,Joaillerie,2026-02-28,1901298.64,JPY,11788.05
TXN000812,CUST00431,Chine,Pékin,Boutique,Accessoires & Parfums,2025-11-24,5273.34,CNY,685.53
TXN000813,CUST00431,Chine,Pékin,Boutique,Horlogerie,2026-05-01,181302.15,CNY,23569.28
TXN000814,CUST00433,Chine,Shanghai,En ligne,Horlogerie,2026-05-03,228231.64,CNY,29670.11
TXN000815,CUST00434,Moyen-Orient,Dubaï Mall,Boutique,Joaillerie,2025-11-01,82186.7,AED,20546.68
TXN000816,CUST00434,Moyen-Orient,Dubaï Mall,Événement privé,Horlogerie,2026-02-18,142779.35,AED,35694.84
TXN000817,CUST00434,Moyen-Orient,Dubaï Mall,Événement privé,Accessoires & Parfums,2026-05-28,6932.2,AED,1733.05
TXN000818,CUST00436,USA,Bal Harbour,Boutique,Accessoires & Parfums,2025-06-25,670.06,USD,616.45
TXN000819,CUST00436,USA,Bal Harbour,En ligne,Joaillerie,2025-12-21,11712.12,USD,10775.15
TXN000820,CUST00436,USA,Bal Harbour,Boutique,Accessoires & Parfums,2026-06-18,570.62,USD,524.97
TXN000821,CUST00437,Chine,Pékin,En ligne,Accessoires & Parfums,2025-10-15,9072.56,CNY,1179.43
TXN000822,CUST00438,France (siège),Paris Champs-Élysées,Boutique,Joaillerie,2026-03-30,15361.34,EUR,15361.34
TXN000823,CUST00439,France (siège),Paris Champs-Élysées,Boutique,Mariage,2026-03-27,13321.39,EUR,13321.39
TXN000824,CUST00440,Moyen-Orient,Dubaï Mall,Boutique,Mariage,2025-04-11,60464.92,AED,15116.23
TXN000825,CUST00440,Moyen-Orient,Dubaï Mall,Boutique,Horlogerie,2025-11-05,107310.07,AED,26827.52
TXN000826,CUST00441,Japon,Tokyo Ginza,En ligne,Joaillerie,2026-04-21,2757713.28,JPY,17097.82
TXN000827,CUST00442,France (siège),Cannes,En ligne,Accessoires & Parfums,2025-06-15,1079.8,EUR,1079.8
TXN000828,CUST00442,France (siège),Cannes,Boutique,Accessoires & Parfums,2025-11-27,757.9,EUR,757.9
TXN000829,CUST00442,France (siège),Cannes,Boutique,Horlogerie,2026-04-27,27568.13,EUR,27568.13
TXN000830,CUST00443,USA,New York 5th Ave,Boutique,Haute Joaillerie,2025-07-12,175548.06,USD,161504.21
TXN000831,CUST00444,Chine,Shanghai,En ligne,Haute Joaillerie,2025-07-06,712164.55,CNY,92581.39
TXN000832,CUST00444,Chine,Shanghai,En ligne,Accessoires & Parfums,2025-11-28,5765.12,CNY,749.47
TXN000833,CUST00444,Chine,Shanghai,Événement privé,Mariage,2026-04-29,126752.12,CNY,16477.78
TXN000834,CUST00445,Chine,Hong Kong,Boutique,Horlogerie,2025-11-26,113963.84,CNY,14815.3
TXN000835,CUST00445,Chine,Hong Kong,Boutique,Haute Joaillerie,2026-05-11,656164.87,CNY,85301.43
TXN000836,CUST00446,France (siège),Paris Vendôme,Boutique,Mariage,2025-06-21,10915.34,EUR,10915.34
TXN000837,CUST00446,France (siège),Paris Vendôme,En ligne,Accessoires & Parfums,2025-11-19,546.83,EUR,546.83
TXN000838,CUST00448,France (siège),Paris Vendôme,En ligne,Accessoires & Parfums,2025-05-02,937.29,EUR,937.29
TXN000839,CUST00448,France (siège),Paris Vendôme,Boutique,Accessoires & Parfums,2025-09-06,678.12,EUR,678.12
TXN000840,CUST00448,France (siège),Paris Vendôme,Boutique,Joaillerie,2026-02-10,11474.47,EUR,11474.47
TXN000841,CUST00448,France (siège),Paris Vendôme,En ligne,Joaillerie,2026-07-27,17201.33,EUR,17201.33
TXN000842,CUST00449,Moyen-Orient,Dubaï Mall,En ligne,Joaillerie,2026-04-28,81892.67,AED,20473.17
TXN000843,CUST00451,USA,New York 5th Ave,En ligne,Joaillerie,2026-03-05,22964.85,USD,21127.66
TXN000844,CUST00451,USA,New York 5th Ave,Événement privé,Haute Joaillerie,2026-07-21,115466.29,USD,106228.99
TXN000845,CUST00452,Japon,Osaka,Boutique,Joaillerie,2026-04-17,3160990.3,JPY,19598.14
TXN000846,CUST00453,Chine,Pékin,Boutique,Joaillerie,2026-01-28,170962.41,CNY,22225.11
TXN000847,CUST00453,Chine,Pékin,Boutique,Haute Joaillerie,2026-05-03,1159385.69,CNY,150720.14
TXN000848,CUST00454,USA,Bal Harbour,Boutique,Accessoires & Parfums,2025-03-30,995.36,USD,915.73
TXN000849,CUST00454,USA,Bal Harbour,Boutique,Accessoires & Parfums,2025-08-02,996.24,USD,916.54
TXN000850,CUST00454,USA,Bal Harbour,Événement privé,Accessoires & Parfums,2025-12-14,1272.41,USD,1170.62
TXN000851,CUST00455,France (siège),Paris Vendôme,En ligne,Haute Joaillerie,2025-12-18,127943.64,EUR,127943.64
TXN000852,CUST00455,France (siège),Paris Vendôme,Boutique,Mariage,2026-05-03,19105.93,EUR,19105.93
TXN000853,CUST00456,Chine,Pékin,Événement privé,Joaillerie,2025-03-15,99661.85,CNY,12956.04
TXN000854,CUST00456,Chine,Pékin,En ligne,Horlogerie,2025-08-14,145957.19,CNY,18974.44
TXN000855,CUST00456,Chine,Pékin,En ligne,Accessoires & Parfums,2026-01-21,6830.97,CNY,888.03
TXN000856,CUST00456,Chine,Pékin,En ligne,Accessoires & Parfums,2026-06-21,5921.36,CNY,769.78
TXN000857,CUST00457,Moyen-Orient,Abu Dhabi,Boutique,Mariage,2026-06-15,37414.44,AED,9353.61
TXN000858,CUST00458,Japon,Tokyo Ginza,Boutique,Accessoires & Parfums,2025-09-30,267691.99,JPY,1659.69
TXN000859,CUST00458,Japon,Tokyo Ginza,Boutique,Accessoires & Parfums,2026-01-31,186984.36,JPY,1159.3
TXN000860,CUST00458,Japon,Tokyo Ginza,Boutique,Accessoires & Parfums,2026-06-02,116975.33,JPY,725.25
TXN000861,CUST00459,France (siège),Paris Vendôme,Boutique,Mariage,2025-05-03,10935.27,EUR,10935.27
TXN000862,CUST00459,France (siège),Paris Vendôme,Boutique,Joaillerie,2025-11-19,15163.83,EUR,15163.83
TXN000863,CUST00459,France (siège),Paris Vendôme,Boutique,Horlogerie,2026-05-21,28001.45,EUR,28001.45
TXN000864,CUST00460,Chine,Hong Kong,Boutique,Joaillerie,2026-01-22,214253.26,CNY,27852.92
TXN000865,CUST00460,Chine,Hong Kong,Événement privé,Joaillerie,2026-05-04,182589.87,CNY,23736.68
TXN000866,CUST00461,USA,Bal Harbour,Boutique,Haute Joaillerie,2025-12-22,166309.59,USD,153004.82
TXN000867,CUST00462,France (siège),Paris Vendôme,En ligne,Joaillerie,2025-03-17,12904.33,EUR,12904.33
TXN000868,CUST00462,France (siège),Paris Vendôme,Boutique,Accessoires & Parfums,2025-08-19,1062.53,EUR,1062.53
TXN000869,CUST00462,France (siège),Paris Vendôme,Boutique,Joaillerie,2026-02-05,8008.31,EUR,8008.31
TXN000870,CUST00463,France (siège),Paris Champs-Élysées,Boutique,Mariage,2025-03-12,8349.21,EUR,8349.21
TXN000871,CUST00463,France (siège),Paris Champs-Élysées,Boutique,Mariage,2025-07-31,11117.84,EUR,11117.84
TXN000872,CUST00463,France (siège),Paris Champs-Élysées,Boutique,Joaillerie,2025-12-19,17879.09,EUR,17879.09
TXN000873,CUST00463,France (siège),Paris Champs-Élysées,En ligne,Mariage,2026-07-23,5224.5,EUR,5224.5
TXN000874,CUST00464,Japon,Osaka,Boutique,Horlogerie,2025-05-28,2118445.39,JPY,13134.36
TXN000875,CUST00464,Japon,Osaka,Boutique,Accessoires & Parfums,2025-09-29,102709.62,JPY,636.8
TXN000876,CUST00464,Japon,Osaka,Boutique,Mariage,2026-03-15,1393823.52,JPY,8641.71
TXN000877,CUST00465,Moyen-Orient,Dubaï Mall,Boutique,Haute Joaillerie,2025-09-10,184443.22,AED,46110.81
TXN000878,CUST00465,Moyen-Orient,Dubaï Mall,Boutique,Haute Joaillerie,2026-03-11,441713.22,AED,110428.3
TXN000879,CUST00466,Chine,Pékin,Boutique,Accessoires & Parfums,2026-05-07,6046.41,CNY,786.03
TXN000880,CUST00467,Chine,Hong Kong,Boutique,Joaillerie,2025-08-16,79959.11,CNY,10394.68
TXN000881,CUST00467,Chine,Hong Kong,Boutique,Joaillerie,2026-03-07,64374.57,CNY,8368.69
TXN000882,CUST00468,USA,Bal Harbour,En ligne,Horlogerie,2025-12-31,47313.75,USD,43528.65
TXN000883,CUST00468,USA,Bal Harbour,Boutique,Horlogerie,2026-05-12,35321.26,USD,32495.56
TXN000884,CUST00470,Chine,Shanghai,Boutique,Joaillerie,2025-11-14,106421.36,CNY,13834.78
TXN000885,CUST00470,Chine,Shanghai,Boutique,Joaillerie,2026-05-02,148548.95,CNY,19311.36
TXN000886,CUST00471,Japon,Osaka,Événement privé,Mariage,2026-05-12,1447778.75,JPY,8976.23
TXN000887,CUST00472,Japon,Osaka,Boutique,Joaillerie,2025-01-20,3090964.12,JPY,19163.98
TXN000888,CUST00472,Japon,Osaka,Boutique,Horlogerie,2025-04-16,5966935.26,JPY,36995.0
TXN000889,CUST00472,Japon,Osaka,Boutique,Joaillerie,2025-08-10,1698728.67,JPY,10532.12
TXN000890,CUST00472,Japon,Osaka,Boutique,Joaillerie,2025-12-13,3343782.25,JPY,20731.45
TXN000891,CUST00472,Japon,Osaka,Boutique,Horlogerie,2026-04-30,5879358.75,JPY,36452.02
TXN000892,CUST00473,USA,Bal Harbour,En ligne,Mariage,2025-08-24,12382.09,USD,11391.53
TXN000893,CUST00473,USA,Bal Harbour,Boutique,Haute Joaillerie,2026-02-14,111090.55,USD,102203.3
TXN000894,CUST00474,USA,Bal Harbour,Boutique,Mariage,2025-10-22,11876.9,USD,10926.75
TXN000895,CUST00474,USA,Bal Harbour,Boutique,Horlogerie,2026-03-11,41933.99,USD,38579.27
TXN000896,CUST00475,Chine,Shanghai,En ligne,Horlogerie,2025-02-24,277458.14,CNY,36069.56
TXN000897,CUST00475,Chine,Shanghai,Événement privé,Haute Joaillerie,2025-07-03,927961.43,CNY,120634.99
TXN000898,CUST00475,Chine,Shanghai,Boutique,Horlogerie,2025-10-30,292907.31,CNY,38077.95
TXN000899,CUST00475,Chine,Shanghai,Boutique,Accessoires & Parfums,2026-03-18,9576.67,CNY,1244.97
TXN000900,CUST00475,Chine,Shanghai,Boutique,Accessoires & Parfums,2026-07-28,8491.52,CNY,1103.9
TXN000901,CUST00476,France (siège),Paris Vendôme,Boutique,Horlogerie,2026-06-27,19150.15,EUR,19150.15
TXN000902,CUST00477,Chine,Pékin,En ligne,Mariage,2026-07-12,110354.84,CNY,14346.13
TXN000903,CUST00478,Moyen-Orient,Abu Dhabi,En ligne,Accessoires & Parfums,2026-04-10,4444.73,AED,1111.18
TXN000904,CUST00479,Chine,Pékin,En ligne,Joaillerie,2026-02-03,267900.38,CNY,34827.05
TXN000905,CUST00479,Chine,Pékin,En ligne,Accessoires & Parfums,2026-06-10,9910.79,CNY,1288.4
TXN000906,CUST00480,Chine,Shanghai,En ligne,Accessoires & Parfums,2025-03-17,6542.51,CNY,850.53
TXN000907,CUST00480,Chine,Shanghai,Événement privé,Accessoires & Parfums,2025-09-02,2026.46,CNY,263.44
TXN000908,CUST00480,Chine,Shanghai,En ligne,Joaillerie,2026-03-13,104317.58,CNY,13561.29
TXN000909,CUST00481,Japon,Tokyo Ginza,Boutique,Accessoires & Parfums,2026-04-30,173874.12,JPY,1078.02
TXN000910,CUST00482,France (siège),Paris Champs-Élysées,Boutique,Accessoires & Parfums,2026-02-09,1114.22,EUR,1114.22
TXN000911,CUST00482,France (siège),Paris Champs-Élysées,En ligne,Accessoires & Parfums,2026-07-28,1141.92,EUR,1141.92
TXN000912,CUST00483,Japon,Osaka,Événement privé,Accessoires & Parfums,2025-01-28,171166.04,JPY,1061.23
TXN000913,CUST00483,Japon,Osaka,Boutique,Accessoires & Parfums,2025-07-08,198989.46,JPY,1233.73
TXN000914,CUST00483,Japon,Osaka,Boutique,Accessoires & Parfums,2025-12-02,174169.91,JPY,1079.85
TXN000915,CUST00483,Japon,Osaka,Boutique,Accessoires & Parfums,2026-04-29,154136.28,JPY,955.64
TXN000916,CUST00484,France (siège),Paris Vendôme,Boutique,Accessoires & Parfums,2025-11-23,1052.83,EUR,1052.83
TXN000917,CUST00484,France (siège),Paris Vendôme,En ligne,Haute Joaillerie,2026-04-23,96992.16,EUR,96992.16
TXN000918,CUST00485,USA,Beverly Hills,Événement privé,Accessoires & Parfums,2025-04-07,696.82,USD,641.08
TXN000919,CUST00485,USA,Beverly Hills,En ligne,Horlogerie,2025-08-26,35021.8,USD,32220.05
TXN000920,CUST00485,USA,Beverly Hills,Événement privé,Accessoires & Parfums,2026-02-17,681.62,USD,627.09
TXN000921,CUST00486,Japon,Osaka,En ligne,Joaillerie,2026-01-05,2616413.76,JPY,16221.77
TXN000922,CUST00486,Japon,Osaka,Boutique,Joaillerie,2026-07-31,1669271.84,JPY,10349.49
TXN000923,CUST00487,Chine,Shanghai,Boutique,Joaillerie,2025-12-29,145210.72,CNY,18877.39
TXN000924,CUST00487,Chine,Shanghai,Boutique,Accessoires & Parfums,2026-04-26,5372.65,CNY,698.45
TXN000925,CUST00488,USA,New York 5th Ave,Boutique,Mariage,2025-11-19,10112.73,USD,9303.71
TXN000926,CUST00488,USA,New York 5th Ave,En ligne,Accessoires & Parfums,2026-05-22,1063.82,USD,978.72
TXN000927,CUST00489,Chine,Pékin,En ligne,Accessoires & Parfums,2025-07-08,8153.58,CNY,1059.96
TXN000928,CUST00490,Moyen-Orient,Abu Dhabi,Boutique,Accessoires & Parfums,2026-06-03,3675.5,AED,918.88
TXN000929,CUST00491,USA,Bal Harbour,En ligne,Horlogerie,2025-11-12,26991.15,USD,24831.86
TXN000930,CUST00491,USA,Bal Harbour,Boutique,Horlogerie,2026-03-22,21269.78,USD,19568.2
TXN000931,CUST00492,France (siège),Paris Champs-Élysées,Boutique,Joaillerie,2026-02-02,12407.51,EUR,12407.51
TXN000932,CUST00492,France (siège),Paris Champs-Élysées,Boutique,Mariage,2026-07-07,7305.9,EUR,7305.9
TXN000933,CUST00493,France (siège),Paris Vendôme,Boutique,Accessoires & Parfums,2025-09-11,1068.83,EUR,1068.83
TXN000934,CUST00493,France (siège),Paris Vendôme,Événement privé,Horlogerie,2026-02-14,30120.94,EUR,30120.94
TXN000935,CUST00494,USA,Beverly Hills,Boutique,Joaillerie,2026-01-13,11787.34,USD,10844.36
TXN000936,CUST00494,USA,Beverly Hills,En ligne,Horlogerie,2026-06-10,33350.92,USD,30682.85
TXN000937,CUST00495,USA,New York 5th Ave,Boutique,Accessoires & Parfums,2026-04-15,831.93,USD,765.37
TXN000938,CUST00496,USA,Bal Harbour,Événement privé,Accessoires & Parfums,2025-06-03,1075.75,USD,989.69
TXN000939,CUST00496,USA,Bal Harbour,Événement privé,Mariage,2025-11-24,12427.37,USD,11433.18
TXN000940,CUST00496,USA,Bal Harbour,Boutique,Horlogerie,2026-05-14,39622.66,USD,36452.85
TXN000941,CUST00497,Japon,Osaka,Boutique,Joaillerie,2026-07-01,1856340.17,JPY,11509.31
TXN000942,CUST00498,France (siège),Paris Vendôme,Boutique,Mariage,2025-08-03,14556.4,EUR,14556.4
TXN000943,CUST00498,France (siège),Paris Vendôme,Boutique,Joaillerie,2026-01-07,13486.96,EUR,13486.96
TXN000944,CUST00498,France (siège),Paris Vendôme,Boutique,Accessoires & Parfums,2026-07-15,526.61,EUR,526.61
TXN000945,CUST00499,Japon,Osaka,Boutique,Mariage,2026-01-21,2266234.77,JPY,14050.66
TXN000946,CUST00499,Japon,Osaka,En ligne,Mariage,2026-06-08,2082593.3,JPY,12912.08
TXN000947,CUST00500,France (siège),Cannes,En ligne,Joaillerie,2025-10-17,10706.17,EUR,10706.17
TXN000948,CUST00500,France (siège),Cannes,Boutique,Joaillerie,2026-02-09,19707.79,EUR,19707.79
TXN000949,CUST00500,France (siège),Cannes,En ligne,Accessoires & Parfums,2026-07-05,585.84,EUR,585.84
TXN000950,CUST00501,Chine,Shanghai,Boutique,Joaillerie,2026-04-17,107143.06,CNY,13928.6
TXN000951,CUST00503,Chine,Hong Kong,Événement privé,Horlogerie,2026-03-05,198007.92,CNY,25741.03
TXN000952,CUST00504,France (siège),Paris Champs-Élysées,Boutique,Accessoires & Parfums,2025-06-17,549.47,EUR,549.47
TXN000953,CUST00504,France (siège),Paris Champs-Élysées,Boutique,Accessoires & Parfums,2025-10-31,1463.94,EUR,1463.94
TXN000954,CUST00504,France (siège),Paris Champs-Élysées,En ligne,Joaillerie,2026-03-27,20898.39,EUR,20898.39
TXN000955,CUST00505,France (siège),Paris Vendôme,Boutique,Mariage,2025-03-22,15278.89,EUR,15278.89
TXN000956,CUST00505,France (siège),Paris Vendôme,Boutique,Accessoires & Parfums,2025-08-17,1009.31,EUR,1009.31
TXN000957,CUST00505,France (siège),Paris Vendôme,En ligne,Joaillerie,2026-02-19,17232.19,EUR,17232.19
TXN000958,CUST00505,France (siège),Paris Vendôme,Boutique,Joaillerie,2026-07-10,15785.38,EUR,15785.38
TXN000959,CUST00506,Japon,Osaka,Boutique,Joaillerie,2025-02-06,3381905.56,JPY,20967.81
TXN000960,CUST00506,Japon,Osaka,Événement privé,Joaillerie,2025-06-18,2644939.27,JPY,16398.62
TXN000961,CUST00506,Japon,Osaka,Boutique,Joaillerie,2025-10-19,4267741.21,JPY,26460.0
TXN000962,CUST00506,Japon,Osaka,Boutique,Accessoires & Parfums,2026-02-04,238329.23,JPY,1477.64
TXN000963,CUST00506,Japon,Osaka,Boutique,Mariage,2026-07-09,3944961.06,JPY,24458.76
TXN000964,CUST00507,Chine,Hong Kong,Boutique,Joaillerie,2025-10-27,125303.89,CNY,16289.51
TXN000965,CUST00507,Chine,Hong Kong,Boutique,Haute Joaillerie,2026-04-26,988501.06,CNY,128505.14
TXN000966,CUST00508,France (siège),Paris Champs-Élysées,Boutique,Joaillerie,2025-04-28,13926.89,EUR,13926.89
TXN000967,CUST00508,France (siège),Paris Champs-Élysées,Boutique,Joaillerie,2025-10-26,11203.89,EUR,11203.89
TXN000968,CUST00508,France (siège),Paris Champs-Élysées,Boutique,Accessoires & Parfums,2026-05-17,607.21,EUR,607.21
TXN000969,CUST00509,France (siège),Paris Vendôme,En ligne,Joaillerie,2025-12-17,19256.57,EUR,19256.57
TXN000970,CUST00509,France (siège),Paris Vendôme,Boutique,Joaillerie,2026-06-15,10739.01,EUR,10739.01
TXN000971,CUST00510,USA,New York 5th Ave,Boutique,Accessoires & Parfums,2026-01-18,811.9,USD,746.95
TXN000972,CUST00510,USA,New York 5th Ave,En ligne,Accessoires & Parfums,2026-05-28,1258.01,USD,1157.37
TXN000973,CUST00511,Chine,Hong Kong,Boutique,Joaillerie,2025-12-10,92184.85,CNY,11984.03
TXN000974,CUST00511,Chine,Hong Kong,En ligne,Horlogerie,2026-05-17,160783.15,CNY,20901.81
TXN000975,CUST00512,Chine,Hong Kong,Boutique,Accessoires & Parfums,2025-04-03,6422.05,CNY,834.87
TXN000976,CUST00512,Chine,Hong Kong,En ligne,Accessoires & Parfums,2025-07-19,10479.39,CNY,1362.32
TXN000977,CUST00512,Chine,Hong Kong,Boutique,Accessoires & Parfums,2025-11-15,7387.67,CNY,960.4
TXN000978,CUST00512,Chine,Hong Kong,Boutique,Accessoires & Parfums,2026-04-09,7082.73,CNY,920.75
TXN000979,CUST00513,Japon,Osaka,En ligne,Mariage,2025-10-11,1024997.82,JPY,6354.99
TXN000980,CUST00513,Japon,Osaka,En ligne,Accessoires & Parfums,2026-04-13,67582.68,JPY,419.01
TXN000981,CUST00514,Chine,Hong Kong,Boutique,Joaillerie,2025-06-11,95165.44,CNY,12371.51
TXN000982,CUST00515,USA,Beverly Hills,En ligne,Joaillerie,2026-03-30,12017.5,USD,11056.1
TXN000983,CUST00516,France (siège),Cannes,En ligne,Haute Joaillerie,2025-08-02,89708.01,EUR,89708.01
TXN000984,CUST00517,Chine,Shanghai,Boutique,Accessoires & Parfums,2025-10-26,8370.5,CNY,1088.17
TXN000985,CUST00517,Chine,Shanghai,Boutique,Accessoires & Parfums,2026-03-23,7343.4,CNY,954.64
TXN000986,CUST00519,Japon,Tokyo Ginza,Boutique,Horlogerie,2026-04-25,6062120.69,JPY,37585.15
TXN000987,CUST00520,Chine,Hong Kong,Boutique,Accessoires & Parfums,2025-03-12,3960.36,CNY,514.85
TXN000988,CUST00520,Chine,Hong Kong,Boutique,Accessoires & Parfums,2025-07-14,8149.71,CNY,1059.46
TXN000989,CUST00520,Chine,Hong Kong,Boutique,Accessoires & Parfums,2025-11-29,3889.95,CNY,505.69
TXN000990,CUST00520,Chine,Hong Kong,Boutique,Joaillerie,2026-04-22,118837.36,CNY,15448.86
TXN000991,CUST00521,France (siège),Paris Champs-Élysées,Boutique,Joaillerie,2025-03-25,12040.3,EUR,12040.3
TXN000992,CUST00521,France (siège),Paris Champs-Élysées,Boutique,Accessoires & Parfums,2025-09-02,753.05,EUR,753.05
TXN000993,CUST00521,France (siège),Paris Champs-Élysées,Boutique,Horlogerie,2025-12-29,36072.13,EUR,36072.13
TXN000994,CUST00521,France (siège),Paris Champs-Élysées,Boutique,Horlogerie,2026-04-29,25786.88,EUR,25786.88
TXN000995,CUST00522,USA,Beverly Hills,En ligne,Joaillerie,2026-05-23,11001.0,USD,10120.92
TXN000996,CUST00523,Chine,Pékin,Boutique,Joaillerie,2026-03-18,128913.2,CNY,16758.72
TXN000997,CUST00524,USA,New York 5th Ave,Boutique,Accessoires & Parfums,2026-07-17,699.67,USD,643.7
TXN000998,CUST00525,Japon,Osaka,Boutique,Joaillerie,2025-09-05,2859403.33,JPY,17728.3
TXN000999,CUST00525,Japon,Osaka,En ligne,Accessoires & Parfums,2026-03-15,101186.02,JPY,627.35
TXN001000,CUST00526,Japon,Osaka,En ligne,Mariage,2025-06-25,985875.61,JPY,6112.43
TXN001001,CUST00526,Japon,Osaka,Boutique,Accessoires & Parfums,2025-11-20,87449.91,JPY,542.19
TXN001002,CUST00526,Japon,Osaka,Événement privé,Joaillerie,2026-05-04,2395685.4,JPY,14853.25
TXN001003,CUST00527,Chine,Hong Kong,Boutique,Haute Joaillerie,2026-01-17,1277839.73,CNY,166119.16
TXN001004,CUST00527,Chine,Hong Kong,Boutique,Joaillerie,2026-06-30,131919.81,CNY,17149.58
TXN001005,CUST00528,Chine,Pékin,Boutique,Accessoires & Parfums,2025-07-14,6097.17,CNY,792.63
TXN001006,CUST00528,Chine,Pékin,En ligne,Horlogerie,2026-01-08,229020.06,CNY,29772.61
TXN001007,CUST00528,Chine,Pékin,Boutique,Joaillerie,2026-06-07,118888.68,CNY,15455.53
TXN001008,CUST00529,Chine,Pékin,Événement privé,Accessoires & Parfums,2025-07-25,12364.21,CNY,1607.35
TXN001009,CUST00529,Chine,Pékin,Événement privé,Joaillerie,2025-11-24,161592.93,CNY,21007.08
TXN001010,CUST00529,Chine,Pékin,Boutique,Joaillerie,2026-02-13,224727.98,CNY,29214.64
TXN001011,CUST00529,Chine,Pékin,Boutique,Accessoires & Parfums,2026-06-26,8443.63,CNY,1097.67
TXN001012,CUST00530,Chine,Hong Kong,Boutique,Joaillerie,2025-08-16,188141.56,CNY,24458.4
TXN001013,CUST00530,Chine,Hong Kong,En ligne,Mariage,2025-12-22,168555.52,CNY,21912.22
TXN001014,CUST00530,Chine,Hong Kong,Événement privé,Joaillerie,2026-05-04,113228.78,CNY,14719.74
TXN001015,CUST00531,France (siège),Paris Champs-Élysées,Boutique,Accessoires & Parfums,2025-12-15,612.03,EUR,612.03
TXN001016,CUST00531,France (siège),Paris Champs-Élysées,Boutique,Horlogerie,2026-06-09,25945.14,EUR,25945.14
TXN001017,CUST00532,USA,Bal Harbour,En ligne,Mariage,2026-07-19,9369.96,USD,8620.36
TXN001018,CUST00533,USA,Bal Harbour,En ligne,Accessoires & Parfums,2026-03-06,539.83,USD,496.64
TXN001019,CUST00534,Chine,Pékin,Boutique,Accessoires & Parfums,2026-05-24,5023.64,CNY,653.07
TXN001020,CUST00535,Chine,Shanghai,En ligne,Accessoires & Parfums,2026-07-11,5533.39,CNY,719.34
TXN001021,CUST00536,Japon,Tokyo Ginza,Boutique,Accessoires & Parfums,2025-05-25,159554.13,JPY,989.24
TXN001022,CUST00536,Japon,Tokyo Ginza,Boutique,Joaillerie,2025-10-29,2255418.57,JPY,13983.6
TXN001023,CUST00537,USA,Beverly Hills,Événement privé,Joaillerie,2025-09-23,11919.86,USD,10966.27
TXN001024,CUST00537,USA,Beverly Hills,Boutique,Horlogerie,2026-01-18,26501.23,USD,24381.13
TXN001025,CUST00537,USA,Beverly Hills,Boutique,Joaillerie,2026-05-16,18827.47,USD,17321.28
TXN001026,CUST00538,France (siège),Paris Champs-Élysées,Boutique,Mariage,2026-02-15,11802.09,EUR,11802.09
TXN001027,CUST00540,France (siège),Paris Champs-Élysées,Événement privé,Haute Joaillerie,2025-09-03,81547.55,EUR,81547.55
TXN001028,CUST00540,France (siège),Paris Champs-Élysées,En ligne,Horlogerie,2026-02-02,27012.39,EUR,27012.39
TXN001029,CUST00540,France (siège),Paris Champs-Élysées,Boutique,Accessoires & Parfums,2026-06-25,813.93,EUR,813.93
TXN001030,CUST00541,Chine,Hong Kong,Boutique,Haute Joaillerie,2025-05-28,673690.46,CNY,87579.76
TXN001031,CUST00541,Chine,Hong Kong,Boutique,Accessoires & Parfums,2025-12-04,5875.26,CNY,763.78
TXN001032,CUST00541,Chine,Hong Kong,En ligne,Joaillerie,2026-05-11,60547.04,CNY,7871.11
TXN001033,CUST00542,USA,Beverly Hills,Boutique,Horlogerie,2025-12-20,48511.48,USD,44630.57
TXN001034,CUST00542,USA,Beverly Hills,Boutique,Accessoires & Parfums,2026-06-14,943.61,USD,868.12
TXN001035,CUST00543,USA,New York 5th Ave,Boutique,Accessoires & Parfums,2026-04-15,512.91,USD,471.87
TXN001036,CUST00544,Chine,Shanghai,En ligne,Joaillerie,2025-06-10,103794.2,CNY,13493.25
TXN001037,CUST00544,Chine,Shanghai,Boutique,Haute Joaillerie,2025-11-26,644586.96,CNY,83796.31
TXN001038,CUST00544,Chine,Shanghai,En ligne,Accessoires & Parfums,2026-06-20,3145.6,CNY,408.93
TXN001039,CUST00545,Chine,Hong Kong,Boutique,Accessoires & Parfums,2025-05-18,6063.53,CNY,788.26
TXN001040,CUST00545,Chine,Hong Kong,En ligne,Joaillerie,2025-11-09,126174.39,CNY,16402.67
TXN001041,CUST00545,Chine,Hong Kong,Boutique,Haute Joaillerie,2026-04-11,1009186.76,CNY,131194.28
TXN001042,CUST00546,France (siège),Paris Vendôme,En ligne,Accessoires & Parfums,2026-05-07,664.08,EUR,664.08
TXN001043,CUST00547,USA,New York 5th Ave,Boutique,Mariage,2025-09-09,8777.3,USD,8075.12
TXN001044,CUST00547,USA,New York 5th Ave,En ligne,Accessoires & Parfums,2026-03-09,959.64,USD,882.87
TXN001045,CUST00548,Japon,Tokyo Ginza,Événement privé,Accessoires & Parfums,2025-11-27,118364.64,JPY,733.86
TXN001046,CUST00548,Japon,Tokyo Ginza,Boutique,Accessoires & Parfums,2026-04-04,147452.88,JPY,914.21
TXN001047,CUST00549,France (siège),Paris Vendôme,Boutique,Joaillerie,2025-02-25,27425.9,EUR,27425.9
TXN001048,CUST00549,France (siège),Paris Vendôme,Boutique,Joaillerie,2025-07-12,18195.63,EUR,18195.63
TXN001049,CUST00549,France (siège),Paris Vendôme,En ligne,Horlogerie,2025-12-06,45512.65,EUR,45512.65
TXN001050,CUST00549,France (siège),Paris Vendôme,Boutique,Accessoires & Parfums,2026-04-17,819.25,EUR,819.25
TXN001051,CUST00550,Chine,Pékin,Boutique,Accessoires & Parfums,2025-05-12,5840.65,CNY,759.28
TXN001052,CUST00550,Chine,Pékin,Événement privé,Mariage,2025-09-22,131517.36,CNY,17097.26
TXN001053,CUST00550,Chine,Pékin,Boutique,Accessoires & Parfums,2026-02-07,15535.87,CNY,2019.66
TXN001054,CUST00550,Chine,Pékin,En ligne,Joaillerie,2026-06-15,171009.81,CNY,22231.28
TXN001055,CUST00551,Chine,Shanghai,Événement privé,Joaillerie,2025-09-27,95179.32,CNY,12373.31
TXN001056,CUST00551,Chine,Shanghai,Boutique,Accessoires & Parfums,2026-03-19,4985.71,CNY,648.14
TXN001057,CUST00552,France (siège),Paris Champs-Élysées,En ligne,Accessoires & Parfums,2025-12-27,1266.24,EUR,1266.24
TXN001058,CUST00552,France (siège),Paris Champs-Élysées,Boutique,Haute Joaillerie,2026-06-16,101846.94,EUR,101846.94
TXN001059,CUST00553,Moyen-Orient,Dubaï Mall,Boutique,Horlogerie,2026-05-16,96963.79,AED,24240.95
TXN001060,CUST00554,France (siège),Paris Champs-Élysées,En ligne,Mariage,2025-04-18,10818.84,EUR,10818.84
TXN001061,CUST00554,France (siège),Paris Champs-Élysées,Boutique,Accessoires & Parfums,2025-09-18,1073.75,EUR,1073.75
TXN001062,CUST00554,France (siège),Paris Champs-Élysées,En ligne,Joaillerie,2026-02-07,15606.3,EUR,15606.3
TXN001063,CUST00555,USA,Bal Harbour,Événement privé,Accessoires & Parfums,2025-02-13,796.01,USD,732.33
TXN001064,CUST00556,Chine,Pékin,Boutique,Joaillerie,2025-11-07,77624.15,CNY,10091.14
TXN001065,CUST00556,Chine,Pékin,Boutique,Mariage,2026-04-22,56382.18,CNY,7329.68
TXN001066,CUST00557,France (siège),Paris Champs-Élysées,Boutique,Haute Joaillerie,2026-01-19,128206.45,EUR,128206.45
TXN001067,CUST00557,France (siège),Paris Champs-Élysées,En ligne,Accessoires & Parfums,2026-07-21,545.86,EUR,545.86
TXN001068,CUST00558,Moyen-Orient,Dubaï Mall,Boutique,Joaillerie,2025-12-11,49497.87,AED,12374.47
TXN001069,CUST00558,Moyen-Orient,Dubaï Mall,En ligne,Horlogerie,2026-04-22,137134.15,AED,34283.54
TXN001070,CUST00559,France (siège),Cannes,Boutique,Mariage,2025-11-13,14067.55,EUR,14067.55
TXN001071,CUST00560,USA,New York 5th Ave,Boutique,Mariage,2026-02-18,12747.15,USD,11727.38
TXN001072,CUST00560,USA,New York 5th Ave,Boutique,Horlogerie,2026-07-03,39855.33,USD,36666.9
TXN001073,CUST00561,Moyen-Orient,Dubaï Mall,Boutique,Joaillerie,2025-06-11,50685.45,AED,12671.36
TXN001074,CUST00561,Moyen-Orient,Dubaï Mall,Boutique,Joaillerie,2025-10-19,45637.23,AED,11409.31
TXN001075,CUST00561,Moyen-Orient,Dubaï Mall,Événement privé,Horlogerie,2026-05-11,144680.82,AED,36170.2
TXN001076,CUST00562,Japon,Osaka,Boutique,Accessoires & Parfums,2025-05-31,160215.93,JPY,993.34
TXN001077,CUST00562,Japon,Osaka,En ligne,Accessoires & Parfums,2025-10-09,103660.2,JPY,642.69
TXN001078,CUST00562,Japon,Osaka,Boutique,Joaillerie,2026-03-05,2868876.76,JPY,17787.04
TXN001079,CUST00563,Chine,Hong Kong,Événement privé,Accessoires & Parfums,2025-06-25,7879.24,CNY,1024.3
TXN001080,CUST00563,Chine,Hong Kong,Boutique,Joaillerie,2025-10-17,185141.18,CNY,24068.35
TXN001081,CUST00563,Chine,Hong Kong,En ligne,Haute Joaillerie,2026-02-07,1392007.17,CNY,180960.93
TXN001082,CUST00563,Chine,Hong Kong,Boutique,Accessoires & Parfums,2026-06-03,7581.61,CNY,985.61
TXN001083,CUST00564,France (siège),Paris Champs-Élysées,Boutique,Accessoires & Parfums,2026-04-28,633.37,EUR,633.37
TXN001084,CUST00565,France (siège),Paris Vendôme,Boutique,Joaillerie,2025-05-31,16277.34,EUR,16277.34
TXN001085,CUST00565,France (siège),Paris Vendôme,Boutique,Joaillerie,2025-10-03,7055.56,EUR,7055.56
TXN001086,CUST00565,France (siège),Paris Vendôme,En ligne,Joaillerie,2026-03-05,17462.56,EUR,17462.56
TXN001087,CUST00566,Chine,Hong Kong,Boutique,Joaillerie,2026-05-16,161540.27,CNY,21000.24
TXN001088,CUST00567,Chine,Pékin,Boutique,Haute Joaillerie,2026-03-22,1086975.03,CNY,141306.75
TXN001089,CUST00568,USA,Bal Harbour,Événement privé,Joaillerie,2026-04-10,12247.06,USD,11267.29
TXN001090,CUST00570,France (siège),Paris Champs-Élysées,Boutique,Horlogerie,2025-01-11,54131.56,EUR,54131.56
TXN001091,CUST00570,France (siège),Paris Champs-Élysées,Boutique,Horlogerie,2025-04-23,36257.05,EUR,36257.05
TXN001092,CUST00570,France (siège),Paris Champs-Élysées,Boutique,Horlogerie,2025-08-22,51204.58,EUR,51204.58
TXN001093,CUST00571,Japon,Osaka,Boutique,Mariage,2025-12-22,2134862.7,JPY,13236.15
TXN001094,CUST00571,Japon,Osaka,Événement privé,Accessoires & Parfums,2026-06-23,69418.04,JPY,430.39
TXN001095,CUST00573,USA,Bal Harbour,En ligne,Accessoires & Parfums,2025-05-19,1352.74,USD,1244.52
TXN001096,CUST00574,France (siège),Cannes,Boutique,Accessoires & Parfums,2026-05-16,1040.73,EUR,1040.73
TXN001097,CUST00575,France (siège),Paris Champs-Élysées,Boutique,Accessoires & Parfums,2026-02-01,704.67,EUR,704.67
TXN001098,CUST00575,France (siège),Paris Champs-Élysées,Boutique,Accessoires & Parfums,2026-07-17,464.83,EUR,464.83
TXN001099,CUST00576,Moyen-Orient,Dubaï Mall,Boutique,Mariage,2025-07-11,50875.47,AED,12718.87
TXN001100,CUST00576,Moyen-Orient,Dubaï Mall,En ligne,Joaillerie,2026-01-09,100666.3,AED,25166.57
TXN001101,CUST00577,USA,Beverly Hills,Boutique,Joaillerie,2025-04-21,15441.33,USD,14206.02
TXN001102,CUST00577,USA,Beverly Hills,En ligne,Accessoires & Parfums,2025-10-06,997.79,USD,917.97
TXN001103,CUST00577,USA,Beverly Hills,Boutique,Horlogerie,2026-01-20,30570.19,USD,28124.57
TXN001104,CUST00577,USA,Beverly Hills,Boutique,Horlogerie,2026-06-01,33860.55,USD,31151.71
TXN001105,CUST00578,France (siège),Cannes,Événement privé,Joaillerie,2026-02-27,17180.35,EUR,17180.35
TXN001106,CUST00578,France (siège),Cannes,En ligne,Accessoires & Parfums,2026-06-25,1002.46,EUR,1002.46
TXN001107,CUST00579,USA,Beverly Hills,Boutique,Accessoires & Parfums,2026-07-11,644.39,USD,592.84
TXN001108,CUST00580,Chine,Pékin,En ligne,Accessoires & Parfums,2026-02-02,11339.07,CNY,1474.08
TXN001109,CUST00580,Chine,Pékin,Boutique,Joaillerie,2026-06-07,98870.28,CNY,12853.14
TXN001110,CUST00581,France (siège),Paris Vendôme,En ligne,Horlogerie,2026-03-18,28080.78,EUR,28080.78
TXN001111,CUST00581,France (siège),Paris Vendôme,Boutique,Horlogerie,2026-07-18,26606.33,EUR,26606.33
TXN001112,CUST00582,USA,Beverly Hills,Boutique,Joaillerie,2026-05-15,17662.73,USD,16249.71
TXN001113,CUST00583,Japon,Tokyo Ginza,Événement privé,Horlogerie,2025-07-13,2505371.9,JPY,15533.31
TXN001114,CUST00583,Japon,Tokyo Ginza,Événement privé,Accessoires & Parfums,2026-02-06,68233.08,JPY,423.05
TXN001115,CUST00583,Japon,Tokyo Ginza,En ligne,Joaillerie,2026-07-07,2246633.07,JPY,13929.13
TXN001116,CUST00584,USA,New York 5th Ave,En ligne,Haute Joaillerie,2025-07-26,108238.16,USD,99579.11
TXN001117,CUST00584,USA,New York 5th Ave,Boutique,Haute Joaillerie,2026-01-14,53531.02,USD,49248.54
TXN001118,CUST00585,Moyen-Orient,Abu Dhabi,En ligne,Accessoires & Parfums,2025-11-09,1610.78,AED,402.69
TXN001119,CUST00585,Moyen-Orient,Abu Dhabi,Boutique,Haute Joaillerie,2026-04-28,367432.67,AED,91858.17
TXN001120,CUST00586,USA,New York 5th Ave,Boutique,Joaillerie,2025-03-17,14277.78,USD,13135.56
TXN001121,CUST00587,Japon,Osaka,En ligne,Horlogerie,2026-01-18,3167970.51,JPY,19641.42
TXN001122,CUST00587,Japon,Osaka,Événement privé,Joaillerie,2026-06-11,3145047.26,JPY,19499.29
TXN001123,CUST00588,France (siège),Cannes,En ligne,Accessoires & Parfums,2025-06-06,803.5,EUR,803.5
TXN001124,CUST00588,France (siège),Cannes,Boutique,Accessoires & Parfums,2025-12-10,1181.52,EUR,1181.52
TXN001125,CUST00588,France (siège),Cannes,En ligne,Joaillerie,2026-05-14,9852.46,EUR,9852.46
TXN001126,CUST00589,France (siège),Paris Vendôme,Boutique,Accessoires & Parfums,2025-06-07,603.05,EUR,603.05
TXN001127,CUST00589,France (siège),Paris Vendôme,Boutique,Joaillerie,2025-11-20,14668.61,EUR,14668.61
TXN001128,CUST00589,France (siège),Paris Vendôme,Boutique,Mariage,2026-05-30,9212.43,EUR,9212.43
TXN001129,CUST00590,USA,Beverly Hills,Boutique,Accessoires & Parfums,2025-09-15,1021.13,USD,939.44
TXN001130,CUST00590,USA,Beverly Hills,En ligne,Joaillerie,2026-03-10,13998.8,USD,12878.9
TXN001131,CUST00591,France (siège),Paris Vendôme,En ligne,Joaillerie,2026-02-27,14867.99,EUR,14867.99
TXN001132,CUST00591,France (siège),Paris Vendôme,Événement privé,Accessoires & Parfums,2026-07-10,574.08,EUR,574.08
TXN001133,CUST00592,USA,New York 5th Ave,Boutique,Joaillerie,2025-06-27,11027.33,USD,10145.14
TXN001134,CUST00592,USA,New York 5th Ave,Boutique,Horlogerie,2025-11-20,31369.74,USD,28860.16
TXN001135,CUST00592,USA,New York 5th Ave,Événement privé,Joaillerie,2026-05-09,20763.44,USD,19102.37
TXN001136,CUST00593,USA,New York 5th Ave,Boutique,Joaillerie,2026-03-12,9004.45,USD,8284.1
TXN001137,CUST00594,Chine,Pékin,Boutique,Horlogerie,2026-07-20,243177.17,CNY,31613.03
TXN001138,CUST00595,USA,New York 5th Ave,Boutique,Accessoires & Parfums,2025-09-16,962.93,USD,885.9
TXN001139,CUST00595,USA,New York 5th Ave,Boutique,Mariage,2026-01-28,12830.67,USD,11804.22
TXN001140,CUST00595,USA,New York 5th Ave,Boutique,Haute Joaillerie,2026-07-20,110883.2,USD,102012.54
TXN001141,CUST00596,Chine,Shanghai,Boutique,Joaillerie,2026-07-16,71327.35,CNY,9272.56
TXN001142,CUST00597,USA,New York 5th Ave,Boutique,Haute Joaillerie,2026-01-07,76305.85,USD,70201.38
TXN001143,CUST00598,France (siège),Cannes,Boutique,Joaillerie,2026-02-26,18564.57,EUR,18564.57
TXN001144,CUST00598,France (siège),Cannes,Boutique,Accessoires & Parfums,2026-06-16,1126.88,EUR,1126.88
TXN001145,CUST00599,Chine,Pékin,En ligne,Joaillerie,2025-04-05,73334.84,CNY,9533.53
TXN001146,CUST00599,Chine,Pékin,En ligne,Accessoires & Parfums,2025-09-11,6261.07,CNY,813.94
TXN001147,CUST00599,Chine,Pékin,Boutique,Joaillerie,2026-01-16,201442.31,CNY,26187.5
TXN001148,CUST00599,Chine,Pékin,Boutique,Joaillerie,2026-07-19,126894.43,CNY,16496.28
TXN001149,CUST00600,France (siège),Paris Vendôme,Boutique,Horlogerie,2025-09-20,39636.48,EUR,39636.48
TXN001150,CUST00601,Japon,Tokyo Ginza,En ligne,Joaillerie,2025-04-27,1358749.42,JPY,8424.25
TXN001151,CUST00601,Japon,Tokyo Ginza,Boutique,Joaillerie,2025-10-17,2472072.39,JPY,15326.85
TXN001152,CUST00601,Japon,Tokyo Ginza,Événement privé,Joaillerie,2026-04-02,2336473.02,JPY,14486.13
TXN001153,CUST00602,Moyen-Orient,Dubaï Mall,Boutique,Mariage,2025-08-27,42246.02,AED,10561.51
TXN001154,CUST00602,Moyen-Orient,Dubaï Mall,Boutique,Joaillerie,2026-01-26,54623.25,AED,13655.81
TXN001155,CUST00602,Moyen-Orient,Dubaï Mall,Boutique,Mariage,2026-07-06,40984.84,AED,10246.21
TXN001156,CUST00603,USA,New York 5th Ave,Boutique,Accessoires & Parfums,2025-03-11,1197.53,USD,1101.73
TXN001157,CUST00603,USA,New York 5th Ave,Boutique,Accessoires & Parfums,2025-09-12,1108.28,USD,1019.62
TXN001158,CUST00604,Moyen-Orient,Abu Dhabi,Boutique,Joaillerie,2026-06-15,80143.25,AED,20035.81
TXN001159,CUST00605,France (siège),Paris Champs-Élysées,En ligne,Horlogerie,2025-11-04,38114.15,EUR,38114.15
TXN001160,CUST00605,France (siège),Paris Champs-Élysées,Boutique,Accessoires & Parfums,2026-04-04,1201.87,EUR,1201.87
TXN001161,CUST00606,Moyen-Orient,Abu Dhabi,Boutique,Accessoires & Parfums,2026-07-17,2989.56,AED,747.39
TXN001162,CUST00607,Chine,Shanghai,Boutique,Joaillerie,2025-09-26,101400.36,CNY,13182.05
TXN001163,CUST00607,Chine,Shanghai,Boutique,Accessoires & Parfums,2026-01-23,14995.29,CNY,1949.39
TXN001164,CUST00607,Chine,Shanghai,Événement privé,Haute Joaillerie,2026-05-01,1033578.78,CNY,134365.24
TXN001165,CUST00608,France (siège),Paris Vendôme,Boutique,Accessoires & Parfums,2026-03-15,466.41,EUR,466.41
TXN001166,CUST00608,France (siège),Paris Vendôme,Boutique,Accessoires & Parfums,2026-07-31,621.05,EUR,621.05
TXN001167,CUST00609,Chine,Hong Kong,Boutique,Joaillerie,2026-02-13,178165.41,CNY,23161.5
TXN001168,CUST00609,Chine,Hong Kong,Boutique,Accessoires & Parfums,2026-07-17,4407.01,CNY,572.91
TXN001169,CUST00610,Moyen-Orient,Dubaï Mall,Boutique,Joaillerie,2026-01-16,50123.92,AED,12530.98
TXN001170,CUST00610,Moyen-Orient,Dubaï Mall,Boutique,Horlogerie,2026-07-21,94794.37,AED,23698.59
TXN001171,CUST00611,France (siège),Paris Champs-Élysées,Boutique,Accessoires & Parfums,2026-05-05,567.84,EUR,567.84
TXN001172,CUST00613,Chine,Hong Kong,En ligne,Accessoires & Parfums,2025-02-17,5058.81,CNY,657.65
TXN001173,CUST00613,Chine,Hong Kong,Boutique,Mariage,2025-07-01,112710.88,CNY,14652.41
TXN001174,CUST00613,Chine,Hong Kong,Événement privé,Horlogerie,2025-11-12,202933.12,CNY,26381.31
TXN001175,CUST00613,Chine,Hong Kong,En ligne,Mariage,2026-03-21,125543.74,CNY,16320.69
TXN001176,CUST00614,USA,Bal Harbour,Boutique,Accessoires & Parfums,2026-07-23,1092.28,USD,1004.9
TXN001177,CUST00615,Moyen-Orient,Abu Dhabi,Boutique,Mariage,2025-11-03,35443.04,AED,8860.76
TXN001178,CUST00615,Moyen-Orient,Abu Dhabi,Boutique,Joaillerie,2026-05-19,54169.51,AED,13542.38
TXN001179,CUST00616,USA,Beverly Hills,Boutique,Horlogerie,2026-02-27,25311.2,USD,23286.3
TXN001180,CUST00617,Japon,Tokyo Ginza,En ligne,Joaillerie,2025-11-06,1866042.55,JPY,11569.46
TXN001181,CUST00617,Japon,Tokyo Ginza,En ligne,Joaillerie,2026-05-09,1859862.04,JPY,11531.14
TXN001182,CUST00619,USA,New York 5th Ave,En ligne,Joaillerie,2025-05-29,13449.07,USD,12373.14
TXN001183,CUST00620,Japon,Osaka,Boutique,Accessoires & Parfums,2025-07-12,163799.39,JPY,1015.56
TXN001184,CUST00620,Japon,Osaka,Événement privé,Mariage,2026-01-03,2190573.76,JPY,13581.56
TXN001185,CUST00620,Japon,Osaka,Boutique,Joaillerie,2026-06-14,2169515.28,JPY,13450.99
TXN001186,CUST00621,Japon,Osaka,En ligne,Accessoires & Parfums,2025-12-05,262973.09,JPY,1630.43
TXN001187,CUST00621,Japon,Osaka,Boutique,Horlogerie,2026-04-29,2678437.25,JPY,16606.31
TXN001188,CUST00624,Chine,Hong Kong,En ligne,Accessoires & Parfums,2025-10-04,10884.21,CNY,1414.95
TXN001189,CUST00624,Chine,Hong Kong,Événement privé,Joaillerie,2026-02-02,293522.08,CNY,38157.87
TXN001190,CUST00624,Chine,Hong Kong,Événement privé,Horlogerie,2026-05-28,248556.03,CNY,32312.28
TXN001191,CUST00625,Moyen-Orient,Abu Dhabi,Boutique,Accessoires & Parfums,2026-06-30,2992.77,AED,748.19
TXN001192,CUST00626,France (siège),Paris Champs-Élysées,Événement privé,Accessoires & Parfums,2026-05-26,919.71,EUR,919.71
TXN001193,CUST00627,Moyen-Orient,Abu Dhabi,Boutique,Joaillerie,2025-11-05,48970.64,AED,12242.66
TXN001194,CUST00627,Moyen-Orient,Abu Dhabi,En ligne,Joaillerie,2026-03-31,60147.97,AED,15036.99
TXN001195,CUST00628,Moyen-Orient,Dubaï Mall,Boutique,Joaillerie,2026-01-05,109769.13,AED,27442.28
TXN001196,CUST00628,Moyen-Orient,Dubaï Mall,Boutique,Horlogerie,2026-04-21,111957.26,AED,27989.31
TXN001197,CUST00629,USA,Bal Harbour,En ligne,Accessoires & Parfums,2025-10-07,725.12,USD,667.11
TXN001198,CUST00629,USA,Bal Harbour,Boutique,Accessoires & Parfums,2026-02-04,872.78,USD,802.96
TXN001199,CUST00630,Japon,Tokyo Ginza,Boutique,Accessoires & Parfums,2025-08-30,162250.74,JPY,1005.95
TXN001200,CUST00630,Japon,Tokyo Ginza,Boutique,Horlogerie,2025-12-26,8479928.35,JPY,52575.56
TXN001201,CUST00630,Japon,Tokyo Ginza,Boutique,Joaillerie,2026-05-02,3260118.2,JPY,20212.73
TXN001202,CUST00631,France (siège),Paris Vendôme,Boutique,Joaillerie,2025-08-01,19279.96,EUR,19279.96
TXN001203,CUST00631,France (siège),Paris Vendôme,Boutique,Accessoires & Parfums,2026-01-12,1077.89,EUR,1077.89
TXN001204,CUST00631,France (siège),Paris Vendôme,Boutique,Joaillerie,2026-07-07,18631.16,EUR,18631.16
TXN001205,CUST00632,USA,Bal Harbour,Événement privé,Joaillerie,2025-11-08,18069.32,USD,16623.78
TXN001206,CUST00632,USA,Bal Harbour,Boutique,Horlogerie,2026-05-15,12309.26,USD,11324.52
TXN001207,CUST00633,Chine,Shanghai,Boutique,Accessoires & Parfums,2026-06-11,4197.61,CNY,545.69
TXN001208,CUST00634,Moyen-Orient,Abu Dhabi,Boutique,Horlogerie,2025-09-30,239900.48,AED,59975.12
TXN001209,CUST00634,Moyen-Orient,Abu Dhabi,Boutique,Mariage,2026-01-07,58311.22,AED,14577.81
TXN001210,CUST00634,Moyen-Orient,Abu Dhabi,Événement privé,Joaillerie,2026-04-04,94272.57,AED,23568.14
TXN001211,CUST00634,Moyen-Orient,Abu Dhabi,Événement privé,Accessoires & Parfums,2026-06-27,6729.81,AED,1682.45
TXN001212,CUST00635,Moyen-Orient,Dubaï Mall,Événement privé,Haute Joaillerie,2026-01-13,285969.98,AED,71492.5
TXN001213,CUST00635,Moyen-Orient,Dubaï Mall,Boutique,Joaillerie,2026-05-23,72327.67,AED,18081.92
TXN001214,CUST00636,USA,Bal Harbour,Boutique,Accessoires & Parfums,2025-07-06,1351.1,USD,1243.01
TXN001215,CUST00636,USA,Bal Harbour,Boutique,Horlogerie,2025-11-05,35125.43,USD,32315.39
TXN001216,CUST00636,USA,Bal Harbour,Boutique,Horlogerie,2026-04-14,38079.25,USD,35032.91
TXN001217,CUST00637,Chine,Pékin,Boutique,Joaillerie,2025-02-06,123086.58,CNY,16001.25
TXN001218,CUST00637,Chine,Pékin,Boutique,Accessoires & Parfums,2025-08-14,5071.8,CNY,659.33
TXN001219,CUST00637,Chine,Pékin,Boutique,Horlogerie,2026-02-06,372300.89,CNY,48399.12
TXN001220,CUST00637,Chine,Pékin,Boutique,Joaillerie,2026-07-24,75550.69,CNY,9821.59
TXN001221,CUST00638,Moyen-Orient,Dubaï Mall,En ligne,Joaillerie,2025-10-18,39740.6,AED,9935.15
TXN001222,CUST00638,Moyen-Orient,Dubaï Mall,Boutique,Joaillerie,2026-04-17,60423.23,AED,15105.81
TXN001223,CUST00639,Chine,Hong Kong,Boutique,Joaillerie,2026-03-06,165814.12,CNY,21555.84
TXN001224,CUST00640,France (siège),Paris Vendôme,Boutique,Joaillerie,2025-10-09,16187.88,EUR,16187.88
TXN001225,CUST00640,France (siège),Paris Vendôme,Boutique,Accessoires & Parfums,2026-03-26,969.06,EUR,969.06
TXN001226,CUST00641,France (siège),Paris Vendôme,Événement privé,Accessoires & Parfums,2026-02-13,844.85,EUR,844.85
TXN001227,CUST00642,Moyen-Orient,Abu Dhabi,Boutique,Accessoires & Parfums,2025-04-08,2065.9,AED,516.48
TXN001228,CUST00642,Moyen-Orient,Abu Dhabi,En ligne,Mariage,2025-09-02,40780.78,AED,10195.2
TXN001229,CUST00643,France (siège),Paris Champs-Élysées,Événement privé,Accessoires & Parfums,2026-03-20,877.38,EUR,877.38
TXN001230,CUST00644,France (siège),Paris Champs-Élysées,Événement privé,Joaillerie,2026-07-18,8431.59,EUR,8431.59
TXN001231,CUST00645,USA,Bal Harbour,En ligne,Joaillerie,2026-04-23,13746.84,USD,12647.09
TXN001232,CUST00646,USA,New York 5th Ave,En ligne,Joaillerie,2026-02-25,14926.51,USD,13732.39
TXN001233,CUST00647,Japon,Osaka,Boutique,Haute Joaillerie,2026-03-11,16946760.3,JPY,105069.91
TXN001234,CUST00648,Chine,Hong Kong,Boutique,Accessoires & Parfums,2026-04-05,4581.04,CNY,595.54
TXN001235,CUST00649,Moyen-Orient,Dubaï Mall,Événement privé,Mariage,2026-06-28,70274.24,AED,17568.56
TXN001236,CUST00650,France (siège),Cannes,Boutique,Haute Joaillerie,2026-06-13,156503.8,EUR,156503.8
TXN001237,CUST00652,France (siège),Cannes,En ligne,Accessoires & Parfums,2026-01-21,887.85,EUR,887.85
TXN001238,CUST00652,France (siège),Cannes,Boutique,Joaillerie,2026-07-21,10395.6,EUR,10395.6
TXN001239,CUST00653,Japon,Osaka,En ligne,Accessoires & Parfums,2026-03-13,102337.65,JPY,634.49
TXN001240,CUST00654,Moyen-Orient,Dubaï Mall,Boutique,Joaillerie,2026-02-07,43045.49,AED,10761.37
TXN001241,CUST00655,Japon,Tokyo Ginza,Événement privé,Accessoires & Parfums,2026-02-12,129061.28,JPY,800.18
TXN001242,CUST00655,Japon,Tokyo Ginza,Boutique,Accessoires & Parfums,2026-06-21,211926.0,JPY,1313.94
TXN001243,CUST00657,USA,Bal Harbour,Boutique,Accessoires & Parfums,2025-08-10,313.17,USD,288.11
TXN001244,CUST00657,USA,Bal Harbour,Boutique,Haute Joaillerie,2025-12-21,120336.17,USD,110709.28
TXN001245,CUST00657,USA,Bal Harbour,Boutique,Joaillerie,2026-05-26,15502.6,USD,14262.4
TXN001246,CUST00658,Moyen-Orient,Abu Dhabi,Boutique,Joaillerie,2025-09-15,88096.72,AED,22024.18
TXN001247,CUST00658,Moyen-Orient,Abu Dhabi,En ligne,Horlogerie,2026-02-16,104216.04,AED,26054.01
TXN001248,CUST00658,Moyen-Orient,Abu Dhabi,Boutique,Joaillerie,2026-06-22,94557.2,AED,23639.3
TXN001249,CUST00659,Chine,Hong Kong,En ligne,Accessoires & Parfums,2025-02-17,10628.84,CNY,1381.75
TXN001250,CUST00659,Chine,Hong Kong,Boutique,Accessoires & Parfums,2025-06-28,5442.73,CNY,707.55
TXN001251,CUST00659,Chine,Hong Kong,Boutique,Haute Joaillerie,2025-11-23,1232683.36,CNY,160248.84
TXN001252,CUST00659,Chine,Hong Kong,Boutique,Horlogerie,2026-04-14,335802.13,CNY,43654.28
TXN001253,CUST00660,Japon,Osaka,En ligne,Horlogerie,2026-05-21,8046512.1,JPY,49888.38
TXN001254,CUST00661,Chine,Shanghai,En ligne,Horlogerie,2025-07-11,119464.65,CNY,15530.4
TXN001255,CUST00661,Chine,Shanghai,Événement privé,Accessoires & Parfums,2026-01-18,4831.93,CNY,628.15
TXN001256,CUST00661,Chine,Shanghai,En ligne,Joaillerie,2026-07-15,88643.47,CNY,11523.65
TXN001257,CUST00662,Japon,Tokyo Ginza,En ligne,Mariage,2026-01-13,1623306.11,JPY,10064.5
TXN001258,CUST00662,Japon,Tokyo Ginza,Boutique,Horlogerie,2026-05-14,3383762.33,JPY,20979.33
TXN001259,CUST00663,France (siège),Paris Vendôme,Boutique,Accessoires & Parfums,2025-10-13,450.14,EUR,450.14
TXN001260,CUST00663,France (siège),Paris Vendôme,Boutique,Haute Joaillerie,2026-04-17,159445.97,EUR,159445.97
TXN001261,CUST00664,Japon,Tokyo Ginza,Événement privé,Horlogerie,2025-01-17,2545879.87,JPY,15784.46
TXN001262,CUST00664,Japon,Tokyo Ginza,En ligne,Joaillerie,2025-08-02,3303492.97,JPY,20481.66
TXN001263,CUST00664,Japon,Tokyo Ginza,En ligne,Mariage,2026-01-29,2247789.51,JPY,13936.29
TXN001264,CUST00664,Japon,Tokyo Ginza,Boutique,Joaillerie,2026-06-25,2889838.1,JPY,17917.0
TXN001265,CUST00665,France (siège),Cannes,Boutique,Horlogerie,2025-10-26,19857.66,EUR,19857.66
TXN001266,CUST00665,France (siège),Cannes,Boutique,Joaillerie,2026-04-29,12264.91,EUR,12264.91
TXN001267,CUST00666,Moyen-Orient,Dubaï Mall,Boutique,Accessoires & Parfums,2026-07-06,2458.86,AED,614.72
TXN001268,CUST00667,Japon,Osaka,Boutique,Horlogerie,2025-12-23,7540786.29,JPY,46752.87
TXN001269,CUST00667,Japon,Osaka,En ligne,Joaillerie,2026-06-03,2399435.68,JPY,14876.5
TXN001270,CUST00668,France (siège),Paris Champs-Élysées,Boutique,Joaillerie,2026-03-31,14567.83,EUR,14567.83
TXN001271,CUST00669,USA,New York 5th Ave,Boutique,Mariage,2025-04-17,21313.9,USD,19608.79
TXN001272,CUST00669,USA,New York 5th Ave,Boutique,Mariage,2025-08-03,25364.46,USD,23335.3
TXN001273,CUST00669,USA,New York 5th Ave,Boutique,Joaillerie,2025-12-01,45252.55,USD,41632.35
TXN001274,CUST00669,USA,New York 5th Ave,Boutique,Joaillerie,2026-03-11,22314.82,USD,20529.63
TXN001275,CUST00669,USA,New York 5th Ave,Événement privé,Horlogerie,2026-06-23,36136.23,USD,33245.33
TXN001276,CUST00670,Chine,Hong Kong,Événement privé,Horlogerie,2025-10-27,224962.61,CNY,29245.14
TXN001277,CUST00670,Chine,Hong Kong,Événement privé,Joaillerie,2026-03-18,110876.09,CNY,14413.89
TXN001278,CUST00671,France (siège),Cannes,Boutique,Accessoires & Parfums,2026-05-11,865.29,EUR,865.29
TXN001279,CUST00672,Chine,Hong Kong,En ligne,Accessoires & Parfums,2025-11-26,4505.01,CNY,585.65
TXN001280,CUST00672,Chine,Hong Kong,En ligne,Mariage,2026-05-14,62977.58,CNY,8187.09
TXN001281,CUST00673,Moyen-Orient,Abu Dhabi,En ligne,Joaillerie,2025-03-21,49783.58,AED,12445.89
TXN001282,CUST00673,Moyen-Orient,Abu Dhabi,Boutique,Horlogerie,2025-09-28,155451.18,AED,38862.79
TXN001283,CUST00673,Moyen-Orient,Abu Dhabi,Boutique,Accessoires & Parfums,2026-03-11,3585.77,AED,896.44
TXN001284,CUST00675,Chine,Pékin,Boutique,Accessoires & Parfums,2026-03-08,8018.52,CNY,1042.41
TXN001285,CUST00676,Chine,Hong Kong,En ligne,Mariage,2025-06-04,37576.64,CNY,4884.96
TXN001286,CUST00676,Chine,Hong Kong,Boutique,Accessoires & Parfums,2025-10-23,4273.01,CNY,555.49
TXN001287,CUST00676,Chine,Hong Kong,Boutique,Haute Joaillerie,2026-04-10,584458.25,CNY,75979.57
TXN001288,CUST00677,France (siège),Paris Champs-Élysées,Boutique,Accessoires & Parfums,2026-02-14,731.72,EUR,731.72
TXN001289,CUST00677,France (siège),Paris Champs-Élysées,En ligne,Mariage,2026-07-12,12896.28,EUR,12896.28
TXN001290,CUST00678,France (siège),Paris Champs-Élysées,Boutique,Accessoires & Parfums,2025-10-01,783.37,EUR,783.37
TXN001291,CUST00678,France (siège),Paris Champs-Élysées,Boutique,Joaillerie,2026-03-11,8803.75,EUR,8803.75
TXN001292,CUST00679,USA,New York 5th Ave,Boutique,Mariage,2026-04-30,12003.97,USD,11043.65
TXN001293,CUST00680,Japon,Tokyo Ginza,Boutique,Accessoires & Parfums,2025-03-09,70396.76,JPY,436.46
TXN001294,CUST00680,Japon,Tokyo Ginza,Boutique,Horlogerie,2025-10-22,3100105.14,JPY,19220.65
TXN001295,CUST00681,Chine,Shanghai,Boutique,Mariage,2026-04-30,69539.14,CNY,9040.09
TXN001296,CUST00682,France (siège),Paris Vendôme,En ligne,Accessoires & Parfums,2026-03-28,805.91,EUR,805.91
TXN001297,CUST00683,Chine,Pékin,En ligne,Joaillerie,2026-04-27,155582.28,CNY,20225.7
TXN001298,CUST00684,France (siège),Cannes,Boutique,Haute Joaillerie,2025-07-17,78544.7,EUR,78544.7
TXN001299,CUST00684,France (siège),Cannes,En ligne,Horlogerie,2025-12-21,37122.88,EUR,37122.88
TXN001300,CUST00685,Moyen-Orient,Abu Dhabi,Boutique,Accessoires & Parfums,2026-07-24,4305.3,AED,1076.32
TXN001301,CUST00686,Moyen-Orient,Abu Dhabi,Boutique,Joaillerie,2025-05-12,59733.9,AED,14933.48
TXN001302,CUST00686,Moyen-Orient,Abu Dhabi,Événement privé,Joaillerie,2025-09-11,41703.52,AED,10425.88
TXN001303,CUST00686,Moyen-Orient,Abu Dhabi,Boutique,Horlogerie,2026-01-19,103629.43,AED,25907.36
TXN001304,CUST00686,Moyen-Orient,Abu Dhabi,Boutique,Mariage,2026-05-06,56524.06,AED,14131.01
TXN001305,CUST00687,USA,Bal Harbour,Boutique,Horlogerie,2025-02-09,15992.64,USD,14713.23
TXN001306,CUST00687,USA,Bal Harbour,Boutique,Horlogerie,2025-06-30,29524.78,USD,27162.79
TXN001307,CUST00687,USA,Bal Harbour,Boutique,Accessoires & Parfums,2025-12-22,904.51,USD,832.15
TXN001308,CUST00688,Chine,Hong Kong,Boutique,Accessoires & Parfums,2026-03-19,8443.64,CNY,1097.67
TXN001309,CUST00689,USA,New York 5th Ave,Boutique,Mariage,2025-07-31,14018.86,USD,12897.35
TXN001310,CUST00689,USA,New York 5th Ave,En ligne,Joaillerie,2026-01-22,21046.75,USD,19363.01
TXN001311,CUST00689,USA,New York 5th Ave,En ligne,Horlogerie,2026-06-16,35256.52,USD,32436.0
TXN001312,CUST00690,Moyen-Orient,Dubaï Mall,Boutique,Horlogerie,2024-12-27,211683.13,AED,52920.78
TXN001313,CUST00690,Moyen-Orient,Dubaï Mall,Événement privé,Haute Joaillerie,2025-04-09,844155.43,AED,211038.86
TXN001314,CUST00690,Moyen-Orient,Dubaï Mall,Boutique,Joaillerie,2025-08-13,66558.81,AED,16639.7
TXN001315,CUST00690,Moyen-Orient,Dubaï Mall,Événement privé,Horlogerie,2025-12-22,154964.36,AED,38741.09
TXN001316,CUST00690,Moyen-Orient,Dubaï Mall,Boutique,Joaillerie,2026-03-10,97083.76,AED,24270.94
TXN001317,CUST00690,Moyen-Orient,Dubaï Mall,Événement privé,Joaillerie,2026-07-24,32616.28,AED,8154.07
TXN001318,CUST00691,Chine,Hong Kong,En ligne,Horlogerie,2026-01-13,296209.38,CNY,38507.22
TXN001319,CUST00691,Chine,Hong Kong,Boutique,Horlogerie,2026-06-14,255409.33,CNY,33203.21
TXN001320,CUST00692,Japon,Osaka,En ligne,Joaillerie,2025-08-07,1047183.3,JPY,6492.54
TXN001321,CUST00692,Japon,Osaka,Boutique,Accessoires & Parfums,2026-01-18,94580.42,JPY,586.4
TXN001322,CUST00692,Japon,Osaka,Événement privé,Mariage,2026-06-22,1257301.51,JPY,7795.27
TXN001323,CUST00693,Japon,Tokyo Ginza,Boutique,Accessoires & Parfums,2025-06-04,159317.66,JPY,987.77
TXN001324,CUST00693,Japon,Tokyo Ginza,En ligne,Joaillerie,2025-10-06,3026620.52,JPY,18765.05
TXN001325,CUST00693,Japon,Tokyo Ginza,Boutique,Horlogerie,2026-03-22,3893699.98,JPY,24140.94
TXN001326,CUST00693,Japon,Tokyo Ginza,Boutique,Horlogerie,2026-07-22,5061884.72,JPY,31383.69
TXN001327,CUST00695,Chine,Hong Kong,Boutique,Accessoires & Parfums,2025-12-29,4535.3,CNY,589.59
TXN001328,CUST00695,Chine,Hong Kong,En ligne,Joaillerie,2026-05-14,133504.44,CNY,17355.58
TXN001329,CUST00696,France (siège),Cannes,Boutique,Accessoires & Parfums,2026-06-05,784.2,EUR,784.2
TXN001330,CUST00697,France (siège),Cannes,Boutique,Haute Joaillerie,2026-05-08,234348.28,EUR,234348.28
TXN001331,CUST00698,France (siège),Cannes,En ligne,Horlogerie,2025-07-22,29883.53,EUR,29883.53
TXN001332,CUST00698,France (siège),Cannes,Événement privé,Horlogerie,2025-11-26,47717.68,EUR,47717.68
TXN001333,CUST00698,France (siège),Cannes,Boutique,Joaillerie,2026-03-27,20084.5,EUR,20084.5
TXN001334,CUST00699,Chine,Pékin,Boutique,Accessoires & Parfums,2026-02-06,7766.22,CNY,1009.61
TXN001335,CUST00699,Chine,Pékin,Événement privé,Horlogerie,2026-07-20,152598.37,CNY,19837.79
TXN001336,CUST00700,USA,Bal Harbour,En ligne,Accessoires & Parfums,2026-05-22,828.44,USD,762.16
TXN001337,CUST00701,France (siège),Paris Vendôme,Boutique,Mariage,2026-05-05,11994.3,EUR,11994.3
TXN001338,CUST00702,Chine,Shanghai,Événement privé,Joaillerie,2025-10-29,114287.38,CNY,14857.36
TXN001339,CUST00702,Chine,Shanghai,Boutique,Joaillerie,2026-03-10,102072.72,CNY,13269.45
TXN001340,CUST00704,Moyen-Orient,Abu Dhabi,Boutique,Mariage,2025-08-13,53711.01,AED,13427.75
TXN001341,CUST00704,Moyen-Orient,Abu Dhabi,Boutique,Horlogerie,2026-02-14,121918.98,AED,30479.75
TXN001342,CUST00705,France (siège),Paris Champs-Élysées,Boutique,Joaillerie,2025-05-22,19598.32,EUR,19598.32
TXN001343,CUST00705,France (siège),Paris Champs-Élysées,Boutique,Accessoires & Parfums,2025-10-29,1094.37,EUR,1094.37
TXN001344,CUST00705,France (siège),Paris Champs-Élysées,Boutique,Mariage,2026-04-05,13907.42,EUR,13907.42
TXN001345,CUST00706,France (siège),Paris Vendôme,En ligne,Accessoires & Parfums,2026-01-24,1035.29,EUR,1035.29
TXN001346,CUST00706,France (siège),Paris Vendôme,Boutique,Accessoires & Parfums,2026-05-24,1371.26,EUR,1371.26
TXN001347,CUST00707,Chine,Hong Kong,Boutique,Accessoires & Parfums,2026-06-02,7915.89,CNY,1029.07
TXN001348,CUST00708,Chine,Shanghai,Boutique,Accessoires & Parfums,2025-10-12,10812.93,CNY,1405.68
TXN001349,CUST00708,Chine,Shanghai,Boutique,Accessoires & Parfums,2026-02-28,13545.53,CNY,1760.92
TXN001350,CUST00708,Chine,Shanghai,Boutique,Accessoires & Parfums,2026-06-30,10712.56,CNY,1392.63
TXN001351,CUST00709,Moyen-Orient,Abu Dhabi,En ligne,Accessoires & Parfums,2025-09-27,1460.32,AED,365.08
TXN001352,CUST00710,Moyen-Orient,Dubaï Mall,Boutique,Horlogerie,2025-05-03,130963.15,AED,32740.79
TXN001353,CUST00710,Moyen-Orient,Dubaï Mall,En ligne,Horlogerie,2025-09-06,159443.42,AED,39860.86
TXN001354,CUST00710,Moyen-Orient,Dubaï Mall,Boutique,Accessoires & Parfums,2026-01-24,7685.49,AED,1921.37
TXN001355,CUST00710,Moyen-Orient,Dubaï Mall,Événement privé,Joaillerie,2026-05-18,111137.06,AED,27784.27
TXN001356,CUST00711,USA,Beverly Hills,Événement privé,Horlogerie,2025-03-08,28239.55,USD,25980.38
TXN001357,CUST00711,USA,Beverly Hills,Boutique,Accessoires & Parfums,2025-09-20,784.23,USD,721.49
TXN001358,CUST00711,USA,Beverly Hills,En ligne,Accessoires & Parfums,2026-02-22,765.18,USD,703.96
TXN001359,CUST00713,USA,Bal Harbour,En ligne,Horlogerie,2026-03-20,18777.17,USD,17274.99
TXN001360,CUST00714,Chine,Hong Kong,Boutique,Joaillerie,2025-11-04,114650.15,CNY,14904.52
TXN001361,CUST00714,Chine,Hong Kong,En ligne,Mariage,2026-03-25,76544.33,CNY,9950.76
TXN001362,CUST00715,France (siège),Paris Champs-Élysées,Boutique,Haute Joaillerie,2025-11-26,157367.47,EUR,157367.47
TXN001363,CUST00715,France (siège),Paris Champs-Élysées,Boutique,Mariage,2026-04-08,16639.84,EUR,16639.84
TXN001364,CUST00716,Chine,Hong Kong,Boutique,Mariage,2026-05-15,64855.1,CNY,8431.16
TXN001365,CUST00717,France (siège),Cannes,En ligne,Accessoires & Parfums,2025-01-24,670.61,EUR,670.61
TXN001366,CUST00717,France (siège),Cannes,Boutique,Joaillerie,2025-07-07,19871.43,EUR,19871.43
TXN001367,CUST00719,USA,New York 5th Ave,En ligne,Accessoires & Parfums,2026-07-29,1048.54,USD,964.66
TXN001368,CUST00720,USA,Beverly Hills,Boutique,Accessoires & Parfums,2025-10-04,790.68,USD,727.43
TXN001369,CUST00720,USA,Beverly Hills,Boutique,Joaillerie,2026-03-14,21465.95,USD,19748.68
TXN001370,CUST00720,USA,Beverly Hills,Boutique,Accessoires & Parfums,2026-07-13,1206.97,USD,1110.41
TXN001371,CUST00721,Moyen-Orient,Abu Dhabi,Boutique,Horlogerie,2025-07-29,108143.65,AED,27035.91
TXN001372,CUST00721,Moyen-Orient,Abu Dhabi,En ligne,Accessoires & Parfums,2026-01-25,2875.75,AED,718.94
TXN001373,CUST00721,Moyen-Orient,Abu Dhabi,Boutique,Accessoires & Parfums,2026-06-27,4144.06,AED,1036.01
TXN001374,CUST00722,USA,Bal Harbour,Boutique,Joaillerie,2025-12-17,22361.52,USD,20572.6
TXN001375,CUST00722,USA,Bal Harbour,Événement privé,Accessoires & Parfums,2026-06-23,514.04,USD,472.92
TXN001376,CUST00723,France (siège),Paris Vendôme,Boutique,Joaillerie,2026-01-20,4329.98,EUR,4329.98
TXN001377,CUST00723,France (siège),Paris Vendôme,En ligne,Joaillerie,2026-05-31,13397.09,EUR,13397.09
TXN001378,CUST00724,Chine,Shanghai,Boutique,Joaillerie,2025-04-13,134038.27,CNY,17424.97
TXN001379,CUST00725,USA,Beverly Hills,Boutique,Joaillerie,2025-02-26,16368.39,USD,15058.92
TXN001380,CUST00725,USA,Beverly Hills,Boutique,Horlogerie,2025-07-14,33073.16,USD,30427.31
TXN001381,CUST00725,USA,Beverly Hills,En ligne,Accessoires & Parfums,2025-11-15,1023.48,USD,941.61
TXN001382,CUST00726,Japon,Tokyo Ginza,Boutique,Accessoires & Parfums,2025-07-20,156089.49,JPY,967.75
TXN001383,CUST00726,Japon,Tokyo Ginza,Boutique,Accessoires & Parfums,2025-12-15,178732.48,JPY,1108.14
TXN001384,CUST00726,Japon,Tokyo Ginza,Boutique,Mariage,2026-06-22,2017949.89,JPY,12511.29
TXN001385,CUST00727,USA,New York 5th Ave,En ligne,Accessoires & Parfums,2025-02-21,897.99,USD,826.15
TXN001386,CUST00728,France (siège),Paris Champs-Élysées,En ligne,Haute Joaillerie,2025-03-19,64771.66,EUR,64771.66
TXN001387,CUST00728,France (siège),Paris Champs-Élysées,Boutique,Horlogerie,2025-09-29,22990.44,EUR,22990.44
TXN001388,CUST00728,France (siège),Paris Champs-Élysées,Boutique,Mariage,2026-03-08,11317.0,EUR,11317.0
TXN001389,CUST00729,USA,Bal Harbour,Événement privé,Accessoires & Parfums,2025-05-05,1307.64,USD,1203.03
TXN001390,CUST00729,USA,Bal Harbour,En ligne,Horlogerie,2025-08-26,29217.26,USD,26879.88
TXN001391,CUST00729,USA,Bal Harbour,Boutique,Mariage,2025-12-12,16649.3,USD,15317.36
TXN001392,CUST00729,USA,Bal Harbour,Événement privé,Accessoires & Parfums,2026-04-26,1364.23,USD,1255.09
TXN001393,CUST00730,Moyen-Orient,Dubaï Mall,Boutique,Accessoires & Parfums,2026-01-16,2055.84,AED,513.96
TXN001394,CUST00731,Japon,Tokyo Ginza,Boutique,Joaillerie,2025-03-27,2131436.6,JPY,13214.91
TXN001395,CUST00731,Japon,Tokyo Ginza,Boutique,Joaillerie,2025-09-18,2444758.18,JPY,15157.5
TXN001396,CUST00731,Japon,Tokyo Ginza,En ligne,Joaillerie,2026-03-23,2209440.7,JPY,13698.53
TXN001397,CUST00732,Moyen-Orient,Dubaï Mall,Événement privé,Mariage,2025-05-01,29177.09,AED,7294.27
TXN001398,CUST00732,Moyen-Orient,Dubaï Mall,Boutique,Accessoires & Parfums,2025-10-08,2792.4,AED,698.1
TXN001399,CUST00732,Moyen-Orient,Dubaï Mall,Boutique,Joaillerie,2026-03-07,64797.55,AED,16199.39
TXN001400,CUST00733,Chine,Shanghai,En ligne,Horlogerie,2025-12-17,158755.82,CNY,20638.26
TXN001401,CUST00733,Chine,Shanghai,Boutique,Haute Joaillerie,2026-06-15,712331.84,CNY,92603.14
TXN001402,CUST00734,Chine,Shanghai,Boutique,Accessoires & Parfums,2025-08-04,7861.8,CNY,1022.03
TXN001403,CUST00734,Chine,Shanghai,Boutique,Mariage,2025-12-30,81845.51,CNY,10639.92
TXN001404,CUST00734,Chine,Shanghai,En ligne,Joaillerie,2026-05-08,150016.9,CNY,19502.2
TXN001405,CUST00735,USA,Bal Harbour,Boutique,Accessoires & Parfums,2025-07-22,1055.7,USD,971.25
TXN001406,CUST00735,USA,Bal Harbour,Boutique,Accessoires & Parfums,2025-12-20,1160.02,USD,1067.22
TXN001407,CUST00735,USA,Bal Harbour,Boutique,Accessoires & Parfums,2026-04-19,1031.28,USD,948.78
TXN001408,CUST00736,Moyen-Orient,Abu Dhabi,Boutique,Horlogerie,2025-10-05,46666.12,AED,11666.53
TXN001409,CUST00736,Moyen-Orient,Abu Dhabi,Boutique,Horlogerie,2026-03-16,114590.22,AED,28647.55
TXN001410,CUST00738,France (siège),Paris Vendôme,Boutique,Joaillerie,2026-03-30,5253.94,EUR,5253.94
TXN001411,CUST00740,Chine,Shanghai,En ligne,Mariage,2026-05-28,79961.88,CNY,10395.04
TXN001412,CUST00741,Japon,Tokyo Ginza,Boutique,Joaillerie,2026-01-28,1186006.09,JPY,7353.24
TXN001413,CUST00741,Japon,Tokyo Ginza,Boutique,Accessoires & Parfums,2026-07-02,67958.32,JPY,421.34
TXN001414,CUST00742,Moyen-Orient,Abu Dhabi,Événement privé,Joaillerie,2025-09-16,107847.53,AED,26961.88
TXN001415,CUST00742,Moyen-Orient,Abu Dhabi,Boutique,Accessoires & Parfums,2026-02-21,3745.03,AED,936.26
TXN001416,CUST00742,Moyen-Orient,Abu Dhabi,Boutique,Horlogerie,2026-07-30,110557.24,AED,27639.31
TXN001417,CUST00743,Chine,Shanghai,Boutique,Haute Joaillerie,2026-04-04,695732.87,CNY,90445.27
TXN001418,CUST00744,Japon,Tokyo Ginza,En ligne,Horlogerie,2025-03-27,3479004.48,JPY,21569.83
TXN001419,CUST00744,Japon,Tokyo Ginza,En ligne,Accessoires & Parfums,2025-08-08,235557.27,JPY,1460.46
TXN001420,CUST00744,Japon,Tokyo Ginza,Boutique,Accessoires & Parfums,2025-12-31,266150.39,JPY,1650.13
TXN001421,CUST00744,Japon,Tokyo Ginza,En ligne,Accessoires & Parfums,2026-05-31,227583.22,JPY,1411.02
TXN001422,CUST00745,Japon,Tokyo Ginza,En ligne,Mariage,2025-03-30,1479261.75,JPY,9171.42
TXN001423,CUST00745,Japon,Tokyo Ginza,En ligne,Horlogerie,2025-08-16,3849247.76,JPY,23865.34
TXN001424,CUST00745,Japon,Tokyo Ginza,Boutique,Joaillerie,2026-01-15,1335178.74,JPY,8278.11
TXN001425,CUST00745,Japon,Tokyo Ginza,Boutique,Mariage,2026-05-16,1971141.47,JPY,12221.08
TXN001426,CUST00746,Japon,Tokyo Ginza,Boutique,Joaillerie,2026-01-16,2546263.7,JPY,15786.83
TXN001427,CUST00746,Japon,Tokyo Ginza,En ligne,Accessoires & Parfums,2026-06-15,173969.37,JPY,1078.61
TXN001428,CUST00747,Moyen-Orient,Dubaï Mall,Boutique,Horlogerie,2025-09-09,59091.85,AED,14772.96
TXN001429,CUST00747,Moyen-Orient,Dubaï Mall,Boutique,Accessoires & Parfums,2026-02-10,2197.38,AED,549.34
TXN001430,CUST00747,Moyen-Orient,Dubaï Mall,En ligne,Accessoires & Parfums,2026-07-30,2635.91,AED,658.98
TXN001431,CUST00749,Moyen-Orient,Abu Dhabi,En ligne,Haute Joaillerie,2025-04-27,423535.84,AED,105883.96
TXN001432,CUST00749,Moyen-Orient,Abu Dhabi,Boutique,Accessoires & Parfums,2025-10-20,3510.73,AED,877.68
TXN001433,CUST00749,Moyen-Orient,Abu Dhabi,Boutique,Mariage,2026-03-30,48149.6,AED,12037.4
TXN001434,CUST00750,France (siège),Paris Champs-Élysées,Événement privé,Accessoires & Parfums,2026-07-03,1017.01,EUR,1017.01
TXN001435,CUST00751,Moyen-Orient,Dubaï Mall,Boutique,Accessoires & Parfums,2025-05-02,2402.55,AED,600.64
TXN001436,CUST00751,Moyen-Orient,Dubaï Mall,Boutique,Horlogerie,2025-11-04,115397.62,AED,28849.4
TXN001437,CUST00751,Moyen-Orient,Dubaï Mall,Boutique,Joaillerie,2026-05-10,52599.37,AED,13149.84
TXN001438,CUST00752,USA,New York 5th Ave,Boutique,Accessoires & Parfums,2026-01-01,807.37,USD,742.78
TXN001439,CUST00752,USA,New York 5th Ave,Boutique,Mariage,2026-05-17,9347.33,USD,8599.55
TXN001440,CUST00753,Japon,Osaka,Boutique,Horlogerie,2026-01-10,3744176.97,JPY,23213.9
TXN001441,CUST00753,Japon,Osaka,En ligne,Joaillerie,2026-07-07,2546626.58,JPY,15789.08
TXN001442,CUST00754,France (siège),Paris Vendôme,Boutique,Mariage,2025-08-11,12550.2,EUR,12550.2
TXN001443,CUST00754,France (siège),Paris Vendôme,En ligne,Accessoires & Parfums,2026-02-07,732.49,EUR,732.49
TXN001444,CUST00754,France (siège),Paris Vendôme,Boutique,Accessoires & Parfums,2026-06-30,687.31,EUR,687.31
TXN001445,CUST00755,Moyen-Orient,Abu Dhabi,Boutique,Horlogerie,2026-07-30,101845.04,AED,25461.26
TXN001446,CUST00756,Moyen-Orient,Abu Dhabi,En ligne,Accessoires & Parfums,2025-12-20,4270.95,AED,1067.74
TXN001447,CUST00756,Moyen-Orient,Abu Dhabi,Boutique,Accessoires & Parfums,2026-05-15,4455.96,AED,1113.99
TXN001448,CUST00757,Japon,Tokyo Ginza,Boutique,Accessoires & Parfums,2025-09-06,125788.84,JPY,779.89
TXN001449,CUST00757,Japon,Tokyo Ginza,En ligne,Joaillerie,2026-02-01,2795934.6,JPY,17334.79
TXN001450,CUST00757,Japon,Tokyo Ginza,Boutique,Accessoires & Parfums,2026-06-21,110007.12,JPY,682.04
TXN001451,CUST00758,USA,Bal Harbour,Événement privé,Horlogerie,2025-02-24,21366.24,USD,19656.94
TXN001452,CUST00758,USA,Bal Harbour,Événement privé,Horlogerie,2025-07-25,34444.82,USD,31689.23
TXN001453,CUST00758,USA,Bal Harbour,En ligne,Mariage,2026-01-01,5940.06,USD,5464.86
TXN001454,CUST00758,USA,Bal Harbour,Boutique,Horlogerie,2026-06-13,38912.16,USD,35799.19
TXN001455,CUST00759,Japon,Tokyo Ginza,En ligne,Joaillerie,2025-11-21,2037532.7,JPY,12632.7
TXN001456,CUST00759,Japon,Tokyo Ginza,Boutique,Haute Joaillerie,2026-04-01,17360419.68,JPY,107634.6
TXN001457,CUST00760,France (siège),Paris Champs-Élysées,En ligne,Joaillerie,2026-07-16,15327.98,EUR,15327.98
TXN001458,CUST00761,Moyen-Orient,Dubaï Mall,Boutique,Accessoires & Parfums,2025-12-16,600.0,AED,150.0
TXN001459,CUST00761,Moyen-Orient,Dubaï Mall,Boutique,Mariage,2026-05-03,49720.8,AED,12430.2
TXN001460,CUST00762,France (siège),Cannes,Événement privé,Accessoires & Parfums,2025-02-08,732.33,EUR,732.33
TXN001461,CUST00762,France (siège),Cannes,Boutique,Horlogerie,2025-05-20,30145.69,EUR,30145.69
TXN001462,CUST00762,France (siège),Cannes,Événement privé,Horlogerie,2025-09-14,31424.67,EUR,31424.67
TXN001463,CUST00762,France (siège),Cannes,Boutique,Horlogerie,2026-01-11,41536.25,EUR,41536.25
TXN001464,CUST00762,France (siège),Cannes,Boutique,Accessoires & Parfums,2026-04-04,1284.65,EUR,1284.65
TXN001465,CUST00764,USA,New York 5th Ave,Boutique,Accessoires & Parfums,2025-07-24,1373.79,USD,1263.89
TXN001466,CUST00764,USA,New York 5th Ave,Boutique,Accessoires & Parfums,2025-12-03,1734.12,USD,1595.39
TXN001467,CUST00764,USA,New York 5th Ave,En ligne,Joaillerie,2026-04-07,20007.46,USD,18406.86
TXN001468,CUST00764,USA,New York 5th Ave,En ligne,Joaillerie,2026-07-15,10924.86,USD,10050.87
TXN001469,CUST00766,France (siège),Paris Vendôme,Boutique,Joaillerie,2026-07-02,7303.95,EUR,7303.95
TXN001470,CUST00768,USA,Bal Harbour,Événement privé,Horlogerie,2025-07-19,55697.3,USD,51241.51
TXN001471,CUST00768,USA,Bal Harbour,Boutique,Joaillerie,2025-10-03,14479.11,USD,13320.78
TXN001472,CUST00768,USA,Bal Harbour,En ligne,Joaillerie,2026-01-16,26183.48,USD,24088.81
TXN001473,CUST00768,USA,Bal Harbour,Boutique,Joaillerie,2026-05-21,34619.06,USD,31849.53
TXN001474,CUST00769,Japon,Tokyo Ginza,Événement privé,Mariage,2025-11-09,2486106.07,JPY,15413.86
TXN001475,CUST00769,Japon,Tokyo Ginza,Boutique,Joaillerie,2026-03-16,4750602.44,JPY,29453.74
TXN001476,CUST00770,USA,Bal Harbour,En ligne,Mariage,2025-06-19,11391.16,USD,10479.86
TXN001477,CUST00770,USA,Bal Harbour,Boutique,Haute Joaillerie,2025-11-27,128444.36,USD,118168.81
TXN001478,CUST00770,USA,Bal Harbour,Boutique,Mariage,2026-05-24,10170.99,USD,9357.31
TXN001479,CUST00771,Moyen-Orient,Abu Dhabi,Boutique,Accessoires & Parfums,2025-09-19,3362.68,AED,840.67
TXN001480,CUST00771,Moyen-Orient,Abu Dhabi,En ligne,Accessoires & Parfums,2026-04-22,1895.7,AED,473.92
TXN001481,CUST00772,Chine,Hong Kong,En ligne,Accessoires & Parfums,2025-11-04,6314.91,CNY,820.94
TXN001482,CUST00773,USA,Beverly Hills,Boutique,Horlogerie,2025-06-08,31105.63,USD,28617.18
TXN001483,CUST00774,Moyen-Orient,Abu Dhabi,Événement privé,Haute Joaillerie,2026-01-28,347544.65,AED,86886.16
TXN001484,CUST00775,Japon,Osaka,Événement privé,Accessoires & Parfums,2026-03-01,115550.47,JPY,716.41
TXN001485,CUST00775,Japon,Osaka,Boutique,Joaillerie,2026-07-14,2762986.54,JPY,17130.52
TXN001486,CUST00776,Chine,Shanghai,Boutique,Accessoires & Parfums,2025-05-21,5108.01,CNY,664.04
TXN001487,CUST00776,Chine,Shanghai,Boutique,Joaillerie,2025-11-18,105556.45,CNY,13722.34
TXN001488,CUST00776,Chine,Shanghai,Boutique,Accessoires & Parfums,2026-04-29,6782.09,CNY,881.67
TXN001489,CUST00777,USA,Beverly Hills,Boutique,Accessoires & Parfums,2025-03-28,1142.51,USD,1051.11
TXN001490,CUST00777,USA,Beverly Hills,Boutique,Horlogerie,2025-08-09,42273.17,USD,38891.32
TXN001491,CUST00777,USA,Beverly Hills,Événement privé,Accessoires & Parfums,2025-12-20,843.83,USD,776.32
TXN001492,CUST00777,USA,Beverly Hills,En ligne,Horlogerie,2026-05-11,31464.59,USD,28947.43
TXN001493,CUST00779,Chine,Hong Kong,Boutique,Joaillerie,2025-12-06,107667.12,CNY,13996.73
TXN001494,CUST00780,France (siège),Cannes,Boutique,Horlogerie,2025-12-22,38003.74,EUR,38003.74
TXN001495,CUST00780,France (siège),Cannes,En ligne,Joaillerie,2026-06-08,10042.23,EUR,10042.23
TXN001496,CUST00781,USA,Beverly Hills,Événement privé,Accessoires & Parfums,2025-12-23,1078.97,USD,992.65
TXN001497,CUST00781,USA,Beverly Hills,Boutique,Joaillerie,2026-06-17,17329.53,USD,15943.17
TXN001498,CUST00782,Japon,Osaka,En ligne,Horlogerie,2026-06-26,5028184.8,JPY,31174.75
TXN001499,CUST00783,France (siège),Cannes,Boutique,Horlogerie,2025-03-04,42449.58,EUR,42449.58
TXN001500,CUST00783,France (siège),Cannes,Boutique,Accessoires & Parfums,2025-08-31,1316.5,EUR,1316.5
TXN001501,CUST00783,France (siège),Cannes,Boutique,Accessoires & Parfums,2026-03-21,902.94,EUR,902.94
TXN001502,CUST00783,France (siège),Cannes,Boutique,Horlogerie,2026-07-06,29984.1,EUR,29984.1
TXN001503,CUST00784,France (siège),Paris Champs-Élysées,Boutique,Joaillerie,2025-12-06,13084.5,EUR,13084.5
TXN001504,CUST00784,France (siège),Paris Champs-Élysées,Boutique,Horlogerie,2026-04-20,30525.96,EUR,30525.96
TXN001505,CUST00787,Chine,Pékin,Événement privé,Joaillerie,2025-04-26,183678.74,CNY,23878.24
TXN001506,CUST00787,Chine,Pékin,Événement privé,Joaillerie,2025-09-03,210688.17,CNY,27389.46
TXN001507,CUST00788,Japon,Tokyo Ginza,Boutique,Joaillerie,2025-08-20,2010648.41,JPY,12466.02
TXN001508,CUST00788,Japon,Tokyo Ginza,Boutique,Joaillerie,2026-01-05,4681459.02,JPY,29025.05
TXN001509,CUST00788,Japon,Tokyo Ginza,Boutique,Accessoires & Parfums,2026-05-13,132807.44,JPY,823.41
TXN001510,CUST00789,USA,Beverly Hills,En ligne,Mariage,2026-05-31,10578.09,USD,9731.84
TXN001511,CUST00790,France (siège),Paris Vendôme,Événement privé,Horlogerie,2026-06-07,30382.12,EUR,30382.12
TXN001512,CUST00791,USA,Beverly Hills,Événement privé,Mariage,2025-04-04,11707.37,USD,10770.78
TXN001513,CUST00791,USA,Beverly Hills,Événement privé,Accessoires & Parfums,2025-09-13,1673.95,USD,1540.03
TXN001514,CUST00791,USA,Beverly Hills,Boutique,Horlogerie,2026-02-26,33699.05,USD,31003.13
TXN001515,CUST00793,France (siège),Paris Champs-Élysées,Boutique,Horlogerie,2026-02-02,32621.98,EUR,32621.98
TXN001516,CUST00793,France (siège),Paris Champs-Élysées,Boutique,Haute Joaillerie,2026-07-05,96090.41,EUR,96090.41
TXN001517,CUST00794,Japon,Osaka,Boutique,Accessoires & Parfums,2025-06-12,105521.65,JPY,654.23
TXN001518,CUST00794,Japon,Osaka,Boutique,Accessoires & Parfums,2025-12-16,177525.77,JPY,1100.66
TXN001519,CUST00794,Japon,Osaka,En ligne,Accessoires & Parfums,2026-06-17,115086.33,JPY,713.54
TXN001520,CUST00796,Japon,Tokyo Ginza,Boutique,Horlogerie,2025-06-20,4545581.58,JPY,28182.61
TXN001521,CUST00796,Japon,Tokyo Ginza,En ligne,Joaillerie,2026-01-06,1878257.97,JPY,11645.2
TXN001522,CUST00796,Japon,Tokyo Ginza,Boutique,Joaillerie,2026-06-12,2363286.46,JPY,14652.38
TXN001523,CUST00797,Chine,Shanghai,Boutique,Accessoires & Parfums,2025-06-18,11088.72,CNY,1441.53
TXN001524,CUST00798,Chine,Hong Kong,Boutique,Mariage,2026-04-20,75283.44,CNY,9786.85
TXN001525,CUST00799,Japon,Tokyo Ginza,Boutique,Accessoires & Parfums,2026-05-08,187688.66,JPY,1163.67
TXN001526,CUST00800,Japon,Osaka,Événement privé,Accessoires & Parfums,2025-10-11,165898.56,JPY,1028.57
TXN001527,CUST00800,Japon,Osaka,Boutique,Horlogerie,2026-04-10,1961114.62,JPY,12158.91
TXN001528,CUST00802,France (siège),Paris Champs-Élysées,Boutique,Haute Joaillerie,2025-10-26,149373.77,EUR,149373.77
TXN001529,CUST00802,France (siège),Paris Champs-Élysées,Boutique,Joaillerie,2026-05-20,12984.9,EUR,12984.9
TXN001530,CUST00803,Moyen-Orient,Dubaï Mall,Événement privé,Mariage,2025-08-31,36258.77,AED,9064.69
TXN001531,CUST00803,Moyen-Orient,Dubaï Mall,En ligne,Joaillerie,2026-03-07,49393.04,AED,12348.26
TXN001532,CUST00805,Chine,Hong Kong,Boutique,Accessoires & Parfums,2026-07-17,8705.11,CNY,1131.66
TXN001533,CUST00806,Moyen-Orient,Abu Dhabi,En ligne,Mariage,2025-10-10,39949.45,AED,9987.36
TXN001534,CUST00806,Moyen-Orient,Abu Dhabi,En ligne,Accessoires & Parfums,2026-03-16,4152.77,AED,1038.19
TXN001535,CUST00807,Japon,Tokyo Ginza,Boutique,Horlogerie,2025-05-18,4458317.64,JPY,27641.57
TXN001536,CUST00807,Japon,Tokyo Ginza,Boutique,Accessoires & Parfums,2025-10-09,162137.88,JPY,1005.25
TXN001537,CUST00807,Japon,Tokyo Ginza,Boutique,Accessoires & Parfums,2026-03-26,137476.72,JPY,852.36
TXN001538,CUST00807,Japon,Tokyo Ginza,Boutique,Mariage,2026-07-27,2025518.7,JPY,12558.22
TXN001539,CUST00808,France (siège),Cannes,En ligne,Accessoires & Parfums,2026-05-30,562.17,EUR,562.17
TXN001540,CUST00809,USA,Beverly Hills,Boutique,Joaillerie,2026-07-20,16632.05,USD,15301.49
TXN001541,CUST00810,Chine,Shanghai,Boutique,Mariage,2026-02-21,94773.41,CNY,12320.54
TXN001542,CUST00811,France (siège),Paris Vendôme,Boutique,Joaillerie,2026-03-02,21149.21,EUR,21149.21
TXN001543,CUST00811,France (siège),Paris Vendôme,Boutique,Joaillerie,2026-06-14,20427.62,EUR,20427.62
TXN001544,CUST00812,Japon,Osaka,Boutique,Horlogerie,2025-06-13,3345534.53,JPY,20742.31
TXN001545,CUST00812,Japon,Osaka,Boutique,Accessoires & Parfums,2025-11-28,105383.47,JPY,653.38
TXN001546,CUST00812,Japon,Osaka,Boutique,Joaillerie,2026-03-30,4242198.42,JPY,26301.63
TXN001547,CUST00813,USA,Bal Harbour,En ligne,Accessoires & Parfums,2026-06-08,920.71,USD,847.06
TXN001548,CUST00814,France (siège),Cannes,En ligne,Joaillerie,2026-04-19,26357.55,EUR,26357.55
TXN001549,CUST00815,Moyen-Orient,Abu Dhabi,Boutique,Accessoires & Parfums,2025-03-22,3856.31,AED,964.08
TXN001550,CUST00815,Moyen-Orient,Abu Dhabi,Boutique,Haute Joaillerie,2025-08-05,384830.12,AED,96207.53
TXN001551,CUST00815,Moyen-Orient,Abu Dhabi,En ligne,Accessoires & Parfums,2025-12-06,3744.86,AED,936.22
TXN001552,CUST00815,Moyen-Orient,Abu Dhabi,En ligne,Mariage,2026-04-29,65383.94,AED,16345.99
TXN001553,CUST00816,France (siège),Paris Vendôme,Boutique,Joaillerie,2025-06-18,19823.15,EUR,19823.15
TXN001554,CUST00816,France (siège),Paris Vendôme,Événement privé,Mariage,2025-09-05,21090.28,EUR,21090.28
TXN001555,CUST00816,France (siège),Paris Vendôme,Boutique,Accessoires & Parfums,2025-12-22,1514.0,EUR,1514.0
TXN001556,CUST00816,France (siège),Paris Vendôme,Événement privé,Horlogerie,2026-04-09,33179.4,EUR,33179.4
TXN001557,CUST00817,USA,Bal Harbour,Boutique,Joaillerie,2025-11-05,22016.72,USD,20255.39
TXN001558,CUST00817,USA,Bal Harbour,En ligne,Mariage,2026-03-28,7060.7,USD,6495.84
TXN001559,CUST00818,Moyen-Orient,Dubaï Mall,En ligne,Joaillerie,2025-12-04,71639.54,AED,17909.89
TXN001560,CUST00818,Moyen-Orient,Dubaï Mall,Boutique,Joaillerie,2026-06-21,60205.88,AED,15051.47
TXN001561,CUST00819,Japon,Tokyo Ginza,Boutique,Accessoires & Parfums,2025-05-16,147501.7,JPY,914.51
TXN001562,CUST00819,Japon,Tokyo Ginza,Boutique,Joaillerie,2025-10-01,2675224.68,JPY,16586.39
TXN001563,CUST00819,Japon,Tokyo Ginza,Boutique,Accessoires & Parfums,2026-02-08,195853.4,JPY,1214.29
TXN001564,CUST00819,Japon,Tokyo Ginza,En ligne,Joaillerie,2026-05-28,3435962.76,JPY,21302.97
TXN001565,CUST00820,Chine,Shanghai,Boutique,Horlogerie,2025-11-18,274983.77,CNY,35747.89
TXN001566,CUST00820,Chine,Shanghai,Boutique,Joaillerie,2026-05-18,103366.37,CNY,13437.63
TXN001567,CUST00821,France (siège),Paris Champs-Élysées,Boutique,Horlogerie,2026-01-20,22357.15,EUR,22357.15
TXN001568,CUST00821,France (siège),Paris Champs-Élysées,Boutique,Joaillerie,2026-06-11,16654.75,EUR,16654.75
TXN001569,CUST00823,Chine,Hong Kong,Boutique,Horlogerie,2025-08-12,285572.11,CNY,37124.37
TXN001570,CUST00824,Moyen-Orient,Dubaï Mall,Boutique,Horlogerie,2025-09-17,67420.32,AED,16855.08
TXN001571,CUST00824,Moyen-Orient,Dubaï Mall,Événement privé,Joaillerie,2026-02-05,57813.21,AED,14453.3
TXN001572,CUST00824,Moyen-Orient,Dubaï Mall,En ligne,Haute Joaillerie,2026-07-10,277796.8,AED,69449.2
TXN001573,CUST00825,USA,New York 5th Ave,En ligne,Horlogerie,2025-06-01,31712.65,USD,29175.64
TXN001574,CUST00825,USA,New York 5th Ave,Boutique,Joaillerie,2025-11-16,9548.25,USD,8784.39
TXN001575,CUST00825,USA,New York 5th Ave,Boutique,Horlogerie,2026-04-28,39377.59,USD,36227.38
TXN001576,CUST00826,USA,New York 5th Ave,Boutique,Accessoires & Parfums,2025-12-09,1144.84,USD,1053.25
TXN001577,CUST00826,USA,New York 5th Ave,Événement privé,Horlogerie,2026-06-18,40816.0,USD,37550.72
TXN001578,CUST00828,Moyen-Orient,Abu Dhabi,Boutique,Accessoires & Parfums,2026-01-09,3667.9,AED,916.97
TXN001579,CUST00828,Moyen-Orient,Abu Dhabi,En ligne,Haute Joaillerie,2026-06-04,764653.37,AED,191163.34
TXN001580,CUST00829,USA,New York 5th Ave,Boutique,Accessoires & Parfums,2025-06-22,793.43,USD,729.96
TXN001581,CUST00829,USA,New York 5th Ave,En ligne,Accessoires & Parfums,2025-12-16,1422.78,USD,1308.95
TXN001582,CUST00829,USA,New York 5th Ave,Boutique,Joaillerie,2026-07-04,15531.25,USD,14288.75
TXN001583,CUST00830,Japon,Osaka,En ligne,Horlogerie,2026-03-11,4482977.36,JPY,27794.46
TXN001584,CUST00831,USA,New York 5th Ave,Boutique,Joaillerie,2025-09-02,15581.03,USD,14334.55
TXN001585,CUST00832,France (siège),Paris Vendôme,Boutique,Accessoires & Parfums,2025-08-27,852.62,EUR,852.62
TXN001586,CUST00832,France (siège),Paris Vendôme,Boutique,Accessoires & Parfums,2026-02-03,877.16,EUR,877.16
TXN001587,CUST00833,Chine,Shanghai,Boutique,Accessoires & Parfums,2025-05-28,3888.35,CNY,505.49
TXN001588,CUST00833,Chine,Shanghai,En ligne,Accessoires & Parfums,2025-11-08,7323.48,CNY,952.05
TXN001589,CUST00833,Chine,Shanghai,En ligne,Joaillerie,2026-04-13,25944.79,CNY,3372.82
TXN001590,CUST00834,France (siège),Cannes,Boutique,Joaillerie,2024-12-24,21507.63,EUR,21507.63
TXN001591,CUST00834,France (siège),Cannes,Boutique,Joaillerie,2025-05-03,13116.61,EUR,13116.61
TXN001592,CUST00834,France (siège),Cannes,Boutique,Horlogerie,2025-10-07,44240.54,EUR,44240.54
TXN001593,CUST00834,France (siège),Cannes,En ligne,Accessoires & Parfums,2026-02-15,781.43,EUR,781.43
TXN001594,CUST00834,France (siège),Cannes,Boutique,Haute Joaillerie,2026-06-17,108820.15,EUR,108820.15
TXN001595,CUST00835,Japon,Osaka,Événement privé,Joaillerie,2025-10-21,3952907.42,JPY,24508.03
TXN001596,CUST00835,Japon,Osaka,Boutique,Haute Joaillerie,2026-03-04,16746546.56,JPY,103828.59
TXN001597,CUST00836,France (siège),Paris Vendôme,Boutique,Mariage,2025-04-06,10925.06,EUR,10925.06
TXN001598,CUST00836,France (siège),Paris Vendôme,Événement privé,Haute Joaillerie,2025-09-03,161580.79,EUR,161580.79
TXN001599,CUST00836,France (siège),Paris Vendôme,En ligne,Haute Joaillerie,2026-01-11,149977.37,EUR,149977.37
TXN001600,CUST00837,Moyen-Orient,Dubaï Mall,Boutique,Accessoires & Parfums,2026-01-21,3308.02,AED,827.01
TXN001601,CUST00838,France (siège),Paris Vendôme,En ligne,Accessoires & Parfums,2026-01-19,481.74,EUR,481.74
TXN001602,CUST00838,France (siège),Paris Vendôme,Boutique,Haute Joaillerie,2026-07-02,109091.98,EUR,109091.98
TXN001603,CUST00839,France (siège),Cannes,En ligne,Accessoires & Parfums,2025-08-01,1129.43,EUR,1129.43
TXN001604,CUST00839,France (siège),Cannes,Boutique,Joaillerie,2025-10-28,23637.7,EUR,23637.7
TXN001605,CUST00839,France (siège),Cannes,En ligne,Horlogerie,2026-03-02,35905.82,EUR,35905.82
TXN001606,CUST00839,France (siège),Cannes,Événement privé,Joaillerie,2026-07-09,12292.6,EUR,12292.6
TXN001607,CUST00840,Chine,Shanghai,En ligne,Accessoires & Parfums,2026-05-12,5571.03,CNY,724.23
TXN001608,CUST00841,Japon,Osaka,En ligne,Accessoires & Parfums,2026-05-03,197012.54,JPY,1221.48
TXN001609,CUST00842,Chine,Pékin,Boutique,Accessoires & Parfums,2026-05-11,7097.65,CNY,922.69
TXN001610,CUST00843,Chine,Shanghai,Boutique,Haute Joaillerie,2025-10-04,827238.24,CNY,107540.97
TXN001611,CUST00843,Chine,Shanghai,Boutique,Horlogerie,2026-03-09,306249.54,CNY,39812.44
TXN001612,CUST00843,Chine,Shanghai,Boutique,Accessoires & Parfums,2026-07-31,2283.56,CNY,296.86
TXN001613,CUST00845,Chine,Hong Kong,En ligne,Joaillerie,2025-02-02,73905.46,CNY,9607.71
TXN001614,CUST00845,Chine,Hong Kong,Boutique,Joaillerie,2025-06-25,126285.69,CNY,16417.14
TXN001615,CUST00845,Chine,Hong Kong,Boutique,Horlogerie,2025-11-22,189084.99,CNY,24581.05
TXN001616,CUST00845,Chine,Hong Kong,Boutique,Accessoires & Parfums,2026-04-06,5892.84,CNY,766.07
TXN001617,CUST00846,Chine,Hong Kong,En ligne,Accessoires & Parfums,2026-04-07,4700.96,CNY,611.13
TXN001618,CUST00847,USA,Bal Harbour,Boutique,Joaillerie,2025-02-19,13418.59,USD,12345.1
TXN001619,CUST00847,USA,Bal Harbour,Boutique,Joaillerie,2025-08-14,17726.78,USD,16308.64
TXN001620,CUST00847,USA,Bal Harbour,Boutique,Haute Joaillerie,2026-01-09,159213.83,USD,146476.73
TXN001621,CUST00847,USA,Bal Harbour,Boutique,Horlogerie,2026-05-30,14893.47,USD,13701.99
TXN001622,CUST00848,Chine,Pékin,En ligne,Joaillerie,2025-01-18,165042.66,CNY,21455.55
TXN001623,CUST00849,Chine,Pékin,En ligne,Mariage,2025-05-06,94866.84,CNY,12332.69
TXN001624,CUST00849,Chine,Pékin,En ligne,Horlogerie,2025-08-27,263712.88,CNY,34282.67
TXN001625,CUST00849,Chine,Pékin,Boutique,Joaillerie,2025-11-18,143335.18,CNY,18633.57
TXN001626,CUST00849,Chine,Pékin,En ligne,Joaillerie,2026-02-24,152273.87,CNY,19795.6
TXN001627,CUST00849,Chine,Pékin,En ligne,Haute Joaillerie,2026-06-08,1273803.11,CNY,165594.4
TXN001628,CUST00850,USA,Beverly Hills,Boutique,Mariage,2025-04-20,11312.02,USD,10407.06
TXN001629,CUST00850,USA,Beverly Hills,Boutique,Accessoires & Parfums,2025-09-16,1337.7,USD,1230.68
TXN001630,CUST00851,France (siège),Cannes,Boutique,Accessoires & Parfums,2025-11-20,748.4,EUR,748.4
TXN001631,CUST00851,France (siège),Cannes,Boutique,Haute Joaillerie,2026-04-14,64613.18,EUR,64613.18
TXN001632,CUST00852,France (siège),Paris Vendôme,Boutique,Haute Joaillerie,2026-07-23,77820.74,EUR,77820.74
TXN001633,CUST00853,USA,Beverly Hills,En ligne,Mariage,2025-06-16,9011.5,USD,8290.58
TXN001634,CUST00853,USA,Beverly Hills,Boutique,Accessoires & Parfums,2025-12-31,967.68,USD,890.27
TXN001635,CUST00853,USA,Beverly Hills,En ligne,Accessoires & Parfums,2026-06-24,1121.52,USD,1031.8
TXN001636,CUST00855,Japon,Osaka,En ligne,Joaillerie,2026-07-06,2537003.02,JPY,15729.42
TXN001637,CUST00856,Chine,Hong Kong,En ligne,Accessoires & Parfums,2025-04-08,4492.3,CNY,584.0
TXN001638,CUST00856,Chine,Hong Kong,Événement privé,Mariage,2025-10-06,71918.85,CNY,9349.45
TXN001639,CUST00856,Chine,Hong Kong,Boutique,Joaillerie,2026-05-12,93351.33,CNY,12135.67
TXN001640,CUST00857,Moyen-Orient,Abu Dhabi,Événement privé,Joaillerie,2025-03-11,42152.32,AED,10538.08
TXN001641,CUST00857,Moyen-Orient,Abu Dhabi,Boutique,Horlogerie,2025-08-16,113616.52,AED,28404.13
TXN001642,CUST00857,Moyen-Orient,Abu Dhabi,Boutique,Accessoires & Parfums,2026-01-28,2617.43,AED,654.36
TXN001643,CUST00857,Moyen-Orient,Abu Dhabi,Boutique,Horlogerie,2026-05-22,210771.02,AED,52692.76
TXN001644,CUST00858,France (siège),Cannes,Boutique,Haute Joaillerie,2025-05-13,70011.73,EUR,70011.73
TXN001645,CUST00858,France (siège),Cannes,Boutique,Accessoires & Parfums,2025-11-28,742.91,EUR,742.91
TXN001646,CUST00858,France (siège),Cannes,Boutique,Haute Joaillerie,2026-05-12,114647.75,EUR,114647.75
TXN001647,CUST00859,France (siège),Cannes,Boutique,Accessoires & Parfums,2025-02-01,818.11,EUR,818.11
TXN001648,CUST00859,France (siège),Cannes,Boutique,Haute Joaillerie,2025-06-24,116834.48,EUR,116834.48
TXN001649,CUST00859,France (siège),Cannes,Boutique,Accessoires & Parfums,2025-11-14,621.07,EUR,621.07
TXN001650,CUST00859,France (siège),Cannes,Boutique,Joaillerie,2026-05-10,17895.34,EUR,17895.34
TXN001651,CUST00860,Chine,Shanghai,Boutique,Mariage,2025-10-18,102529.36,CNY,13328.82
TXN001652,CUST00860,Chine,Shanghai,En ligne,Accessoires & Parfums,2026-03-13,4316.42,CNY,561.13
TXN001653,CUST00861,France (siège),Paris Champs-Élysées,En ligne,Mariage,2026-06-08,10898.63,EUR,10898.63
TXN001654,CUST00862,France (siège),Cannes,Boutique,Accessoires & Parfums,2026-07-26,1147.73,EUR,1147.73
TXN001655,CUST00863,USA,Beverly Hills,Boutique,Mariage,2026-07-12,13231.05,USD,12172.57
TXN001656,CUST00864,USA,New York 5th Ave,Boutique,Mariage,2025-06-05,13486.12,USD,12407.23
TXN001657,CUST00864,USA,New York 5th Ave,Boutique,Accessoires & Parfums,2025-10-30,927.45,USD,853.25
TXN001658,CUST00864,USA,New York 5th Ave,En ligne,Joaillerie,2026-04-02,15131.66,USD,13921.13
TXN001659,CUST00865,USA,Beverly Hills,Événement privé,Mariage,2026-03-22,12889.64,USD,11858.47
TXN001660,CUST00866,Moyen-Orient,Abu Dhabi,Boutique,Joaillerie,2025-08-10,48627.8,AED,12156.95
TXN001661,CUST00866,Moyen-Orient,Abu Dhabi,Boutique,Joaillerie,2026-01-10,80098.76,AED,20024.69
TXN001662,CUST00866,Moyen-Orient,Abu Dhabi,Boutique,Horlogerie,2026-06-27,140817.72,AED,35204.43
TXN001663,CUST00867,France (siège),Cannes,Boutique,Joaillerie,2026-05-28,23710.06,EUR,23710.06
TXN001664,CUST00868,Japon,Osaka,En ligne,Accessoires & Parfums,2026-04-20,154891.78,JPY,960.33
TXN001665,CUST00869,USA,Bal Harbour,Boutique,Mariage,2025-06-29,26557.36,USD,24432.77
TXN001666,CUST00869,USA,Bal Harbour,Boutique,Horlogerie,2025-10-08,29155.67,USD,26823.21
TXN001667,CUST00869,USA,Bal Harbour,Boutique,Haute Joaillerie,2026-01-05,178893.01,USD,164581.57
TXN001668,CUST00869,USA,Bal Harbour,Événement privé,Horlogerie,2026-05-06,35116.83,USD,32307.48
TXN001669,CUST00870,Chine,Shanghai,Boutique,Accessoires & Parfums,2025-12-08,9657.78,CNY,1255.51
TXN001670,CUST00870,Chine,Shanghai,Boutique,Joaillerie,2026-04-08,196523.31,CNY,25548.03
TXN001671,CUST00871,USA,Beverly Hills,Boutique,Horlogerie,2025-02-23,21827.01,USD,20080.85
TXN001672,CUST00871,USA,Beverly Hills,En ligne,Joaillerie,2025-09-27,17541.92,USD,16138.56
TXN001673,CUST00871,USA,Beverly Hills,Boutique,Joaillerie,2026-02-21,13073.81,USD,12027.9
TXN001674,CUST00872,USA,New York 5th Ave,Boutique,Mariage,2025-12-03,13969.48,USD,12851.92
TXN001675,CUST00872,USA,New York 5th Ave,Événement privé,Accessoires & Parfums,2026-05-28,1187.61,USD,1092.6
TXN001676,CUST00873,USA,Bal Harbour,En ligne,Joaillerie,2025-10-01,14899.02,USD,13707.1
TXN001677,CUST00873,USA,Bal Harbour,Boutique,Accessoires & Parfums,2026-02-18,963.6,USD,886.51
TXN001678,CUST00874,Chine,Shanghai,Boutique,Haute Joaillerie,2025-05-17,1283888.51,CNY,166905.51
TXN001679,CUST00874,Chine,Shanghai,Événement privé,Joaillerie,2025-09-06,220125.69,CNY,28616.34
TXN001680,CUST00874,Chine,Shanghai,Boutique,Joaillerie,2026-02-06,264527.92,CNY,34388.63
TXN001681,CUST00874,Chine,Shanghai,Événement privé,Joaillerie,2026-05-31,92711.24,CNY,12052.46
TXN001682,CUST00876,USA,Bal Harbour,En ligne,Haute Joaillerie,2026-07-20,132441.68,USD,121846.35
TXN001683,CUST00877,Chine,Pékin,Boutique,Joaillerie,2025-02-27,178626.91,CNY,23221.5
TXN001684,CUST00877,Chine,Pékin,En ligne,Joaillerie,2025-07-30,129262.91,CNY,16804.18
TXN001685,CUST00877,Chine,Pékin,En ligne,Horlogerie,2026-01-07,226173.94,CNY,29402.61
TXN001686,CUST00878,Japon,Osaka,Boutique,Horlogerie,2026-06-23,4631534.53,JPY,28715.51
TXN001687,CUST00879,Chine,Shanghai,En ligne,Horlogerie,2025-06-30,280804.73,CNY,36504.62
TXN001688,CUST00879,Chine,Shanghai,Boutique,Accessoires & Parfums,2025-11-25,6770.18,CNY,880.12
TXN001689,CUST00879,Chine,Shanghai,Boutique,Joaillerie,2026-04-23,79833.6,CNY,10378.37
TXN001690,CUST00880,Chine,Shanghai,Boutique,Accessoires & Parfums,2026-06-16,5600.96,CNY,728.13
TXN001691,CUST00881,France (siège),Paris Vendôme,Boutique,Accessoires & Parfums,2026-05-08,651.8,EUR,651.8
TXN001692,CUST00882,Moyen-Orient,Dubaï Mall,Événement privé,Joaillerie,2026-05-09,61169.38,AED,15292.34
TXN001693,CUST00884,Chine,Hong Kong,Événement privé,Joaillerie,2026-07-27,128556.79,CNY,16712.38
TXN001694,CUST00885,Chine,Hong Kong,Boutique,Haute Joaillerie,2025-04-19,1040845.46,CNY,135309.91
TXN001695,CUST00885,Chine,Hong Kong,En ligne,Joaillerie,2025-09-06,134054.06,CNY,17427.03
TXN001696,CUST00885,Chine,Hong Kong,Boutique,Accessoires & Parfums,2026-01-07,9534.19,CNY,1239.45
TXN001697,CUST00885,Chine,Hong Kong,Boutique,Haute Joaillerie,2026-05-10,1457147.82,CNY,189429.22
TXN001698,CUST00886,Chine,Shanghai,En ligne,Horlogerie,2025-06-26,253607.9,CNY,32969.03
TXN001699,CUST00886,Chine,Shanghai,Événement privé,Joaillerie,2025-12-22,123510.46,CNY,16056.36
TXN001700,CUST00886,Chine,Shanghai,Boutique,Mariage,2026-07-02,29545.77,CNY,3840.95
TXN001701,CUST00887,Chine,Shanghai,Boutique,Horlogerie,2025-03-10,165209.46,CNY,21477.23
TXN001702,CUST00887,Chine,Shanghai,Boutique,Joaillerie,2025-06-10,186882.73,CNY,24294.75
TXN001703,CUST00887,Chine,Shanghai,Événement privé,Accessoires & Parfums,2025-10-07,8979.74,CNY,1167.37
TXN001704,CUST00887,Chine,Shanghai,Boutique,Accessoires & Parfums,2026-02-07,5861.63,CNY,762.01
TXN001705,CUST00888,Moyen-Orient,Dubaï Mall,Événement privé,Accessoires & Parfums,2026-04-15,4575.84,AED,1143.96
TXN001706,CUST00889,France (siège),Paris Vendôme,En ligne,Joaillerie,2026-05-09,12194.36,EUR,12194.36
TXN001707,CUST00890,USA,Beverly Hills,En ligne,Accessoires & Parfums,2026-05-21,686.42,USD,631.51
TXN001708,CUST00891,USA,Bal Harbour,Boutique,Horlogerie,2025-11-14,27777.11,USD,25554.94
TXN001709,CUST00891,USA,Bal Harbour,Boutique,Accessoires & Parfums,2026-05-06,1284.34,USD,1181.59
TXN001710,CUST00892,USA,New York 5th Ave,En ligne,Mariage,2025-05-03,9475.85,USD,8717.78
TXN001711,CUST00892,USA,New York 5th Ave,En ligne,Joaillerie,2025-10-19,10747.1,USD,9887.33
TXN001712,CUST00892,USA,New York 5th Ave,En ligne,Joaillerie,2026-04-17,12502.49,USD,11502.29
TXN001713,CUST00894,USA,Beverly Hills,Événement privé,Joaillerie,2026-02-13,12790.09,USD,11766.88
TXN001714,CUST00895,Chine,Hong Kong,En ligne,Mariage,2025-05-10,91100.99,CNY,11843.13
TXN001715,CUST00895,Chine,Hong Kong,Boutique,Joaillerie,2025-10-02,156602.07,CNY,20358.27
TXN001716,CUST00895,Chine,Hong Kong,Boutique,Accessoires & Parfums,2026-03-16,6341.08,CNY,824.34
TXN001717,CUST00895,Chine,Hong Kong,En ligne,Mariage,2026-07-20,156946.17,CNY,20403.0
TXN001718,CUST00896,Chine,Pékin,En ligne,Joaillerie,2026-07-26,62265.83,CNY,8094.56
TXN001719,CUST00897,Japon,Osaka,Boutique,Accessoires & Parfums,2025-07-10,65169.85,JPY,404.05
TXN001720,CUST00897,Japon,Osaka,En ligne,Joaillerie,2026-01-19,2476289.81,JPY,15353.0
TXN001721,CUST00897,Japon,Osaka,En ligne,Horlogerie,2026-07-02,4985815.75,JPY,30912.06
TXN001722,CUST00898,Chine,Pékin,En ligne,Joaillerie,2025-03-28,94407.37,CNY,12272.96
TXN001723,CUST00898,Chine,Pékin,En ligne,Mariage,2025-08-22,50162.87,CNY,6521.17
TXN001724,CUST00898,Chine,Pékin,Boutique,Horlogerie,2026-01-03,185101.72,CNY,24063.22
TXN001725,CUST00898,Chine,Pékin,Boutique,Accessoires & Parfums,2026-06-16,6702.54,CNY,871.33
TXN001726,CUST00899,Moyen-Orient,Dubaï Mall,Événement privé,Haute Joaillerie,2026-06-02,444148.87,AED,111037.22
TXN001727,CUST00900,Moyen-Orient,Abu Dhabi,Boutique,Joaillerie,2026-07-11,77588.6,AED,19397.15
TXN001728,CUST00901,France (siège),Paris Champs-Élysées,Boutique,Accessoires & Parfums,2026-05-11,1453.02,EUR,1453.02
TXN001729,CUST00902,Chine,Pékin,Événement privé,Joaillerie,2025-10-18,131620.87,CNY,17110.71
TXN001730,CUST00902,Chine,Pékin,Boutique,Joaillerie,2026-02-26,165689.08,CNY,21539.58
TXN001731,CUST00902,Chine,Pékin,En ligne,Haute Joaillerie,2026-06-28,899034.55,CNY,116874.49
TXN001732,CUST00903,Chine,Pékin,Boutique,Accessoires & Parfums,2026-02-04,7105.35,CNY,923.69
TXN001733,CUST00904,Chine,Pékin,Boutique,Accessoires & Parfums,2025-12-05,10889.38,CNY,1415.62
TXN001734,CUST00904,Chine,Pékin,Événement privé,Joaillerie,2026-03-19,201176.09,CNY,26152.89
TXN001735,CUST00904,Chine,Pékin,Événement privé,Horlogerie,2026-06-06,292237.04,CNY,37990.82
TXN001736,CUST00906,USA,New York 5th Ave,Boutique,Joaillerie,2025-12-04,31359.81,USD,28851.02
TXN001737,CUST00907,France (siège),Cannes,Boutique,Accessoires & Parfums,2025-08-10,807.7,EUR,807.7
TXN001738,CUST00907,France (siège),Cannes,En ligne,Accessoires & Parfums,2026-01-02,681.05,EUR,681.05
TXN001739,CUST00907,France (siège),Cannes,En ligne,Mariage,2026-06-29,8473.52,EUR,8473.52
TXN001740,CUST00908,Japon,Tokyo Ginza,Boutique,Horlogerie,2025-03-20,6222461.33,JPY,38579.26
TXN001741,CUST00908,Japon,Tokyo Ginza,Boutique,Accessoires & Parfums,2025-09-10,101558.14,JPY,629.66
TXN001742,CUST00908,Japon,Tokyo Ginza,Événement privé,Joaillerie,2026-03-24,3062295.55,JPY,18986.23
TXN001743,CUST00910,Chine,Shanghai,En ligne,Accessoires & Parfums,2026-07-12,5896.97,CNY,766.61
TXN001744,CUST00911,Japon,Osaka,Boutique,Mariage,2025-11-23,2165991.04,JPY,13429.14
TXN001745,CUST00911,Japon,Osaka,En ligne,Accessoires & Parfums,2026-04-25,93832.63,JPY,581.76
TXN001746,CUST00912,Chine,Shanghai,En ligne,Accessoires & Parfums,2026-07-23,8355.96,CNY,1086.27
TXN001747,CUST00913,France (siège),Cannes,Boutique,Mariage,2025-10-20,11608.16,EUR,11608.16
TXN001748,CUST00913,France (siège),Cannes,Événement privé,Joaillerie,2026-04-28,15437.45,EUR,15437.45
TXN001749,CUST00915,USA,New York 5th Ave,Boutique,Accessoires & Parfums,2025-05-08,1717.19,USD,1579.81
TXN001750,CUST00915,USA,New York 5th Ave,Boutique,Mariage,2025-10-07,20781.16,USD,19118.67
TXN001751,CUST00915,USA,New York 5th Ave,Boutique,Haute Joaillerie,2026-02-13,187643.79,USD,172632.29
TXN001752,CUST00915,USA,New York 5th Ave,Boutique,Horlogerie,2026-06-17,28680.55,USD,26386.1
TXN001753,CUST00916,Japon,Tokyo Ginza,En ligne,Horlogerie,2026-02-10,5956585.34,JPY,36930.83
TXN001754,CUST00916,Japon,Tokyo Ginza,Événement privé,Mariage,2026-07-13,1112117.53,JPY,6895.13
TXN001755,CUST00917,France (siège),Cannes,En ligne,Joaillerie,2025-07-30,19238.86,EUR,19238.86
TXN001756,CUST00917,France (siège),Cannes,Événement privé,Mariage,2026-02-22,10133.14,EUR,10133.14
TXN001757,CUST00917,France (siège),Cannes,En ligne,Accessoires & Parfums,2026-07-29,898.5,EUR,898.5
TXN001758,CUST00918,France (siège),Paris Champs-Élysées,Événement privé,Accessoires & Parfums,2026-03-21,1036.21,EUR,1036.21
TXN001759,CUST00919,Chine,Hong Kong,Boutique,Accessoires & Parfums,2025-12-29,6531.17,CNY,849.05
TXN001760,CUST00919,Chine,Hong Kong,Événement privé,Horlogerie,2026-05-13,209950.97,CNY,27293.63
TXN001761,CUST00920,Chine,Pékin,Boutique,Joaillerie,2026-07-06,126327.89,CNY,16422.63
TXN001762,CUST00922,France (siège),Cannes,Boutique,Accessoires & Parfums,2025-09-09,727.84,EUR,727.84
TXN001763,CUST00922,France (siège),Cannes,Événement privé,Joaillerie,2026-01-06,20325.83,EUR,20325.83
TXN001764,CUST00922,France (siège),Cannes,Événement privé,Accessoires & Parfums,2026-06-04,795.41,EUR,795.41
TXN001765,CUST00923,Chine,Shanghai,Boutique,Mariage,2026-07-09,85118.2,CNY,11065.37
TXN001766,CUST00924,France (siège),Paris Champs-Élysées,En ligne,Accessoires & Parfums,2026-07-14,826.48,EUR,826.48
TXN001767,CUST00925,Chine,Pékin,Boutique,Accessoires & Parfums,2025-06-11,7863.2,CNY,1022.22
TXN001768,CUST00925,Chine,Pékin,En ligne,Horlogerie,2025-11-06,153971.2,CNY,20016.26
TXN001769,CUST00925,Chine,Pékin,Événement privé,Joaillerie,2026-03-07,229165.37,CNY,29791.5
TXN001770,CUST00925,Chine,Pékin,Boutique,Accessoires & Parfums,2026-07-25,6795.69,CNY,883.44
TXN001771,CUST00926,Japon,Osaka,Boutique,Joaillerie,2026-04-17,2943767.72,JPY,18251.36
TXN001772,CUST00927,Japon,Tokyo Ginza,Boutique,Accessoires & Parfums,2026-06-02,98640.17,JPY,611.57
TXN001773,CUST00928,Moyen-Orient,Dubaï Mall,En ligne,Accessoires & Parfums,2025-02-14,3797.34,AED,949.34
TXN001774,CUST00928,Moyen-Orient,Dubaï Mall,Boutique,Accessoires & Parfums,2025-07-18,1633.48,AED,408.37
TXN001775,CUST00928,Moyen-Orient,Dubaï Mall,Boutique,Joaillerie,2026-02-07,66833.67,AED,16708.42
TXN001776,CUST00928,Moyen-Orient,Dubaï Mall,Boutique,Accessoires & Parfums,2026-07-31,2702.47,AED,675.62
TXN001777,CUST00929,France (siège),Cannes,Boutique,Joaillerie,2025-08-05,7441.89,EUR,7441.89
TXN001778,CUST00931,Japon,Tokyo Ginza,Boutique,Accessoires & Parfums,2025-03-21,172356.53,JPY,1068.61
TXN001779,CUST00931,Japon,Tokyo Ginza,Boutique,Joaillerie,2025-07-20,2862841.9,JPY,17749.62
TXN001780,CUST00931,Japon,Tokyo Ginza,Boutique,Horlogerie,2025-12-03,5775122.91,JPY,35805.76
TXN001781,CUST00931,Japon,Tokyo Ginza,En ligne,Accessoires & Parfums,2026-05-29,69157.2,JPY,428.77
TXN001782,CUST00932,Chine,Pékin,Boutique,Mariage,2025-04-12,74664.57,CNY,9706.39
TXN001783,CUST00933,Japon,Osaka,Boutique,Accessoires & Parfums,2025-10-24,171587.72,JPY,1063.84
TXN001784,CUST00933,Japon,Osaka,Boutique,Horlogerie,2026-03-24,4443917.52,JPY,27552.29
TXN001785,CUST00934,Moyen-Orient,Dubaï Mall,Boutique,Horlogerie,2025-03-18,74152.97,AED,18538.24
TXN001786,CUST00934,Moyen-Orient,Dubaï Mall,Boutique,Haute Joaillerie,2025-08-04,467296.75,AED,116824.19
TXN001787,CUST00934,Moyen-Orient,Dubaï Mall,En ligne,Joaillerie,2026-01-14,92748.41,AED,23187.1
TXN001788,CUST00934,Moyen-Orient,Dubaï Mall,Boutique,Mariage,2026-06-02,59403.09,AED,14850.77
TXN001789,CUST00935,France (siège),Cannes,Boutique,Mariage,2026-07-26,15555.65,EUR,15555.65
TXN001790,CUST00936,Moyen-Orient,Dubaï Mall,Boutique,Accessoires & Parfums,2026-07-22,5431.71,AED,1357.93
TXN001791,CUST00937,Chine,Pékin,En ligne,Joaillerie,2025-11-24,72409.54,CNY,9413.24
TXN001792,CUST00937,Chine,Pékin,Boutique,Accessoires & Parfums,2026-04-02,8154.73,CNY,1060.11
TXN001793,CUST00938,USA,New York 5th Ave,Boutique,Accessoires & Parfums,2025-12-29,875.88,USD,805.81
TXN001794,CUST00940,Chine,Pékin,En ligne,Horlogerie,2025-09-09,191739.66,CNY,24926.16
TXN001795,CUST00941,USA,Beverly Hills,Boutique,Accessoires & Parfums,2026-06-23,1405.09,USD,1292.68
TXN001796,CUST00942,Moyen-Orient,Abu Dhabi,Boutique,Mariage,2026-06-24,39484.01,AED,9871.0
TXN001797,CUST00943,USA,New York 5th Ave,Boutique,Horlogerie,2026-02-04,28525.5,USD,26243.46
TXN001798,CUST00944,USA,Beverly Hills,Événement privé,Joaillerie,2025-07-25,33398.79,USD,30726.89
TXN001799,CUST00944,USA,Beverly Hills,Boutique,Joaillerie,2025-11-29,36985.37,USD,34026.54
TXN001800,CUST00944,USA,Beverly Hills,Boutique,Joaillerie,2026-04-09,21802.69,USD,20058.47
TXN001801,CUST00944,USA,Beverly Hills,Boutique,Joaillerie,2026-07-21,20969.06,USD,19291.53
TXN001802,CUST00945,Chine,Shanghai,En ligne,Haute Joaillerie,2026-04-25,840613.55,CNY,109279.76
TXN001803,CUST00946,France (siège),Paris Vendôme,Boutique,Mariage,2025-12-22,7705.15,EUR,7705.15
TXN001804,CUST00946,France (siège),Paris Vendôme,Boutique,Accessoires & Parfums,2026-06-07,842.91,EUR,842.91
TXN001805,CUST00947,France (siège),Cannes,En ligne,Joaillerie,2026-04-16,12030.02,EUR,12030.02
TXN001806,CUST00948,France (siège),Paris Vendôme,Boutique,Joaillerie,2025-06-16,10846.52,EUR,10846.52
TXN001807,CUST00948,France (siège),Paris Vendôme,Événement privé,Haute Joaillerie,2025-10-13,64506.47,EUR,64506.47
TXN001808,CUST00948,France (siège),Paris Vendôme,Événement privé,Mariage,2026-04-13,9483.85,EUR,9483.85
TXN001809,CUST00949,Moyen-Orient,Dubaï Mall,Boutique,Joaillerie,2025-07-28,64225.19,AED,16056.3
TXN001810,CUST00949,Moyen-Orient,Dubaï Mall,Boutique,Accessoires & Parfums,2025-11-24,3666.27,AED,916.57
TXN001811,CUST00949,Moyen-Orient,Dubaï Mall,Boutique,Joaillerie,2026-03-02,87750.94,AED,21937.73
TXN001812,CUST00949,Moyen-Orient,Dubaï Mall,Boutique,Horlogerie,2026-05-28,173207.11,AED,43301.78
TXN001813,CUST00950,Japon,Tokyo Ginza,En ligne,Joaillerie,2026-07-16,3626110.58,JPY,22481.89
TXN001814,CUST00951,Japon,Osaka,Boutique,Accessoires & Parfums,2025-11-19,165706.76,JPY,1027.38
TXN001815,CUST00951,Japon,Osaka,Boutique,Accessoires & Parfums,2026-04-19,95443.21,JPY,591.75
TXN001816,CUST00952,Chine,Hong Kong,Boutique,Accessoires & Parfums,2025-03-31,6997.24,CNY,909.64
TXN001817,CUST00952,Chine,Hong Kong,En ligne,Mariage,2025-09-07,74444.37,CNY,9677.77
TXN001818,CUST00952,Chine,Hong Kong,Boutique,Horlogerie,2026-03-21,236982.59,CNY,30807.74
TXN001819,CUST00953,Chine,Pékin,Boutique,Joaillerie,2025-04-17,118922.4,CNY,15459.91
TXN001820,CUST00953,Chine,Pékin,Boutique,Horlogerie,2025-09-15,248552.86,CNY,32311.87
TXN001821,CUST00953,Chine,Pékin,Boutique,Joaillerie,2026-02-16,164589.63,CNY,21396.65
TXN001822,CUST00955,France (siège),Paris Vendôme,Boutique,Horlogerie,2025-12-19,24118.77,EUR,24118.77
TXN001823,CUST00956,Chine,Hong Kong,Événement privé,Horlogerie,2026-05-05,278263.31,CNY,36174.23
TXN001824,CUST00957,France (siège),Paris Vendôme,Événement privé,Mariage,2025-07-01,15611.11,EUR,15611.11
TXN001825,CUST00957,France (siège),Paris Vendôme,Événement privé,Horlogerie,2025-10-24,59259.13,EUR,59259.13
TXN001826,CUST00958,Japon,Osaka,En ligne,Joaillerie,2025-07-15,5554827.01,JPY,34439.93
TXN001827,CUST00958,Japon,Osaka,Boutique,Joaillerie,2025-09-27,4081834.2,JPY,25307.37
TXN001828,CUST00958,Japon,Osaka,Événement privé,Joaillerie,2026-01-15,4286269.49,JPY,26574.87
TXN001829,CUST00958,Japon,Osaka,Événement privé,Joaillerie,2026-04-04,4169641.28,JPY,25851.78
TXN001830,CUST00958,Japon,Osaka,Événement privé,Mariage,2026-07-08,3202506.24,JPY,19855.54
TXN001831,CUST00960,Japon,Tokyo Ginza,En ligne,Accessoires & Parfums,2025-09-05,97063.62,JPY,601.79
TXN001832,CUST00960,Japon,Tokyo Ginza,Boutique,Accessoires & Parfums,2026-02-12,138111.02,JPY,856.29
TXN001833,CUST00962,Moyen-Orient,Abu Dhabi,Boutique,Accessoires & Parfums,2025-07-25,2805.98,AED,701.5
TXN001834,CUST00963,Moyen-Orient,Dubaï Mall,En ligne,Joaillerie,2025-02-24,65746.0,AED,16436.5
TXN001835,CUST00963,Moyen-Orient,Dubaï Mall,Boutique,Joaillerie,2025-08-15,99401.75,AED,24850.44
TXN001836,CUST00963,Moyen-Orient,Dubaï Mall,Boutique,Accessoires & Parfums,2026-02-09,3667.23,AED,916.81
TXN001837,CUST00963,Moyen-Orient,Dubaï Mall,En ligne,Joaillerie,2026-07-29,95432.54,AED,23858.13
TXN001838,CUST00964,France (siège),Cannes,Boutique,Mariage,2025-11-12,11611.05,EUR,11611.05
TXN001839,CUST00965,Japon,Tokyo Ginza,Événement privé,Mariage,2026-06-27,1059427.91,JPY,6568.45
TXN001840,CUST00966,France (siège),Paris Vendôme,Boutique,Accessoires & Parfums,2025-03-15,885.2,EUR,885.2
TXN001841,CUST00966,France (siège),Paris Vendôme,Boutique,Joaillerie,2025-09-08,9963.57,EUR,9963.57
TXN001842,CUST00966,France (siège),Paris Vendôme,Boutique,Accessoires & Parfums,2026-01-31,786.41,EUR,786.41
TXN001843,CUST00966,France (siège),Paris Vendôme,Boutique,Joaillerie,2026-07-21,20128.53,EUR,20128.53
TXN001844,CUST00968,Chine,Shanghai,Événement privé,Joaillerie,2025-09-02,126704.22,CNY,16471.55
TXN001845,CUST00968,Chine,Shanghai,Boutique,Accessoires & Parfums,2025-11-08,10972.66,CNY,1426.45
TXN001846,CUST00968,Chine,Shanghai,Événement privé,Joaillerie,2026-03-24,124146.9,CNY,16139.1
TXN001847,CUST00968,Chine,Shanghai,Boutique,Joaillerie,2026-07-22,117806.34,CNY,15314.82
TXN001848,CUST00969,Chine,Hong Kong,Boutique,Joaillerie,2025-06-24,61402.15,CNY,7982.28
TXN001849,CUST00969,Chine,Hong Kong,En ligne,Accessoires & Parfums,2025-12-04,6746.28,CNY,877.02
TXN001850,CUST00969,Chine,Hong Kong,Boutique,Horlogerie,2026-05-31,168886.95,CNY,21955.3
TXN001851,CUST00970,USA,New York 5th Ave,Boutique,Accessoires & Parfums,2025-02-15,1222.23,USD,1124.45
TXN001852,CUST00970,USA,New York 5th Ave,Boutique,Accessoires & Parfums,2025-07-01,595.98,USD,548.31
TXN001853,CUST00970,USA,New York 5th Ave,Événement privé,Mariage,2025-11-27,13128.56,USD,12078.27
TXN001854,CUST00970,USA,New York 5th Ave,Boutique,Accessoires & Parfums,2026-04-21,696.9,USD,641.15
TXN001855,CUST00971,USA,Beverly Hills,Boutique,Joaillerie,2025-07-05,25338.4,USD,23311.33
TXN001856,CUST00971,USA,Beverly Hills,Boutique,Horlogerie,2025-10-15,53401.5,USD,49129.38
TXN001857,CUST00971,USA,Beverly Hills,Événement privé,Mariage,2026-01-13,9497.95,USD,8738.11
TXN001858,CUST00971,USA,Beverly Hills,Boutique,Joaillerie,2026-03-11,31188.79,USD,28693.69
TXN001859,CUST00971,USA,Beverly Hills,Boutique,Horlogerie,2026-06-16,69858.44,USD,64269.76
TXN001860,CUST00972,France (siège),Paris Champs-Élysées,Boutique,Horlogerie,2025-04-30,28350.58,EUR,28350.58
TXN001861,CUST00972,France (siège),Paris Champs-Élysées,Boutique,Accessoires & Parfums,2025-10-29,908.85,EUR,908.85
TXN001862,CUST00973,Chine,Hong Kong,Événement privé,Horlogerie,2026-07-05,208103.55,CNY,27053.46
TXN001863,CUST00974,France (siège),Paris Champs-Élysées,Événement privé,Joaillerie,2025-07-08,17040.39,EUR,17040.39
TXN001864,CUST00974,France (siège),Paris Champs-Élysées,Boutique,Accessoires & Parfums,2026-01-04,813.53,EUR,813.53
TXN001865,CUST00974,France (siège),Paris Champs-Élysées,En ligne,Accessoires & Parfums,2026-05-21,388.55,EUR,388.55
TXN001866,CUST00976,USA,Bal Harbour,Boutique,Accessoires & Parfums,2026-03-04,823.5,USD,757.62
TXN001867,CUST00977,France (siège),Cannes,Boutique,Accessoires & Parfums,2025-04-30,691.43,EUR,691.43
TXN001868,CUST00977,France (siège),Cannes,Boutique,Joaillerie,2025-10-02,9211.23,EUR,9211.23
TXN001869,CUST00977,France (siège),Cannes,Événement privé,Horlogerie,2026-03-18,23058.27,EUR,23058.27
TXN001870,CUST00978,USA,Beverly Hills,Boutique,Horlogerie,2026-07-25,38916.73,USD,35803.39
TXN001871,CUST00980,France (siège),Paris Vendôme,Boutique,Haute Joaillerie,2025-03-22,79831.12,EUR,79831.12
TXN001872,CUST00980,France (siège),Paris Vendôme,Boutique,Mariage,2025-08-02,12083.81,EUR,12083.81
TXN001873,CUST00980,France (siège),Paris Vendôme,Boutique,Joaillerie,2025-12-18,21187.02,EUR,21187.02
TXN001874,CUST00980,France (siège),Paris Vendôme,En ligne,Joaillerie,2026-05-21,20145.93,EUR,20145.93
TXN001875,CUST00981,France (siège),Cannes,Boutique,Mariage,2025-04-29,7240.75,EUR,7240.75
TXN001876,CUST00981,France (siège),Cannes,Boutique,Accessoires & Parfums,2025-10-13,520.68,EUR,520.68
TXN001877,CUST00981,France (siège),Cannes,Boutique,Horlogerie,2026-04-03,32381.53,EUR,32381.53
TXN001878,CUST00982,Japon,Tokyo Ginza,En ligne,Horlogerie,2025-11-16,4304004.45,JPY,26684.83
TXN001879,CUST00982,Japon,Tokyo Ginza,Boutique,Mariage,2026-05-19,2321822.54,JPY,14395.3
TXN001880,CUST00983,USA,Beverly Hills,Événement privé,Accessoires & Parfums,2025-07-21,685.72,USD,630.86
TXN001881,CUST00983,USA,Beverly Hills,Boutique,Accessoires & Parfums,2025-11-15,648.44,USD,596.56
TXN001882,CUST00983,USA,Beverly Hills,En ligne,Mariage,2026-05-03,11258.63,USD,10357.94
TXN001883,CUST00984,France (siège),Paris Champs-Élysées,Événement privé,Horlogerie,2025-08-24,26145.98,EUR,26145.98
TXN001884,CUST00984,France (siège),Paris Champs-Élysées,Boutique,Joaillerie,2025-12-23,12913.05,EUR,12913.05
TXN001885,CUST00984,France (siège),Paris Champs-Élysées,Boutique,Horlogerie,2026-04-11,45392.05,EUR,45392.05
TXN001886,CUST00984,France (siège),Paris Champs-Élysées,Boutique,Accessoires & Parfums,2026-06-26,1639.31,EUR,1639.31
TXN001887,CUST00985,Chine,Hong Kong,Événement privé,Accessoires & Parfums,2026-05-18,9459.29,CNY,1229.71
TXN001888,CUST00986,France (siège),Cannes,Boutique,Joaillerie,2025-09-30,21399.87,EUR,21399.87
TXN001889,CUST00986,France (siège),Cannes,En ligne,Joaillerie,2026-02-03,17327.26,EUR,17327.26
TXN001890,CUST00986,France (siège),Cannes,Boutique,Horlogerie,2026-07-10,34925.13,EUR,34925.13
TXN001891,CUST00987,USA,Bal Harbour,En ligne,Joaillerie,2025-06-22,10692.29,USD,9836.91
TXN001892,CUST00988,Moyen-Orient,Abu Dhabi,Boutique,Joaillerie,2025-07-31,88127.62,AED,22031.9
TXN001893,CUST00988,Moyen-Orient,Abu Dhabi,Boutique,Joaillerie,2026-01-29,21508.05,AED,5377.01
TXN001894,CUST00988,Moyen-Orient,Abu Dhabi,Boutique,Accessoires & Parfums,2026-07-25,3849.15,AED,962.29
TXN001895,CUST00989,France (siège),Paris Vendôme,En ligne,Haute Joaillerie,2026-06-08,127821.9,EUR,127821.9
TXN001896,CUST00990,Chine,Hong Kong,Boutique,Joaillerie,2025-05-24,117699.49,CNY,15300.93
TXN001897,CUST00991,Moyen-Orient,Abu Dhabi,Boutique,Horlogerie,2026-05-27,86090.75,AED,21522.69
TXN001898,CUST00992,USA,New York 5th Ave,En ligne,Joaillerie,2025-10-22,22379.06,USD,20588.74
TXN001899,CUST00992,USA,New York 5th Ave,En ligne,Accessoires & Parfums,2026-03-08,705.01,USD,648.61
TXN001900,CUST00993,France (siège),Paris Champs-Élysées,Événement privé,Accessoires & Parfums,2026-02-09,894.96,EUR,894.96
TXN001901,CUST00994,Chine,Hong Kong,Boutique,Mariage,2025-08-30,87173.17,CNY,11332.51
TXN001902,CUST00994,Chine,Hong Kong,Boutique,Accessoires & Parfums,2026-02-09,5902.06,CNY,767.27
TXN001903,CUST00994,Chine,Hong Kong,Événement privé,Accessoires & Parfums,2026-07-12,6402.8,CNY,832.36
TXN001904,CUST00995,Chine,Hong Kong,Boutique,Accessoires & Parfums,2025-01-16,7587.38,CNY,986.36
TXN001905,CUST00995,Chine,Hong Kong,En ligne,Mariage,2025-04-29,110474.66,CNY,14361.71
TXN001906,CUST00995,Chine,Hong Kong,Boutique,Joaillerie,2025-10-17,69961.28,CNY,9094.97
TXN001907,CUST00995,Chine,Hong Kong,En ligne,Joaillerie,2026-03-26,42310.82,CNY,5500.41
TXN001908,CUST00996,France (siège),Cannes,Boutique,Horlogerie,2026-02-17,28133.95,EUR,28133.95
TXN001909,CUST00996,France (siège),Cannes,Boutique,Haute Joaillerie,2026-07-05,145464.47,EUR,145464.47
TXN001910,CUST00998,USA,Beverly Hills,Boutique,Accessoires & Parfums,2025-11-20,612.69,USD,563.68
TXN001911,CUST00998,USA,Beverly Hills,Boutique,Joaillerie,2026-04-26,17620.37,USD,16210.74
TXN001912,CUST00999,Chine,Pékin,En ligne,Accessoires & Parfums,2025-01-20,7197.24,CNY,935.64
TXN001913,CUST00999,Chine,Pékin,Boutique,Joaillerie,2025-07-11,86258.95,CNY,11213.66
TXN001914,CUST00999,Chine,Pékin,Boutique,Accessoires & Parfums,2026-01-04,5514.27,CNY,716.85
TXN001915,CUST00999,Chine,Pékin,Boutique,Joaillerie,2026-07-10,66690.55,CNY,8669.77
TXN001916,CUST01001,France (siège),Paris Vendôme,En ligne,Horlogerie,2026-07-06,54430.89,EUR,54430.89
TXN001917,CUST01002,Chine,Hong Kong,En ligne,Mariage,2025-03-19,76572.23,CNY,9954.39
TXN001918,CUST01002,Chine,Hong Kong,En ligne,Joaillerie,2025-09-03,177350.37,CNY,23055.55
TXN001919,CUST01002,Chine,Hong Kong,Boutique,Accessoires & Parfums,2026-02-12,4407.17,CNY,572.93
TXN001920,CUST01003,Chine,Hong Kong,Boutique,Accessoires & Parfums,2026-04-08,2964.45,CNY,385.38
TXN001921,CUST01004,USA,Bal Harbour,Événement privé,Horlogerie,2026-04-11,53147.65,USD,48895.84
TXN001922,CUST01005,France (siège),Paris Champs-Élysées,En ligne,Accessoires & Parfums,2025-04-08,835.97,EUR,835.97
TXN001923,CUST01005,France (siège),Paris Champs-Élysées,Boutique,Haute Joaillerie,2025-09-06,145509.26,EUR,145509.26
TXN001924,CUST01005,France (siège),Paris Champs-Élysées,Boutique,Horlogerie,2026-02-19,14942.05,EUR,14942.05
TXN001925,CUST01006,Chine,Pékin,Boutique,Mariage,2025-12-16,87180.72,CNY,11333.49
TXN001926,CUST01006,Chine,Pékin,En ligne,Haute Joaillerie,2026-06-26,601266.11,CNY,78164.59
TXN001927,CUST01007,France (siège),Paris Champs-Élysées,Boutique,Joaillerie,2025-11-29,17799.17,EUR,17799.17
TXN001928,CUST01007,France (siège),Paris Champs-Élysées,En ligne,Mariage,2026-04-19,12882.01,EUR,12882.01
TXN001929,CUST01008,Moyen-Orient,Abu Dhabi,Boutique,Mariage,2025-12-14,42642.96,AED,10660.74
TXN001930,CUST01008,Moyen-Orient,Abu Dhabi,Boutique,Joaillerie,2026-05-23,59074.23,AED,14768.56
TXN001931,CUST01009,France (siège),Cannes,Boutique,Accessoires & Parfums,2026-01-29,484.06,EUR,484.06
TXN001932,CUST01009,France (siège),Cannes,Événement privé,Accessoires & Parfums,2026-06-20,730.37,EUR,730.37
TXN001933,CUST01010,USA,New York 5th Ave,En ligne,Horlogerie,2026-03-31,18325.23,USD,16859.21
TXN001934,CUST01011,USA,Beverly Hills,Boutique,Horlogerie,2025-09-20,41264.31,USD,37963.17
TXN001935,CUST01011,USA,Beverly Hills,Boutique,Horlogerie,2026-02-18,30847.19,USD,28379.41
TXN001936,CUST01012,Chine,Shanghai,Boutique,Joaillerie,2025-05-22,105367.11,CNY,13697.72
TXN001937,CUST01012,Chine,Shanghai,Boutique,Joaillerie,2025-11-09,173518.74,CNY,22557.44
TXN001938,CUST01012,Chine,Shanghai,Boutique,Accessoires & Parfums,2026-04-27,4130.06,CNY,536.91
TXN001939,CUST01013,USA,Beverly Hills,En ligne,Joaillerie,2026-04-06,7382.72,USD,6792.1
TXN001940,CUST01014,Japon,Tokyo Ginza,Événement privé,Horlogerie,2025-05-18,5597135.29,JPY,34702.24
TXN001941,CUST01014,Japon,Tokyo Ginza,En ligne,Accessoires & Parfums,2025-09-21,106122.11,JPY,657.96
TXN001942,CUST01014,Japon,Tokyo Ginza,Boutique,Accessoires & Parfums,2026-03-02,109302.04,JPY,677.67
TXN001943,CUST01014,Japon,Tokyo Ginza,En ligne,Accessoires & Parfums,2026-06-30,168084.74,JPY,1042.13
TXN001944,CUST01015,USA,New York 5th Ave,Boutique,Accessoires & Parfums,2026-07-08,836.53,USD,769.61
TXN001945,CUST01016,USA,New York 5th Ave,Événement privé,Accessoires & Parfums,2026-05-11,1036.75,USD,953.81
TXN001946,CUST01018,Chine,Pékin,Boutique,Accessoires & Parfums,2026-03-25,4689.97,CNY,609.7
TXN001947,CUST01018,Chine,Pékin,Boutique,Mariage,2026-07-26,86804.25,CNY,11284.55
TXN001948,CUST01019,Moyen-Orient,Abu Dhabi,En ligne,Accessoires & Parfums,2026-03-22,3910.99,AED,977.75
TXN001949,CUST01020,USA,Beverly Hills,Boutique,Accessoires & Parfums,2025-12-19,1182.23,USD,1087.65
TXN001950,CUST01020,USA,Beverly Hills,En ligne,Accessoires & Parfums,2026-05-30,748.83,USD,688.92
TXN001951,CUST01021,Chine,Shanghai,Boutique,Joaillerie,2025-10-10,66804.81,CNY,8684.63
TXN001952,CUST01021,Chine,Shanghai,Boutique,Horlogerie,2026-03-12,180312.99,CNY,23440.69
TXN001953,CUST01022,France (siège),Paris Champs-Élysées,Boutique,Joaillerie,2025-10-23,18912.25,EUR,18912.25
TXN001954,CUST01022,France (siège),Paris Champs-Élysées,En ligne,Haute Joaillerie,2026-03-11,146414.03,EUR,146414.03
TXN001955,CUST01022,France (siège),Paris Champs-Élysées,Boutique,Accessoires & Parfums,2026-07-28,1082.12,EUR,1082.12
TXN001956,CUST01023,USA,New York 5th Ave,Boutique,Accessoires & Parfums,2026-05-29,627.81,USD,577.58
TXN001957,CUST01024,France (siège),Paris Champs-Élysées,En ligne,Accessoires & Parfums,2025-12-21,1083.65,EUR,1083.65
TXN001958,CUST01024,France (siège),Paris Champs-Élysées,Boutique,Accessoires & Parfums,2026-04-30,717.18,EUR,717.18
TXN001959,CUST01025,USA,Beverly Hills,Boutique,Accessoires & Parfums,2025-12-30,1061.83,USD,976.88
TXN001960,CUST01025,USA,Beverly Hills,En ligne,Accessoires & Parfums,2026-06-27,1159.07,USD,1066.35
TXN001961,CUST01026,France (siège),Paris Vendôme,Boutique,Haute Joaillerie,2025-06-16,115610.84,EUR,115610.84
TXN001962,CUST01026,France (siège),Paris Vendôme,Boutique,Joaillerie,2025-12-22,14067.32,EUR,14067.32
TXN001963,CUST01026,France (siège),Paris Vendôme,Boutique,Accessoires & Parfums,2026-06-21,379.65,EUR,379.65
TXN001964,CUST01027,USA,Beverly Hills,En ligne,Joaillerie,2025-03-06,11645.63,USD,10713.98
TXN001965,CUST01027,USA,Beverly Hills,Boutique,Accessoires & Parfums,2025-07-09,1185.64,USD,1090.79
TXN001966,CUST01027,USA,Beverly Hills,Événement privé,Horlogerie,2025-10-16,37942.06,USD,34906.69
TXN001967,CUST01027,USA,Beverly Hills,Boutique,Joaillerie,2026-02-10,39401.78,USD,36249.64
TXN001968,CUST01027,USA,Beverly Hills,Boutique,Joaillerie,2026-06-21,30739.79,USD,28280.61
TXN001969,CUST01028,Chine,Shanghai,Boutique,Mariage,2025-07-06,80703.43,CNY,10491.45
TXN001970,CUST01028,Chine,Shanghai,Boutique,Horlogerie,2026-01-09,291343.17,CNY,37874.61
TXN001971,CUST01028,Chine,Shanghai,En ligne,Accessoires & Parfums,2026-07-04,4514.75,CNY,586.92
TXN001972,CUST01030,Chine,Hong Kong,Boutique,Accessoires & Parfums,2025-08-14,5033.12,CNY,654.31
TXN001973,CUST01030,Chine,Hong Kong,Boutique,Mariage,2026-01-21,133247.64,CNY,17322.19
TXN001974,CUST01030,Chine,Hong Kong,En ligne,Joaillerie,2026-05-09,152903.46,CNY,19877.45
TXN001975,CUST01031,Chine,Hong Kong,Boutique,Accessoires & Parfums,2026-06-10,10001.75,CNY,1300.23
TXN001976,CUST01032,USA,Bal Harbour,En ligne,Haute Joaillerie,2026-02-28,123908.31,USD,113995.65
TXN001977,CUST01033,USA,Bal Harbour,Boutique,Horlogerie,2025-10-18,29193.31,USD,26857.85
TXN001978,CUST01033,USA,Bal Harbour,Événement privé,Accessoires & Parfums,2026-03-26,262.02,USD,241.06
TXN001979,CUST01034,USA,New York 5th Ave,Boutique,Joaillerie,2025-05-25,18491.93,USD,17012.58
TXN001980,CUST01035,Japon,Tokyo Ginza,Boutique,Joaillerie,2025-03-15,2622785.46,JPY,16261.27
TXN001981,CUST01035,Japon,Tokyo Ginza,Boutique,Joaillerie,2025-08-28,2719522.93,JPY,16861.04
TXN001982,CUST01035,Japon,Tokyo Ginza,Boutique,Joaillerie,2026-02-21,2385740.75,JPY,14791.59
TXN001983,CUST01035,Japon,Tokyo Ginza,En ligne,Haute Joaillerie,2026-07-28,20245060.8,JPY,125519.38
TXN001984,CUST01036,USA,Beverly Hills,Boutique,Accessoires & Parfums,2025-08-26,971.32,USD,893.61
TXN001985,CUST01036,USA,Beverly Hills,En ligne,Mariage,2026-01-04,13621.59,USD,12531.86
TXN001986,CUST01036,USA,Beverly Hills,Boutique,Horlogerie,2026-05-28,39835.39,USD,36648.56
TXN001987,CUST01037,Moyen-Orient,Abu Dhabi,Boutique,Mariage,2026-04-28,55753.21,AED,13938.3
TXN001988,CUST01038,France (siège),Paris Vendôme,Boutique,Joaillerie,2026-03-01,17480.68,EUR,17480.68
TXN001989,CUST01039,Moyen-Orient,Dubaï Mall,Boutique,Accessoires & Parfums,2025-06-29,3010.61,AED,752.65
TXN001990,CUST01039,Moyen-Orient,Dubaï Mall,Boutique,Horlogerie,2025-12-26,105241.36,AED,26310.34
TXN001991,CUST01039,Moyen-Orient,Dubaï Mall,Boutique,Accessoires & Parfums,2026-05-06,1944.02,AED,486.01
TXN001992,CUST01040,Moyen-Orient,Abu Dhabi,En ligne,Haute Joaillerie,2026-01-08,671531.44,AED,167882.86
TXN001993,CUST01040,Moyen-Orient,Abu Dhabi,Événement privé,Haute Joaillerie,2026-05-14,762828.34,AED,190707.08
TXN001994,CUST01041,France (siège),Paris Vendôme,En ligne,Accessoires & Parfums,2025-10-20,1059.37,EUR,1059.37
TXN001995,CUST01041,France (siège),Paris Vendôme,Événement privé,Haute Joaillerie,2026-05-09,140320.82,EUR,140320.82
TXN001996,CUST01042,Japon,Tokyo Ginza,Boutique,Accessoires & Parfums,2025-04-15,118616.96,JPY,735.43
TXN001997,CUST01042,Japon,Tokyo Ginza,Boutique,Accessoires & Parfums,2025-09-12,105994.34,JPY,657.16
TXN001998,CUST01042,Japon,Tokyo Ginza,Boutique,Joaillerie,2026-02-22,1799878.0,JPY,11159.24
TXN001999,CUST01043,USA,Bal Harbour,Boutique,Horlogerie,2026-05-05,18811.12,USD,17306.23
TXN002000,CUST01044,Japon,Tokyo Ginza,Boutique,Horlogerie,2024-12-22,7910572.43,JPY,49045.55
TXN002001,CUST01044,Japon,Tokyo Ginza,En ligne,Joaillerie,2025-04-11,2872136.53,JPY,17807.25
TXN002002,CUST01044,Japon,Tokyo Ginza,Boutique,Joaillerie,2025-08-18,5365044.49,JPY,33263.28
TXN002003,CUST01044,Japon,Tokyo Ginza,Boutique,Horlogerie,2025-11-20,4434145.68,JPY,27491.7
TXN002004,CUST01044,Japon,Tokyo Ginza,Événement privé,Joaillerie,2026-03-15,4058653.05,JPY,25163.65
TXN002005,CUST01044,Japon,Tokyo Ginza,Boutique,Accessoires & Parfums,2026-07-21,168330.71,JPY,1043.65
TXN002006,CUST01045,Moyen-Orient,Dubaï Mall,Événement privé,Joaillerie,2026-05-24,83506.28,AED,20876.57
TXN002007,CUST01046,Chine,Hong Kong,Boutique,Joaillerie,2026-01-05,155798.65,CNY,20253.82
TXN002008,CUST01047,USA,New York 5th Ave,Boutique,Joaillerie,2025-07-17,10239.27,USD,9420.13
TXN002009,CUST01047,USA,New York 5th Ave,Boutique,Horlogerie,2025-12-17,45068.7,USD,41463.21
TXN002010,CUST01047,USA,New York 5th Ave,Boutique,Horlogerie,2026-06-01,16411.06,USD,15098.17
TXN002011,CUST01048,Moyen-Orient,Abu Dhabi,En ligne,Accessoires & Parfums,2026-05-29,4282.94,AED,1070.73
TXN002012,CUST01049,USA,Bal Harbour,Boutique,Joaillerie,2025-12-04,27639.68,USD,25428.5
TXN002013,CUST01049,USA,Bal Harbour,Boutique,Mariage,2026-05-03,17607.2,USD,16198.63
TXN002014,CUST01050,Chine,Hong Kong,Boutique,Joaillerie,2026-06-10,126313.68,CNY,16420.78
TXN002015,CUST01051,Japon,Osaka,En ligne,Joaillerie,2025-07-02,1816841.8,JPY,11264.42
TXN002016,CUST01051,Japon,Osaka,En ligne,Horlogerie,2026-01-15,3155350.6,JPY,19563.17
TXN002017,CUST01051,Japon,Osaka,En ligne,Accessoires & Parfums,2026-06-26,152804.97,JPY,947.39
TXN002018,CUST01052,Chine,Hong Kong,Boutique,Accessoires & Parfums,2026-03-16,8752.77,CNY,1137.86
TXN002019,CUST01052,Chine,Hong Kong,Événement privé,Joaillerie,2026-07-21,159673.36,CNY,20757.54
TXN002020,CUST01054,France (siège),Cannes,Boutique,Accessoires & Parfums,2026-03-13,1515.72,EUR,1515.72
TXN002021,CUST01055,France (siège),Paris Champs-Élysées,Événement privé,Horlogerie,2025-12-11,37853.43,EUR,37853.43
TXN002022,CUST01055,France (siège),Paris Champs-Élysées,Boutique,Horlogerie,2026-06-23,24869.75,EUR,24869.75
TXN002023,CUST01056,Moyen-Orient,Dubaï Mall,Boutique,Horlogerie,2025-09-12,68772.67,AED,17193.17
TXN002024,CUST01056,Moyen-Orient,Dubaï Mall,Boutique,Joaillerie,2026-02-26,72788.38,AED,18197.1
TXN002025,CUST01057,Moyen-Orient,Abu Dhabi,En ligne,Joaillerie,2026-04-05,101638.72,AED,25409.68
TXN002026,CUST01058,Japon,Osaka,Événement privé,Joaillerie,2025-07-22,3824427.12,JPY,23711.45
TXN002027,CUST01058,Japon,Osaka,Boutique,Joaillerie,2025-10-31,4915176.33,JPY,30474.09
TXN002028,CUST01058,Japon,Osaka,Boutique,Joaillerie,2026-02-25,3942312.43,JPY,24442.34
TXN002029,CUST01058,Japon,Osaka,Événement privé,Joaillerie,2026-06-01,4603760.5,JPY,28543.32
TXN002030,CUST01059,Japon,Tokyo Ginza,Événement privé,Joaillerie,2026-06-20,1664917.71,JPY,10322.49
TXN002031,CUST01060,France (siège),Paris Vendôme,Boutique,Accessoires & Parfums,2025-06-10,619.01,EUR,619.01
TXN002032,CUST01060,France (siège),Paris Vendôme,Boutique,Horlogerie,2025-12-06,31287.77,EUR,31287.77
TXN002033,CUST01060,France (siège),Paris Vendôme,Boutique,Joaillerie,2026-05-25,14214.35,EUR,14214.35
TXN002034,CUST01061,Japon,Tokyo Ginza,Boutique,Mariage,2025-09-17,1824955.32,JPY,11314.72
TXN002035,CUST01061,Japon,Tokyo Ginza,En ligne,Horlogerie,2026-02-12,6007735.87,JPY,37247.96
TXN002036,CUST01061,Japon,Tokyo Ginza,Boutique,Mariage,2026-07-24,2088496.14,JPY,12948.68
TXN002037,CUST01062,Japon,Tokyo Ginza,En ligne,Joaillerie,2025-11-06,2408444.99,JPY,14932.36
TXN002038,CUST01062,Japon,Tokyo Ginza,Boutique,Haute Joaillerie,2026-03-10,17569230.23,JPY,108929.23
TXN002039,CUST01064,Chine,Hong Kong,En ligne,Accessoires & Parfums,2025-02-23,9819.43,CNY,1276.53
TXN002040,CUST01064,Chine,Hong Kong,En ligne,Mariage,2025-07-25,56689.95,CNY,7369.69
TXN002041,CUST01064,Chine,Hong Kong,Boutique,Joaillerie,2026-01-09,69301.0,CNY,9009.13
TXN002042,CUST01064,Chine,Hong Kong,Boutique,Haute Joaillerie,2026-06-10,739008.33,CNY,96071.08
TXN002043,CUST01065,Chine,Shanghai,Boutique,Joaillerie,2026-07-05,187629.85,CNY,24391.88
TXN002044,CUST01066,Japon,Tokyo Ginza,Boutique,Mariage,2025-03-21,1133043.71,JPY,7024.87
TXN002045,CUST01066,Japon,Tokyo Ginza,Boutique,Joaillerie,2025-09-28,1584519.17,JPY,9824.02
TXN002046,CUST01066,Japon,Tokyo Ginza,Boutique,Joaillerie,2026-03-29,2089710.29,JPY,12956.2
TXN002047,CUST01067,Japon,Osaka,Boutique,Horlogerie,2025-12-28,6997873.96,JPY,43386.82
TXN002048,CUST01067,Japon,Osaka,En ligne,Joaillerie,2026-04-15,2995218.23,JPY,18570.35
TXN002049,CUST01068,USA,New York 5th Ave,En ligne,Accessoires & Parfums,2026-02-14,681.8,USD,627.26
TXN002050,CUST01069,USA,Bal Harbour,Boutique,Joaillerie,2025-12-29,24871.22,USD,22881.52
TXN002051,CUST01069,USA,Bal Harbour,Boutique,Accessoires & Parfums,2026-06-14,580.16,USD,533.75
TXN002052,CUST01070,France (siège),Cannes,Boutique,Horlogerie,2025-06-21,27616.6,EUR,27616.6
TXN002053,CUST01070,France (siège),Cannes,En ligne,Horlogerie,2025-12-11,33285.13,EUR,33285.13
TXN002054,CUST01070,France (siège),Cannes,Boutique,Mariage,2026-06-18,9285.88,EUR,9285.88
TXN002055,CUST01071,France (siège),Paris Vendôme,Boutique,Haute Joaillerie,2025-07-26,124020.72,EUR,124020.72
TXN002056,CUST01071,France (siège),Paris Vendôme,Boutique,Accessoires & Parfums,2026-02-04,505.06,EUR,505.06
TXN002057,CUST01072,France (siège),Cannes,Boutique,Mariage,2026-04-21,12343.61,EUR,12343.61
TXN002058,CUST01073,USA,Beverly Hills,Boutique,Joaillerie,2025-06-19,13434.94,USD,12360.15
TXN002059,CUST01073,USA,Beverly Hills,Événement privé,Joaillerie,2025-11-18,14521.46,USD,13359.74
TXN002060,CUST01073,USA,Beverly Hills,Boutique,Joaillerie,2026-04-28,13707.36,USD,12610.77
TXN002061,CUST01074,Chine,Shanghai,Boutique,Joaillerie,2025-04-01,106505.4,CNY,13845.7
TXN002062,CUST01074,Chine,Shanghai,Boutique,Joaillerie,2025-09-29,114154.37,CNY,14840.07
TXN002063,CUST01074,Chine,Shanghai,En ligne,Mariage,2026-03-09,73210.73,CNY,9517.39
TXN002064,CUST01075,Moyen-Orient,Dubaï Mall,Boutique,Accessoires & Parfums,2025-12-26,1461.3,AED,365.32
TXN002065,CUST01075,Moyen-Orient,Dubaï Mall,En ligne,Joaillerie,2026-05-03,30610.79,AED,7652.7
TXN002066,CUST01076,France (siège),Paris Vendôme,Boutique,Horlogerie,2025-03-08,36369.34,EUR,36369.34
TXN002067,CUST01076,France (siège),Paris Vendôme,Événement privé,Accessoires & Parfums,2025-08-18,881.08,EUR,881.08
TXN002068,CUST01076,France (siège),Paris Vendôme,En ligne,Accessoires & Parfums,2025-12-23,988.26,EUR,988.26
TXN002069,CUST01076,France (siège),Paris Vendôme,En ligne,Mariage,2026-07-06,10702.52,EUR,10702.52
TXN002070,CUST01077,Moyen-Orient,Dubaï Mall,Boutique,Horlogerie,2026-06-12,112570.99,AED,28142.75
TXN002071,CUST01078,France (siège),Cannes,En ligne,Horlogerie,2025-10-15,19264.36,EUR,19264.36
TXN002072,CUST01078,France (siège),Cannes,En ligne,Joaillerie,2026-04-12,11127.68,EUR,11127.68
TXN002073,CUST01079,Chine,Shanghai,En ligne,Horlogerie,2025-06-29,294411.19,CNY,38273.46
TXN002074,CUST01079,Chine,Shanghai,Boutique,Joaillerie,2025-11-21,49210.37,CNY,6397.35
TXN002075,CUST01079,Chine,Shanghai,En ligne,Mariage,2026-05-27,130887.99,CNY,17015.44
TXN002076,CUST01080,Moyen-Orient,Dubaï Mall,Boutique,Joaillerie,2026-02-09,69828.94,AED,17457.23
TXN002077,CUST01080,Moyen-Orient,Dubaï Mall,Boutique,Joaillerie,2026-07-27,58401.61,AED,14600.4
TXN002078,CUST01082,Chine,Shanghai,Événement privé,Mariage,2025-02-27,124392.49,CNY,16171.02
TXN002079,CUST01082,Chine,Shanghai,En ligne,Accessoires & Parfums,2025-07-08,9855.64,CNY,1281.23
TXN002080,CUST01082,Chine,Shanghai,En ligne,Joaillerie,2025-11-01,139350.25,CNY,18115.53
TXN002081,CUST01082,Chine,Shanghai,Boutique,Mariage,2026-03-04,103913.81,CNY,13508.8
TXN002082,CUST01082,Chine,Shanghai,Événement privé,Joaillerie,2026-07-19,184305.39,CNY,23959.7
TXN002083,CUST01084,USA,New York 5th Ave,En ligne,Accessoires & Parfums,2026-01-15,1025.13,USD,943.12
TXN002084,CUST01084,USA,New York 5th Ave,En ligne,Accessoires & Parfums,2026-06-26,1121.38,USD,1031.67
TXN002085,CUST01085,France (siège),Cannes,Boutique,Mariage,2026-07-06,13309.33,EUR,13309.33
TXN002086,CUST01086,Chine,Pékin,Boutique,Haute Joaillerie,2025-09-28,846112.17,CNY,109994.58
TXN002087,CUST01086,Chine,Pékin,Boutique,Accessoires & Parfums,2026-02-13,10328.54,CNY,1342.71
TXN002088,CUST01087,France (siège),Paris Vendôme,Événement privé,Joaillerie,2025-06-28,23578.88,EUR,23578.88
TXN002089,CUST01087,France (siège),Paris Vendôme,Boutique,Accessoires & Parfums,2025-12-03,1424.02,EUR,1424.02
TXN002090,CUST01087,France (siège),Paris Vendôme,Boutique,Joaillerie,2026-06-01,18916.38,EUR,18916.38
TXN002091,CUST01088,France (siège),Paris Champs-Élysées,En ligne,Accessoires & Parfums,2025-08-25,1089.9,EUR,1089.9
TXN002092,CUST01088,France (siège),Paris Champs-Élysées,En ligne,Accessoires & Parfums,2026-01-27,998.37,EUR,998.37
TXN002093,CUST01088,France (siège),Paris Champs-Élysées,Boutique,Mariage,2026-07-13,11002.76,EUR,11002.76
TXN002094,CUST01089,Moyen-Orient,Abu Dhabi,Boutique,Accessoires & Parfums,2026-06-22,4437.53,AED,1109.38
TXN002095,CUST01090,USA,New York 5th Ave,Boutique,Mariage,2025-09-14,11829.39,USD,10883.04
TXN002096,CUST01091,France (siège),Paris Vendôme,En ligne,Joaillerie,2026-03-10,14912.72,EUR,14912.72
TXN002097,CUST01092,Chine,Pékin,Boutique,Joaillerie,2026-07-17,152425.29,CNY,19815.29
TXN002098,CUST01093,Japon,Tokyo Ginza,Boutique,Joaillerie,2025-08-02,2508981.87,JPY,15555.69
TXN002099,CUST01093,Japon,Tokyo Ginza,En ligne,Horlogerie,2025-12-16,8157318.46,JPY,50575.37
TXN002100,CUST01093,Japon,Tokyo Ginza,Événement privé,Joaillerie,2026-04-14,811547.07,JPY,5031.59
TXN002101,CUST01093,Japon,Tokyo Ginza,Boutique,Joaillerie,2026-07-19,1810269.02,JPY,11223.67
TXN002102,CUST01094,France (siège),Paris Champs-Élysées,Boutique,Joaillerie,2026-03-19,13608.75,EUR,13608.75
TXN002103,CUST01094,France (siège),Paris Champs-Élysées,Boutique,Accessoires & Parfums,2026-07-27,796.41,EUR,796.41
TXN002104,CUST01095,Japon,Tokyo Ginza,Boutique,Horlogerie,2026-04-04,2166786.4,JPY,13434.08
TXN002105,CUST01096,USA,Beverly Hills,En ligne,Joaillerie,2025-06-23,20973.18,USD,19295.33
TXN002106,CUST01096,USA,Beverly Hills,Boutique,Horlogerie,2025-11-05,29697.35,USD,27321.56
TXN002107,CUST01097,France (siège),Paris Vendôme,En ligne,Joaillerie,2026-04-15,15053.94,EUR,15053.94
TXN002108,CUST01098,Moyen-Orient,Abu Dhabi,En ligne,Horlogerie,2026-01-05,93590.37,AED,23397.59
TXN002109,CUST01098,Moyen-Orient,Abu Dhabi,Boutique,Haute Joaillerie,2026-05-27,208150.08,AED,52037.52
TXN002110,CUST01099,France (siège),Paris Champs-Élysées,Boutique,Accessoires & Parfums,2025-08-10,1519.54,EUR,1519.54
TXN002111,CUST01099,France (siège),Paris Champs-Élysées,En ligne,Joaillerie,2025-12-31,25507.74,EUR,25507.74
TXN002112,CUST01099,France (siège),Paris Champs-Élysées,En ligne,Joaillerie,2026-03-24,12253.28,EUR,12253.28
TXN002113,CUST01100,France (siège),Paris Vendôme,Boutique,Horlogerie,2026-04-10,24873.1,EUR,24873.1
TXN002114,CUST01101,Chine,Pékin,Boutique,Mariage,2026-06-07,105530.6,CNY,13718.98
TXN002115,CUST01102,Chine,Pékin,Boutique,Horlogerie,2026-06-28,206551.31,CNY,26851.67
TXN002116,CUST01103,France (siège),Paris Vendôme,Boutique,Accessoires & Parfums,2026-03-10,935.2,EUR,935.2
TXN002117,CUST01105,Japon,Osaka,Événement privé,Horlogerie,2025-03-21,4065789.04,JPY,25207.89
TXN002118,CUST01105,Japon,Osaka,En ligne,Joaillerie,2025-09-10,2631944.66,JPY,16318.06
TXN002119,CUST01105,Japon,Osaka,Événement privé,Accessoires & Parfums,2026-02-22,184535.21,JPY,1144.12
TXN002120,CUST01106,France (siège),Paris Vendôme,Boutique,Joaillerie,2026-04-25,9993.74,EUR,9993.74
TXN002121,CUST01107,Moyen-Orient,Abu Dhabi,Boutique,Accessoires & Parfums,2025-08-26,2887.38,AED,721.85
TXN002122,CUST01107,Moyen-Orient,Abu Dhabi,Boutique,Joaillerie,2026-01-31,68437.58,AED,17109.39
TXN002123,CUST01108,Chine,Hong Kong,En ligne,Mariage,2025-01-24,115054.96,CNY,14957.14
TXN002124,CUST01108,Chine,Hong Kong,Boutique,Joaillerie,2025-05-21,191325.52,CNY,24872.32
TXN002125,CUST01108,Chine,Hong Kong,Boutique,Accessoires & Parfums,2025-10-03,7663.05,CNY,996.2
TXN002126,CUST01108,Chine,Hong Kong,Boutique,Joaillerie,2026-02-13,251197.03,CNY,32655.61
TXN002127,CUST01108,Chine,Hong Kong,Événement privé,Accessoires & Parfums,2026-06-09,10999.96,CNY,1430.0
TXN002128,CUST01110,France (siège),Cannes,Événement privé,Horlogerie,2025-08-01,20850.56,EUR,20850.56
TXN002129,CUST01111,France (siège),Cannes,Boutique,Mariage,2025-03-20,9112.65,EUR,9112.65
TXN002130,CUST01112,Japon,Tokyo Ginza,En ligne,Accessoires & Parfums,2026-06-30,114828.71,JPY,711.94
TXN002131,CUST01113,France (siège),Paris Vendôme,En ligne,Accessoires & Parfums,2025-05-09,989.53,EUR,989.53
TXN002132,CUST01113,France (siège),Paris Vendôme,Boutique,Haute Joaillerie,2025-10-28,113594.66,EUR,113594.66
TXN002133,CUST01113,France (siège),Paris Vendôme,En ligne,Mariage,2026-03-31,10071.06,EUR,10071.06
TXN002134,CUST01114,USA,Beverly Hills,Boutique,Accessoires & Parfums,2026-07-25,987.18,USD,908.21
TXN002135,CUST01116,Chine,Shanghai,Boutique,Haute Joaillerie,2025-09-05,489505.24,CNY,63635.68
TXN002136,CUST01116,Chine,Shanghai,Boutique,Horlogerie,2026-02-04,216715.76,CNY,28173.05
TXN002137,CUST01118,Chine,Pékin,Boutique,Joaillerie,2026-02-22,166476.06,CNY,21641.89
TXN002138,CUST01119,Japon,Tokyo Ginza,Boutique,Accessoires & Parfums,2026-03-02,180513.74,JPY,1119.19
TXN002139,CUST01120,USA,Beverly Hills,Boutique,Haute Joaillerie,2026-04-03,96185.49,USD,88490.65
TXN002140,CUST01121,Moyen-Orient,Dubaï Mall,Boutique,Joaillerie,2026-03-22,75700.35,AED,18925.09
TXN002141,CUST01122,USA,Bal Harbour,En ligne,Joaillerie,2026-02-07,23403.12,USD,21530.87
TXN002142,CUST01122,USA,Bal Harbour,En ligne,Accessoires & Parfums,2026-07-12,1407.91,USD,1295.28
TXN002143,CUST01123,Chine,Pékin,Boutique,Mariage,2025-12-30,77486.21,CNY,10073.21
TXN002144,CUST01123,Chine,Pékin,Boutique,Horlogerie,2026-06-17,192949.75,CNY,25083.47
TXN002145,CUST01124,Moyen-Orient,Abu Dhabi,Boutique,Horlogerie,2026-07-18,137434.91,AED,34358.73
TXN002146,CUST01125,Chine,Hong Kong,Événement privé,Joaillerie,2026-02-01,133516.32,CNY,17357.12
TXN002147,CUST01125,Chine,Hong Kong,Boutique,Joaillerie,2026-07-26,71272.23,CNY,9265.39
TXN002148,CUST01126,Chine,Hong Kong,Boutique,Mariage,2026-02-06,154174.92,CNY,20042.74
TXN002149,CUST01126,Chine,Hong Kong,Boutique,Haute Joaillerie,2026-07-31,1161683.11,CNY,151018.8
TXN002150,CUST01127,USA,New York 5th Ave,Boutique,Accessoires & Parfums,2025-11-09,1008.54,USD,927.86
TXN002151,CUST01128,France (siège),Cannes,Événement privé,Horlogerie,2025-05-23,29421.24,EUR,29421.24
TXN002152,CUST01128,France (siège),Cannes,Boutique,Horlogerie,2025-11-06,10580.88,EUR,10580.88
TXN002153,CUST01129,Japon,Osaka,Boutique,Accessoires & Parfums,2025-11-09,235880.95,JPY,1462.46
TXN002154,CUST01129,Japon,Osaka,Boutique,Horlogerie,2026-03-24,3747038.92,JPY,23231.64
TXN002155,CUST01130,France (siège),Cannes,En ligne,Accessoires & Parfums,2025-08-25,609.15,EUR,609.15
TXN002156,CUST01130,France (siège),Cannes,En ligne,Joaillerie,2026-01-16,14185.89,EUR,14185.89
TXN002157,CUST01132,Moyen-Orient,Abu Dhabi,En ligne,Horlogerie,2025-07-25,111917.59,AED,27979.4
TXN002158,CUST01132,Moyen-Orient,Abu Dhabi,En ligne,Haute Joaillerie,2026-02-06,355371.48,AED,88842.87
TXN002159,CUST01133,Chine,Hong Kong,En ligne,Haute Joaillerie,2026-05-11,844601.93,CNY,109798.25
TXN002160,CUST01134,Moyen-Orient,Abu Dhabi,Événement privé,Haute Joaillerie,2025-10-14,444322.4,AED,111080.6
TXN002161,CUST01134,Moyen-Orient,Abu Dhabi,En ligne,Joaillerie,2026-03-27,70183.92,AED,17545.98
TXN002162,CUST01134,Moyen-Orient,Abu Dhabi,En ligne,Accessoires & Parfums,2026-07-20,5072.59,AED,1268.15
TXN002163,CUST01135,Chine,Hong Kong,En ligne,Joaillerie,2025-07-22,129351.13,CNY,16815.65
TXN002164,CUST01135,Chine,Hong Kong,Boutique,Horlogerie,2026-02-24,291342.09,CNY,37874.47
TXN002165,CUST01136,USA,Bal Harbour,Boutique,Joaillerie,2025-11-12,11683.85,USD,10749.14
TXN002166,CUST01137,Moyen-Orient,Dubaï Mall,En ligne,Accessoires & Parfums,2025-03-27,4639.13,AED,1159.78
TXN002167,CUST01137,Moyen-Orient,Dubaï Mall,Boutique,Mariage,2025-06-29,55564.82,AED,13891.2
TXN002168,CUST01137,Moyen-Orient,Dubaï Mall,Boutique,Mariage,2026-01-02,49617.29,AED,12404.32
TXN002169,CUST01137,Moyen-Orient,Dubaï Mall,En ligne,Accessoires & Parfums,2026-04-07,5248.35,AED,1312.09
TXN002170,CUST01138,Chine,Hong Kong,Boutique,Joaillerie,2026-07-15,100503.25,CNY,13065.42
TXN002171,CUST01139,USA,Bal Harbour,Boutique,Horlogerie,2025-11-08,26483.9,USD,24365.19
TXN002172,CUST01139,USA,Bal Harbour,En ligne,Accessoires & Parfums,2026-02-23,795.93,USD,732.26
TXN002173,CUST01140,France (siège),Paris Champs-Élysées,Boutique,Accessoires & Parfums,2025-10-21,849.67,EUR,849.67
TXN002174,CUST01140,France (siège),Paris Champs-Élysées,En ligne,Accessoires & Parfums,2026-04-20,407.64,EUR,407.64
TXN002175,CUST01141,USA,Bal Harbour,Boutique,Accessoires & Parfums,2025-05-02,799.06,USD,735.13
TXN002176,CUST01142,Chine,Pékin,En ligne,Accessoires & Parfums,2025-04-07,7079.03,CNY,920.27
TXN002177,CUST01142,Chine,Pékin,Événement privé,Accessoires & Parfums,2025-10-19,5552.55,CNY,721.83
TXN002178,CUST01142,Chine,Pékin,En ligne,Accessoires & Parfums,2026-05-04,6140.99,CNY,798.33
TXN002179,CUST01143,Chine,Pékin,Boutique,Haute Joaillerie,2025-12-22,745849.26,CNY,96960.4
TXN002180,CUST01143,Chine,Pékin,Boutique,Mariage,2026-05-19,48662.26,CNY,6326.09
TXN002181,CUST01144,USA,Bal Harbour,Boutique,Horlogerie,2025-06-18,19390.47,USD,17839.23
TXN002182,CUST01145,France (siège),Cannes,Boutique,Joaillerie,2026-05-05,16902.66,EUR,16902.66
TXN002183,CUST01146,France (siège),Paris Vendôme,Boutique,Mariage,2026-07-14,12886.91,EUR,12886.91
TXN002184,CUST01147,France (siège),Cannes,En ligne,Accessoires & Parfums,2025-10-28,456.04,EUR,456.04
TXN002185,CUST01147,France (siège),Cannes,Boutique,Accessoires & Parfums,2026-04-25,568.25,EUR,568.25
TXN002186,CUST01148,Moyen-Orient,Abu Dhabi,En ligne,Joaillerie,2025-03-10,50708.69,AED,12677.17
TXN002187,CUST01149,Chine,Shanghai,Boutique,Mariage,2025-03-17,87065.61,CNY,11318.53
TXN002188,CUST01149,Chine,Shanghai,Boutique,Accessoires & Parfums,2025-09-06,4041.64,CNY,525.41
TXN002189,CUST01149,Chine,Shanghai,En ligne,Joaillerie,2026-02-24,135873.47,CNY,17663.55
TXN002190,CUST01150,Chine,Pékin,En ligne,Horlogerie,2026-02-01,308662.32,CNY,40126.1
TXN002191,CUST01150,Chine,Pékin,Événement privé,Accessoires & Parfums,2026-07-25,7177.99,CNY,933.14
TXN002192,CUST01151,France (siège),Paris Champs-Élysées,En ligne,Joaillerie,2025-08-09,23707.92,EUR,23707.92
TXN002193,CUST01151,France (siège),Paris Champs-Élysées,Boutique,Accessoires & Parfums,2026-02-06,1288.7,EUR,1288.7
TXN002194,CUST01151,France (siège),Paris Champs-Élysées,Boutique,Mariage,2026-06-30,9963.4,EUR,9963.4
TXN002195,CUST01152,USA,New York 5th Ave,Boutique,Joaillerie,2026-01-29,13711.16,USD,12614.27
TXN002196,CUST01153,France (siège),Cannes,Boutique,Mariage,2025-02-16,8927.39,EUR,8927.39
TXN002197,CUST01154,France (siège),Paris Vendôme,Événement privé,Haute Joaillerie,2025-09-14,190349.01,EUR,190349.01
TXN002198,CUST01154,France (siège),Paris Vendôme,Événement privé,Joaillerie,2025-12-15,23454.79,EUR,23454.79
TXN002199,CUST01154,France (siège),Paris Vendôme,En ligne,Horlogerie,2026-02-17,64703.91,EUR,64703.91
TXN002200,CUST01154,France (siège),Paris Vendôme,Boutique,Accessoires & Parfums,2026-06-05,1517.66,EUR,1517.66
TXN002201,CUST01155,Moyen-Orient,Dubaï Mall,Boutique,Haute Joaillerie,2026-05-04,384784.54,AED,96196.14
TXN002202,CUST01156,USA,Bal Harbour,Boutique,Horlogerie,2025-03-15,29829.75,USD,27443.37
TXN002203,CUST01156,USA,Bal Harbour,Boutique,Accessoires & Parfums,2025-09-10,408.4,USD,375.73
TXN002204,CUST01156,USA,Bal Harbour,En ligne,Joaillerie,2026-02-09,16129.39,USD,14839.04
TXN002205,CUST01156,USA,Bal Harbour,En ligne,Joaillerie,2026-06-24,15883.06,USD,14612.42
TXN002206,CUST01157,Japon,Osaka,Boutique,Accessoires & Parfums,2025-02-18,178610.44,JPY,1107.38
TXN002207,CUST01157,Japon,Osaka,En ligne,Horlogerie,2025-07-20,4472858.23,JPY,27731.72
TXN002208,CUST01157,Japon,Osaka,En ligne,Mariage,2025-12-28,1514499.35,JPY,9389.9
TXN002209,CUST01157,Japon,Osaka,Boutique,Accessoires & Parfums,2026-06-08,164111.71,JPY,1017.49
TXN002210,CUST01158,USA,Bal Harbour,Boutique,Horlogerie,2026-03-01,21971.13,USD,20213.44
TXN002211,CUST01158,USA,Bal Harbour,Événement privé,Accessoires & Parfums,2026-07-26,413.98,USD,380.86
TXN002212,CUST01159,Japon,Osaka,Boutique,Accessoires & Parfums,2026-05-31,222385.78,JPY,1378.79
TXN002213,CUST01160,Chine,Hong Kong,Événement privé,Mariage,2025-06-25,103469.3,CNY,13451.01
TXN002214,CUST01160,Chine,Hong Kong,Boutique,Mariage,2025-11-30,78588.75,CNY,10216.54
TXN002215,CUST01160,Chine,Hong Kong,En ligne,Accessoires & Parfums,2026-05-12,10017.48,CNY,1302.27
TXN002216,CUST01161,France (siège),Paris Champs-Élysées,En ligne,Joaillerie,2026-04-05,19719.49,EUR,19719.49
TXN002217,CUST01162,Chine,Hong Kong,En ligne,Mariage,2025-01-28,137068.76,CNY,17818.94
TXN002218,CUST01162,Chine,Hong Kong,Boutique,Joaillerie,2025-06-17,75339.35,CNY,9794.12
TXN002219,CUST01162,Chine,Hong Kong,Événement privé,Accessoires & Parfums,2025-11-05,4331.55,CNY,563.1
TXN002220,CUST01162,Chine,Hong Kong,Boutique,Joaillerie,2026-03-23,148085.14,CNY,19251.07
TXN002221,CUST01163,France (siège),Paris Vendôme,En ligne,Joaillerie,2026-03-29,14995.19,EUR,14995.19
TXN002222,CUST01164,USA,Bal Harbour,En ligne,Joaillerie,2026-01-31,17578.57,USD,16172.29
TXN002223,CUST01164,USA,Bal Harbour,Boutique,Haute Joaillerie,2026-06-29,160737.81,USD,147878.79
TXN002224,CUST01167,USA,Beverly Hills,Boutique,Mariage,2025-07-21,9424.8,USD,8670.82
TXN002225,CUST01167,USA,Beverly Hills,En ligne,Joaillerie,2025-11-07,26557.08,USD,24432.51
TXN002226,CUST01167,USA,Beverly Hills,En ligne,Mariage,2026-04-06,16382.18,USD,15071.61
TXN002227,CUST01168,USA,New York 5th Ave,Boutique,Haute Joaillerie,2026-03-10,96417.02,USD,88703.66
TXN002228,CUST01169,Chine,Hong Kong,Boutique,Joaillerie,2026-02-06,170335.08,CNY,22143.56
TXN002229,CUST01170,Moyen-Orient,Dubaï Mall,Boutique,Accessoires & Parfums,2026-05-31,4301.2,AED,1075.3
TXN002230,CUST01171,USA,New York 5th Ave,Boutique,Accessoires & Parfums,2025-11-07,835.11,USD,768.3
TXN002231,CUST01171,USA,New York 5th Ave,Boutique,Joaillerie,2026-03-15,14611.41,USD,13442.49
TXN002232,CUST01171,USA,New York 5th Ave,Boutique,Horlogerie,2026-07-21,37036.75,USD,34073.81
TXN002233,CUST01172,France (siège),Paris Champs-Élysées,En ligne,Accessoires & Parfums,2025-09-04,241.25,EUR,241.25
TXN002234,CUST01172,France (siège),Paris Champs-Élysées,Boutique,Horlogerie,2026-03-03,21192.33,EUR,21192.33
TXN002235,CUST01173,USA,New York 5th Ave,Boutique,Accessoires & Parfums,2025-04-01,1202.1,USD,1105.93
TXN002236,CUST01173,USA,New York 5th Ave,En ligne,Joaillerie,2025-07-28,23749.34,USD,21849.39
TXN002237,CUST01173,USA,New York 5th Ave,En ligne,Accessoires & Parfums,2025-11-28,1088.03,USD,1000.99
TXN002238,CUST01173,USA,New York 5th Ave,Événement privé,Accessoires & Parfums,2026-04-24,888.34,USD,817.27
TXN002239,CUST01174,France (siège),Paris Vendôme,Boutique,Accessoires & Parfums,2026-03-29,893.77,EUR,893.77
TXN002240,CUST01175,Japon,Tokyo Ginza,Boutique,Joaillerie,2025-04-05,4519136.7,JPY,28018.65
TXN002241,CUST01175,Japon,Tokyo Ginza,En ligne,Haute Joaillerie,2025-08-13,14409003.15,JPY,89335.82
TXN002242,CUST01175,Japon,Tokyo Ginza,Boutique,Mariage,2025-12-23,4357462.96,JPY,27016.27
TXN002243,CUST01175,Japon,Tokyo Ginza,Boutique,Mariage,2026-04-23,2835214.04,JPY,17578.33
TXN002244,CUST01176,USA,Bal Harbour,Boutique,Joaillerie,2026-07-21,19752.79,USD,18172.57
TXN002245,CUST01177,USA,Bal Harbour,Boutique,Haute Joaillerie,2025-05-26,131829.67,USD,121283.3
TXN002246,CUST01179,France (siège),Cannes,Boutique,Joaillerie,2025-12-01,18694.23,EUR,18694.23
TXN002247,CUST01179,France (siège),Cannes,Événement privé,Accessoires & Parfums,2026-04-15,765.85,EUR,765.85
TXN002248,CUST01180,Japon,Osaka,Boutique,Joaillerie,2025-12-24,2585351.76,JPY,16029.18
TXN002249,CUST01180,Japon,Osaka,Boutique,Accessoires & Parfums,2026-05-13,142400.2,JPY,882.88
TXN002250,CUST01181,USA,Beverly Hills,Boutique,Accessoires & Parfums,2025-06-23,902.06,USD,829.89
TXN002251,CUST01181,USA,Beverly Hills,En ligne,Accessoires & Parfums,2026-01-09,1173.56,USD,1079.67
TXN002252,CUST01181,USA,Beverly Hills,En ligne,Accessoires & Parfums,2026-06-27,811.8,USD,746.85
TXN002253,CUST01182,Japon,Osaka,En ligne,Mariage,2026-04-19,2612871.46,JPY,16199.8
TXN002254,CUST01183,Chine,Pékin,Boutique,Accessoires & Parfums,2026-07-20,5236.48,CNY,680.74
TXN002255,CUST01184,Japon,Osaka,Événement privé,Mariage,2025-07-17,1869594.25,JPY,11591.48
TXN002256,CUST01184,Japon,Osaka,Boutique,Accessoires & Parfums,2026-01-15,133706.11,JPY,828.98
TXN002257,CUST01186,France (siège),Cannes,Boutique,Accessoires & Parfums,2025-10-08,985.36,EUR,985.36
TXN002258,CUST01186,France (siège),Cannes,Boutique,Accessoires & Parfums,2026-03-07,1097.24,EUR,1097.24
TXN002259,CUST01186,France (siège),Cannes,En ligne,Accessoires & Parfums,2026-07-25,627.66,EUR,627.66
TXN002260,CUST01187,France (siège),Paris Vendôme,Événement privé,Accessoires & Parfums,2025-05-21,1010.24,EUR,1010.24
TXN002261,CUST01187,France (siège),Paris Vendôme,Boutique,Haute Joaillerie,2025-11-20,86544.75,EUR,86544.75
TXN002262,CUST01187,France (siège),Paris Vendôme,En ligne,Accessoires & Parfums,2026-05-03,281.84,EUR,281.84
TXN002263,CUST01188,Moyen-Orient,Dubaï Mall,Boutique,Joaillerie,2025-06-10,70435.47,AED,17608.87
TXN002264,CUST01189,Chine,Shanghai,Boutique,Accessoires & Parfums,2026-03-06,9514.1,CNY,1236.83
TXN002265,CUST01190,USA,Beverly Hills,Boutique,Horlogerie,2025-10-02,17002.03,USD,15641.86
TXN002266,CUST01190,USA,Beverly Hills,Boutique,Accessoires & Parfums,2026-03-24,648.0,USD,596.16
TXN002267,CUST01191,USA,New York 5th Ave,En ligne,Accessoires & Parfums,2025-03-24,1557.23,USD,1432.66
TXN002268,CUST01191,USA,New York 5th Ave,Boutique,Accessoires & Parfums,2025-08-23,1012.68,USD,931.67
TXN002269,CUST01191,USA,New York 5th Ave,En ligne,Joaillerie,2025-12-15,29621.09,USD,27251.41
TXN002270,CUST01191,USA,New York 5th Ave,Boutique,Accessoires & Parfums,2026-05-11,1078.08,USD,991.83
TXN002271,CUST01192,Chine,Shanghai,Boutique,Accessoires & Parfums,2025-06-24,5718.96,CNY,743.47
TXN002272,CUST01192,Chine,Shanghai,Boutique,Accessoires & Parfums,2025-11-19,6487.51,CNY,843.38
TXN002273,CUST01192,Chine,Shanghai,Boutique,Joaillerie,2026-05-11,83418.33,CNY,10844.38
TXN002274,CUST01194,USA,Beverly Hills,Événement privé,Accessoires & Parfums,2025-08-24,1101.11,USD,1013.02
TXN002275,CUST01194,USA,Beverly Hills,Boutique,Mariage,2026-01-26,10027.92,USD,9225.69
TXN002276,CUST01194,USA,Beverly Hills,Boutique,Accessoires & Parfums,2026-07-04,1176.85,USD,1082.71
TXN002277,CUST01195,France (siège),Paris Vendôme,Boutique,Accessoires & Parfums,2026-04-28,485.45,EUR,485.45
TXN002278,CUST01196,Chine,Pékin,Boutique,Accessoires & Parfums,2026-07-31,7648.67,CNY,994.33
TXN002279,CUST01197,USA,Beverly Hills,Boutique,Accessoires & Parfums,2026-01-30,718.95,USD,661.43
TXN002280,CUST01197,USA,Beverly Hills,Boutique,Joaillerie,2026-07-09,7648.48,USD,7036.6
TXN002281,CUST01198,Moyen-Orient,Abu Dhabi,Événement privé,Accessoires & Parfums,2025-05-20,5241.61,AED,1310.4
TXN002282,CUST01198,Moyen-Orient,Abu Dhabi,En ligne,Joaillerie,2025-09-10,94509.73,AED,23627.43
TXN002283,CUST01198,Moyen-Orient,Abu Dhabi,En ligne,Joaillerie,2025-12-16,104928.92,AED,26232.23
TXN002284,CUST01198,Moyen-Orient,Abu Dhabi,Événement privé,Accessoires & Parfums,2026-03-05,887.4,AED,221.85
TXN002285,CUST01198,Moyen-Orient,Abu Dhabi,Événement privé,Mariage,2026-07-30,73405.82,AED,18351.46
TXN002286,CUST01199,France (siège),Paris Vendôme,Boutique,Mariage,2025-12-08,10019.68,EUR,10019.68
TXN002287,CUST01199,France (siège),Paris Vendôme,Boutique,Mariage,2026-04-03,8971.49,EUR,8971.49
TXN002288,CUST01200,Moyen-Orient,Dubaï Mall,Boutique,Accessoires & Parfums,2026-01-19,3592.56,AED,898.14
TXN002289,CUST01200,Moyen-Orient,Dubaï Mall,En ligne,Joaillerie,2026-07-06,63209.16,AED,15802.29
TXN002290,CUST01201,Chine,Shanghai,En ligne,Accessoires & Parfums,2025-03-09,5926.62,CNY,770.46
TXN002291,CUST01201,Chine,Shanghai,Boutique,Mariage,2025-09-01,98201.7,CNY,12766.22
TXN002292,CUST01201,Chine,Shanghai,Boutique,Joaillerie,2026-02-17,223829.14,CNY,29097.79
TXN002293,CUST01201,Chine,Shanghai,Événement privé,Joaillerie,2026-07-04,85700.24,CNY,11141.03
TXN002294,CUST01202,Moyen-Orient,Abu Dhabi,En ligne,Joaillerie,2025-10-04,79649.81,AED,19912.45
TXN002295,CUST01202,Moyen-Orient,Abu Dhabi,En ligne,Joaillerie,2026-03-07,45999.46,AED,11499.87
TXN002296,CUST01203,Chine,Shanghai,Boutique,Accessoires & Parfums,2026-01-12,9060.22,CNY,1177.83
TXN002297,CUST01205,Chine,Shanghai,Boutique,Joaillerie,2025-03-11,199556.99,CNY,25942.41
TXN002298,CUST01205,Chine,Shanghai,Boutique,Mariage,2025-06-13,178316.41,CNY,23181.13
TXN002299,CUST01205,Chine,Shanghai,Événement privé,Accessoires & Parfums,2025-08-08,6908.71,CNY,898.13
TXN002300,CUST01205,Chine,Shanghai,Événement privé,Joaillerie,2025-12-16,132391.63,CNY,17210.91
TXN002301,CUST01205,Chine,Shanghai,Boutique,Horlogerie,2026-04-03,352462.31,CNY,45820.1
TXN002302,CUST01205,Chine,Shanghai,Boutique,Joaillerie,2026-07-25,140011.14,CNY,18201.45
TXN002303,CUST01206,Chine,Pékin,Boutique,Accessoires & Parfums,2025-08-28,7800.26,CNY,1014.03
TXN002304,CUST01207,USA,Bal Harbour,Boutique,Accessoires & Parfums,2026-02-28,933.38,USD,858.71
TXN002305,CUST01208,USA,Bal Harbour,Événement privé,Mariage,2025-08-04,20417.51,USD,18784.11
TXN002306,CUST01208,USA,Bal Harbour,Boutique,Mariage,2025-11-18,19752.68,USD,18172.46
TXN002307,CUST01209,Japon,Tokyo Ginza,En ligne,Mariage,2025-03-23,2367055.97,JPY,14675.75
TXN002308,CUST01209,Japon,Tokyo Ginza,En ligne,Joaillerie,2025-08-21,2449421.73,JPY,15186.41
TXN002309,CUST01209,Japon,Tokyo Ginza,Boutique,Joaillerie,2026-01-10,1665587.31,JPY,10326.64
TXN002310,CUST01209,Japon,Tokyo Ginza,Boutique,Mariage,2026-06-01,3225688.06,JPY,19999.27
TXN002311,CUST01211,France (siège),Paris Champs-Élysées,En ligne,Joaillerie,2025-03-04,11410.58,EUR,11410.58
TXN002312,CUST01211,France (siège),Paris Champs-Élysées,En ligne,Accessoires & Parfums,2025-09-04,1022.3,EUR,1022.3
TXN002313,CUST01211,France (siège),Paris Champs-Élysées,Boutique,Mariage,2026-04-14,6889.45,EUR,6889.45
TXN002314,CUST01212,France (siège),Cannes,Boutique,Joaillerie,2025-08-03,12711.34,EUR,12711.34
TXN002315,CUST01212,France (siège),Cannes,Boutique,Accessoires & Parfums,2026-01-07,656.15,EUR,656.15
TXN002316,CUST01212,France (siège),Cannes,En ligne,Joaillerie,2026-06-18,12378.57,EUR,12378.57
TXN002317,CUST01213,Chine,Hong Kong,En ligne,Joaillerie,2026-05-23,16446.52,CNY,2138.05
TXN002318,CUST01214,France (siège),Cannes,Événement privé,Horlogerie,2025-07-07,39599.72,EUR,39599.72
TXN002319,CUST01214,France (siège),Cannes,Boutique,Mariage,2025-12-05,17902.25,EUR,17902.25
TXN002320,CUST01214,France (siège),Cannes,Boutique,Accessoires & Parfums,2026-05-27,735.38,EUR,735.38
TXN002321,CUST01215,Chine,Shanghai,Boutique,Accessoires & Parfums,2026-02-01,7101.02,CNY,923.13
TXN002322,CUST01216,France (siège),Cannes,Boutique,Joaillerie,2025-02-07,11717.52,EUR,11717.52
TXN002323,CUST01216,France (siège),Cannes,En ligne,Joaillerie,2025-07-01,8297.53,EUR,8297.53
TXN002324,CUST01216,France (siège),Cannes,Boutique,Mariage,2026-01-04,8787.83,EUR,8787.83
TXN002325,CUST01216,France (siège),Cannes,En ligne,Accessoires & Parfums,2026-06-03,920.94,EUR,920.94
TXN002326,CUST01217,USA,Beverly Hills,Boutique,Accessoires & Parfums,2025-05-03,1639.02,USD,1507.9
TXN002327,CUST01217,USA,Beverly Hills,Boutique,Joaillerie,2025-08-27,10644.78,USD,9793.2
TXN002328,CUST01217,USA,Beverly Hills,Boutique,Joaillerie,2025-12-20,18839.67,USD,17332.49
TXN002329,CUST01217,USA,Beverly Hills,Événement privé,Joaillerie,2026-04-15,12142.28,USD,11170.9
TXN002330,CUST01219,Moyen-Orient,Abu Dhabi,Boutique,Joaillerie,2025-06-04,59106.23,AED,14776.56
TXN002331,CUST01219,Moyen-Orient,Abu Dhabi,Boutique,Joaillerie,2025-12-02,51481.52,AED,12870.38
TXN002332,CUST01219,Moyen-Orient,Abu Dhabi,Boutique,Joaillerie,2026-06-01,80813.93,AED,20203.48
TXN002333,CUST01220,USA,Beverly Hills,Boutique,Joaillerie,2026-05-19,16251.53,USD,14951.41
TXN002334,CUST01221,Moyen-Orient,Dubaï Mall,Événement privé,Accessoires & Parfums,2026-07-18,6918.73,AED,1729.68
TXN002335,CUST01222,Chine,Pékin,Boutique,Horlogerie,2026-02-14,235364.3,CNY,30597.36
TXN002336,CUST01223,Moyen-Orient,Dubaï Mall,Boutique,Accessoires & Parfums,2026-07-28,2948.63,AED,737.16
TXN002337,CUST01224,Chine,Hong Kong,Boutique,Horlogerie,2025-08-13,161029.02,CNY,20933.77
TXN002338,CUST01224,Chine,Hong Kong,Boutique,Accessoires & Parfums,2026-02-02,4607.98,CNY,599.04
TXN002339,CUST01224,Chine,Hong Kong,Boutique,Accessoires & Parfums,2026-07-25,4247.26,CNY,552.14
TXN002340,CUST01226,France (siège),Paris Vendôme,Boutique,Joaillerie,2025-09-10,16966.47,EUR,16966.47
TXN002341,CUST01226,France (siège),Paris Vendôme,Boutique,Joaillerie,2026-02-04,6628.91,EUR,6628.91
TXN002342,CUST01226,France (siège),Paris Vendôme,Boutique,Joaillerie,2026-07-17,12988.09,EUR,12988.09
TXN002343,CUST01227,Moyen-Orient,Dubaï Mall,Boutique,Accessoires & Parfums,2025-10-02,2821.05,AED,705.26
TXN002344,CUST01227,Moyen-Orient,Dubaï Mall,En ligne,Accessoires & Parfums,2026-03-04,3017.1,AED,754.28
TXN002345,CUST01227,Moyen-Orient,Dubaï Mall,Boutique,Accessoires & Parfums,2026-07-12,4100.34,AED,1025.08
TXN002346,CUST01228,France (siège),Paris Champs-Élysées,Boutique,Accessoires & Parfums,2025-07-12,699.41,EUR,699.41
TXN002347,CUST01228,France (siège),Paris Champs-Élysées,Boutique,Accessoires & Parfums,2026-01-04,802.9,EUR,802.9
TXN002348,CUST01229,Chine,Hong Kong,Boutique,Joaillerie,2026-05-07,90789.05,CNY,11802.58
TXN002349,CUST01230,Japon,Osaka,Boutique,Accessoires & Parfums,2025-03-15,145939.67,JPY,904.83
TXN002350,CUST01230,Japon,Osaka,Boutique,Horlogerie,2025-08-25,4285010.27,JPY,26567.06
TXN002351,CUST01230,Japon,Osaka,Boutique,Accessoires & Parfums,2026-01-07,218802.04,JPY,1356.57
TXN002352,CUST01231,France (siège),Cannes,En ligne,Mariage,2026-01-24,13462.53,EUR,13462.53
TXN002353,CUST01233,Japon,Tokyo Ginza,Boutique,Horlogerie,2026-04-24,3571391.57,JPY,22142.63
TXN002354,CUST01234,USA,New York 5th Ave,Boutique,Accessoires & Parfums,2025-04-14,1451.55,USD,1335.43
TXN002355,CUST01234,USA,New York 5th Ave,Événement privé,Accessoires & Parfums,2025-09-14,1233.95,USD,1135.23
TXN002356,CUST01234,USA,New York 5th Ave,Événement privé,Accessoires & Parfums,2026-01-22,1116.48,USD,1027.16
TXN002357,CUST01234,USA,New York 5th Ave,En ligne,Horlogerie,2026-07-23,43469.94,USD,39992.34
TXN002358,CUST01235,France (siège),Paris Vendôme,Boutique,Haute Joaillerie,2026-04-01,150492.78,EUR,150492.78
TXN002359,CUST01236,USA,Beverly Hills,Boutique,Accessoires & Parfums,2025-05-16,600.06,USD,552.05
TXN002360,CUST01236,USA,Beverly Hills,En ligne,Mariage,2025-11-13,9064.14,USD,8339.01
TXN002361,CUST01236,USA,Beverly Hills,Événement privé,Horlogerie,2026-03-04,34935.79,USD,32140.93
TXN002362,CUST01237,USA,Beverly Hills,Événement privé,Accessoires & Parfums,2025-07-24,711.62,USD,654.69
TXN002363,CUST01237,USA,Beverly Hills,En ligne,Mariage,2026-02-05,13551.19,USD,12467.09
TXN002364,CUST01237,USA,Beverly Hills,Boutique,Joaillerie,2026-07-28,11182.56,USD,10287.96
TXN002365,CUST01238,USA,Bal Harbour,Boutique,Mariage,2026-07-04,8061.53,USD,7416.61
TXN002366,CUST01239,USA,Beverly Hills,En ligne,Joaillerie,2025-08-04,12105.8,USD,11137.33
TXN002367,CUST01239,USA,Beverly Hills,Boutique,Haute Joaillerie,2026-01-10,159456.92,USD,146700.36
TXN002368,CUST01239,USA,Beverly Hills,En ligne,Accessoires & Parfums,2026-07-19,494.94,USD,455.34
TXN002369,CUST01240,Chine,Hong Kong,En ligne,Joaillerie,2026-02-19,177430.77,CNY,23066.0
TXN002370,CUST01241,USA,Bal Harbour,Boutique,Joaillerie,2025-09-01,13555.86,USD,12471.39
TXN002371,CUST01241,USA,Bal Harbour,Boutique,Horlogerie,2026-03-27,28812.58,USD,26507.58
TXN002372,CUST01242,France (siège),Paris Vendôme,Boutique,Accessoires & Parfums,2026-03-26,771.1,EUR,771.1
TXN002373,CUST01244,France (siège),Cannes,En ligne,Mariage,2026-02-07,15088.02,EUR,15088.02
TXN002374,CUST01244,France (siège),Cannes,Boutique,Joaillerie,2026-07-02,14086.62,EUR,14086.62
TXN002375,CUST01245,USA,Beverly Hills,En ligne,Horlogerie,2026-02-25,31670.45,USD,29136.81
TXN002376,CUST01245,USA,Beverly Hills,En ligne,Joaillerie,2026-07-31,17818.67,USD,16393.18
TXN002377,CUST01246,Moyen-Orient,Abu Dhabi,Boutique,Haute Joaillerie,2025-11-12,347424.98,AED,86856.24
TXN002378,CUST01246,Moyen-Orient,Abu Dhabi,En ligne,Joaillerie,2026-04-01,75714.13,AED,18928.53
TXN002379,CUST01247,USA,New York 5th Ave,En ligne,Joaillerie,2025-07-01,15534.07,USD,14291.34
TXN002380,CUST01247,USA,New York 5th Ave,Boutique,Accessoires & Parfums,2025-11-28,926.77,USD,852.63
TXN002381,CUST01248,USA,Beverly Hills,Boutique,Accessoires & Parfums,2025-10-14,991.65,USD,912.31
TXN002382,CUST01248,USA,Beverly Hills,En ligne,Mariage,2026-03-08,11363.46,USD,10454.38
TXN002383,CUST01249,Chine,Hong Kong,En ligne,Accessoires & Parfums,2026-02-05,10796.98,CNY,1403.61
TXN002384,CUST01250,Japon,Osaka,Boutique,Mariage,2026-03-04,1925631.8,JPY,11938.92
TXN002385,CUST01251,Moyen-Orient,Dubaï Mall,En ligne,Joaillerie,2025-07-01,27624.93,AED,6906.23
TXN002386,CUST01251,Moyen-Orient,Dubaï Mall,Boutique,Joaillerie,2026-01-07,32717.97,AED,8179.49
TXN002387,CUST01251,Moyen-Orient,Dubaï Mall,En ligne,Accessoires & Parfums,2026-06-12,3710.76,AED,927.69
TXN002388,CUST01252,Chine,Shanghai,En ligne,Accessoires & Parfums,2025-10-28,6012.96,CNY,781.68
TXN002389,CUST01252,Chine,Shanghai,En ligne,Haute Joaillerie,2026-04-10,791600.88,CNY,102908.11
TXN002390,CUST01253,Chine,Pékin,Boutique,Horlogerie,2026-07-30,162829.27,CNY,21167.81
TXN002391,CUST01254,France (siège),Paris Vendôme,Boutique,Joaillerie,2025-01-31,13355.4,EUR,13355.4
TXN002392,CUST01254,France (siège),Paris Vendôme,Boutique,Joaillerie,2025-06-22,7354.66,EUR,7354.66
TXN002393,CUST01254,France (siège),Paris Vendôme,Boutique,Accessoires & Parfums,2025-12-17,922.15,EUR,922.15
TXN002394,CUST01254,France (siège),Paris Vendôme,Événement privé,Mariage,2026-06-14,8987.92,EUR,8987.92
TXN002395,CUST01255,France (siège),Cannes,En ligne,Joaillerie,2026-02-04,10626.44,EUR,10626.44
TXN002396,CUST01255,France (siège),Cannes,Boutique,Horlogerie,2026-06-28,22508.88,EUR,22508.88
TXN002397,CUST01256,France (siège),Cannes,Boutique,Accessoires & Parfums,2026-03-16,1328.48,EUR,1328.48
TXN002398,CUST01256,France (siège),Cannes,Boutique,Joaillerie,2026-07-16,22036.29,EUR,22036.29
TXN002399,CUST01257,Moyen-Orient,Dubaï Mall,Boutique,Haute Joaillerie,2025-06-09,657129.55,AED,164282.39
TXN002400,CUST01257,Moyen-Orient,Dubaï Mall,Boutique,Accessoires & Parfums,2025-10-09,4135.38,AED,1033.84
TXN002401,CUST01257,Moyen-Orient,Dubaï Mall,Boutique,Accessoires & Parfums,2026-03-05,3845.03,AED,961.26
TXN002402,CUST01258,Chine,Pékin,Boutique,Accessoires & Parfums,2025-06-17,6530.46,CNY,848.96
TXN002403,CUST01258,Chine,Pékin,Boutique,Horlogerie,2025-12-01,145894.53,CNY,18966.29
TXN002404,CUST01258,Chine,Pékin,Boutique,Accessoires & Parfums,2026-06-02,4691.76,CNY,609.93
TXN002405,CUST01260,France (siège),Paris Champs-Élysées,Boutique,Accessoires & Parfums,2025-07-16,1309.44,EUR,1309.44
TXN002406,CUST01260,France (siège),Paris Champs-Élysées,Boutique,Joaillerie,2025-11-15,16304.86,EUR,16304.86
TXN002407,CUST01260,France (siège),Paris Champs-Élysées,Événement privé,Joaillerie,2026-03-12,21894.04,EUR,21894.04
TXN002408,CUST01260,France (siège),Paris Champs-Élysées,En ligne,Haute Joaillerie,2026-07-29,134759.38,EUR,134759.38
TXN002409,CUST01261,Moyen-Orient,Abu Dhabi,Boutique,Mariage,2025-06-27,62855.52,AED,15713.88
TXN002410,CUST01261,Moyen-Orient,Abu Dhabi,Boutique,Joaillerie,2025-11-16,75425.8,AED,18856.45
TXN002411,CUST01261,Moyen-Orient,Abu Dhabi,Événement privé,Joaillerie,2026-04-15,80351.22,AED,20087.8
TXN002412,CUST01263,Chine,Pékin,Événement privé,Accessoires & Parfums,2026-05-21,3660.3,CNY,475.84
TXN002413,CUST01264,France (siège),Paris Vendôme,En ligne,Joaillerie,2026-03-21,19438.66,EUR,19438.66
TXN002414,CUST01264,France (siège),Paris Vendôme,En ligne,Accessoires & Parfums,2026-07-24,1087.73,EUR,1087.73
TXN002415,CUST01266,Japon,Osaka,Boutique,Haute Joaillerie,2026-03-17,11247559.36,JPY,69734.87
TXN002416,CUST01267,France (siège),Paris Vendôme,Boutique,Joaillerie,2026-07-17,8444.63,EUR,8444.63
TXN002417,CUST01268,Chine,Shanghai,En ligne,Accessoires & Parfums,2025-05-15,5851.48,CNY,760.69
TXN002418,CUST01268,Chine,Shanghai,En ligne,Mariage,2025-10-11,117499.37,CNY,15274.92
TXN002419,CUST01268,Chine,Shanghai,Boutique,Mariage,2026-03-11,59337.17,CNY,7713.83
TXN002420,CUST01269,Chine,Pékin,Boutique,Joaillerie,2025-05-02,104902.99,CNY,13637.39
TXN002421,CUST01269,Chine,Pékin,En ligne,Accessoires & Parfums,2025-10-08,6053.92,CNY,787.01
TXN002422,CUST01269,Chine,Pékin,Boutique,Mariage,2026-03-19,52807.1,CNY,6864.92
TXN002423,CUST01270,USA,Beverly Hills,Boutique,Accessoires & Parfums,2025-09-07,673.38,USD,619.51
TXN002424,CUST01270,USA,Beverly Hills,Boutique,Accessoires & Parfums,2026-02-10,796.3,USD,732.59
TXN002425,CUST01270,USA,Beverly Hills,Événement privé,Accessoires & Parfums,2026-07-28,586.23,USD,539.33
TXN002426,CUST01271,Japon,Tokyo Ginza,Boutique,Horlogerie,2026-01-28,4546195.45,JPY,28186.41
TXN002427,CUST01273,Moyen-Orient,Abu Dhabi,Boutique,Horlogerie,2025-05-27,80207.63,AED,20051.91
TXN002428,CUST01274,USA,Beverly Hills,Boutique,Horlogerie,2025-06-12,17730.54,USD,16312.1
TXN002429,CUST01274,USA,Beverly Hills,Boutique,Accessoires & Parfums,2025-11-19,733.71,USD,675.02
TXN002430,CUST01274,USA,Beverly Hills,En ligne,Accessoires & Parfums,2026-05-04,838.7,USD,771.6
TXN002431,CUST01275,USA,New York 5th Ave,En ligne,Joaillerie,2025-07-08,13184.52,USD,12129.76
TXN002432,CUST01276,Chine,Shanghai,Événement privé,Joaillerie,2025-01-26,228721.62,CNY,29733.81
TXN002433,CUST01276,Chine,Shanghai,En ligne,Accessoires & Parfums,2025-07-02,8080.64,CNY,1050.48
TXN002434,CUST01276,Chine,Shanghai,Boutique,Mariage,2025-11-04,38477.92,CNY,5002.13
TXN002435,CUST01276,Chine,Shanghai,Boutique,Accessoires & Parfums,2026-04-01,6995.53,CNY,909.42
TXN002436,CUST01277,Moyen-Orient,Dubaï Mall,Événement privé,Horlogerie,2025-10-27,178071.2,AED,44517.8
TXN002437,CUST01277,Moyen-Orient,Dubaï Mall,Boutique,Accessoires & Parfums,2026-02-06,2506.23,AED,626.56
TXN002438,CUST01277,Moyen-Orient,Dubaï Mall,En ligne,Mariage,2026-07-25,47678.68,AED,11919.67
TXN002439,CUST01278,USA,New York 5th Ave,Boutique,Accessoires & Parfums,2026-02-07,981.48,USD,902.96
TXN002440,CUST01278,USA,New York 5th Ave,Boutique,Mariage,2026-07-13,13083.38,USD,12036.71
TXN002441,CUST01279,Japon,Osaka,Boutique,Mariage,2025-11-08,1659825.32,JPY,10290.92
TXN002442,CUST01279,Japon,Osaka,Boutique,Horlogerie,2026-05-21,3818661.66,JPY,23675.7
TXN002443,CUST01280,France (siège),Paris Champs-Élysées,Boutique,Accessoires & Parfums,2025-02-27,764.16,EUR,764.16
TXN002444,CUST01280,France (siège),Paris Champs-Élysées,Boutique,Accessoires & Parfums,2025-08-09,685.49,EUR,685.49
TXN002445,CUST01280,France (siège),Paris Champs-Élysées,En ligne,Accessoires & Parfums,2026-01-27,597.15,EUR,597.15
TXN002446,CUST01281,Chine,Shanghai,Boutique,Accessoires & Parfums,2025-05-07,5521.21,CNY,717.76
TXN002447,CUST01281,Chine,Shanghai,Événement privé,Accessoires & Parfums,2025-10-03,7637.73,CNY,992.9
TXN002448,CUST01281,Chine,Shanghai,En ligne,Horlogerie,2026-03-13,163288.29,CNY,21227.48
TXN002449,CUST01281,Chine,Shanghai,Boutique,Accessoires & Parfums,2026-06-24,6150.07,CNY,799.51
TXN002450,CUST01282,Japon,Osaka,Événement privé,Haute Joaillerie,2025-06-09,27820239.29,JPY,172485.48
TXN002451,CUST01282,Japon,Osaka,En ligne,Joaillerie,2025-09-16,2159938.38,JPY,13391.62
TXN002452,CUST01282,Japon,Osaka,Événement privé,Joaillerie,2026-01-17,3474906.51,JPY,21544.42
TXN002453,CUST01282,Japon,Osaka,En ligne,Joaillerie,2026-05-11,3071947.1,JPY,19046.07
TXN002454,CUST01283,France (siège),Paris Champs-Élysées,Boutique,Haute Joaillerie,2026-03-01,102098.29,EUR,102098.29
TXN002455,CUST01283,France (siège),Paris Champs-Élysées,En ligne,Joaillerie,2026-07-28,22279.16,EUR,22279.16
TXN002456,CUST01284,Japon,Tokyo Ginza,Boutique,Joaillerie,2025-01-01,5354510.19,JPY,33197.96
TXN002457,CUST01284,Japon,Tokyo Ginza,Événement privé,Joaillerie,2025-04-08,2263369.11,JPY,14032.89
TXN002458,CUST01284,Japon,Tokyo Ginza,Événement privé,Joaillerie,2025-07-06,4474701.75,JPY,27743.15
TXN002459,CUST01284,Japon,Tokyo Ginza,Événement privé,Accessoires & Parfums,2025-10-18,230558.8,JPY,1429.46
TXN002460,CUST01284,Japon,Tokyo Ginza,Boutique,Horlogerie,2026-01-29,4539163.27,JPY,28142.81
TXN002461,CUST01284,Japon,Tokyo Ginza,Boutique,Joaillerie,2026-04-21,2626320.59,JPY,16283.19
TXN002462,CUST01285,Japon,Osaka,Boutique,Joaillerie,2026-05-31,2275709.98,JPY,14109.4
TXN002463,CUST01286,USA,Bal Harbour,En ligne,Accessoires & Parfums,2025-10-10,550.55,USD,506.51
TXN002464,CUST01286,USA,Bal Harbour,Événement privé,Horlogerie,2026-04-25,38989.0,USD,35869.88
TXN002465,CUST01287,France (siège),Cannes,Boutique,Haute Joaillerie,2025-11-10,51713.79,EUR,51713.79
TXN002466,CUST01287,France (siège),Cannes,Boutique,Haute Joaillerie,2026-03-31,91886.59,EUR,91886.59
TXN002467,CUST01290,USA,Beverly Hills,Boutique,Accessoires & Parfums,2025-03-30,646.91,USD,595.16
TXN002468,CUST01290,USA,Beverly Hills,Boutique,Horlogerie,2025-09-21,29196.03,USD,26860.35
TXN002469,CUST01290,USA,Beverly Hills,Boutique,Mariage,2026-03-23,11576.98,USD,10650.82
TXN002470,CUST01291,Moyen-Orient,Dubaï Mall,Boutique,Joaillerie,2026-01-20,40556.62,AED,10139.15
TXN002471,CUST01291,Moyen-Orient,Dubaï Mall,Boutique,Accessoires & Parfums,2026-07-05,2578.38,AED,644.59
TXN002472,CUST01292,USA,Bal Harbour,Boutique,Accessoires & Parfums,2025-12-03,727.18,USD,669.01
TXN002473,CUST01293,Japon,Osaka,Boutique,Joaillerie,2025-06-04,1338026.06,JPY,8295.76
TXN002474,CUST01293,Japon,Osaka,Boutique,Joaillerie,2025-11-12,2162546.13,JPY,13407.79
TXN002475,CUST01293,Japon,Osaka,Boutique,Mariage,2026-05-02,1829069.63,JPY,11340.23
TXN002476,CUST01294,USA,Beverly Hills,Boutique,Joaillerie,2026-04-07,10531.73,USD,9689.19
TXN002477,CUST01296,Chine,Shanghai,Boutique,Joaillerie,2025-10-01,174789.72,CNY,22722.66
TXN002478,CUST01296,Chine,Shanghai,Boutique,Horlogerie,2025-12-28,146055.59,CNY,18987.23
TXN002479,CUST01296,Chine,Shanghai,Événement privé,Joaillerie,2026-04-28,176214.6,CNY,22907.9
TXN002480,CUST01297,Japon,Tokyo Ginza,En ligne,Mariage,2025-05-25,2683852.74,JPY,16639.89
TXN002481,CUST01297,Japon,Tokyo Ginza,En ligne,Horlogerie,2025-10-25,4543929.13,JPY,28172.36
TXN002482,CUST01297,Japon,Tokyo Ginza,En ligne,Accessoires & Parfums,2026-05-02,143421.85,JPY,889.22
TXN002483,CUST01298,Chine,Shanghai,Boutique,Mariage,2025-04-22,136435.57,CNY,17736.62
TXN002484,CUST01300,Chine,Shanghai,En ligne,Haute Joaillerie,2025-07-13,709581.83,CNY,92245.64
TXN002485,CUST01300,Chine,Shanghai,Boutique,Haute Joaillerie,2026-01-04,1091100.25,CNY,141843.03
TXN002486,CUST01300,Chine,Shanghai,Boutique,Horlogerie,2026-06-28,268455.84,CNY,34899.26
TXN002487,CUST01301,USA,Bal Harbour,En ligne,Joaillerie,2025-05-25,16772.14,USD,15430.37
TXN002488,CUST01301,USA,Bal Harbour,Boutique,Joaillerie,2025-10-25,25431.89,USD,23397.34
TXN002489,CUST01301,USA,Bal Harbour,Boutique,Accessoires & Parfums,2026-04-17,837.76,USD,770.74
TXN002490,CUST01302,Moyen-Orient,Dubaï Mall,Boutique,Haute Joaillerie,2025-07-25,748814.74,AED,187203.68
TXN002491,CUST01302,Moyen-Orient,Dubaï Mall,Boutique,Haute Joaillerie,2025-12-15,591418.76,AED,147854.69
TXN002492,CUST01302,Moyen-Orient,Dubaï Mall,En ligne,Accessoires & Parfums,2026-05-18,3797.68,AED,949.42
TXN002493,CUST01303,Moyen-Orient,Dubaï Mall,Boutique,Horlogerie,2025-04-28,142507.96,AED,35626.99
TXN002494,CUST01303,Moyen-Orient,Dubaï Mall,Boutique,Joaillerie,2025-10-05,42837.02,AED,10709.26
TXN002495,CUST01303,Moyen-Orient,Dubaï Mall,En ligne,Accessoires & Parfums,2026-03-15,2800.98,AED,700.25
TXN002496,CUST01304,Japon,Tokyo Ginza,Boutique,Accessoires & Parfums,2026-05-18,150589.72,JPY,933.66
TXN002497,CUST01305,Chine,Pékin,Boutique,Mariage,2025-01-29,81348.26,CNY,10575.27
TXN002498,CUST01305,Chine,Pékin,En ligne,Haute Joaillerie,2025-06-06,1240719.58,CNY,161293.55
TXN002499,CUST01305,Chine,Pékin,En ligne,Haute Joaillerie,2025-11-24,513090.67,CNY,66701.79
TXN002500,CUST01306,Chine,Pékin,En ligne,Accessoires & Parfums,2025-09-23,4969.39,CNY,646.02
TXN002501,CUST01306,Chine,Pékin,En ligne,Joaillerie,2026-02-28,241249.5,CNY,31362.43
TXN002502,CUST01306,Chine,Pékin,Événement privé,Joaillerie,2026-07-31,47158.34,CNY,6130.58
TXN002503,CUST01307,Japon,Tokyo Ginza,Boutique,Horlogerie,2025-07-09,2222237.73,JPY,13777.87
TXN002504,CUST01307,Japon,Tokyo Ginza,Boutique,Accessoires & Parfums,2026-01-31,95679.16,JPY,593.21
TXN002505,CUST01307,Japon,Tokyo Ginza,Boutique,Accessoires & Parfums,2026-07-17,103073.62,JPY,639.06
TXN002506,CUST01308,France (siège),Cannes,En ligne,Joaillerie,2026-07-09,9224.9,EUR,9224.9
TXN002507,CUST01309,Chine,Hong Kong,En ligne,Joaillerie,2025-01-30,85832.62,CNY,11158.24
TXN002508,CUST01309,Chine,Hong Kong,Événement privé,Mariage,2025-09-04,88702.98,CNY,11531.39
TXN002509,CUST01309,Chine,Hong Kong,Boutique,Joaillerie,2026-02-08,207356.01,CNY,26956.28
TXN002510,CUST01309,Chine,Hong Kong,En ligne,Horlogerie,2026-07-25,220077.92,CNY,28610.13
TXN002511,CUST01311,USA,New York 5th Ave,Boutique,Accessoires & Parfums,2026-02-17,463.0,USD,425.96
TXN002512,CUST01312,USA,Beverly Hills,En ligne,Accessoires & Parfums,2025-06-06,1147.75,USD,1055.93
TXN002513,CUST01312,USA,Beverly Hills,Événement privé,Accessoires & Parfums,2025-11-18,608.03,USD,559.39
TXN002514,CUST01312,USA,Beverly Hills,En ligne,Haute Joaillerie,2026-05-04,116233.37,USD,106934.7
TXN002515,CUST01313,Chine,Pékin,Boutique,Accessoires & Parfums,2025-07-22,5267.06,CNY,684.72
TXN002516,CUST01313,Chine,Pékin,Boutique,Accessoires & Parfums,2026-01-10,5287.51,CNY,687.38
TXN002517,CUST01313,Chine,Pékin,Événement privé,Mariage,2026-06-06,68147.27,CNY,8859.15
TXN002518,CUST01314,USA,Beverly Hills,Boutique,Joaillerie,2025-12-24,22641.35,USD,20830.04
TXN002519,CUST01315,Moyen-Orient,Abu Dhabi,Événement privé,Joaillerie,2025-08-21,33671.86,AED,8417.97
TXN002520,CUST01315,Moyen-Orient,Abu Dhabi,Boutique,Haute Joaillerie,2026-03-07,496520.94,AED,124130.24
TXN002521,CUST01316,Moyen-Orient,Abu Dhabi,Événement privé,Accessoires & Parfums,2025-07-05,4489.28,AED,1122.32
TXN002522,CUST01316,Moyen-Orient,Abu Dhabi,En ligne,Accessoires & Parfums,2025-12-17,4183.16,AED,1045.79
TXN002523,CUST01316,Moyen-Orient,Abu Dhabi,Boutique,Accessoires & Parfums,2026-05-29,3231.52,AED,807.88
TXN002524,CUST01317,USA,New York 5th Ave,En ligne,Accessoires & Parfums,2026-03-27,1304.95,USD,1200.55
TXN002525,CUST01318,Japon,Tokyo Ginza,Boutique,Joaillerie,2025-10-23,2090798.57,JPY,12962.95
TXN002526,CUST01319,Chine,Hong Kong,Boutique,Joaillerie,2026-06-09,70919.47,CNY,9219.53
TXN002527,CUST01320,USA,New York 5th Ave,Boutique,Accessoires & Parfums,2025-10-01,1194.81,USD,1099.23
TXN002528,CUST01320,USA,New York 5th Ave,En ligne,Accessoires & Parfums,2026-02-26,595.35,USD,547.72
TXN002529,CUST01321,France (siège),Paris Vendôme,Boutique,Accessoires & Parfums,2025-05-25,337.12,EUR,337.12
TXN002530,CUST01321,France (siège),Paris Vendôme,Événement privé,Joaillerie,2025-12-13,25403.68,EUR,25403.68
TXN002531,CUST01321,France (siège),Paris Vendôme,Boutique,Haute Joaillerie,2026-04-28,92191.05,EUR,92191.05
TXN002532,CUST01322,USA,Bal Harbour,En ligne,Accessoires & Parfums,2025-10-31,681.95,USD,627.39
TXN002533,CUST01323,USA,New York 5th Ave,Boutique,Joaillerie,2025-03-15,15607.82,USD,14359.19
TXN002534,CUST01323,USA,New York 5th Ave,Boutique,Horlogerie,2025-08-04,20145.43,USD,18533.8
TXN002535,CUST01323,USA,New York 5th Ave,En ligne,Accessoires & Parfums,2026-01-11,595.61,USD,547.96
TXN002536,CUST01323,USA,New York 5th Ave,Boutique,Joaillerie,2026-06-22,11145.6,USD,10253.95
TXN002537,CUST01324,Chine,Shanghai,Événement privé,Horlogerie,2025-08-04,290771.16,CNY,37800.25
TXN002538,CUST01324,Chine,Shanghai,Boutique,Mariage,2025-11-30,86207.37,CNY,11206.96
TXN002539,CUST01324,Chine,Shanghai,Événement privé,Haute Joaillerie,2026-04-07,1079417.45,CNY,140324.27
TXN002540,CUST01324,Chine,Shanghai,Boutique,Joaillerie,2026-07-30,206603.22,CNY,26858.42
TXN002541,CUST01326,USA,Beverly Hills,Boutique,Joaillerie,2026-05-17,16118.69,USD,14829.19
TXN002542,CUST01327,Japon,Tokyo Ginza,Boutique,Accessoires & Parfums,2025-09-27,157791.26,JPY,978.31
TXN002543,CUST01327,Japon,Tokyo Ginza,Boutique,Accessoires & Parfums,2026-03-03,189395.86,JPY,1174.25
TXN002544,CUST01327,Japon,Tokyo Ginza,Boutique,Accessoires & Parfums,2026-07-12,205079.22,JPY,1271.49
TXN002545,CUST01328,Japon,Osaka,Boutique,Accessoires & Parfums,2026-05-04,189907.77,JPY,1177.43
TXN002546,CUST01329,France (siège),Paris Vendôme,En ligne,Joaillerie,2025-07-25,14348.88,EUR,14348.88
TXN002547,CUST01331,Moyen-Orient,Dubaï Mall,Boutique,Joaillerie,2025-03-02,21218.99,AED,5304.75
TXN002548,CUST01331,Moyen-Orient,Dubaï Mall,Boutique,Accessoires & Parfums,2025-08-12,3428.38,AED,857.09
TXN002549,CUST01331,Moyen-Orient,Dubaï Mall,En ligne,Joaillerie,2026-01-19,54974.05,AED,13743.51
TXN002550,CUST01331,Moyen-Orient,Dubaï Mall,En ligne,Accessoires & Parfums,2026-07-01,2630.03,AED,657.51
TXN002551,CUST01332,USA,New York 5th Ave,Boutique,Accessoires & Parfums,2025-06-10,782.09,USD,719.52
TXN002552,CUST01332,USA,New York 5th Ave,Boutique,Joaillerie,2025-12-04,10296.38,USD,9472.67
TXN002553,CUST01332,USA,New York 5th Ave,Boutique,Accessoires & Parfums,2026-04-25,163.04,USD,150.0
TXN002554,CUST01333,USA,New York 5th Ave,En ligne,Mariage,2025-02-05,14795.94,USD,13612.27
TXN002555,CUST01333,USA,New York 5th Ave,Boutique,Joaillerie,2025-06-09,12365.6,USD,11376.35
TXN002556,CUST01334,Chine,Pékin,En ligne,Accessoires & Parfums,2026-07-13,7210.94,CNY,937.42
TXN002557,CUST01335,France (siège),Paris Vendôme,En ligne,Mariage,2026-06-04,7162.07,EUR,7162.07
TXN002558,CUST01336,USA,New York 5th Ave,Boutique,Accessoires & Parfums,2025-02-27,656.0,USD,603.52
TXN002559,CUST01336,USA,New York 5th Ave,En ligne,Horlogerie,2025-08-27,41904.96,USD,38552.56
TXN002560,CUST01338,Moyen-Orient,Dubaï Mall,Boutique,Accessoires & Parfums,2026-01-30,2877.09,AED,719.27
TXN002561,CUST01339,USA,New York 5th Ave,En ligne,Joaillerie,2025-10-03,8775.53,USD,8073.49
TXN002562,CUST01339,USA,New York 5th Ave,Boutique,Joaillerie,2026-03-13,16026.01,USD,14743.93
TXN002563,CUST01340,France (siège),Paris Vendôme,En ligne,Horlogerie,2025-10-08,39115.35,EUR,39115.35
TXN002564,CUST01340,France (siège),Paris Vendôme,Boutique,Joaillerie,2026-03-07,11591.89,EUR,11591.89
TXN002565,CUST01341,Japon,Osaka,En ligne,Joaillerie,2025-01-18,3873004.64,JPY,24012.63
TXN002566,CUST01341,Japon,Osaka,En ligne,Horlogerie,2025-05-22,7478821.7,JPY,46368.69
TXN002567,CUST01341,Japon,Osaka,Boutique,Joaillerie,2025-09-05,935134.98,JPY,5797.84
TXN002568,CUST01341,Japon,Osaka,En ligne,Joaillerie,2026-01-30,2364807.46,JPY,14661.81
TXN002569,CUST01341,Japon,Osaka,Boutique,Accessoires & Parfums,2026-05-27,162002.17,JPY,1004.41
TXN002570,CUST01342,Chine,Shanghai,Boutique,Accessoires & Parfums,2025-06-08,5003.9,CNY,650.51
TXN002571,CUST01343,France (siège),Paris Vendôme,En ligne,Accessoires & Parfums,2026-03-02,874.7,EUR,874.7
TXN002572,CUST01344,Japon,Tokyo Ginza,Boutique,Accessoires & Parfums,2026-01-19,264604.85,JPY,1640.55
TXN002573,CUST01344,Japon,Tokyo Ginza,Boutique,Joaillerie,2026-06-20,1940985.51,JPY,12034.11
TXN002574,CUST01345,Moyen-Orient,Dubaï Mall,Événement privé,Accessoires & Parfums,2025-05-21,1572.03,AED,393.01
TXN002575,CUST01345,Moyen-Orient,Dubaï Mall,Boutique,Accessoires & Parfums,2025-11-17,1799.2,AED,449.8
TXN002576,CUST01345,Moyen-Orient,Dubaï Mall,Boutique,Mariage,2026-05-25,54735.81,AED,13683.95
TXN002577,CUST01346,USA,Beverly Hills,Boutique,Joaillerie,2025-08-27,24847.15,USD,22859.38
TXN002578,CUST01346,USA,Beverly Hills,Boutique,Accessoires & Parfums,2026-01-11,1474.75,USD,1356.77
TXN002579,CUST01347,USA,New York 5th Ave,Boutique,Joaillerie,2025-10-26,29032.42,USD,26709.83
TXN002580,CUST01347,USA,New York 5th Ave,Boutique,Joaillerie,2026-02-25,32797.13,USD,30173.36
TXN002581,CUST01347,USA,New York 5th Ave,Événement privé,Horlogerie,2026-07-23,60010.51,USD,55209.67
TXN002582,CUST01349,Moyen-Orient,Abu Dhabi,Boutique,Horlogerie,2025-04-22,106585.71,AED,26646.43
TXN002583,CUST01349,Moyen-Orient,Abu Dhabi,Boutique,Horlogerie,2025-10-13,78245.32,AED,19561.33
TXN002584,CUST01349,Moyen-Orient,Abu Dhabi,Boutique,Horlogerie,2026-03-20,90543.76,AED,22635.94
TXN002585,CUST01350,Moyen-Orient,Dubaï Mall,Événement privé,Accessoires & Parfums,2026-02-08,4927.83,AED,1231.96
TXN002586,CUST01350,Moyen-Orient,Dubaï Mall,Boutique,Joaillerie,2026-06-20,119259.17,AED,29814.79
TXN002587,CUST01351,Chine,Shanghai,En ligne,Horlogerie,2026-03-30,99369.02,CNY,12917.97
TXN002588,CUST01352,USA,Bal Harbour,Boutique,Haute Joaillerie,2025-11-20,129266.07,USD,118924.78
TXN002589,CUST01352,USA,Bal Harbour,Événement privé,Joaillerie,2026-03-17,26774.44,USD,24632.49
TXN002590,CUST01352,USA,Bal Harbour,Événement privé,Joaillerie,2026-07-24,16350.82,USD,15042.76
TXN002591,CUST01353,Moyen-Orient,Dubaï Mall,Événement privé,Joaillerie,2025-12-20,34459.33,AED,8614.83
TXN002592,CUST01354,Chine,Shanghai,Boutique,Accessoires & Parfums,2025-11-06,8699.14,CNY,1130.89
TXN002593,CUST01354,Chine,Shanghai,Événement privé,Accessoires & Parfums,2026-04-02,8434.41,CNY,1096.47
TXN002594,CUST01355,Japon,Tokyo Ginza,Boutique,Mariage,2025-09-01,2118968.66,JPY,13137.61
TXN002595,CUST01355,Japon,Tokyo Ginza,Boutique,Accessoires & Parfums,2026-01-26,156338.89,JPY,969.3
TXN002596,CUST01356,Chine,Pékin,Boutique,Accessoires & Parfums,2026-04-27,6276.73,CNY,815.97
TXN002597,CUST01357,Moyen-Orient,Dubaï Mall,Boutique,Joaillerie,2025-09-22,84047.46,AED,21011.86
TXN002598,CUST01357,Moyen-Orient,Dubaï Mall,Boutique,Haute Joaillerie,2026-04-15,433027.94,AED,108256.99
TXN002599,CUST01358,USA,Bal Harbour,Boutique,Haute Joaillerie,2026-05-21,70747.04,USD,65087.28
TXN002600,CUST01359,France (siège),Paris Vendôme,Boutique,Accessoires & Parfums,2025-06-21,886.79,EUR,886.79
TXN002601,CUST01359,France (siège),Paris Vendôme,Boutique,Accessoires & Parfums,2026-01-03,786.74,EUR,786.74
TXN002602,CUST01359,France (siège),Paris Vendôme,Boutique,Accessoires & Parfums,2026-06-08,681.61,EUR,681.61
TXN002603,CUST01360,France (siège),Paris Champs-Élysées,En ligne,Haute Joaillerie,2025-07-18,119710.26,EUR,119710.26
TXN002604,CUST01360,France (siège),Paris Champs-Élysées,Boutique,Joaillerie,2025-12-29,11821.98,EUR,11821.98
TXN002605,CUST01360,France (siège),Paris Champs-Élysées,Boutique,Mariage,2026-06-14,11720.96,EUR,11720.96
TXN002606,CUST01361,USA,Bal Harbour,Boutique,Accessoires & Parfums,2025-08-21,767.78,USD,706.36
TXN002607,CUST01361,USA,Bal Harbour,En ligne,Mariage,2026-01-23,11365.86,USD,10456.59
TXN002608,CUST01361,USA,Bal Harbour,Boutique,Joaillerie,2026-07-16,10860.29,USD,9991.46
TXN002609,CUST01362,USA,Bal Harbour,Boutique,Accessoires & Parfums,2025-11-03,866.37,USD,797.06
TXN002610,CUST01362,USA,Bal Harbour,En ligne,Joaillerie,2026-06-12,7373.76,USD,6783.86
TXN002611,CUST01363,Chine,Hong Kong,Boutique,Mariage,2025-06-20,94538.24,CNY,12289.97
TXN002612,CUST01363,Chine,Hong Kong,Boutique,Mariage,2025-11-19,109928.14,CNY,14290.66
TXN002613,CUST01363,Chine,Hong Kong,Boutique,Joaillerie,2026-05-22,96222.02,CNY,12508.86
TXN002614,CUST01364,Japon,Osaka,Boutique,Joaillerie,2025-12-04,2535663.66,JPY,15721.11
TXN002615,CUST01364,Japon,Osaka,Boutique,Joaillerie,2026-04-09,823166.1,JPY,5103.63
TXN002616,CUST01365,Japon,Osaka,Boutique,Mariage,2025-09-01,1742761.71,JPY,10805.12
TXN002617,CUST01365,Japon,Osaka,En ligne,Joaillerie,2026-03-05,3210502.1,JPY,19905.11
TXN002618,CUST01365,Japon,Osaka,Boutique,Accessoires & Parfums,2026-07-26,162369.04,JPY,1006.69
TXN002619,CUST01366,France (siège),Paris Vendôme,Événement privé,Horlogerie,2025-02-13,10391.06,EUR,10391.06
TXN002620,CUST01366,France (siège),Paris Vendôme,En ligne,Accessoires & Parfums,2025-07-12,611.02,EUR,611.02
TXN002621,CUST01366,France (siège),Paris Vendôme,Boutique,Joaillerie,2025-12-19,34308.79,EUR,34308.79
TXN002622,CUST01366,France (siège),Paris Vendôme,Boutique,Accessoires & Parfums,2026-06-17,1160.37,EUR,1160.37
TXN002623,CUST01367,Japon,Osaka,Boutique,Accessoires & Parfums,2026-05-16,91816.24,JPY,569.26
TXN002624,CUST01368,France (siège),Cannes,En ligne,Accessoires & Parfums,2025-05-09,789.73,EUR,789.73
TXN002625,CUST01368,France (siège),Cannes,Boutique,Joaillerie,2025-10-08,7506.84,EUR,7506.84
TXN002626,CUST01368,France (siège),Cannes,Boutique,Accessoires & Parfums,2026-03-06,787.35,EUR,787.35
TXN002627,CUST01369,USA,Bal Harbour,En ligne,Accessoires & Parfums,2025-05-30,870.6,USD,800.95
TXN002628,CUST01369,USA,Bal Harbour,Boutique,Haute Joaillerie,2025-12-04,173334.68,USD,159467.91
TXN002629,CUST01369,USA,Bal Harbour,Boutique,Joaillerie,2026-05-19,6484.42,USD,5965.66
TXN002630,CUST01370,USA,Beverly Hills,Boutique,Mariage,2025-10-01,12133.22,USD,11162.56
TXN002631,CUST01370,USA,Beverly Hills,Boutique,Mariage,2026-03-14,14306.88,USD,13162.33
TXN002632,CUST01371,USA,Beverly Hills,Boutique,Accessoires & Parfums,2025-05-26,1471.27,USD,1353.57
TXN002633,CUST01371,USA,Beverly Hills,Événement privé,Joaillerie,2025-11-25,25374.27,USD,23344.33
TXN002634,CUST01371,USA,Beverly Hills,Boutique,Horlogerie,2026-03-30,29813.93,USD,27428.82
TXN002635,CUST01372,Japon,Tokyo Ginza,Boutique,Accessoires & Parfums,2025-03-10,147986.69,JPY,917.52
TXN002636,CUST01372,Japon,Tokyo Ginza,Boutique,Accessoires & Parfums,2025-08-05,182818.3,JPY,1133.47
TXN002637,CUST01372,Japon,Tokyo Ginza,En ligne,Accessoires & Parfums,2026-01-06,132878.93,JPY,823.85
TXN002638,CUST01372,Japon,Tokyo Ginza,Événement privé,Accessoires & Parfums,2026-06-03,143871.76,JPY,892.0
TXN002639,CUST01373,Moyen-Orient,Dubaï Mall,Événement privé,Mariage,2026-07-11,37822.96,AED,9455.74
TXN002640,CUST01374,Chine,Hong Kong,Événement privé,Haute Joaillerie,2025-12-17,564479.53,CNY,73382.34
TXN002641,CUST01374,Chine,Hong Kong,En ligne,Mariage,2026-05-21,96826.28,CNY,12587.42
TXN002642,CUST01375,USA,Beverly Hills,Boutique,Joaillerie,2026-05-19,19140.24,USD,17609.02
TXN002643,CUST01376,USA,Beverly Hills,Boutique,Joaillerie,2026-04-09,22398.04,USD,20606.2
TXN002644,CUST01377,Moyen-Orient,Abu Dhabi,Boutique,Accessoires & Parfums,2026-04-14,3169.77,AED,792.44
TXN002645,CUST01379,France (siège),Paris Vendôme,Événement privé,Accessoires & Parfums,2025-06-17,1206.75,EUR,1206.75
TXN002646,CUST01380,Japon,Osaka,Boutique,Horlogerie,2026-03-30,3871675.23,JPY,24004.39
TXN002647,CUST01381,France (siège),Paris Vendôme,Boutique,Joaillerie,2025-09-13,22143.02,EUR,22143.02
TXN002648,CUST01381,France (siège),Paris Vendôme,Boutique,Joaillerie,2026-02-04,15500.24,EUR,15500.24
TXN002649,CUST01381,France (siège),Paris Vendôme,Boutique,Accessoires & Parfums,2026-07-23,788.12,EUR,788.12
TXN002650,CUST01382,USA,Bal Harbour,Boutique,Accessoires & Parfums,2025-12-22,939.13,USD,864.0
TXN002651,CUST01382,USA,Bal Harbour,Boutique,Mariage,2026-06-18,8081.43,USD,7434.91
TXN002652,CUST01383,Japon,Tokyo Ginza,En ligne,Accessoires & Parfums,2026-01-26,120305.79,JPY,745.9
TXN002653,CUST01383,Japon,Tokyo Ginza,Boutique,Joaillerie,2026-07-31,3451449.33,JPY,21398.99
TXN002654,CUST01384,Japon,Tokyo Ginza,En ligne,Accessoires & Parfums,2026-05-24,119453.15,JPY,740.61
TXN002655,CUST01386,Moyen-Orient,Dubaï Mall,Boutique,Joaillerie,2025-01-21,79295.01,AED,19823.75
TXN002656,CUST01386,Moyen-Orient,Dubaï Mall,Boutique,Horlogerie,2025-05-27,151280.33,AED,37820.08
TXN002657,CUST01386,Moyen-Orient,Dubaï Mall,Événement privé,Horlogerie,2025-09-09,122477.44,AED,30619.36
TXN002658,CUST01386,Moyen-Orient,Dubaï Mall,En ligne,Joaillerie,2026-01-08,122213.9,AED,30553.48
TXN002659,CUST01386,Moyen-Orient,Dubaï Mall,En ligne,Mariage,2026-05-02,66508.94,AED,16627.24
TXN002660,CUST01387,Chine,Pékin,Boutique,Joaillerie,2026-05-18,128161.94,CNY,16661.05
TXN002661,CUST01388,France (siège),Cannes,Boutique,Joaillerie,2025-05-08,31804.65,EUR,31804.65
TXN002662,CUST01388,France (siège),Cannes,Boutique,Joaillerie,2025-09-06,29057.74,EUR,29057.74
TXN002663,CUST01388,France (siège),Cannes,Boutique,Horlogerie,2026-02-02,42614.16,EUR,42614.16
TXN002664,CUST01388,France (siège),Cannes,En ligne,Haute Joaillerie,2026-06-07,88736.88,EUR,88736.88
TXN002665,CUST01389,France (siège),Paris Champs-Élysées,Boutique,Mariage,2025-04-24,13022.32,EUR,13022.32
TXN002666,CUST01391,Chine,Hong Kong,Boutique,Horlogerie,2025-03-10,156958.32,CNY,20404.58
TXN002667,CUST01391,Chine,Hong Kong,Boutique,Accessoires & Parfums,2025-08-05,8450.5,CNY,1098.56
TXN002668,CUST01391,Chine,Hong Kong,Boutique,Mariage,2025-12-30,80301.79,CNY,10439.23
TXN002669,CUST01391,Chine,Hong Kong,Boutique,Haute Joaillerie,2026-05-31,1041383.79,CNY,135379.89
TXN002670,CUST01393,Chine,Hong Kong,Boutique,Haute Joaillerie,2026-07-03,868192.78,CNY,112865.06
TXN002671,CUST01394,Japon,Osaka,Boutique,Joaillerie,2026-07-02,1159139.88,JPY,7186.67
TXN002672,CUST01395,Chine,Shanghai,En ligne,Mariage,2025-11-13,90721.22,CNY,11793.76
TXN002673,CUST01395,Chine,Shanghai,En ligne,Mariage,2026-04-05,97510.26,CNY,12676.33
TXN002674,CUST01397,France (siège),Paris Vendôme,En ligne,Accessoires & Parfums,2026-05-29,978.91,EUR,978.91
TXN002675,CUST01398,France (siège),Cannes,En ligne,Horlogerie,2025-04-23,44257.35,EUR,44257.35
TXN002676,CUST01398,France (siège),Cannes,Événement privé,Joaillerie,2025-08-05,15862.32,EUR,15862.32
TXN002677,CUST01398,France (siège),Cannes,En ligne,Horlogerie,2025-12-02,61343.38,EUR,61343.38
TXN002678,CUST01398,France (siège),Cannes,Événement privé,Horlogerie,2026-05-09,23679.11,EUR,23679.11
TXN002679,CUST01399,Japon,Osaka,Boutique,Joaillerie,2025-09-02,2729678.57,JPY,16924.01
TXN002680,CUST01399,Japon,Osaka,En ligne,Horlogerie,2026-01-29,5905324.15,JPY,36613.01
TXN002681,CUST01400,USA,Beverly Hills,Boutique,Joaillerie,2025-04-05,20091.51,USD,18484.19
TXN002682,CUST01400,USA,Beverly Hills,En ligne,Joaillerie,2025-08-23,20568.13,USD,18922.68
TXN002683,CUST01400,USA,Beverly Hills,Boutique,Accessoires & Parfums,2026-01-17,665.05,USD,611.85
TXN002684,CUST01400,USA,Beverly Hills,En ligne,Mariage,2026-07-21,14128.34,USD,12998.07
TXN002685,CUST01402,France (siège),Paris Vendôme,Boutique,Joaillerie,2025-12-15,20937.77,EUR,20937.77
TXN002686,CUST01402,France (siège),Paris Vendôme,Événement privé,Mariage,2026-05-29,8907.87,EUR,8907.87
TXN002687,CUST01403,Chine,Hong Kong,Boutique,Accessoires & Parfums,2025-04-25,4625.59,CNY,601.33
TXN002688,CUST01403,Chine,Hong Kong,Événement privé,Horlogerie,2025-09-28,235109.16,CNY,30564.19
TXN002689,CUST01403,Chine,Hong Kong,Boutique,Mariage,2026-04-03,67605.69,CNY,8788.74
TXN002690,CUST01405,USA,Bal Harbour,En ligne,Joaillerie,2025-03-03,14362.74,USD,13213.72
TXN002691,CUST01405,USA,Bal Harbour,En ligne,Accessoires & Parfums,2025-08-13,1408.27,USD,1295.61
TXN002692,CUST01405,USA,Bal Harbour,Événement privé,Accessoires & Parfums,2025-11-26,1389.17,USD,1278.04
TXN002693,CUST01405,USA,Bal Harbour,Événement privé,Joaillerie,2026-04-13,22481.66,USD,20683.13
TXN002694,CUST01406,Chine,Pékin,En ligne,Mariage,2025-12-19,76869.19,CNY,9992.99
TXN002695,CUST01406,Chine,Pékin,Boutique,Mariage,2026-06-27,75696.59,CNY,9840.56
TXN002696,CUST01408,Moyen-Orient,Dubaï Mall,Boutique,Joaillerie,2026-02-05,35483.28,AED,8870.82
TXN002697,CUST01409,France (siège),Cannes,Boutique,Accessoires & Parfums,2026-04-14,900.54,EUR,900.54
TXN002698,CUST01410,Japon,Osaka,Événement privé,Horlogerie,2026-07-08,4524632.56,JPY,28052.72
TXN002699,CUST01411,France (siège),Cannes,Événement privé,Joaillerie,2026-03-25,15819.24,EUR,15819.24
TXN002700,CUST01412,France (siège),Paris Champs-Élysées,Boutique,Haute Joaillerie,2025-05-29,97878.38,EUR,97878.38
TXN002701,CUST01412,France (siège),Paris Champs-Élysées,Boutique,Mariage,2025-10-03,11959.01,EUR,11959.01
TXN002702,CUST01413,USA,Bal Harbour,Boutique,Joaillerie,2025-10-12,15564.93,USD,14319.73
TXN002703,CUST01414,USA,Bal Harbour,Boutique,Accessoires & Parfums,2026-06-27,1210.24,USD,1113.43
TXN002704,CUST01415,France (siège),Paris Champs-Élysées,Boutique,Haute Joaillerie,2025-12-15,153256.69,EUR,153256.69
TXN002705,CUST01415,France (siège),Paris Champs-Élysées,Boutique,Haute Joaillerie,2026-05-24,88904.33,EUR,88904.33
TXN002706,CUST01416,USA,Beverly Hills,Boutique,Horlogerie,2025-06-04,34445.04,USD,31689.43
TXN002707,CUST01416,USA,Beverly Hills,Boutique,Joaillerie,2025-10-24,18574.38,USD,17088.43
TXN002708,CUST01416,USA,Beverly Hills,En ligne,Accessoires & Parfums,2026-04-24,1089.12,USD,1001.99
TXN002709,CUST01417,Japon,Tokyo Ginza,Boutique,Joaillerie,2025-05-31,2111115.87,JPY,13088.92
TXN002710,CUST01418,USA,Beverly Hills,En ligne,Haute Joaillerie,2025-11-23,138485.05,USD,127406.25
TXN002711,CUST01418,USA,Beverly Hills,Boutique,Accessoires & Parfums,2026-03-28,1129.81,USD,1039.43
TXN002712,CUST01418,USA,Beverly Hills,Boutique,Horlogerie,2026-07-16,37525.17,USD,34523.16
TXN002713,CUST01419,Chine,Pékin,En ligne,Mariage,2026-06-13,67079.51,CNY,8720.34
TXN002714,CUST01420,Chine,Shanghai,Événement privé,Horlogerie,2025-08-12,170069.96,CNY,22109.1
TXN002715,CUST01420,Chine,Shanghai,Boutique,Joaillerie,2026-01-20,130616.76,CNY,16980.18
TXN002716,CUST01420,Chine,Shanghai,En ligne,Accessoires & Parfums,2026-07-14,7391.9,CNY,960.95
TXN002717,CUST01421,France (siège),Paris Champs-Élysées,Boutique,Joaillerie,2026-06-23,15001.52,EUR,15001.52
TXN002718,CUST01422,Moyen-Orient,Abu Dhabi,En ligne,Accessoires & Parfums,2025-05-28,2494.69,AED,623.67
TXN002719,CUST01422,Moyen-Orient,Abu Dhabi,Boutique,Horlogerie,2025-10-23,117083.16,AED,29270.79
TXN002720,CUST01422,Moyen-Orient,Abu Dhabi,Boutique,Joaillerie,2026-03-24,48266.69,AED,12066.67
TXN002721,CUST01423,Moyen-Orient,Abu Dhabi,En ligne,Joaillerie,2026-06-10,71975.01,AED,17993.75
TXN002722,CUST01424,USA,Beverly Hills,Boutique,Joaillerie,2026-04-27,19470.82,USD,17913.15
TXN002723,CUST01426,Japon,Tokyo Ginza,Boutique,Accessoires & Parfums,2025-07-29,85979.25,JPY,533.07
TXN002724,CUST01426,Japon,Tokyo Ginza,En ligne,Joaillerie,2026-01-29,2362527.32,JPY,14647.67
TXN002725,CUST01426,Japon,Tokyo Ginza,Boutique,Mariage,2026-07-05,1695548.26,JPY,10512.4
TXN002726,CUST01427,Japon,Tokyo Ginza,Boutique,Joaillerie,2025-09-03,2567209.7,JPY,15916.7
TXN002727,CUST01427,Japon,Tokyo Ginza,Événement privé,Mariage,2026-02-10,1097946.66,JPY,6807.27
TXN002728,CUST01427,Japon,Tokyo Ginza,Boutique,Horlogerie,2026-07-06,3513619.33,JPY,21784.44
TXN002729,CUST01428,Chine,Pékin,Boutique,Joaillerie,2025-11-01,77025.29,CNY,10013.29
TXN002730,CUST01428,Chine,Pékin,Événement privé,Joaillerie,2026-01-27,142684.02,CNY,18548.92
TXN002731,CUST01428,Chine,Pékin,Boutique,Joaillerie,2026-04-08,173260.98,CNY,22523.93
TXN002732,CUST01429,Moyen-Orient,Dubaï Mall,Boutique,Accessoires & Parfums,2026-03-14,2668.0,AED,667.0
TXN002733,CUST01430,Chine,Shanghai,Boutique,Joaillerie,2025-03-07,142140.77,CNY,18478.3
TXN002734,CUST01430,Chine,Shanghai,En ligne,Horlogerie,2025-07-18,142130.2,CNY,18476.93
TXN002735,CUST01430,Chine,Shanghai,Boutique,Joaillerie,2025-12-06,120433.44,CNY,15656.35
TXN002736,CUST01430,Chine,Shanghai,En ligne,Joaillerie,2026-04-24,116563.96,CNY,15153.32
TXN002737,CUST01431,Chine,Shanghai,Boutique,Mariage,2025-10-15,76115.31,CNY,9894.99
TXN002738,CUST01432,Japon,Tokyo Ginza,Boutique,Accessoires & Parfums,2025-09-12,130344.62,JPY,808.14
TXN002739,CUST01432,Japon,Tokyo Ginza,Boutique,Accessoires & Parfums,2026-02-23,124577.34,JPY,772.38
TXN002740,CUST01433,France (siège),Paris Champs-Élysées,Boutique,Mariage,2025-03-27,10331.25,EUR,10331.25
TXN002741,CUST01433,France (siège),Paris Champs-Élysées,Boutique,Accessoires & Parfums,2025-09-11,588.51,EUR,588.51
TXN002742,CUST01433,France (siège),Paris Champs-Élysées,Boutique,Horlogerie,2026-03-07,16855.94,EUR,16855.94
TXN002743,CUST01434,Chine,Shanghai,Boutique,Mariage,2026-06-30,132783.51,CNY,17261.86
TXN002744,CUST01435,France (siège),Paris Vendôme,Boutique,Horlogerie,2026-04-08,26253.06,EUR,26253.06
TXN002745,CUST01436,Moyen-Orient,Dubaï Mall,En ligne,Accessoires & Parfums,2026-07-06,3665.07,AED,916.27
TXN002746,CUST01437,USA,New York 5th Ave,Boutique,Horlogerie,2025-03-04,22229.63,USD,20451.26
TXN002747,CUST01437,USA,New York 5th Ave,Boutique,Horlogerie,2025-08-10,20230.21,USD,18611.8
TXN002748,CUST01437,USA,New York 5th Ave,Boutique,Joaillerie,2026-02-01,10166.53,USD,9353.21
TXN002749,CUST01437,USA,New York 5th Ave,Boutique,Joaillerie,2026-06-18,16067.16,USD,14781.79
TXN002750,CUST01438,USA,Bal Harbour,En ligne,Joaillerie,2025-06-05,10257.3,USD,9436.71
TXN002751,CUST01438,USA,Bal Harbour,En ligne,Accessoires & Parfums,2025-11-19,902.53,USD,830.33
TXN002752,CUST01438,USA,Bal Harbour,Boutique,Mariage,2026-06-01,5548.09,USD,5104.24
TXN002753,CUST01439,France (siège),Paris Vendôme,En ligne,Mariage,2026-06-06,9884.44,EUR,9884.44
TXN002754,CUST01440,Chine,Hong Kong,Boutique,Joaillerie,2025-05-27,111058.07,CNY,14437.55
TXN002755,CUST01440,Chine,Hong Kong,Boutique,Accessoires & Parfums,2025-10-08,8698.15,CNY,1130.76
TXN002756,CUST01440,Chine,Hong Kong,Boutique,Haute Joaillerie,2026-03-06,765136.36,CNY,99467.73
TXN002757,CUST01440,Chine,Hong Kong,Boutique,Joaillerie,2026-07-31,133700.12,CNY,17381.02
TXN002758,CUST01441,Japon,Tokyo Ginza,Boutique,Haute Joaillerie,2025-09-14,17769463.0,JPY,110170.67
TXN002759,CUST01441,Japon,Tokyo Ginza,En ligne,Horlogerie,2026-03-12,2915360.33,JPY,18075.23
TXN002760,CUST01442,Japon,Osaka,Événement privé,Joaillerie,2025-08-25,1997278.46,JPY,12383.13
TXN002761,CUST01442,Japon,Osaka,Boutique,Joaillerie,2026-03-24,1765341.77,JPY,10945.12
TXN002762,CUST01443,France (siège),Paris Vendôme,Boutique,Horlogerie,2025-06-20,30376.66,EUR,30376.66
TXN002763,CUST01443,France (siège),Paris Vendôme,Boutique,Joaillerie,2025-12-23,8002.32,EUR,8002.32
TXN002764,CUST01443,France (siège),Paris Vendôme,En ligne,Joaillerie,2026-06-07,14924.34,EUR,14924.34
TXN002765,CUST01444,Chine,Shanghai,Boutique,Joaillerie,2026-01-21,113080.92,CNY,14700.52
TXN002766,CUST01444,Chine,Shanghai,Boutique,Accessoires & Parfums,2026-07-10,3474.43,CNY,451.68
TXN002767,CUST01445,France (siège),Paris Vendôme,Boutique,Accessoires & Parfums,2025-08-26,886.57,EUR,886.57
TXN002768,CUST01445,France (siège),Paris Vendôme,En ligne,Mariage,2026-02-07,14106.58,EUR,14106.58
TXN002769,CUST01446,USA,Beverly Hills,Boutique,Mariage,2025-09-12,15167.81,USD,13954.39
TXN002770,CUST01446,USA,Beverly Hills,En ligne,Haute Joaillerie,2026-01-29,123464.7,USD,113587.52
TXN002771,CUST01446,USA,Beverly Hills,Boutique,Joaillerie,2026-06-16,11228.94,USD,10330.63
TXN002772,CUST01447,Moyen-Orient,Dubaï Mall,Événement privé,Joaillerie,2025-11-09,46487.18,AED,11621.79
TXN002773,CUST01447,Moyen-Orient,Dubaï Mall,Boutique,Joaillerie,2026-04-14,67120.12,AED,16780.03
TXN002774,CUST01448,USA,Beverly Hills,Boutique,Joaillerie,2025-05-25,20376.3,USD,18746.19
TXN002775,CUST01448,USA,Beverly Hills,Boutique,Accessoires & Parfums,2025-10-06,963.59,USD,886.51
TXN002776,CUST01449,Japon,Osaka,En ligne,Horlogerie,2025-03-19,4826531.38,JPY,29924.49
TXN002777,CUST01449,Japon,Osaka,Événement privé,Accessoires & Parfums,2025-09-16,100112.39,JPY,620.7
TXN002778,CUST01449,Japon,Osaka,En ligne,Accessoires & Parfums,2026-03-06,102640.35,JPY,636.37
TXN002779,CUST01450,Chine,Pékin,Boutique,Horlogerie,2026-05-18,191488.69,CNY,24893.53
TXN002780,CUST01451,Moyen-Orient,Abu Dhabi,Événement privé,Joaillerie,2026-06-28,85911.23,AED,21477.81
TXN002781,CUST01452,Moyen-Orient,Dubaï Mall,Boutique,Joaillerie,2025-11-12,128604.59,AED,32151.15
TXN002782,CUST01452,Moyen-Orient,Dubaï Mall,Boutique,Joaillerie,2026-02-15,70918.73,AED,17729.68
TXN002783,CUST01452,Moyen-Orient,Dubaï Mall,Événement privé,Haute Joaillerie,2026-05-10,478899.92,AED,119724.98
TXN002784,CUST01453,France (siège),Paris Champs-Élysées,En ligne,Mariage,2026-03-30,14198.97,EUR,14198.97
TXN002785,CUST01454,France (siège),Paris Champs-Élysées,Boutique,Mariage,2026-06-27,12392.7,EUR,12392.7
TXN002786,CUST01455,France (siège),Paris Vendôme,Boutique,Haute Joaillerie,2025-06-16,97749.35,EUR,97749.35
TXN002787,CUST01455,France (siège),Paris Vendôme,En ligne,Joaillerie,2025-11-23,16164.24,EUR,16164.24
TXN002788,CUST01455,France (siège),Paris Vendôme,En ligne,Mariage,2026-04-24,5387.59,EUR,5387.59
TXN002789,CUST01456,USA,New York 5th Ave,En ligne,Horlogerie,2026-01-31,26698.89,USD,24562.98
TXN002790,CUST01456,USA,New York 5th Ave,Boutique,Accessoires & Parfums,2026-06-18,898.65,USD,826.76
TXN002791,CUST01457,France (siège),Paris Champs-Élysées,Boutique,Haute Joaillerie,2025-09-19,117619.86,EUR,117619.86
TXN002792,CUST01457,France (siège),Paris Champs-Élysées,Boutique,Horlogerie,2026-02-18,35306.19,EUR,35306.19
TXN002793,CUST01457,France (siège),Paris Champs-Élysées,Boutique,Horlogerie,2026-07-27,41591.91,EUR,41591.91
TXN002794,CUST01458,Chine,Pékin,Boutique,Joaillerie,2025-12-01,122615.32,CNY,15939.99
TXN002795,CUST01458,Chine,Pékin,Événement privé,Joaillerie,2026-04-03,158568.42,CNY,20613.89
TXN002796,CUST01459,Chine,Pékin,En ligne,Accessoires & Parfums,2025-08-30,5786.17,CNY,752.2
TXN002797,CUST01459,Chine,Pékin,Boutique,Accessoires & Parfums,2026-04-02,6326.64,CNY,822.46
TXN002798,CUST01460,Chine,Shanghai,Boutique,Joaillerie,2026-03-28,150433.93,CNY,19556.41
TXN002799,CUST01461,USA,New York 5th Ave,En ligne,Accessoires & Parfums,2025-07-15,1295.02,USD,1191.42
TXN002800,CUST01461,USA,New York 5th Ave,Événement privé,Horlogerie,2025-12-24,28426.42,USD,26152.31
TXN002801,CUST01461,USA,New York 5th Ave,En ligne,Mariage,2026-06-19,13812.48,USD,12707.48
TXN002802,CUST01462,USA,Bal Harbour,Boutique,Accessoires & Parfums,2026-06-11,482.96,USD,444.32
TXN002803,CUST01463,Japon,Tokyo Ginza,En ligne,Accessoires & Parfums,2026-01-20,158603.28,JPY,983.34
TXN002804,CUST01464,Japon,Tokyo Ginza,En ligne,Horlogerie,2025-07-21,3522940.92,JPY,21842.23
TXN002805,CUST01465,USA,Beverly Hills,Boutique,Joaillerie,2025-12-09,14465.98,USD,13308.7
TXN002806,CUST01465,USA,Beverly Hills,Boutique,Horlogerie,2026-06-12,18750.66,USD,17250.61
TXN002807,CUST01466,Chine,Hong Kong,Événement privé,Joaillerie,2026-03-28,80994.48,CNY,10529.28
TXN002808,CUST01467,Japon,Osaka,Boutique,Joaillerie,2025-11-23,1758859.44,JPY,10904.93
TXN002809,CUST01467,Japon,Osaka,En ligne,Mariage,2026-05-11,1470230.49,JPY,9115.43
TXN002810,CUST01468,Japon,Osaka,Boutique,Accessoires & Parfums,2026-01-21,108087.32,JPY,670.14
TXN002811,CUST01469,USA,Beverly Hills,Boutique,Accessoires & Parfums,2026-02-06,826.22,USD,760.12
TXN002812,CUST01470,USA,New York 5th Ave,Boutique,Horlogerie,2025-12-28,27837.32,USD,25610.33
TXN002813,CUST01470,USA,New York 5th Ave,En ligne,Accessoires & Parfums,2026-07-16,890.84,USD,819.57
TXN002814,CUST01471,Chine,Shanghai,Boutique,Joaillerie,2026-07-24,99135.63,CNY,12887.63
TXN002815,CUST01472,Moyen-Orient,Dubaï Mall,En ligne,Joaillerie,2025-08-17,78561.29,AED,19640.32
TXN002816,CUST01472,Moyen-Orient,Dubaï Mall,Boutique,Accessoires & Parfums,2026-02-01,2190.4,AED,547.6
TXN002817,CUST01472,Moyen-Orient,Dubaï Mall,Événement privé,Joaillerie,2026-06-30,86905.11,AED,21726.28
TXN002818,CUST01473,Chine,Shanghai,Événement privé,Haute Joaillerie,2025-05-29,1143397.22,CNY,148641.64
TXN002819,CUST01473,Chine,Shanghai,Boutique,Joaillerie,2025-09-27,223365.41,CNY,29037.5
TXN002820,CUST01473,Chine,Shanghai,Événement privé,Accessoires & Parfums,2026-02-12,17750.77,CNY,2307.6
TXN002821,CUST01473,Chine,Shanghai,Événement privé,Haute Joaillerie,2026-06-18,429341.08,CNY,55814.34
TXN002822,CUST01474,Moyen-Orient,Abu Dhabi,En ligne,Accessoires & Parfums,2026-04-18,4583.82,AED,1145.96
TXN002823,CUST01475,Japon,Tokyo Ginza,Événement privé,Accessoires & Parfums,2026-01-04,94945.15,JPY,588.66
TXN002824,CUST01475,Japon,Tokyo Ginza,Boutique,Accessoires & Parfums,2026-05-28,172543.02,JPY,1069.77
TXN002825,CUST01476,Japon,Tokyo Ginza,Boutique,Horlogerie,2025-03-01,4474477.69,JPY,27741.76
TXN002826,CUST01476,Japon,Tokyo Ginza,Boutique,Haute Joaillerie,2025-08-22,9411553.52,JPY,58351.63
TXN002827,CUST01476,Japon,Tokyo Ginza,Boutique,Accessoires & Parfums,2026-02-16,102870.42,JPY,637.8
TXN002828,CUST01477,Moyen-Orient,Dubaï Mall,En ligne,Mariage,2025-05-01,37036.87,AED,9259.22
TXN002829,CUST01477,Moyen-Orient,Dubaï Mall,En ligne,Haute Joaillerie,2025-10-03,466461.79,AED,116615.45
TXN002830,CUST01477,Moyen-Orient,Dubaï Mall,Boutique,Joaillerie,2026-04-11,52628.5,AED,13157.13
TXN002831,CUST01478,Chine,Hong Kong,Boutique,Horlogerie,2025-03-01,120587.57,CNY,15676.38
TXN002832,CUST01478,Chine,Hong Kong,Boutique,Joaillerie,2025-10-07,99833.59,CNY,12978.37
TXN002833,CUST01478,Chine,Hong Kong,Boutique,Joaillerie,2026-03-13,104154.9,CNY,13540.14
TXN002834,CUST01479,France (siège),Cannes,Boutique,Mariage,2025-06-29,14608.81,EUR,14608.81
TXN002835,CUST01479,France (siège),Cannes,Boutique,Accessoires & Parfums,2025-12-15,1510.39,EUR,1510.39
TXN002836,CUST01479,France (siège),Cannes,Boutique,Horlogerie,2026-05-19,28979.95,EUR,28979.95
TXN002837,CUST01480,USA,Beverly Hills,En ligne,Joaillerie,2025-06-11,19870.61,USD,18280.97
TXN002838,CUST01480,USA,Beverly Hills,Boutique,Horlogerie,2025-11-20,24414.34,USD,22461.19
TXN002839,CUST01480,USA,Beverly Hills,Boutique,Joaillerie,2026-04-23,6649.06,USD,6117.13
TXN002840,CUST01481,Japon,Tokyo Ginza,Boutique,Joaillerie,2025-11-21,4271859.74,JPY,26485.53
TXN002841,CUST01481,Japon,Tokyo Ginza,En ligne,Mariage,2026-04-23,1026705.46,JPY,6365.57
TXN002842,CUST01482,Chine,Pékin,En ligne,Haute Joaillerie,2026-01-11,1349277.77,CNY,175406.11
TXN002843,CUST01482,Chine,Pékin,Boutique,Horlogerie,2026-07-02,163890.68,CNY,21305.79
TXN002844,CUST01483,Japon,Tokyo Ginza,Boutique,Mariage,2026-04-10,2185891.87,JPY,13552.53
TXN002845,CUST01484,Moyen-Orient,Abu Dhabi,En ligne,Joaillerie,2026-06-02,72613.64,AED,18153.41
TXN002846,CUST01485,Japon,Osaka,Boutique,Joaillerie,2026-03-04,2657177.3,JPY,16474.5
TXN002847,CUST01486,Chine,Shanghai,Boutique,Joaillerie,2026-05-28,60894.47,CNY,7916.28
TXN002848,CUST01487,USA,Bal Harbour,Boutique,Mariage,2025-04-07,16026.37,USD,14744.26
TXN002849,CUST01487,USA,Bal Harbour,Événement privé,Accessoires & Parfums,2025-08-09,1238.29,USD,1139.23
TXN002850,CUST01487,USA,Bal Harbour,Boutique,Accessoires & Parfums,2025-12-06,1402.84,USD,1290.61
TXN002851,CUST01487,USA,Bal Harbour,Boutique,Horlogerie,2026-04-07,36234.09,USD,33335.36
TXN002852,CUST01488,Japon,Tokyo Ginza,Événement privé,Accessoires & Parfums,2026-05-29,119989.13,JPY,743.93
TXN002853,CUST01489,Japon,Tokyo Ginza,Boutique,Mariage,2025-02-23,1999785.9,JPY,12398.67
TXN002854,CUST01490,Japon,Osaka,Boutique,Joaillerie,2025-04-09,2599190.66,JPY,16114.98
TXN002855,CUST01490,Japon,Osaka,Boutique,Mariage,2025-09-05,1425268.15,JPY,8836.66
TXN002856,CUST01490,Japon,Osaka,Boutique,Joaillerie,2026-03-09,2221466.92,JPY,13773.09
TXN002857,CUST01493,USA,Beverly Hills,Boutique,Joaillerie,2025-10-15,20097.98,USD,18490.14
TXN002858,CUST01493,USA,Beverly Hills,En ligne,Accessoires & Parfums,2026-02-10,1110.87,USD,1022.0
TXN002859,CUST01493,USA,Beverly Hills,Boutique,Horlogerie,2026-06-22,28874.48,USD,26564.52
TXN002860,CUST01495,France (siège),Paris Champs-Élysées,Boutique,Horlogerie,2025-08-10,19570.15,EUR,19570.15
TXN002861,CUST01495,France (siège),Paris Champs-Élysées,Boutique,Joaillerie,2026-02-03,12135.43,EUR,12135.43
TXN002862,CUST01495,France (siège),Paris Champs-Élysées,Boutique,Joaillerie,2026-07-02,11279.48,EUR,11279.48
TXN002863,CUST01496,France (siège),Paris Vendôme,Boutique,Mariage,2025-08-14,16240.75,EUR,16240.75
TXN002864,CUST01496,France (siège),Paris Vendôme,En ligne,Accessoires & Parfums,2025-12-30,979.25,EUR,979.25
TXN002865,CUST01496,France (siège),Paris Vendôme,Boutique,Horlogerie,2026-05-25,27583.88,EUR,27583.88
TXN002866,CUST01497,France (siège),Paris Vendôme,En ligne,Mariage,2026-02-04,6480.15,EUR,6480.15
TXN002867,CUST01499,Moyen-Orient,Dubaï Mall,En ligne,Accessoires & Parfums,2025-12-05,2832.7,AED,708.17
TXN002868,CUST01499,Moyen-Orient,Dubaï Mall,En ligne,Joaillerie,2026-05-02,60441.78,AED,15110.45
TXN002869,CUST01500,Chine,Hong Kong,Boutique,Mariage,2026-01-05,94932.11,CNY,12341.17
TXN002870,CUST01500,Chine,Hong Kong,Boutique,Accessoires & Parfums,2026-07-21,4351.79,CNY,565.73
TXN002871,CUST01501,Moyen-Orient,Dubaï Mall,Boutique,Accessoires & Parfums,2025-05-20,4154.25,AED,1038.56
TXN002872,CUST01501,Moyen-Orient,Dubaï Mall,En ligne,Accessoires & Parfums,2025-11-05,3161.66,AED,790.42
TXN002873,CUST01501,Moyen-Orient,Dubaï Mall,Boutique,Mariage,2026-03-30,36881.91,AED,9220.48
TXN002874,CUST01502,USA,New York 5th Ave,Événement privé,Accessoires & Parfums,2026-05-24,843.8,USD,776.29
TXN002875,CUST01503,Japon,Osaka,Boutique,Accessoires & Parfums,2026-04-23,172272.29,JPY,1068.09
TXN002876,CUST01504,France (siège),Paris Vendôme,Boutique,Accessoires & Parfums,2026-02-08,1046.46,EUR,1046.46
TXN002877,CUST01504,France (siège),Paris Vendôme,Événement privé,Haute Joaillerie,2026-07-04,70574.56,EUR,70574.56
TXN002878,CUST01506,Chine,Pékin,En ligne,Joaillerie,2025-09-29,68379.91,CNY,8889.39
TXN002879,CUST01506,Chine,Pékin,En ligne,Haute Joaillerie,2026-03-03,695867.2,CNY,90462.74
TXN002880,CUST01507,USA,New York 5th Ave,Boutique,Accessoires & Parfums,2025-11-13,553.88,USD,509.57
TXN002881,CUST01507,USA,New York 5th Ave,En ligne,Accessoires & Parfums,2026-06-01,810.05,USD,745.25
TXN002882,CUST01508,USA,New York 5th Ave,En ligne,Accessoires & Parfums,2025-07-30,1295.96,USD,1192.28
TXN002883,CUST01508,USA,New York 5th Ave,Événement privé,Accessoires & Parfums,2025-12-16,1241.17,USD,1141.87
TXN002884,CUST01508,USA,New York 5th Ave,Boutique,Accessoires & Parfums,2026-05-22,771.98,USD,710.22
TXN002885,CUST01509,France (siège),Paris Vendôme,En ligne,Accessoires & Parfums,2025-12-18,1753.59,EUR,1753.59
TXN002886,CUST01509,France (siège),Paris Vendôme,Boutique,Horlogerie,2026-04-16,34513.83,EUR,34513.83
TXN002887,CUST01510,USA,New York 5th Ave,En ligne,Mariage,2026-01-02,11780.34,USD,10837.92
TXN002888,CUST01511,France (siège),Paris Vendôme,Événement privé,Accessoires & Parfums,2026-07-08,653.87,EUR,653.87
TXN002889,CUST01512,Chine,Hong Kong,En ligne,Haute Joaillerie,2025-12-22,527506.49,CNY,68575.84
TXN002890,CUST01512,Chine,Hong Kong,Boutique,Haute Joaillerie,2026-05-22,561712.03,CNY,73022.56
TXN002891,CUST01513,Japon,Osaka,Événement privé,Mariage,2025-03-03,2258382.18,JPY,14001.97
TXN002892,CUST01513,Japon,Osaka,Boutique,Mariage,2025-07-01,1495682.59,JPY,9273.23
TXN002893,CUST01513,Japon,Osaka,Boutique,Joaillerie,2025-11-06,3646849.5,JPY,22610.47
TXN002894,CUST01513,Japon,Osaka,Boutique,Joaillerie,2026-04-17,3794741.78,JPY,23527.4
TXN002895,CUST01514,France (siège),Paris Vendôme,Boutique,Accessoires & Parfums,2026-02-09,732.93,EUR,732.93
TXN002896,CUST01515,Moyen-Orient,Dubaï Mall,Boutique,Joaillerie,2026-03-01,50464.91,AED,12616.23
TXN002897,CUST01516,Japon,Osaka,En ligne,Accessoires & Parfums,2026-03-01,135199.0,JPY,838.23
TXN002898,CUST01517,Japon,Osaka,Boutique,Horlogerie,2025-11-27,3166149.32,JPY,19630.13
TXN002899,CUST01517,Japon,Osaka,Boutique,Mariage,2026-04-28,2213331.87,JPY,13722.66
TXN002900,CUST01518,Chine,Pékin,En ligne,Mariage,2026-04-13,62146.99,CNY,8079.11
TXN002901,CUST01519,Japon,Tokyo Ginza,Boutique,Accessoires & Parfums,2025-02-03,133259.53,JPY,826.21
TXN002902,CUST01519,Japon,Tokyo Ginza,En ligne,Accessoires & Parfums,2025-07-29,130608.7,JPY,809.77
TXN002903,CUST01519,Japon,Tokyo Ginza,Boutique,Accessoires & Parfums,2026-01-07,76210.03,JPY,472.5
TXN002904,CUST01521,Chine,Pékin,En ligne,Haute Joaillerie,2026-01-05,1313731.54,CNY,170785.1
TXN002905,CUST01521,Chine,Pékin,Boutique,Joaillerie,2026-06-29,151875.19,CNY,19743.77
TXN002906,CUST01522,USA,New York 5th Ave,Événement privé,Mariage,2025-03-06,9881.41,USD,9090.89
TXN002907,CUST01522,USA,New York 5th Ave,Boutique,Joaillerie,2025-07-02,12187.71,USD,11212.69
TXN002908,CUST01522,USA,New York 5th Ave,Boutique,Accessoires & Parfums,2025-11-20,1413.58,USD,1300.49
TXN002909,CUST01522,USA,New York 5th Ave,Boutique,Accessoires & Parfums,2026-04-30,1066.74,USD,981.4
TXN002910,CUST01524,France (siège),Paris Vendôme,Événement privé,Joaillerie,2025-11-29,9721.99,EUR,9721.99
TXN002911,CUST01524,France (siège),Paris Vendôme,En ligne,Joaillerie,2026-04-16,12940.0,EUR,12940.0
TXN002912,CUST01525,USA,Bal Harbour,Événement privé,Haute Joaillerie,2026-05-24,126716.07,USD,116578.78
TXN002913,CUST01526,Japon,Osaka,Événement privé,Joaillerie,2026-06-25,2674214.53,JPY,16580.13
TXN002914,CUST01527,Japon,Tokyo Ginza,En ligne,Haute Joaillerie,2026-03-04,22319567.54,JPY,138381.32
TXN002915,CUST01528,Japon,Osaka,Boutique,Accessoires & Parfums,2026-01-29,118788.27,JPY,736.49
TXN002916,CUST01528,Japon,Osaka,Boutique,Joaillerie,2026-07-07,472323.11,JPY,2928.4
TXN002917,CUST01529,Japon,Tokyo Ginza,En ligne,Joaillerie,2026-01-01,2102489.36,JPY,13035.43
TXN002918,CUST01529,Japon,Tokyo Ginza,Boutique,Horlogerie,2026-05-25,5222756.43,JPY,32381.09
TXN002919,CUST01530,Japon,Osaka,En ligne,Horlogerie,2025-05-24,5865321.67,JPY,36364.99
TXN002920,CUST01530,Japon,Osaka,Boutique,Horlogerie,2025-10-03,5605394.2,JPY,34753.44
TXN002921,CUST01530,Japon,Osaka,En ligne,Joaillerie,2026-04-08,2539763.74,JPY,15746.54
TXN002922,CUST01531,USA,Beverly Hills,Événement privé,Mariage,2025-03-29,12117.69,USD,11148.28
TXN002923,CUST01531,USA,Beverly Hills,En ligne,Haute Joaillerie,2025-08-25,120156.37,USD,110543.86
TXN002924,CUST01531,USA,Beverly Hills,Boutique,Joaillerie,2026-02-08,13814.07,USD,12708.94
TXN002925,CUST01531,USA,Beverly Hills,Événement privé,Horlogerie,2026-07-26,41075.05,USD,37789.05
TXN002926,CUST01532,USA,Bal Harbour,Boutique,Joaillerie,2025-07-30,21906.98,USD,20154.42
TXN002927,CUST01534,France (siège),Cannes,Boutique,Mariage,2026-07-17,14774.66,EUR,14774.66
TXN002928,CUST01535,Chine,Shanghai,En ligne,Haute Joaillerie,2025-07-04,864399.98,CNY,112372.0
TXN002929,CUST01536,France (siège),Cannes,Boutique,Horlogerie,2025-02-21,13707.51,EUR,13707.51
TXN002930,CUST01536,France (siège),Cannes,Boutique,Mariage,2025-06-18,11146.17,EUR,11146.17
TXN002931,CUST01536,France (siège),Cannes,Boutique,Accessoires & Parfums,2025-10-15,1102.21,EUR,1102.21
TXN002932,CUST01536,France (siège),Cannes,Boutique,Joaillerie,2026-02-10,12321.28,EUR,12321.28
TXN002933,CUST01536,France (siège),Cannes,Boutique,Joaillerie,2026-06-30,9886.6,EUR,9886.6
TXN002934,CUST01537,France (siège),Paris Champs-Élysées,Événement privé,Accessoires & Parfums,2025-09-18,1073.59,EUR,1073.59
TXN002935,CUST01537,France (siège),Paris Champs-Élysées,Événement privé,Accessoires & Parfums,2026-02-25,791.08,EUR,791.08
TXN002936,CUST01538,Moyen-Orient,Dubaï Mall,Boutique,Joaillerie,2026-01-02,42697.2,AED,10674.3
TXN002937,CUST01538,Moyen-Orient,Dubaï Mall,Boutique,Horlogerie,2026-05-31,87175.14,AED,21793.79
TXN002938,CUST01539,Chine,Hong Kong,Événement privé,Horlogerie,2026-04-14,344558.78,CNY,44792.64
TXN002939,CUST01539,Chine,Hong Kong,Événement privé,Accessoires & Parfums,2026-07-29,8807.89,CNY,1145.03
TXN002940,CUST01540,Chine,Shanghai,En ligne,Accessoires & Parfums,2026-07-25,6506.79,CNY,845.88
TXN002941,CUST01541,Japon,Tokyo Ginza,En ligne,Accessoires & Parfums,2025-04-23,124039.62,JPY,769.05
TXN002942,CUST01541,Japon,Tokyo Ginza,Boutique,Joaillerie,2025-10-13,1003656.96,JPY,6222.67
TXN002943,CUST01542,France (siège),Paris Champs-Élysées,Boutique,Accessoires & Parfums,2025-05-02,704.3,EUR,704.3
TXN002944,CUST01542,France (siège),Paris Champs-Élysées,Boutique,Accessoires & Parfums,2025-09-20,628.77,EUR,628.77
TXN002945,CUST01542,France (siège),Paris Champs-Élysées,En ligne,Horlogerie,2026-01-28,38518.62,EUR,38518.62
TXN002946,CUST01542,France (siège),Paris Champs-Élysées,Boutique,Joaillerie,2026-07-10,13932.03,EUR,13932.03
TXN002947,CUST01543,France (siège),Paris Champs-Élysées,Boutique,Joaillerie,2026-06-12,8829.33,EUR,8829.33
TXN002948,CUST01544,Moyen-Orient,Dubaï Mall,Boutique,Joaillerie,2026-07-20,44446.02,AED,11111.51
TXN002949,CUST01545,Chine,Pékin,Événement privé,Accessoires & Parfums,2025-09-14,6720.17,CNY,873.62
TXN002950,CUST01545,Chine,Pékin,Boutique,Horlogerie,2026-02-19,172353.54,CNY,22405.96
TXN002951,CUST01547,USA,Bal Harbour,En ligne,Accessoires & Parfums,2025-03-25,893.79,USD,822.29
TXN002952,CUST01547,USA,Bal Harbour,Boutique,Horlogerie,2025-09-13,22324.19,USD,20538.25
TXN002953,CUST01547,USA,Bal Harbour,Boutique,Accessoires & Parfums,2026-03-02,677.69,USD,623.48
TXN002954,CUST01548,France (siège),Paris Champs-Élysées,En ligne,Joaillerie,2025-04-17,7532.59,EUR,7532.59
TXN002955,CUST01548,France (siège),Paris Champs-Élysées,Boutique,Joaillerie,2025-10-20,12597.36,EUR,12597.36
TXN002956,CUST01548,France (siège),Paris Champs-Élysées,Boutique,Accessoires & Parfums,2026-03-29,676.27,EUR,676.27
TXN002957,CUST01550,USA,New York 5th Ave,Boutique,Accessoires & Parfums,2025-10-31,814.69,USD,749.51
TXN002958,CUST01550,USA,New York 5th Ave,Boutique,Accessoires & Parfums,2026-02-13,861.96,USD,793.01
TXN002959,CUST01550,USA,New York 5th Ave,Boutique,Joaillerie,2026-06-11,25616.79,USD,23567.44
TXN002960,CUST01551,USA,New York 5th Ave,Boutique,Accessoires & Parfums,2025-09-30,898.65,USD,826.76
TXN002961,CUST01551,USA,New York 5th Ave,Boutique,Horlogerie,2026-03-19,32277.94,USD,29695.7
TXN002962,CUST01552,France (siège),Paris Champs-Élysées,Boutique,Accessoires & Parfums,2025-10-25,755.62,EUR,755.62
TXN002963,CUST01553,Chine,Hong Kong,En ligne,Haute Joaillerie,2026-06-09,396021.6,CNY,51482.81
TXN002964,CUST01554,Chine,Shanghai,En ligne,Joaillerie,2025-01-27,159784.41,CNY,20771.97
TXN002965,CUST01554,Chine,Shanghai,Boutique,Joaillerie,2025-07-04,172809.15,CNY,22465.19
TXN002966,CUST01554,Chine,Shanghai,Boutique,Joaillerie,2025-11-29,146051.62,CNY,18986.71
TXN002967,CUST01554,Chine,Shanghai,En ligne,Mariage,2026-04-01,98402.85,CNY,12792.37
TXN002968,CUST01555,Japon,Osaka,En ligne,Joaillerie,2025-08-04,2749442.33,JPY,17046.54
TXN002969,CUST01555,Japon,Osaka,Boutique,Accessoires & Parfums,2026-02-09,96438.36,JPY,597.92
TXN002970,CUST01556,USA,Beverly Hills,En ligne,Accessoires & Parfums,2026-07-22,416.57,USD,383.25
TXN002971,CUST01557,France (siège),Paris Vendôme,Boutique,Accessoires & Parfums,2026-03-26,1106.53,EUR,1106.53
TXN002972,CUST01558,France (siège),Paris Champs-Élysées,Boutique,Mariage,2025-08-30,12504.93,EUR,12504.93
TXN002973,CUST01558,France (siège),Paris Champs-Élysées,Boutique,Joaillerie,2026-01-18,13448.76,EUR,13448.76
TXN002974,CUST01558,France (siège),Paris Champs-Élysées,Boutique,Joaillerie,2026-06-22,23464.74,EUR,23464.74
TXN002975,CUST01559,France (siège),Cannes,Boutique,Haute Joaillerie,2025-02-23,188820.8,EUR,188820.8
TXN002976,CUST01559,France (siège),Cannes,Événement privé,Mariage,2025-05-15,21583.89,EUR,21583.89
TXN002977,CUST01559,France (siège),Cannes,Boutique,Accessoires & Parfums,2025-09-17,1308.93,EUR,1308.93
TXN002978,CUST01559,France (siège),Cannes,Boutique,Accessoires & Parfums,2026-02-11,1216.65,EUR,1216.65
TXN002979,CUST01560,USA,New York 5th Ave,Boutique,Horlogerie,2025-01-25,17524.11,USD,16122.18
TXN002980,CUST01560,USA,New York 5th Ave,En ligne,Horlogerie,2025-06-11,44439.92,USD,40884.73
TXN002981,CUST01560,USA,New York 5th Ave,Événement privé,Accessoires & Parfums,2025-10-14,702.41,USD,646.22
TXN002982,CUST01560,USA,New York 5th Ave,Boutique,Mariage,2026-02-08,14204.69,USD,13068.31
TXN002983,CUST01560,USA,New York 5th Ave,Boutique,Haute Joaillerie,2026-05-23,149066.15,USD,137140.86
TXN002984,CUST01561,USA,Beverly Hills,Boutique,Haute Joaillerie,2025-10-01,127738.47,USD,117519.39
TXN002985,CUST01561,USA,Beverly Hills,En ligne,Accessoires & Parfums,2026-03-03,788.8,USD,725.69
TXN002986,CUST01563,France (siège),Cannes,En ligne,Accessoires & Parfums,2025-12-29,1134.24,EUR,1134.24
TXN002987,CUST01563,France (siège),Cannes,Boutique,Mariage,2026-07-23,13145.39,EUR,13145.39
TXN002988,CUST01565,Japon,Osaka,Événement privé,Joaillerie,2025-06-01,1871375.14,JPY,11602.53
TXN002989,CUST01565,Japon,Osaka,En ligne,Horlogerie,2025-12-05,4201865.6,JPY,26051.57
TXN002990,CUST01565,Japon,Osaka,Boutique,Joaillerie,2026-07-02,2075204.42,JPY,12866.27
TXN002991,CUST01566,USA,Beverly Hills,En ligne,Accessoires & Parfums,2026-07-14,796.25,USD,732.55
TXN002992,CUST01567,Moyen-Orient,Abu Dhabi,Boutique,Joaillerie,2026-04-05,91606.61,AED,22901.65
TXN002993,CUST01568,Moyen-Orient,Dubaï Mall,Boutique,Mariage,2025-08-19,53556.64,AED,13389.16
TXN002994,CUST01568,Moyen-Orient,Dubaï Mall,Boutique,Joaillerie,2025-12-14,11997.19,AED,2999.3
TXN002995,CUST01569,USA,Beverly Hills,En ligne,Mariage,2025-12-07,11177.56,USD,10283.36
TXN002996,CUST01569,USA,Beverly Hills,En ligne,Joaillerie,2026-05-28,19532.42,USD,17969.83
TXN002997,CUST01570,USA,Beverly Hills,Boutique,Horlogerie,2026-02-09,42782.21,USD,39359.64
TXN002998,CUST01570,USA,Beverly Hills,Boutique,Accessoires & Parfums,2026-07-03,809.03,USD,744.31
TXN002999,CUST01571,Moyen-Orient,Dubaï Mall,Boutique,Horlogerie,2025-05-21,99899.93,AED,24974.98
TXN003000,CUST01571,Moyen-Orient,Dubaï Mall,Boutique,Accessoires & Parfums,2025-10-22,3582.09,AED,895.52
TXN003001,CUST01572,USA,New York 5th Ave,En ligne,Mariage,2025-12-08,23864.35,USD,21955.2
TXN003002,CUST01572,USA,New York 5th Ave,En ligne,Accessoires & Parfums,2026-03-12,1014.74,USD,933.56
TXN003003,CUST01572,USA,New York 5th Ave,En ligne,Joaillerie,2026-06-17,23471.11,USD,21593.42
TXN003004,CUST01573,Japon,Tokyo Ginza,Boutique,Accessoires & Parfums,2025-06-01,123104.32,JPY,763.25
TXN003005,CUST01573,Japon,Tokyo Ginza,Événement privé,Accessoires & Parfums,2025-12-13,183493.83,JPY,1137.66
TXN003006,CUST01573,Japon,Tokyo Ginza,Boutique,Accessoires & Parfums,2026-05-02,185257.6,JPY,1148.6
TXN003007,CUST01574,France (siège),Paris Vendôme,Boutique,Accessoires & Parfums,2025-08-19,1036.62,EUR,1036.62
TXN003008,CUST01574,France (siège),Paris Vendôme,Boutique,Joaillerie,2025-12-19,18087.07,EUR,18087.07
TXN003009,CUST01574,France (siège),Paris Vendôme,Boutique,Haute Joaillerie,2026-06-13,79089.4,EUR,79089.4
TXN003010,CUST01575,France (siège),Paris Vendôme,Événement privé,Horlogerie,2025-02-27,33413.25,EUR,33413.25
TXN003011,CUST01575,France (siège),Paris Vendôme,Boutique,Mariage,2025-07-17,15388.64,EUR,15388.64
TXN003012,CUST01575,France (siège),Paris Vendôme,Boutique,Horlogerie,2025-12-01,32979.35,EUR,32979.35
TXN003013,CUST01575,France (siège),Paris Vendôme,Boutique,Accessoires & Parfums,2026-03-09,1315.92,EUR,1315.92
TXN003014,CUST01576,USA,Beverly Hills,Boutique,Horlogerie,2026-03-28,28940.66,USD,26625.41
TXN003015,CUST01577,Chine,Hong Kong,Boutique,Joaillerie,2025-09-10,139114.08,CNY,18084.83
TXN003016,CUST01577,Chine,Hong Kong,Boutique,Accessoires & Parfums,2025-12-30,6374.47,CNY,828.68
TXN003017,CUST01577,Chine,Hong Kong,Boutique,Accessoires & Parfums,2026-05-16,6839.51,CNY,889.14
TXN003018,CUST01578,Japon,Osaka,Boutique,Horlogerie,2026-02-03,2405206.56,JPY,14912.28
TXN003019,CUST01578,Japon,Osaka,Boutique,Accessoires & Parfums,2026-07-22,118483.99,JPY,734.6
TXN003020,CUST01580,Moyen-Orient,Dubaï Mall,En ligne,Accessoires & Parfums,2025-06-23,3793.61,AED,948.4
TXN003021,CUST01580,Moyen-Orient,Dubaï Mall,Boutique,Joaillerie,2025-11-22,61753.78,AED,15438.45
TXN003022,CUST01580,Moyen-Orient,Dubaï Mall,Boutique,Joaillerie,2026-04-18,63180.83,AED,15795.21
TXN003023,CUST01581,Japon,Tokyo Ginza,En ligne,Horlogerie,2026-01-16,4461333.49,JPY,27660.27
TXN003024,CUST01581,Japon,Tokyo Ginza,Boutique,Mariage,2026-06-25,1964250.22,JPY,12178.35
TXN003025,CUST01582,USA,Bal Harbour,Événement privé,Joaillerie,2025-11-13,21240.34,USD,19541.11
TXN003026,CUST01582,USA,Bal Harbour,En ligne,Joaillerie,2026-03-24,17357.34,USD,15968.75
TXN003027,CUST01583,Japon,Tokyo Ginza,Boutique,Accessoires & Parfums,2026-07-06,80438.18,JPY,498.72
TXN003028,CUST01584,USA,New York 5th Ave,Boutique,Horlogerie,2025-03-25,36869.95,USD,33920.35
TXN003029,CUST01584,USA,New York 5th Ave,En ligne,Joaillerie,2025-07-24,23277.81,USD,21415.59
TXN003030,CUST01584,USA,New York 5th Ave,En ligne,Accessoires & Parfums,2025-11-15,1276.72,USD,1174.58
TXN003031,CUST01584,USA,New York 5th Ave,En ligne,Mariage,2026-04-11,21487.84,USD,19768.81
TXN003032,CUST01585,France (siège),Paris Champs-Élysées,Boutique,Haute Joaillerie,2025-02-24,117425.84,EUR,117425.84
TXN003033,CUST01585,France (siège),Paris Champs-Élysées,Boutique,Accessoires & Parfums,2025-08-15,684.93,EUR,684.93
TXN003034,CUST01586,Chine,Pékin,Boutique,Accessoires & Parfums,2025-07-14,9630.32,CNY,1251.94
TXN003035,CUST01586,Chine,Pékin,Boutique,Horlogerie,2025-12-28,175662.14,CNY,22836.08
TXN003036,CUST01586,Chine,Pékin,Boutique,Joaillerie,2026-06-02,102656.09,CNY,13345.29
TXN003037,CUST01587,Japon,Tokyo Ginza,Boutique,Joaillerie,2025-01-24,3697563.72,JPY,22924.9
TXN003038,CUST01587,Japon,Tokyo Ginza,Boutique,Accessoires & Parfums,2025-05-04,184839.22,JPY,1146.0
TXN003039,CUST01587,Japon,Tokyo Ginza,Boutique,Accessoires & Parfums,2025-09-28,155420.9,JPY,963.61
TXN003040,CUST01587,Japon,Tokyo Ginza,Boutique,Horlogerie,2026-01-29,2191944.76,JPY,13590.06
TXN003041,CUST01587,Japon,Tokyo Ginza,Boutique,Mariage,2026-06-04,3216844.03,JPY,19944.43
TXN003042,CUST01588,Moyen-Orient,Dubaï Mall,En ligne,Accessoires & Parfums,2025-12-16,2195.67,AED,548.92
TXN003043,CUST01588,Moyen-Orient,Dubaï Mall,En ligne,Joaillerie,2026-05-15,57696.84,AED,14424.21
TXN003044,CUST01589,Moyen-Orient,Abu Dhabi,En ligne,Joaillerie,2025-03-21,48096.47,AED,12024.12
TXN003045,CUST01589,Moyen-Orient,Abu Dhabi,En ligne,Accessoires & Parfums,2025-08-22,3408.19,AED,852.05
TXN003046,CUST01589,Moyen-Orient,Abu Dhabi,Boutique,Joaillerie,2025-12-22,69007.37,AED,17251.84
TXN003047,CUST01589,Moyen-Orient,Abu Dhabi,Boutique,Accessoires & Parfums,2026-05-08,3435.25,AED,858.81
TXN003048,CUST01590,France (siège),Cannes,Boutique,Accessoires & Parfums,2026-03-22,846.64,EUR,846.64
TXN003049,CUST01593,Chine,Shanghai,En ligne,Horlogerie,2026-06-21,241762.75,CNY,31429.16
TXN003050,CUST01594,France (siège),Cannes,Boutique,Accessoires & Parfums,2025-05-23,859.54,EUR,859.54
TXN003051,CUST01594,France (siège),Cannes,Boutique,Joaillerie,2025-10-25,10315.35,EUR,10315.35
TXN003052,CUST01594,France (siège),Cannes,En ligne,Haute Joaillerie,2026-04-21,96651.75,EUR,96651.75
TXN003053,CUST01595,Japon,Tokyo Ginza,Boutique,Haute Joaillerie,2025-10-18,11434285.33,JPY,70892.57
TXN003054,CUST01595,Japon,Tokyo Ginza,Boutique,Joaillerie,2026-03-09,2221025.15,JPY,13770.36
TXN003055,CUST01596,Moyen-Orient,Dubaï Mall,Boutique,Accessoires & Parfums,2026-05-02,1052.76,AED,263.19
TXN003056,CUST01597,Moyen-Orient,Abu Dhabi,Boutique,Horlogerie,2026-04-19,184094.84,AED,46023.71
TXN003057,CUST01598,USA,New York 5th Ave,En ligne,Accessoires & Parfums,2025-10-27,1158.69,USD,1066.0
TXN003058,CUST01598,USA,New York 5th Ave,En ligne,Joaillerie,2026-03-04,21325.54,USD,19619.5
TXN003059,CUST01598,USA,New York 5th Ave,Boutique,Horlogerie,2026-07-21,43610.21,USD,40121.39
TXN003060,CUST01599,Moyen-Orient,Dubaï Mall,Événement privé,Accessoires & Parfums,2025-08-02,2250.73,AED,562.68
TXN003061,CUST01599,Moyen-Orient,Dubaï Mall,Boutique,Joaillerie,2026-01-07,82427.23,AED,20606.81
TXN003062,CUST01599,Moyen-Orient,Dubaï Mall,Boutique,Horlogerie,2026-07-03,78097.14,AED,19524.29
TXN003063,CUST01600,USA,Bal Harbour,Boutique,Accessoires & Parfums,2025-12-05,1122.51,USD,1032.71
TXN003064,CUST01600,USA,Bal Harbour,Boutique,Joaillerie,2026-05-03,17585.45,USD,16178.61
TXN003065,CUST01601,USA,New York 5th Ave,Boutique,Horlogerie,2026-04-27,28534.51,USD,26251.75
TXN003066,CUST01603,France (siège),Cannes,Boutique,Mariage,2026-02-11,9839.2,EUR,9839.2
TXN003067,CUST01603,France (siège),Cannes,En ligne,Joaillerie,2026-07-28,15507.57,EUR,15507.57
TXN003068,CUST01604,USA,Beverly Hills,En ligne,Joaillerie,2025-10-20,24878.27,USD,22888.01
TXN003069,CUST01604,USA,Beverly Hills,Boutique,Joaillerie,2026-04-11,9910.24,USD,9117.43
TXN003070,CUST01605,Chine,Shanghai,Boutique,Accessoires & Parfums,2026-07-01,6554.05,CNY,852.03
TXN003071,CUST01606,France (siège),Paris Champs-Élysées,Boutique,Haute Joaillerie,2026-05-17,108149.98,EUR,108149.98
TXN003072,CUST01607,Chine,Hong Kong,En ligne,Horlogerie,2025-10-03,187096.56,CNY,24322.55
TXN003073,CUST01608,France (siège),Cannes,Boutique,Accessoires & Parfums,2025-03-15,615.39,EUR,615.39
TXN003074,CUST01608,France (siège),Cannes,Boutique,Accessoires & Parfums,2025-09-25,754.85,EUR,754.85
TXN003075,CUST01608,France (siège),Cannes,Événement privé,Accessoires & Parfums,2026-04-04,857.41,EUR,857.41
TXN003076,CUST01609,Japon,Tokyo Ginza,Boutique,Mariage,2025-12-16,1402329.13,JPY,8694.44
TXN003077,CUST01612,Japon,Tokyo Ginza,Boutique,Mariage,2025-10-26,1361904.51,JPY,8443.81
TXN003078,CUST01612,Japon,Tokyo Ginza,Boutique,Haute Joaillerie,2026-03-14,19395370.16,JPY,120251.29
TXN003079,CUST01613,Moyen-Orient,Dubaï Mall,Boutique,Accessoires & Parfums,2026-01-05,3664.13,AED,916.03
TXN003080,CUST01613,Moyen-Orient,Dubaï Mall,Boutique,Mariage,2026-07-08,56344.14,AED,14086.04
TXN003081,CUST01614,Moyen-Orient,Abu Dhabi,Boutique,Accessoires & Parfums,2025-12-05,3256.05,AED,814.01
TXN003082,CUST01614,Moyen-Orient,Abu Dhabi,Boutique,Accessoires & Parfums,2026-05-08,5229.0,AED,1307.25
TXN003083,CUST01615,USA,Bal Harbour,Boutique,Joaillerie,2026-01-13,18589.83,USD,17102.65
TXN003084,CUST01615,USA,Bal Harbour,Boutique,Joaillerie,2026-05-30,17874.66,USD,16444.69
TXN003085,CUST01616,Moyen-Orient,Dubaï Mall,Boutique,Accessoires & Parfums,2025-07-31,1091.77,AED,272.94
TXN003086,CUST01617,USA,Bal Harbour,En ligne,Accessoires & Parfums,2026-03-19,984.6,USD,905.83
TXN003087,CUST01618,Moyen-Orient,Dubaï Mall,En ligne,Accessoires & Parfums,2025-04-08,2761.45,AED,690.36
TXN003088,CUST01618,Moyen-Orient,Dubaï Mall,Boutique,Joaillerie,2025-08-12,52771.98,AED,13192.99
TXN003089,CUST01618,Moyen-Orient,Dubaï Mall,En ligne,Accessoires & Parfums,2025-12-31,2600.65,AED,650.16
TXN003090,CUST01618,Moyen-Orient,Dubaï Mall,Boutique,Accessoires & Parfums,2026-05-08,4104.54,AED,1026.13
TXN003091,CUST01619,Chine,Shanghai,Boutique,Accessoires & Parfums,2025-03-01,7071.22,CNY,919.26
TXN003092,CUST01619,Chine,Shanghai,Boutique,Joaillerie,2025-07-30,153911.14,CNY,20008.45
TXN003093,CUST01619,Chine,Shanghai,En ligne,Accessoires & Parfums,2026-01-02,5920.79,CNY,769.7
TXN003094,CUST01619,Chine,Shanghai,Boutique,Accessoires & Parfums,2026-07-05,3553.19,CNY,461.92
TXN003095,CUST01620,Japon,Tokyo Ginza,Boutique,Accessoires & Parfums,2026-04-23,97618.28,JPY,605.23
TXN003096,CUST01622,France (siège),Cannes,Boutique,Accessoires & Parfums,2025-06-02,959.99,EUR,959.99
TXN003097,CUST01622,France (siège),Cannes,En ligne,Joaillerie,2025-11-07,14381.0,EUR,14381.0
TXN003098,CUST01623,USA,Beverly Hills,Boutique,Accessoires & Parfums,2025-02-24,1028.44,USD,946.16
TXN003099,CUST01623,USA,Beverly Hills,Boutique,Accessoires & Parfums,2025-07-23,1169.8,USD,1076.22
TXN003100,CUST01623,USA,Beverly Hills,Boutique,Haute Joaillerie,2026-01-14,108467.49,USD,99790.09
TXN003101,CUST01623,USA,Beverly Hills,Boutique,Accessoires & Parfums,2026-06-13,577.62,USD,531.41
TXN003102,CUST01624,Moyen-Orient,Dubaï Mall,Boutique,Joaillerie,2025-04-12,141727.97,AED,35431.99
TXN003103,CUST01624,Moyen-Orient,Dubaï Mall,Événement privé,Accessoires & Parfums,2025-08-02,2303.25,AED,575.81
TXN003104,CUST01624,Moyen-Orient,Dubaï Mall,Boutique,Joaillerie,2025-10-23,67154.89,AED,16788.72
TXN003105,CUST01624,Moyen-Orient,Dubaï Mall,En ligne,Haute Joaillerie,2026-02-28,686517.89,AED,171629.47
TXN003106,CUST01624,Moyen-Orient,Dubaï Mall,Événement privé,Joaillerie,2026-06-10,94397.73,AED,23599.43
TXN003107,CUST01625,USA,New York 5th Ave,En ligne,Accessoires & Parfums,2026-04-22,1285.79,USD,1182.93
TXN003108,CUST01626,France (siège),Paris Vendôme,Boutique,Horlogerie,2025-02-27,35604.51,EUR,35604.51
TXN003109,CUST01626,France (siège),Paris Vendôme,Boutique,Mariage,2025-07-15,28320.03,EUR,28320.03
TXN003110,CUST01626,France (siège),Paris Vendôme,Boutique,Haute Joaillerie,2025-09-30,155397.13,EUR,155397.13
TXN003111,CUST01626,France (siège),Paris Vendôme,Événement privé,Joaillerie,2026-01-06,17321.26,EUR,17321.26
TXN003112,CUST01626,France (siège),Paris Vendôme,Boutique,Joaillerie,2026-05-07,27903.0,EUR,27903.0
TXN003113,CUST01627,Chine,Hong Kong,Boutique,Accessoires & Parfums,2025-04-16,4604.71,CNY,598.61
TXN003114,CUST01627,Chine,Hong Kong,Événement privé,Joaillerie,2025-10-04,103141.58,CNY,13408.4
TXN003115,CUST01627,Chine,Hong Kong,Boutique,Accessoires & Parfums,2026-04-01,4512.71,CNY,586.65
TXN003116,CUST01629,Japon,Tokyo Ginza,Boutique,Horlogerie,2025-07-15,3844739.22,JPY,23837.38
TXN003117,CUST01629,Japon,Tokyo Ginza,Boutique,Horlogerie,2026-01-28,4615433.5,JPY,28615.69
TXN003118,CUST01629,Japon,Tokyo Ginza,Boutique,Joaillerie,2026-06-28,1887196.0,JPY,11700.62
TXN003119,CUST01630,Chine,Pékin,Événement privé,Joaillerie,2025-04-16,87192.58,CNY,11335.04
TXN003120,CUST01630,Chine,Pékin,Boutique,Horlogerie,2025-11-08,236468.56,CNY,30740.91
TXN003121,CUST01630,Chine,Pékin,Boutique,Horlogerie,2026-04-17,110266.67,CNY,14334.67
TXN003122,CUST01631,USA,Bal Harbour,Boutique,Horlogerie,2026-01-03,31044.0,USD,28560.48
TXN003123,CUST01631,USA,Bal Harbour,En ligne,Joaillerie,2026-06-06,8322.5,USD,7656.7
TXN003124,CUST01632,Chine,Shanghai,Boutique,Accessoires & Parfums,2025-10-15,1884.96,CNY,245.04
TXN003125,CUST01632,Chine,Shanghai,En ligne,Mariage,2026-03-30,87753.77,CNY,11407.99
TXN003126,CUST01633,USA,New York 5th Ave,Boutique,Haute Joaillerie,2025-07-05,145747.72,USD,134087.9
TXN003127,CUST01633,USA,New York 5th Ave,En ligne,Accessoires & Parfums,2025-12-13,694.45,USD,638.89
TXN003128,CUST01633,USA,New York 5th Ave,Boutique,Joaillerie,2026-06-24,16336.78,USD,15029.84
TXN003129,CUST01634,USA,New York 5th Ave,Boutique,Mariage,2025-10-03,11692.99,USD,10757.55
TXN003130,CUST01634,USA,New York 5th Ave,Boutique,Horlogerie,2025-12-30,58498.38,USD,53818.51
TXN003131,CUST01634,USA,New York 5th Ave,Événement privé,Accessoires & Parfums,2026-05-15,1693.99,USD,1558.47
TXN003132,CUST01635,Chine,Hong Kong,En ligne,Accessoires & Parfums,2026-03-27,12676.09,CNY,1647.89
TXN003133,CUST01635,Chine,Hong Kong,Boutique,Horlogerie,2026-07-17,333179.48,CNY,43313.33
TXN003134,CUST01636,Chine,Hong Kong,Boutique,Joaillerie,2025-12-28,114971.35,CNY,14946.28
TXN003135,CUST01636,Chine,Hong Kong,Boutique,Haute Joaillerie,2026-04-28,547783.42,CNY,71211.84
TXN003136,CUST01637,USA,New York 5th Ave,Boutique,Joaillerie,2025-04-19,25223.33,USD,23205.46
TXN003137,CUST01637,USA,New York 5th Ave,Boutique,Accessoires & Parfums,2025-09-15,1270.09,USD,1168.48
TXN003138,CUST01637,USA,New York 5th Ave,Événement privé,Mariage,2026-03-03,13662.03,USD,12569.07
TXN003139,CUST01638,Moyen-Orient,Abu Dhabi,Boutique,Accessoires & Parfums,2026-03-08,4450.29,AED,1112.57
TXN003140,CUST01638,Moyen-Orient,Abu Dhabi,Boutique,Horlogerie,2026-06-27,178831.51,AED,44707.88
TXN003141,CUST01639,Moyen-Orient,Dubaï Mall,Boutique,Accessoires & Parfums,2026-03-04,1761.21,AED,440.3
TXN003142,CUST01640,France (siège),Cannes,Boutique,Joaillerie,2025-11-29,9506.36,EUR,9506.36
TXN003143,CUST01640,France (siège),Cannes,Boutique,Horlogerie,2026-04-23,31664.86,EUR,31664.86
TXN003144,CUST01641,France (siège),Paris Champs-Élysées,Boutique,Mariage,2025-09-24,11768.35,EUR,11768.35
TXN003145,CUST01641,France (siège),Paris Champs-Élysées,Événement privé,Accessoires & Parfums,2026-02-09,1216.8,EUR,1216.8
TXN003146,CUST01642,USA,New York 5th Ave,En ligne,Accessoires & Parfums,2026-03-24,637.82,USD,586.8
TXN003147,CUST01643,Japon,Tokyo Ginza,En ligne,Joaillerie,2026-06-20,1930074.35,JPY,11966.46
TXN003148,CUST01644,Japon,Osaka,Boutique,Accessoires & Parfums,2025-11-03,97467.38,JPY,604.3
TXN003149,CUST01644,Japon,Osaka,Boutique,Joaillerie,2026-03-22,1262030.96,JPY,7824.59
TXN003150,CUST01646,Chine,Shanghai,Boutique,Horlogerie,2026-05-15,232968.35,CNY,30285.89
TXN003151,CUST01647,France (siège),Paris Vendôme,Boutique,Horlogerie,2025-02-26,29520.17,EUR,29520.17
TXN003152,CUST01647,France (siège),Paris Vendôme,Boutique,Haute Joaillerie,2025-08-02,101244.89,EUR,101244.89
TXN003153,CUST01647,France (siège),Paris Vendôme,En ligne,Accessoires & Parfums,2025-12-31,1191.67,EUR,1191.67
TXN003154,CUST01647,France (siège),Paris Vendôme,Boutique,Horlogerie,2026-06-03,35623.71,EUR,35623.71
TXN003155,CUST01648,France (siège),Cannes,Boutique,Accessoires & Parfums,2026-07-14,905.82,EUR,905.82
TXN003156,CUST01649,USA,Bal Harbour,Boutique,Mariage,2026-05-09,13551.26,USD,12467.16
TXN003157,CUST01650,Moyen-Orient,Abu Dhabi,Boutique,Joaillerie,2026-01-10,48293.23,AED,12073.31
TXN003158,CUST01650,Moyen-Orient,Abu Dhabi,Boutique,Accessoires & Parfums,2026-06-30,4216.36,AED,1054.09
TXN003159,CUST01651,Chine,Shanghai,Boutique,Joaillerie,2025-04-25,147038.35,CNY,19114.99
TXN003160,CUST01651,Chine,Shanghai,Boutique,Accessoires & Parfums,2025-09-26,7362.15,CNY,957.08
TXN003161,CUST01651,Chine,Shanghai,Boutique,Joaillerie,2026-03-14,122996.81,CNY,15989.59
TXN003162,CUST01652,Moyen-Orient,Abu Dhabi,Événement privé,Horlogerie,2025-11-15,128566.57,AED,32141.64
TXN003163,CUST01652,Moyen-Orient,Abu Dhabi,Boutique,Joaillerie,2026-04-15,86541.04,AED,21635.26
TXN003164,CUST01653,France (siège),Cannes,Boutique,Haute Joaillerie,2025-06-26,144910.13,EUR,144910.13
TXN003165,CUST01653,France (siège),Cannes,En ligne,Accessoires & Parfums,2025-10-13,1135.48,EUR,1135.48
TXN003166,CUST01653,France (siège),Cannes,Boutique,Haute Joaillerie,2026-03-12,144810.27,EUR,144810.27
TXN003167,CUST01654,USA,Beverly Hills,Boutique,Joaillerie,2026-02-07,22523.59,USD,20721.7
TXN003168,CUST01655,Moyen-Orient,Dubaï Mall,Événement privé,Horlogerie,2025-01-12,181101.1,AED,45275.28
TXN003169,CUST01655,Moyen-Orient,Dubaï Mall,Événement privé,Joaillerie,2025-05-23,119334.81,AED,29833.7
TXN003170,CUST01655,Moyen-Orient,Dubaï Mall,Boutique,Horlogerie,2025-09-25,132310.8,AED,33077.7
TXN003171,CUST01655,Moyen-Orient,Dubaï Mall,Boutique,Accessoires & Parfums,2026-01-27,5124.96,AED,1281.24
TXN003172,CUST01655,Moyen-Orient,Dubaï Mall,Boutique,Accessoires & Parfums,2026-06-06,5112.75,AED,1278.19
TXN003173,CUST01656,Chine,Pékin,Boutique,Accessoires & Parfums,2025-05-22,3682.24,CNY,478.69
TXN003174,CUST01656,Chine,Pékin,En ligne,Horlogerie,2025-10-23,216500.33,CNY,28145.04
TXN003175,CUST01656,Chine,Pékin,Événement privé,Accessoires & Parfums,2026-03-30,8904.56,CNY,1157.59
TXN003176,CUST01657,France (siège),Paris Vendôme,Boutique,Accessoires & Parfums,2025-10-13,810.3,EUR,810.3
TXN003177,CUST01657,France (siège),Paris Vendôme,Événement privé,Mariage,2026-03-24,9467.86,EUR,9467.86
TXN003178,CUST01658,Japon,Osaka,Boutique,Horlogerie,2025-09-01,3306413.69,JPY,20499.76
TXN003179,CUST01659,USA,New York 5th Ave,Boutique,Joaillerie,2026-04-13,15982.71,USD,14704.1
TXN003180,CUST01660,USA,New York 5th Ave,En ligne,Haute Joaillerie,2026-05-31,134562.14,USD,123797.17
TXN003181,CUST01661,USA,Bal Harbour,Événement privé,Accessoires & Parfums,2025-09-08,738.22,USD,679.16
TXN003182,CUST01661,USA,Bal Harbour,Boutique,Mariage,2026-02-12,9814.86,USD,9029.67
TXN003183,CUST01661,USA,Bal Harbour,En ligne,Accessoires & Parfums,2026-07-07,609.23,USD,560.49
TXN003184,CUST01662,Moyen-Orient,Dubaï Mall,Boutique,Joaillerie,2025-06-27,100919.2,AED,25229.8
TXN003185,CUST01662,Moyen-Orient,Dubaï Mall,Boutique,Joaillerie,2025-12-03,67936.24,AED,16984.06
TXN003186,CUST01662,Moyen-Orient,Dubaï Mall,En ligne,Joaillerie,2026-05-05,57956.98,AED,14489.24
TXN003187,CUST01663,France (siège),Cannes,Boutique,Horlogerie,2025-06-03,68082.95,EUR,68082.95
TXN003188,CUST01663,France (siège),Cannes,Boutique,Mariage,2025-08-04,14814.85,EUR,14814.85
TXN003189,CUST01663,France (siège),Cannes,Événement privé,Accessoires & Parfums,2025-11-09,1059.88,EUR,1059.88
TXN003190,CUST01663,France (siège),Cannes,En ligne,Mariage,2026-02-27,18668.16,EUR,18668.16
TXN003191,CUST01663,France (siège),Cannes,Boutique,Mariage,2026-05-05,18745.88,EUR,18745.88
TXN003192,CUST01665,Japon,Osaka,En ligne,Joaillerie,2026-07-27,3421186.54,JPY,21211.36
TXN003193,CUST01666,France (siège),Paris Vendôme,Boutique,Mariage,2025-06-18,8083.87,EUR,8083.87
TXN003194,CUST01666,France (siège),Paris Vendôme,En ligne,Horlogerie,2025-12-24,25107.17,EUR,25107.17
TXN003195,CUST01666,France (siège),Paris Vendôme,Boutique,Horlogerie,2026-06-06,30599.24,EUR,30599.24
TXN003196,CUST01667,Chine,Shanghai,Événement privé,Joaillerie,2025-04-20,180836.48,CNY,23508.74
TXN003197,CUST01667,Chine,Shanghai,En ligne,Joaillerie,2025-09-14,118419.23,CNY,15394.5
TXN003198,CUST01667,Chine,Shanghai,En ligne,Horlogerie,2026-02-16,178605.04,CNY,23218.66
TXN003199,CUST01667,Chine,Shanghai,Boutique,Accessoires & Parfums,2026-06-09,8336.49,CNY,1083.74
TXN003200,CUST01668,Japon,Tokyo Ginza,Événement privé,Accessoires & Parfums,2025-04-09,118813.61,JPY,736.64
TXN003201,CUST01668,Japon,Tokyo Ginza,Boutique,Accessoires & Parfums,2025-10-17,91242.27,JPY,565.7
TXN003202,CUST01668,Japon,Tokyo Ginza,Boutique,Joaillerie,2026-03-30,2063455.83,JPY,12793.43
TXN003203,CUST01669,USA,New York 5th Ave,Boutique,Accessoires & Parfums,2025-07-15,866.25,USD,796.95
TXN003204,CUST01669,USA,New York 5th Ave,En ligne,Joaillerie,2026-01-15,12114.99,USD,11145.79
TXN003205,CUST01669,USA,New York 5th Ave,En ligne,Joaillerie,2026-07-03,14810.67,USD,13625.82
TXN003206,CUST01670,USA,New York 5th Ave,En ligne,Joaillerie,2026-07-20,13116.87,USD,12067.52
TXN003207,CUST01671,Chine,Shanghai,En ligne,Joaillerie,2026-07-30,133701.32,CNY,17381.17
TXN003208,CUST01672,USA,Beverly Hills,Boutique,Accessoires & Parfums,2025-12-15,1467.4,USD,1350.01
TXN003209,CUST01672,USA,Beverly Hills,En ligne,Haute Joaillerie,2026-04-29,162813.67,USD,149788.57
TXN003210,CUST01673,USA,New York 5th Ave,Boutique,Accessoires & Parfums,2025-04-16,884.63,USD,813.86
TXN003211,CUST01674,France (siège),Paris Champs-Élysées,En ligne,Mariage,2025-07-22,12924.54,EUR,12924.54
TXN003212,CUST01674,France (siège),Paris Champs-Élysées,Boutique,Accessoires & Parfums,2026-02-12,706.82,EUR,706.82
TXN003213,CUST01674,France (siège),Paris Champs-Élysées,Boutique,Accessoires & Parfums,2026-07-31,563.13,EUR,563.13
TXN003214,CUST01675,USA,Beverly Hills,Événement privé,Joaillerie,2025-03-29,14597.37,USD,13429.58
TXN003215,CUST01675,USA,Beverly Hills,Boutique,Horlogerie,2025-08-03,36871.98,USD,33922.22
TXN003216,CUST01675,USA,Beverly Hills,Événement privé,Accessoires & Parfums,2025-12-31,1070.72,USD,985.06
TXN003217,CUST01676,France (siège),Paris Champs-Élysées,Boutique,Joaillerie,2025-09-15,8084.15,EUR,8084.15
TXN003218,CUST01676,France (siège),Paris Champs-Élysées,Boutique,Accessoires & Parfums,2026-02-09,736.15,EUR,736.15
TXN003219,CUST01676,France (siège),Paris Champs-Élysées,Boutique,Horlogerie,2026-07-23,33591.1,EUR,33591.1
TXN003220,CUST01677,Moyen-Orient,Dubaï Mall,En ligne,Accessoires & Parfums,2026-04-19,2608.56,AED,652.14
TXN003221,CUST01678,Chine,Hong Kong,Boutique,Mariage,2025-03-18,111391.15,CNY,14480.85
TXN003222,CUST01679,France (siège),Cannes,Boutique,Haute Joaillerie,2026-03-01,123549.6,EUR,123549.6
TXN003223,CUST01680,Chine,Hong Kong,Boutique,Joaillerie,2026-05-02,132442.57,CNY,17217.53
TXN003224,CUST01681,France (siège),Cannes,Boutique,Accessoires & Parfums,2026-05-05,261.9,EUR,261.9
TXN003225,CUST01682,USA,New York 5th Ave,Boutique,Accessoires & Parfums,2025-01-23,1062.66,USD,977.65
TXN003226,CUST01682,USA,New York 5th Ave,Boutique,Accessoires & Parfums,2025-07-21,438.56,USD,403.48
TXN003227,CUST01682,USA,New York 5th Ave,Boutique,Joaillerie,2025-12-20,22462.13,USD,20665.16
TXN003228,CUST01682,USA,New York 5th Ave,En ligne,Accessoires & Parfums,2026-05-21,1480.01,USD,1361.61
TXN003229,CUST01683,Moyen-Orient,Abu Dhabi,En ligne,Joaillerie,2025-10-18,53646.15,AED,13411.54
TXN003230,CUST01683,Moyen-Orient,Abu Dhabi,Événement privé,Joaillerie,2026-04-14,71362.74,AED,17840.68
TXN003231,CUST01684,Moyen-Orient,Abu Dhabi,Boutique,Joaillerie,2026-02-04,55339.95,AED,13834.99
TXN003232,CUST01684,Moyen-Orient,Abu Dhabi,En ligne,Accessoires & Parfums,2026-06-21,3093.12,AED,773.28
TXN003233,CUST01685,Japon,Tokyo Ginza,Boutique,Mariage,2025-10-06,2534117.9,JPY,15711.53
TXN003234,CUST01686,Chine,Hong Kong,Boutique,Horlogerie,2025-02-24,356408.61,CNY,46333.12
TXN003235,CUST01686,Chine,Hong Kong,En ligne,Horlogerie,2025-06-05,288422.46,CNY,37494.92
TXN003236,CUST01686,Chine,Hong Kong,Boutique,Haute Joaillerie,2025-10-10,861710.33,CNY,112022.34
TXN003237,CUST01686,Chine,Hong Kong,En ligne,Joaillerie,2026-02-26,337913.1,CNY,43928.7
TXN003238,CUST01686,Chine,Hong Kong,Boutique,Accessoires & Parfums,2026-07-05,9997.18,CNY,1299.63
TXN003239,CUST01687,USA,Beverly Hills,Boutique,Accessoires & Parfums,2025-10-04,1006.77,USD,926.23
TXN003240,CUST01687,USA,Beverly Hills,En ligne,Accessoires & Parfums,2026-04-05,716.46,USD,659.14
TXN003241,CUST01688,Chine,Shanghai,Boutique,Accessoires & Parfums,2025-12-21,4776.26,CNY,620.91
TXN003242,CUST01688,Chine,Shanghai,Boutique,Accessoires & Parfums,2026-07-17,6985.46,CNY,908.11
TXN003243,CUST01689,France (siège),Paris Vendôme,Boutique,Accessoires & Parfums,2025-07-25,651.55,EUR,651.55
TXN003244,CUST01690,USA,Beverly Hills,Boutique,Joaillerie,2026-06-02,18676.34,USD,17182.23
TXN003245,CUST01691,Moyen-Orient,Abu Dhabi,Boutique,Horlogerie,2025-10-29,99185.97,AED,24796.49
TXN003246,CUST01691,Moyen-Orient,Abu Dhabi,Boutique,Joaillerie,2026-04-30,52451.16,AED,13112.79
TXN003247,CUST01692,Moyen-Orient,Abu Dhabi,Boutique,Horlogerie,2026-05-06,152106.65,AED,38026.66
TXN003248,CUST01693,Moyen-Orient,Dubaï Mall,Boutique,Mariage,2025-10-24,24084.89,AED,6021.22
TXN003249,CUST01694,Japon,Tokyo Ginza,En ligne,Horlogerie,2025-11-29,4268773.79,JPY,26466.4
TXN003250,CUST01694,Japon,Tokyo Ginza,Événement privé,Joaillerie,2026-06-27,1283465.39,JPY,7957.49
TXN003251,CUST01695,Moyen-Orient,Abu Dhabi,Boutique,Accessoires & Parfums,2025-09-03,3757.34,AED,939.33
TXN003252,CUST01695,Moyen-Orient,Abu Dhabi,Boutique,Accessoires & Parfums,2026-01-27,2866.78,AED,716.69
TXN003253,CUST01696,Moyen-Orient,Abu Dhabi,Boutique,Accessoires & Parfums,2025-05-13,3024.5,AED,756.13
TXN003254,CUST01696,Moyen-Orient,Abu Dhabi,Boutique,Horlogerie,2025-11-10,125821.01,AED,31455.25
TXN003255,CUST01696,Moyen-Orient,Abu Dhabi,Boutique,Mariage,2026-04-02,46503.79,AED,11625.95
TXN003256,CUST01697,France (siège),Paris Vendôme,En ligne,Mariage,2025-11-07,6762.99,EUR,6762.99
TXN003257,CUST01697,France (siège),Paris Vendôme,Boutique,Joaillerie,2026-06-01,7297.57,EUR,7297.57
TXN003258,CUST01698,Chine,Shanghai,Événement privé,Joaillerie,2025-06-17,136539.87,CNY,17750.18
TXN003259,CUST01698,Chine,Shanghai,Boutique,Mariage,2025-10-16,134496.78,CNY,17484.58
TXN003260,CUST01698,Chine,Shanghai,Boutique,Joaillerie,2026-03-02,258683.27,CNY,33628.83
TXN003261,CUST01698,Chine,Shanghai,Boutique,Horlogerie,2026-07-06,422778.55,CNY,54961.21
TXN003262,CUST01699,Chine,Shanghai,En ligne,Accessoires & Parfums,2025-09-17,5058.07,CNY,657.55
TXN003263,CUST01699,Chine,Shanghai,Boutique,Horlogerie,2026-03-15,147855.29,CNY,19221.19
TXN003264,CUST01700,Chine,Pékin,Boutique,Accessoires & Parfums,2026-05-03,5639.84,CNY,733.18
TXN003265,CUST01701,USA,Bal Harbour,Boutique,Mariage,2025-12-22,13084.26,USD,12037.52
TXN003266,CUST01701,USA,Bal Harbour,Boutique,Joaillerie,2026-05-31,15985.75,USD,14706.89
TXN003267,CUST01703,Moyen-Orient,Dubaï Mall,Boutique,Mariage,2025-04-26,106152.08,AED,26538.02
TXN003268,CUST01703,Moyen-Orient,Dubaï Mall,Événement privé,Haute Joaillerie,2025-08-26,503859.03,AED,125964.76
TXN003269,CUST01703,Moyen-Orient,Dubaï Mall,Boutique,Horlogerie,2026-01-21,103827.06,AED,25956.77
TXN003270,CUST01703,Moyen-Orient,Dubaï Mall,Boutique,Mariage,2026-05-25,47309.51,AED,11827.38
TXN003271,CUST01704,Chine,Pékin,Boutique,Accessoires & Parfums,2026-02-25,9650.27,CNY,1254.54
TXN003272,CUST01704,Chine,Pékin,Boutique,Accessoires & Parfums,2026-07-15,7999.24,CNY,1039.9
TXN003273,CUST01705,USA,Beverly Hills,Boutique,Mariage,2026-04-08,15949.56,USD,14673.59
TXN003274,CUST01707,Chine,Shanghai,Boutique,Joaillerie,2025-03-31,72295.26,CNY,9398.38
TXN003275,CUST01707,Chine,Shanghai,En ligne,Joaillerie,2025-08-19,123124.48,CNY,16006.18
TXN003276,CUST01707,Chine,Shanghai,Boutique,Mariage,2026-01-01,141467.87,CNY,18390.82
TXN003277,CUST01707,Chine,Shanghai,En ligne,Horlogerie,2026-06-08,209606.71,CNY,27248.87
TXN003278,CUST01708,Japon,Tokyo Ginza,Boutique,Accessoires & Parfums,2025-02-04,140234.86,JPY,869.46
TXN003279,CUST01708,Japon,Tokyo Ginza,En ligne,Mariage,2025-06-20,2489705.05,JPY,15436.17
TXN003280,CUST01708,Japon,Tokyo Ginza,Boutique,Accessoires & Parfums,2025-11-27,207111.7,JPY,1284.09
TXN003281,CUST01708,Japon,Tokyo Ginza,En ligne,Accessoires & Parfums,2026-05-30,170042.4,JPY,1054.26
TXN003282,CUST01709,France (siège),Paris Champs-Élysées,Boutique,Joaillerie,2026-01-17,24374.14,EUR,24374.14
TXN003283,CUST01709,France (siège),Paris Champs-Élysées,En ligne,Accessoires & Parfums,2026-05-11,518.92,EUR,518.92
TXN003284,CUST01710,Japon,Osaka,En ligne,Mariage,2026-05-07,1090771.56,JPY,6762.78
TXN003285,CUST01711,Moyen-Orient,Abu Dhabi,Boutique,Accessoires & Parfums,2026-05-12,3278.06,AED,819.52
TXN003286,CUST01712,Chine,Shanghai,En ligne,Accessoires & Parfums,2025-05-08,3965.29,CNY,515.49
TXN003287,CUST01712,Chine,Shanghai,Événement privé,Mariage,2025-11-14,104152.04,CNY,13539.76
TXN003288,CUST01713,Moyen-Orient,Dubaï Mall,Boutique,Accessoires & Parfums,2026-01-27,2365.03,AED,591.26
TXN003289,CUST01713,Moyen-Orient,Dubaï Mall,Boutique,Joaillerie,2026-07-13,18973.49,AED,4743.37
TXN003290,CUST01714,France (siège),Cannes,En ligne,Horlogerie,2026-01-28,34048.66,EUR,34048.66
TXN003291,CUST01716,France (siège),Cannes,Boutique,Mariage,2026-05-12,13373.62,EUR,13373.62
TXN003292,CUST01717,Moyen-Orient,Dubaï Mall,Boutique,Accessoires & Parfums,2025-06-17,4255.51,AED,1063.88
TXN003293,CUST01717,Moyen-Orient,Dubaï Mall,En ligne,Joaillerie,2025-12-14,54090.72,AED,13522.68
TXN003294,CUST01717,Moyen-Orient,Dubaï Mall,Boutique,Joaillerie,2026-05-23,42623.78,AED,10655.95
TXN003295,CUST01718,France (siège),Paris Champs-Élysées,En ligne,Accessoires & Parfums,2026-02-21,1112.21,EUR,1112.21
TXN003296,CUST01718,France (siège),Paris Champs-Élysées,Événement privé,Horlogerie,2026-07-21,45627.32,EUR,45627.32
TXN003297,CUST01719,Japon,Tokyo Ginza,Boutique,Horlogerie,2026-03-19,4969869.76,JPY,30813.19
TXN003298,CUST01720,Japon,Tokyo Ginza,En ligne,Accessoires & Parfums,2025-07-04,104613.07,JPY,648.6
TXN003299,CUST01721,Chine,Shanghai,Boutique,Accessoires & Parfums,2026-02-15,5806.05,CNY,754.79
TXN003300,CUST01722,USA,Beverly Hills,Boutique,Mariage,2026-03-09,11774.26,USD,10832.32
TXN003301,CUST01722,USA,Beverly Hills,En ligne,Accessoires & Parfums,2026-06-06,1070.4,USD,984.77
TXN003302,CUST01723,France (siège),Paris Champs-Élysées,Boutique,Mariage,2026-01-15,9786.53,EUR,9786.53
TXN003303,CUST01724,Chine,Shanghai,Boutique,Accessoires & Parfums,2025-05-16,5979.38,CNY,777.32
TXN003304,CUST01725,Chine,Hong Kong,Boutique,Horlogerie,2025-04-21,255543.98,CNY,33220.72
TXN003305,CUST01725,Chine,Hong Kong,En ligne,Joaillerie,2025-09-15,84765.15,CNY,11019.47
TXN003306,CUST01725,Chine,Hong Kong,Boutique,Mariage,2026-02-08,69283.34,CNY,9006.83
TXN003307,CUST01726,USA,New York 5th Ave,Boutique,Joaillerie,2025-08-31,16922.67,USD,15568.85
TXN003308,CUST01726,USA,New York 5th Ave,En ligne,Accessoires & Parfums,2026-03-11,899.5,USD,827.54
TXN003309,CUST01727,Japon,Tokyo Ginza,Boutique,Joaillerie,2026-05-11,1556784.48,JPY,9652.06
TXN003310,CUST01728,France (siège),Paris Champs-Élysées,Boutique,Mariage,2026-07-06,13872.31,EUR,13872.31
TXN003311,CUST01731,France (siège),Cannes,Boutique,Joaillerie,2026-04-22,16864.33,EUR,16864.33
TXN003312,CUST01732,France (siège),Paris Vendôme,En ligne,Accessoires & Parfums,2025-12-20,824.44,EUR,824.44
TXN003313,CUST01732,France (siège),Paris Vendôme,Boutique,Horlogerie,2026-05-30,29067.94,EUR,29067.94
TXN003314,CUST01734,Moyen-Orient,Dubaï Mall,Boutique,Accessoires & Parfums,2025-03-09,2430.7,AED,607.67
TXN003315,CUST01734,Moyen-Orient,Dubaï Mall,En ligne,Joaillerie,2025-06-16,66709.32,AED,16677.33
TXN003316,CUST01734,Moyen-Orient,Dubaï Mall,Boutique,Joaillerie,2025-11-13,49804.39,AED,12451.1
TXN003317,CUST01735,USA,Beverly Hills,Boutique,Joaillerie,2026-01-13,11264.34,USD,10363.19
TXN003318,CUST01735,USA,Beverly Hills,En ligne,Accessoires & Parfums,2026-06-05,1360.08,USD,1251.27
TXN003319,CUST01736,Chine,Shanghai,Boutique,Joaillerie,2026-01-02,196936.96,CNY,25601.8
TXN003320,CUST01736,Chine,Shanghai,Événement privé,Mariage,2026-06-23,116488.16,CNY,15143.46
TXN003321,CUST01737,Moyen-Orient,Abu Dhabi,Boutique,Accessoires & Parfums,2025-01-31,4184.5,AED,1046.13
TXN003322,CUST01738,Moyen-Orient,Dubaï Mall,Boutique,Joaillerie,2026-05-03,73325.11,AED,18331.28
TXN003323,CUST01739,Chine,Shanghai,Boutique,Mariage,2026-05-07,61533.44,CNY,7999.35
TXN003324,CUST01740,Moyen-Orient,Dubaï Mall,Boutique,Horlogerie,2025-12-08,142801.26,AED,35700.31
TXN003325,CUST01740,Moyen-Orient,Dubaï Mall,Événement privé,Joaillerie,2026-04-27,58632.63,AED,14658.16
TXN003326,CUST01741,Japon,Tokyo Ginza,Boutique,Horlogerie,2025-06-17,2325512.91,JPY,14418.18
TXN003327,CUST01741,Japon,Tokyo Ginza,Boutique,Horlogerie,2025-11-18,3958802.02,JPY,24544.57
TXN003328,CUST01741,Japon,Tokyo Ginza,En ligne,Accessoires & Parfums,2026-04-18,136855.14,JPY,848.5
TXN003329,CUST01742,USA,Bal Harbour,Événement privé,Accessoires & Parfums,2026-03-14,631.69,USD,581.15
TXN003330,CUST01742,USA,Bal Harbour,En ligne,Horlogerie,2026-07-31,28603.56,USD,26315.27
TXN003331,CUST01743,USA,Bal Harbour,En ligne,Joaillerie,2026-02-22,19450.78,USD,17894.72
TXN003332,CUST01744,France (siège),Cannes,Boutique,Joaillerie,2025-10-15,12210.58,EUR,12210.58
TXN003333,CUST01744,France (siège),Cannes,Boutique,Horlogerie,2026-04-11,11470.54,EUR,11470.54
TXN003334,CUST01745,USA,New York 5th Ave,En ligne,Accessoires & Parfums,2025-02-23,1221.75,USD,1124.01
TXN003335,CUST01745,USA,New York 5th Ave,Boutique,Haute Joaillerie,2025-08-15,129495.68,USD,119136.02
TXN003336,CUST01746,France (siège),Cannes,Boutique,Joaillerie,2026-04-27,13224.83,EUR,13224.83
TXN003337,CUST01747,France (siège),Cannes,Boutique,Accessoires & Parfums,2025-06-28,405.38,EUR,405.38
TXN003338,CUST01747,France (siège),Cannes,Boutique,Joaillerie,2025-12-01,17782.7,EUR,17782.7
TXN003339,CUST01747,France (siège),Cannes,Boutique,Accessoires & Parfums,2026-05-11,663.99,EUR,663.99
TXN003340,CUST01748,Chine,Pékin,Boutique,Horlogerie,2026-01-26,568802.61,CNY,73944.34
TXN003341,CUST01748,Chine,Pékin,Événement privé,Horlogerie,2026-04-22,413143.45,CNY,53708.65
TXN003342,CUST01748,Chine,Pékin,Boutique,Horlogerie,2026-07-15,345851.47,CNY,44960.69
TXN003343,CUST01749,Moyen-Orient,Dubaï Mall,En ligne,Joaillerie,2026-03-21,52931.58,AED,13232.9
TXN003344,CUST01750,Moyen-Orient,Abu Dhabi,Événement privé,Accessoires & Parfums,2025-05-23,3331.29,AED,832.82
TXN003345,CUST01750,Moyen-Orient,Abu Dhabi,En ligne,Haute Joaillerie,2025-09-16,431323.27,AED,107830.82
TXN003346,CUST01750,Moyen-Orient,Abu Dhabi,Boutique,Accessoires & Parfums,2026-02-04,1935.64,AED,483.91
TXN003347,CUST01750,Moyen-Orient,Abu Dhabi,Boutique,Accessoires & Parfums,2026-06-19,2376.35,AED,594.09
TXN003348,CUST01751,Moyen-Orient,Dubaï Mall,Boutique,Horlogerie,2026-06-11,65100.52,AED,16275.13
TXN003349,CUST01752,Chine,Shanghai,En ligne,Joaillerie,2026-01-26,207769.06,CNY,27009.98
TXN003350,CUST01752,Chine,Shanghai,En ligne,Joaillerie,2026-06-20,127982.81,CNY,16637.76
TXN003351,CUST01753,Moyen-Orient,Dubaï Mall,En ligne,Joaillerie,2025-06-27,69044.62,AED,17261.16
TXN003352,CUST01753,Moyen-Orient,Dubaï Mall,Événement privé,Accessoires & Parfums,2025-12-15,2956.71,AED,739.18
TXN003353,CUST01753,Moyen-Orient,Dubaï Mall,Événement privé,Horlogerie,2026-06-02,98713.26,AED,24678.31
TXN003354,CUST01754,Moyen-Orient,Dubaï Mall,Boutique,Joaillerie,2026-07-22,23303.8,AED,5825.95
TXN003355,CUST01755,France (siège),Paris Champs-Élysées,En ligne,Accessoires & Parfums,2026-07-14,433.3,EUR,433.3
TXN003356,CUST01756,USA,Beverly Hills,Boutique,Joaillerie,2025-10-30,24988.88,USD,22989.77
TXN003357,CUST01756,USA,Beverly Hills,Boutique,Accessoires & Parfums,2026-03-04,1066.21,USD,980.92
TXN003358,CUST01756,USA,Beverly Hills,Boutique,Horlogerie,2026-07-06,52536.37,USD,48333.46
TXN003359,CUST01757,Japon,Tokyo Ginza,Événement privé,Joaillerie,2025-07-28,2271287.57,JPY,14081.98
TXN003360,CUST01757,Japon,Tokyo Ginza,En ligne,Accessoires & Parfums,2025-12-25,137576.12,JPY,852.97
TXN003361,CUST01757,Japon,Tokyo Ginza,En ligne,Horlogerie,2026-06-02,1765638.55,JPY,10946.96
TXN003362,CUST01758,Japon,Osaka,En ligne,Mariage,2026-07-13,1656328.26,JPY,10269.24
TXN003363,CUST01760,France (siège),Paris Champs-Élysées,En ligne,Joaillerie,2026-03-19,9649.52,EUR,9649.52
TXN003364,CUST01761,France (siège),Paris Champs-Élysées,En ligne,Accessoires & Parfums,2025-03-20,610.19,EUR,610.19
TXN003365,CUST01762,France (siège),Paris Vendôme,En ligne,Accessoires & Parfums,2026-06-20,947.02,EUR,947.02
TXN003366,CUST01764,France (siège),Paris Vendôme,Boutique,Haute Joaillerie,2025-12-05,147196.58,EUR,147196.58
TXN003367,CUST01764,France (siège),Paris Vendôme,En ligne,Horlogerie,2026-05-29,25555.37,EUR,25555.37
TXN003368,CUST01765,Japon,Osaka,Événement privé,Joaillerie,2025-11-16,3914320.03,JPY,24268.78
TXN003369,CUST01766,France (siège),Paris Vendôme,Boutique,Joaillerie,2025-12-13,10621.72,EUR,10621.72
TXN003370,CUST01766,France (siège),Paris Vendôme,Boutique,Horlogerie,2026-05-08,36210.07,EUR,36210.07
TXN003371,CUST01767,Japon,Osaka,Boutique,Accessoires & Parfums,2025-09-03,111923.37,JPY,693.92
TXN003372,CUST01768,France (siège),Paris Champs-Élysées,Événement privé,Joaillerie,2026-04-01,9396.04,EUR,9396.04
TXN003373,CUST01768,France (siège),Paris Champs-Élysées,Boutique,Horlogerie,2026-07-02,39588.47,EUR,39588.47
TXN003374,CUST01769,Chine,Pékin,En ligne,Joaillerie,2025-07-30,109555.85,CNY,14242.26
TXN003375,CUST01769,Chine,Pékin,En ligne,Joaillerie,2026-01-18,124034.63,CNY,16124.5
TXN003376,CUST01769,Chine,Pékin,En ligne,Accessoires & Parfums,2026-07-02,6943.6,CNY,902.67
TXN003377,CUST01770,USA,Beverly Hills,En ligne,Accessoires & Parfums,2025-10-08,955.87,USD,879.4
TXN003378,CUST01770,USA,Beverly Hills,Boutique,Joaillerie,2026-03-21,10879.17,USD,10008.84
TXN003379,CUST01771,Japon,Tokyo Ginza,En ligne,Accessoires & Parfums,2025-07-14,116662.8,JPY,723.31
TXN003380,CUST01771,Japon,Tokyo Ginza,Boutique,Accessoires & Parfums,2025-12-07,74962.2,JPY,464.77
TXN003381,CUST01771,Japon,Tokyo Ginza,Événement privé,Joaillerie,2026-05-05,2043992.56,JPY,12672.75
TXN003382,CUST01772,USA,Bal Harbour,Événement privé,Haute Joaillerie,2025-04-22,150280.56,USD,138258.11
TXN003383,CUST01772,USA,Bal Harbour,Boutique,Horlogerie,2025-10-21,31908.4,USD,29355.73
TXN003384,CUST01772,USA,Bal Harbour,Boutique,Joaillerie,2026-05-06,16177.04,USD,14882.88
TXN003385,CUST01773,USA,Bal Harbour,Boutique,Accessoires & Parfums,2026-04-12,772.94,USD,711.1
TXN003386,CUST01774,Chine,Shanghai,Boutique,Mariage,2026-04-12,89147.97,CNY,11589.24
TXN003387,CUST01775,USA,Beverly Hills,En ligne,Joaillerie,2026-04-02,6251.2,USD,5751.1
TXN003388,CUST01776,Moyen-Orient,Abu Dhabi,Boutique,Accessoires & Parfums,2026-02-08,2739.17,AED,684.79
TXN003389,CUST01776,Moyen-Orient,Abu Dhabi,En ligne,Joaillerie,2026-07-09,80612.65,AED,20153.16
TXN003390,CUST01777,Japon,Osaka,Événement privé,Mariage,2025-04-17,3063268.09,JPY,18992.26
TXN003391,CUST01777,Japon,Osaka,Boutique,Mariage,2025-08-05,1864361.03,JPY,11559.04
TXN003392,CUST01777,Japon,Osaka,Boutique,Joaillerie,2025-10-18,3547477.16,JPY,21994.36
TXN003393,CUST01777,Japon,Osaka,Événement privé,Joaillerie,2026-03-10,2986356.66,JPY,18515.41
TXN003394,CUST01777,Japon,Osaka,Boutique,Joaillerie,2026-07-18,5029778.31,JPY,31184.63
TXN003395,CUST01778,USA,Beverly Hills,Boutique,Accessoires & Parfums,2025-10-19,678.82,USD,624.52
TXN003396,CUST01778,USA,Beverly Hills,Boutique,Accessoires & Parfums,2026-04-17,693.85,USD,638.34
TXN003397,CUST01779,USA,Beverly Hills,Événement privé,Joaillerie,2026-03-06,22562.44,USD,20757.45
TXN003398,CUST01780,Japon,Tokyo Ginza,Boutique,Mariage,2025-10-25,1839633.56,JPY,11405.73
TXN003399,CUST01780,Japon,Tokyo Ginza,Boutique,Horlogerie,2026-03-14,2971201.41,JPY,18421.45
TXN003400,CUST01781,USA,New York 5th Ave,Événement privé,Accessoires & Parfums,2026-06-06,1188.22,USD,1093.16
TXN003401,CUST01782,Japon,Osaka,Boutique,Joaillerie,2025-03-04,2325426.84,JPY,14417.65
TXN003402,CUST01782,Japon,Osaka,En ligne,Mariage,2025-08-04,842933.07,JPY,5226.19
TXN003403,CUST01782,Japon,Osaka,Boutique,Accessoires & Parfums,2025-12-30,168158.01,JPY,1042.58
TXN003404,CUST01782,Japon,Osaka,Boutique,Joaillerie,2026-07-01,3333237.84,JPY,20666.07
TXN003405,CUST01783,Japon,Tokyo Ginza,En ligne,Joaillerie,2026-03-21,2405345.4,JPY,14913.14
TXN003406,CUST01786,Japon,Tokyo Ginza,En ligne,Accessoires & Parfums,2026-01-25,182054.01,JPY,1128.73
TXN003407,CUST01786,Japon,Tokyo Ginza,En ligne,Accessoires & Parfums,2026-05-30,45489.11,JPY,282.03
TXN003408,CUST01787,France (siège),Paris Vendôme,Boutique,Joaillerie,2025-06-30,17828.29,EUR,17828.29
TXN003409,CUST01787,France (siège),Paris Vendôme,En ligne,Accessoires & Parfums,2025-11-09,1220.37,EUR,1220.37
TXN003410,CUST01787,France (siège),Paris Vendôme,Boutique,Mariage,2026-04-09,8419.69,EUR,8419.69
TXN003411,CUST01788,USA,New York 5th Ave,Boutique,Mariage,2026-03-18,11551.73,USD,10627.59
TXN003412,CUST01789,Japon,Osaka,Boutique,Mariage,2026-02-09,1064284.83,JPY,6598.57
TXN003413,CUST01790,Chine,Hong Kong,Boutique,Horlogerie,2025-01-22,143574.69,CNY,18664.71
TXN003414,CUST01790,Chine,Hong Kong,Boutique,Accessoires & Parfums,2025-06-20,7478.67,CNY,972.23
TXN003415,CUST01790,Chine,Hong Kong,En ligne,Mariage,2025-10-26,71027.1,CNY,9233.52
TXN003416,CUST01790,Chine,Hong Kong,Boutique,Accessoires & Parfums,2026-03-24,6984.28,CNY,907.96
TXN003417,CUST01791,France (siège),Cannes,Boutique,Joaillerie,2025-05-19,21490.3,EUR,21490.3
TXN003418,CUST01792,Chine,Hong Kong,En ligne,Haute Joaillerie,2025-08-29,760181.21,CNY,98823.56
TXN003419,CUST01792,Chine,Hong Kong,Boutique,Mariage,2025-12-19,68975.67,CNY,8966.84
TXN003420,CUST01792,Chine,Hong Kong,Événement privé,Joaillerie,2026-05-06,136426.33,CNY,17735.42
TXN003421,CUST01793,France (siège),Paris Champs-Élysées,Boutique,Mariage,2025-03-04,15038.37,EUR,15038.37
TXN003422,CUST01793,France (siège),Paris Champs-Élysées,En ligne,Accessoires & Parfums,2025-07-22,1229.2,EUR,1229.2
TXN003423,CUST01793,France (siège),Paris Champs-Élysées,Boutique,Haute Joaillerie,2025-12-19,191819.07,EUR,191819.07
TXN003424,CUST01794,Japon,Tokyo Ginza,Boutique,Mariage,2026-06-05,1386870.06,JPY,8598.59
TXN003425,CUST01795,Moyen-Orient,Dubaï Mall,Boutique,Joaillerie,2026-05-31,57989.18,AED,14497.29
TXN003426,CUST01796,USA,Beverly Hills,Boutique,Accessoires & Parfums,2026-03-20,1228.63,USD,1130.34
TXN003427,CUST01798,France (siège),Cannes,Boutique,Accessoires & Parfums,2025-12-28,1380.31,EUR,1380.31
TXN003428,CUST01798,France (siège),Cannes,Boutique,Haute Joaillerie,2026-06-14,108200.2,EUR,108200.2
TXN003429,CUST01799,Chine,Hong Kong,Boutique,Mariage,2026-05-31,135126.2,CNY,17566.41
TXN003430,CUST01800,Chine,Shanghai,Boutique,Accessoires & Parfums,2025-12-04,4500.49,CNY,585.06
TXN003431,CUST01800,Chine,Shanghai,Événement privé,Haute Joaillerie,2026-07-14,1013959.14,CNY,131814.69
TXN003432,CUST01801,Moyen-Orient,Abu Dhabi,En ligne,Haute Joaillerie,2025-09-19,431075.42,AED,107768.86
TXN003433,CUST01801,Moyen-Orient,Abu Dhabi,Boutique,Joaillerie,2026-03-29,53348.46,AED,13337.12
TXN003434,CUST01802,Chine,Shanghai,En ligne,Joaillerie,2026-03-03,39927.52,CNY,5190.58
TXN003435,CUST01803,Chine,Shanghai,En ligne,Haute Joaillerie,2025-07-07,1103593.31,CNY,143467.13
TXN003436,CUST01804,Chine,Hong Kong,Boutique,Accessoires & Parfums,2026-02-20,7612.88,CNY,989.67
TXN003437,CUST01804,Chine,Hong Kong,En ligne,Joaillerie,2026-06-17,35110.73,CNY,4564.4
TXN003438,CUST01805,France (siège),Paris Vendôme,Boutique,Horlogerie,2025-09-21,21006.84,EUR,21006.84
TXN003439,CUST01805,France (siège),Paris Vendôme,En ligne,Joaillerie,2026-03-10,10179.15,EUR,10179.15
TXN003440,CUST01806,USA,Beverly Hills,En ligne,Joaillerie,2026-07-10,20889.81,USD,19218.63
TXN003441,CUST01807,France (siège),Paris Vendôme,En ligne,Joaillerie,2025-07-29,15331.55,EUR,15331.55
TXN003442,CUST01808,Moyen-Orient,Abu Dhabi,Boutique,Horlogerie,2025-06-06,119984.67,AED,29996.17
TXN003443,CUST01809,Chine,Hong Kong,Événement privé,Joaillerie,2026-06-18,152152.54,CNY,19779.83
TXN003444,CUST01810,USA,New York 5th Ave,En ligne,Haute Joaillerie,2025-05-11,189462.94,USD,174305.91
TXN003445,CUST01810,USA,New York 5th Ave,En ligne,Horlogerie,2025-10-14,36003.31,USD,33123.05
TXN003446,CUST01810,USA,New York 5th Ave,Boutique,Mariage,2026-03-18,14707.32,USD,13530.74
TXN003447,CUST01812,Japon,Tokyo Ginza,Événement privé,Joaillerie,2026-07-09,2960752.51,JPY,18356.67
TXN003448,CUST01813,France (siège),Paris Vendôme,Boutique,Joaillerie,2026-07-02,14212.5,EUR,14212.5
TXN003449,CUST01814,USA,Bal Harbour,Événement privé,Mariage,2025-10-30,17483.59,USD,16084.9
TXN003450,CUST01814,USA,Bal Harbour,En ligne,Horlogerie,2026-03-28,45924.76,USD,42250.78
TXN003451,CUST01815,Moyen-Orient,Abu Dhabi,En ligne,Accessoires & Parfums,2025-06-02,4077.51,AED,1019.38
TXN003452,CUST01815,Moyen-Orient,Abu Dhabi,En ligne,Joaillerie,2025-11-08,32692.06,AED,8173.01
TXN003453,CUST01815,Moyen-Orient,Abu Dhabi,Boutique,Joaillerie,2026-05-11,62436.01,AED,15609.0
TXN003454,CUST01816,France (siège),Paris Champs-Élysées,En ligne,Horlogerie,2026-03-14,27231.94,EUR,27231.94
TXN003455,CUST01817,France (siège),Paris Champs-Élysées,Boutique,Accessoires & Parfums,2026-07-26,735.77,EUR,735.77
TXN003456,CUST01818,France (siège),Paris Champs-Élysées,En ligne,Horlogerie,2026-05-27,39441.13,EUR,39441.13
TXN003457,CUST01819,USA,Beverly Hills,Événement privé,Joaillerie,2025-01-17,16477.16,USD,15158.99
TXN003458,CUST01819,USA,Beverly Hills,Boutique,Accessoires & Parfums,2025-06-09,1111.77,USD,1022.83
TXN003459,CUST01819,USA,Beverly Hills,Événement privé,Joaillerie,2025-09-17,23114.7,USD,21265.52
TXN003460,CUST01819,USA,Beverly Hills,Événement privé,Accessoires & Parfums,2026-02-02,1162.77,USD,1069.75
TXN003461,CUST01819,USA,Beverly Hills,En ligne,Accessoires & Parfums,2026-05-10,1201.8,USD,1105.65
TXN003462,CUST01820,France (siège),Cannes,En ligne,Joaillerie,2026-01-18,7410.58,EUR,7410.58
TXN003463,CUST01820,France (siège),Cannes,Boutique,Horlogerie,2026-07-01,35551.42,EUR,35551.42
TXN003464,CUST01821,Japon,Tokyo Ginza,Boutique,Horlogerie,2025-05-20,5031430.48,JPY,31194.87
TXN003465,CUST01821,Japon,Tokyo Ginza,Boutique,Accessoires & Parfums,2025-10-15,73032.37,JPY,452.8
TXN003466,CUST01821,Japon,Tokyo Ginza,Boutique,Haute Joaillerie,2026-04-09,13287617.32,JPY,82383.23
TXN003467,CUST01822,Chine,Hong Kong,En ligne,Mariage,2025-08-22,79926.13,CNY,10390.4
TXN003468,CUST01822,Chine,Hong Kong,Boutique,Accessoires & Parfums,2026-01-16,6248.74,CNY,812.34
TXN003469,CUST01822,Chine,Hong Kong,Boutique,Horlogerie,2026-05-11,157220.73,CNY,20438.7
TXN003470,CUST01823,Japon,Tokyo Ginza,Événement privé,Horlogerie,2025-06-30,2855723.4,JPY,17705.49
TXN003471,CUST01823,Japon,Tokyo Ginza,Événement privé,Joaillerie,2025-11-15,2641659.91,JPY,16378.29
TXN003472,CUST01823,Japon,Tokyo Ginza,Boutique,Joaillerie,2026-03-04,2982294.38,JPY,18490.23
TXN003473,CUST01823,Japon,Tokyo Ginza,En ligne,Mariage,2026-06-04,2617039.27,JPY,16225.64
TXN003474,CUST01824,Chine,Pékin,En ligne,Horlogerie,2026-04-14,109928.87,CNY,14290.75
TXN003475,CUST01825,Chine,Pékin,Boutique,Accessoires & Parfums,2026-02-10,10073.08,CNY,1309.5
TXN003476,CUST01825,Chine,Pékin,Boutique,Accessoires & Parfums,2026-06-19,8102.71,CNY,1053.35
TXN003477,CUST01826,USA,Bal Harbour,Boutique,Joaillerie,2025-02-27,14425.55,USD,13271.5
TXN003478,CUST01826,USA,Bal Harbour,En ligne,Accessoires & Parfums,2025-07-21,831.23,USD,764.73
TXN003479,CUST01826,USA,Bal Harbour,Boutique,Joaillerie,2025-12-04,33180.3,USD,30525.88
TXN003480,CUST01826,USA,Bal Harbour,En ligne,Joaillerie,2026-03-25,27527.48,USD,25325.28
TXN003481,CUST01826,USA,Bal Harbour,Boutique,Accessoires & Parfums,2026-07-29,1168.28,USD,1074.82
TXN003482,CUST01827,Chine,Pékin,En ligne,Horlogerie,2026-02-01,353379.74,CNY,45939.37
TXN003483,CUST01827,Chine,Pékin,Boutique,Accessoires & Parfums,2026-07-01,8107.06,CNY,1053.92
TXN003484,CUST01828,USA,Bal Harbour,Boutique,Accessoires & Parfums,2026-02-19,677.18,USD,623.01
TXN003485,CUST01829,USA,New York 5th Ave,Boutique,Joaillerie,2026-01-11,15823.23,USD,14557.38
TXN003486,CUST01829,USA,New York 5th Ave,Événement privé,Joaillerie,2026-06-24,10955.36,USD,10078.93
TXN003487,CUST01832,USA,Beverly Hills,En ligne,Joaillerie,2025-04-08,13236.04,USD,12177.16
TXN003488,CUST01833,France (siège),Cannes,Boutique,Joaillerie,2025-12-11,15989.92,EUR,15989.92
TXN003489,CUST01833,France (siège),Cannes,Événement privé,Joaillerie,2026-06-20,9427.15,EUR,9427.15
TXN003490,CUST01834,Chine,Pékin,En ligne,Accessoires & Parfums,2026-03-25,7046.02,CNY,915.98
TXN003491,CUST01835,France (siège),Cannes,En ligne,Joaillerie,2025-05-19,29580.96,EUR,29580.96
TXN003492,CUST01835,France (siège),Cannes,Événement privé,Mariage,2025-08-24,20704.11,EUR,20704.11
TXN003493,CUST01835,France (siège),Cannes,Boutique,Accessoires & Parfums,2025-12-17,1687.05,EUR,1687.05
TXN003494,CUST01835,France (siège),Cannes,Boutique,Mariage,2026-05-04,18501.96,EUR,18501.96
TXN003495,CUST01836,France (siège),Cannes,En ligne,Accessoires & Parfums,2025-06-12,898.93,EUR,898.93
TXN003496,CUST01837,USA,Bal Harbour,En ligne,Joaillerie,2026-03-23,29369.34,USD,27019.79
TXN003497,CUST01837,USA,Bal Harbour,Boutique,Joaillerie,2026-07-30,7556.5,USD,6951.98
TXN003498,CUST01838,Japon,Osaka,En ligne,Accessoires & Parfums,2025-11-29,111535.16,JPY,691.52
TXN003499,CUST01838,Japon,Osaka,Événement privé,Joaillerie,2026-05-13,3254277.08,JPY,20176.52
TXN003500,CUST01839,Moyen-Orient,Dubaï Mall,Boutique,Horlogerie,2025-03-22,63207.02,AED,15801.75
TXN003501,CUST01840,Japon,Osaka,En ligne,Joaillerie,2025-02-11,2922277.65,JPY,18118.12
TXN003502,CUST01840,Japon,Osaka,Événement privé,Joaillerie,2025-07-19,3450025.61,JPY,21390.16
TXN003503,CUST01841,USA,Bal Harbour,En ligne,Horlogerie,2025-08-01,32649.48,USD,30037.52
TXN003504,CUST01842,Japon,Osaka,Boutique,Accessoires & Parfums,2026-06-26,115588.07,JPY,716.65
TXN003505,CUST01844,Chine,Pékin,Boutique,Joaillerie,2025-07-02,85120.11,CNY,11065.61
TXN003506,CUST01844,Chine,Pékin,En ligne,Accessoires & Parfums,2025-12-14,8328.42,CNY,1082.7
TXN003507,CUST01844,Chine,Pékin,En ligne,Accessoires & Parfums,2026-05-22,7734.26,CNY,1005.45
TXN003508,CUST01845,Chine,Hong Kong,Boutique,Joaillerie,2025-06-16,142367.8,CNY,18507.81
TXN003509,CUST01845,Chine,Hong Kong,Boutique,Accessoires & Parfums,2025-12-27,8281.04,CNY,1076.54
TXN003510,CUST01845,Chine,Hong Kong,En ligne,Joaillerie,2026-06-22,102435.86,CNY,13316.66
TXN003511,CUST01846,USA,New York 5th Ave,Boutique,Joaillerie,2025-08-05,12255.65,USD,11275.2
TXN003512,CUST01846,USA,New York 5th Ave,Boutique,Mariage,2025-12-28,14701.2,USD,13525.11
TXN003513,CUST01847,Chine,Hong Kong,En ligne,Haute Joaillerie,2026-03-27,740067.0,CNY,96208.71
TXN003514,CUST01848,Japon,Tokyo Ginza,Boutique,Haute Joaillerie,2026-01-11,12727969.45,JPY,78913.41
TXN003515,CUST01848,Japon,Tokyo Ginza,Événement privé,Horlogerie,2026-05-25,3516782.82,JPY,21804.05
TXN003516,CUST01849,USA,Beverly Hills,En ligne,Horlogerie,2025-06-05,39364.83,USD,36215.65
TXN003517,CUST01849,USA,Beverly Hills,Boutique,Accessoires & Parfums,2025-11-08,1099.45,USD,1011.49
TXN003518,CUST01849,USA,Beverly Hills,Boutique,Haute Joaillerie,2026-02-25,161738.66,USD,148799.57
TXN003519,CUST01850,USA,Bal Harbour,Événement privé,Joaillerie,2026-03-22,25057.16,USD,23052.59
TXN003520,CUST01851,Moyen-Orient,Abu Dhabi,En ligne,Joaillerie,2025-01-01,48143.82,AED,12035.96
TXN003521,CUST01852,Chine,Hong Kong,Boutique,Accessoires & Parfums,2025-05-28,9212.14,CNY,1197.58
TXN003522,CUST01852,Chine,Hong Kong,Boutique,Accessoires & Parfums,2025-10-13,5832.11,CNY,758.17
TXN003523,CUST01852,Chine,Hong Kong,En ligne,Mariage,2026-03-17,73952.91,CNY,9613.88
TXN003524,CUST01853,France (siège),Paris Vendôme,Boutique,Accessoires & Parfums,2026-07-24,820.55,EUR,820.55
TXN003525,CUST01854,USA,New York 5th Ave,Boutique,Accessoires & Parfums,2025-11-08,1222.86,USD,1125.03
TXN003526,CUST01854,USA,New York 5th Ave,Boutique,Horlogerie,2026-03-27,38831.8,USD,35725.25
TXN003527,CUST01855,Moyen-Orient,Abu Dhabi,Boutique,Joaillerie,2026-04-06,109831.11,AED,27457.78
TXN003528,CUST01856,Chine,Hong Kong,Boutique,Accessoires & Parfums,2026-05-19,10250.84,CNY,1332.61
TXN003529,CUST01857,Chine,Shanghai,En ligne,Horlogerie,2026-03-04,159953.64,CNY,20793.97
TXN003530,CUST01858,Japon,Osaka,Événement privé,Mariage,2025-12-22,3450109.44,JPY,21390.68
TXN003531,CUST01858,Japon,Osaka,En ligne,Mariage,2026-05-29,1965275.21,JPY,12184.71
TXN003532,CUST01859,Moyen-Orient,Dubaï Mall,En ligne,Mariage,2025-04-09,57273.49,AED,14318.37
TXN003533,CUST01859,Moyen-Orient,Dubaï Mall,Boutique,Accessoires & Parfums,2025-09-13,2817.38,AED,704.35
TXN003534,CUST01859,Moyen-Orient,Dubaï Mall,En ligne,Accessoires & Parfums,2026-03-27,3246.34,AED,811.58
TXN003535,CUST01860,France (siège),Paris Vendôme,Boutique,Joaillerie,2025-08-02,13565.56,EUR,13565.56
TXN003536,CUST01860,France (siège),Paris Vendôme,Boutique,Joaillerie,2026-01-13,11201.92,EUR,11201.92
TXN003537,CUST01860,France (siège),Paris Vendôme,Boutique,Joaillerie,2026-07-30,12868.07,EUR,12868.07
TXN003538,CUST01861,Chine,Shanghai,Boutique,Horlogerie,2026-04-08,286119.32,CNY,37195.51
TXN003539,CUST01862,Chine,Hong Kong,Boutique,Haute Joaillerie,2025-08-01,934196.94,CNY,121445.6
TXN003540,CUST01862,Chine,Hong Kong,En ligne,Haute Joaillerie,2025-11-25,1130207.57,CNY,146926.98
TXN003541,CUST01862,Chine,Hong Kong,Événement privé,Accessoires & Parfums,2026-04-05,9417.43,CNY,1224.27
TXN003542,CUST01863,Moyen-Orient,Abu Dhabi,En ligne,Accessoires & Parfums,2025-04-08,4532.09,AED,1133.02
TXN003543,CUST01863,Moyen-Orient,Abu Dhabi,Boutique,Accessoires & Parfums,2025-10-02,3862.2,AED,965.55
TXN003544,CUST01863,Moyen-Orient,Abu Dhabi,Boutique,Accessoires & Parfums,2026-03-29,3650.97,AED,912.74
TXN003545,CUST01864,USA,Bal Harbour,Boutique,Accessoires & Parfums,2026-02-20,776.37,USD,714.26
TXN003546,CUST01864,USA,Bal Harbour,Événement privé,Joaillerie,2026-07-30,14712.31,USD,13535.32
TXN003547,CUST01865,Chine,Pékin,Boutique,Joaillerie,2026-03-17,147309.52,CNY,19150.24
TXN003548,CUST01866,USA,Bal Harbour,Boutique,Joaillerie,2025-03-30,19314.77,USD,17769.59
TXN003549,CUST01867,Japon,Tokyo Ginza,Boutique,Accessoires & Parfums,2025-02-28,263533.11,JPY,1633.91
TXN003550,CUST01867,Japon,Tokyo Ginza,Événement privé,Joaillerie,2025-05-05,3493445.2,JPY,21659.36
TXN003551,CUST01867,Japon,Tokyo Ginza,Boutique,Accessoires & Parfums,2025-08-11,173390.3,JPY,1075.02
TXN003552,CUST01867,Japon,Tokyo Ginza,Boutique,Joaillerie,2025-10-20,6707623.27,JPY,41587.26
TXN003553,CUST01867,Japon,Tokyo Ginza,Événement privé,Joaillerie,2025-12-20,7419181.02,JPY,45998.92
TXN003554,CUST01867,Japon,Tokyo Ginza,Événement privé,Mariage,2026-03-11,3732839.94,JPY,23143.61
TXN003555,CUST01867,Japon,Tokyo Ginza,Boutique,Joaillerie,2026-05-13,2491532.74,JPY,15447.5
TXN003556,CUST01868,USA,Bal Harbour,En ligne,Accessoires & Parfums,2026-01-06,959.19,USD,882.45
TXN003557,CUST01869,France (siège),Cannes,Boutique,Joaillerie,2026-03-03,19605.07,EUR,19605.07
TXN003558,CUST01869,France (siège),Cannes,En ligne,Joaillerie,2026-07-11,15749.18,EUR,15749.18
TXN003559,CUST01870,Moyen-Orient,Abu Dhabi,Événement privé,Accessoires & Parfums,2025-11-22,2097.09,AED,524.27
TXN003560,CUST01870,Moyen-Orient,Abu Dhabi,En ligne,Accessoires & Parfums,2026-05-08,3277.98,AED,819.5
TXN003561,CUST01871,USA,Bal Harbour,Boutique,Joaillerie,2026-05-09,16569.66,USD,15244.09
TXN003562,CUST01872,Chine,Shanghai,En ligne,Accessoires & Parfums,2025-04-13,6269.91,CNY,815.09
TXN003563,CUST01872,Chine,Shanghai,Boutique,Accessoires & Parfums,2025-09-22,5107.48,CNY,663.97
TXN003564,CUST01872,Chine,Shanghai,En ligne,Horlogerie,2026-03-08,227964.24,CNY,29635.35
TXN003565,CUST01873,USA,Beverly Hills,Boutique,Accessoires & Parfums,2026-04-01,1050.47,USD,966.43
TXN003566,CUST01874,USA,New York 5th Ave,En ligne,Accessoires & Parfums,2025-03-18,703.76,USD,647.46
TXN003567,CUST01874,USA,New York 5th Ave,En ligne,Mariage,2025-10-08,10447.73,USD,9611.91
TXN003568,CUST01874,USA,New York 5th Ave,Boutique,Horlogerie,2026-03-12,34230.58,USD,31492.14
TXN003569,CUST01875,USA,Bal Harbour,Boutique,Joaillerie,2026-03-19,20163.56,USD,18550.48
TXN003570,CUST01875,USA,Bal Harbour,En ligne,Mariage,2026-06-22,16484.1,USD,15165.38
TXN003571,CUST01876,USA,New York 5th Ave,En ligne,Accessoires & Parfums,2025-09-01,852.55,USD,784.35
TXN003572,CUST01876,USA,New York 5th Ave,Boutique,Accessoires & Parfums,2026-02-23,303.64,USD,279.35
TXN003573,CUST01877,USA,Beverly Hills,Boutique,Joaillerie,2025-09-24,12531.29,USD,11528.79
TXN003574,CUST01877,USA,Beverly Hills,Événement privé,Mariage,2026-03-27,7576.12,USD,6970.03
TXN003575,CUST01878,France (siège),Cannes,Boutique,Accessoires & Parfums,2026-04-17,784.06,EUR,784.06
TXN003576,CUST01879,France (siège),Cannes,En ligne,Joaillerie,2026-06-03,13309.47,EUR,13309.47
TXN003577,CUST01880,Moyen-Orient,Abu Dhabi,Boutique,Accessoires & Parfums,2026-03-20,3221.61,AED,805.4
TXN003578,CUST01881,Moyen-Orient,Dubaï Mall,En ligne,Horlogerie,2025-03-05,137241.52,AED,34310.38
TXN003579,CUST01882,France (siège),Paris Vendôme,Boutique,Joaillerie,2026-02-17,19218.78,EUR,19218.78
TXN003580,CUST01882,France (siège),Paris Vendôme,Boutique,Accessoires & Parfums,2026-07-16,799.53,EUR,799.53
TXN003581,CUST01883,Chine,Hong Kong,En ligne,Accessoires & Parfums,2025-08-11,6442.17,CNY,837.48
TXN003582,CUST01883,Chine,Hong Kong,Boutique,Accessoires & Parfums,2026-01-14,9943.91,CNY,1292.71
TXN003583,CUST01883,Chine,Hong Kong,Boutique,Joaillerie,2026-06-07,92949.24,CNY,12083.4
TXN003584,CUST01884,France (siège),Paris Vendôme,Boutique,Mariage,2026-03-19,11085.41,EUR,11085.41
TXN003585,CUST01885,Japon,Tokyo Ginza,Boutique,Accessoires & Parfums,2026-07-30,198667.74,JPY,1231.74
TXN003586,CUST01887,Chine,Shanghai,Événement privé,Joaillerie,2025-06-19,93290.89,CNY,12127.82
TXN003587,CUST01887,Chine,Shanghai,En ligne,Accessoires & Parfums,2026-01-21,8377.14,CNY,1089.03
TXN003588,CUST01887,Chine,Shanghai,En ligne,Accessoires & Parfums,2026-07-08,7740.5,CNY,1006.26
TXN003589,CUST01888,Chine,Shanghai,Événement privé,Joaillerie,2026-06-29,169841.97,CNY,22079.46
TXN003590,CUST01889,Chine,Shanghai,En ligne,Accessoires & Parfums,2026-05-29,6260.84,CNY,813.91
TXN003591,CUST01890,Moyen-Orient,Dubaï Mall,Événement privé,Accessoires & Parfums,2025-01-16,4564.03,AED,1141.01
TXN003592,CUST01890,Moyen-Orient,Dubaï Mall,En ligne,Joaillerie,2025-05-18,82134.86,AED,20533.71
TXN003593,CUST01891,Chine,Hong Kong,Boutique,Accessoires & Parfums,2025-03-17,3318.03,CNY,431.34
TXN003594,CUST01891,Chine,Hong Kong,Boutique,Accessoires & Parfums,2025-09-21,5689.33,CNY,739.61
TXN003595,CUST01891,Chine,Hong Kong,Boutique,Accessoires & Parfums,2026-03-12,5828.42,CNY,757.69
TXN003596,CUST01892,Moyen-Orient,Dubaï Mall,Boutique,Accessoires & Parfums,2025-08-19,2745.58,AED,686.4
TXN003597,CUST01892,Moyen-Orient,Dubaï Mall,Boutique,Joaillerie,2026-02-06,52878.26,AED,13219.57
TXN003598,CUST01892,Moyen-Orient,Dubaï Mall,En ligne,Accessoires & Parfums,2026-07-30,3124.92,AED,781.23
TXN003599,CUST01893,Chine,Shanghai,Boutique,Accessoires & Parfums,2026-01-12,4156.83,CNY,540.39
TXN003600,CUST01893,Chine,Shanghai,Boutique,Mariage,2026-05-04,79551.27,CNY,10341.66
TXN003601,CUST01894,Moyen-Orient,Abu Dhabi,En ligne,Accessoires & Parfums,2025-12-27,3625.84,AED,906.46
TXN003602,CUST01894,Moyen-Orient,Abu Dhabi,Boutique,Accessoires & Parfums,2026-05-12,3081.62,AED,770.41
TXN003603,CUST01895,Moyen-Orient,Abu Dhabi,En ligne,Accessoires & Parfums,2025-02-28,2905.4,AED,726.35
TXN003604,CUST01895,Moyen-Orient,Abu Dhabi,En ligne,Horlogerie,2025-08-15,122072.76,AED,30518.19
TXN003605,CUST01896,Japon,Osaka,En ligne,Mariage,2025-05-08,1781267.64,JPY,11043.86
TXN003606,CUST01896,Japon,Osaka,Boutique,Joaillerie,2025-10-16,2657535.54,JPY,16476.72
TXN003607,CUST01896,Japon,Osaka,Événement privé,Accessoires & Parfums,2026-03-11,89522.29,JPY,555.04
TXN003608,CUST01896,Japon,Osaka,Boutique,Joaillerie,2026-07-13,1930581.61,JPY,11969.61
TXN003609,CUST01897,Moyen-Orient,Abu Dhabi,Boutique,Joaillerie,2025-03-03,35615.06,AED,8903.77
TXN003610,CUST01897,Moyen-Orient,Abu Dhabi,Boutique,Joaillerie,2025-10-01,78911.79,AED,19727.95
TXN003611,CUST01897,Moyen-Orient,Abu Dhabi,Boutique,Joaillerie,2026-03-10,31262.67,AED,7815.67
TXN003612,CUST01898,Chine,Pékin,En ligne,Mariage,2026-07-30,93927.02,CNY,12210.51
TXN003613,CUST01899,USA,Beverly Hills,En ligne,Mariage,2025-03-08,10749.86,USD,9889.87
TXN003614,CUST01899,USA,Beverly Hills,Boutique,Joaillerie,2025-08-03,25123.24,USD,23113.38
TXN003615,CUST01899,USA,Beverly Hills,Événement privé,Mariage,2026-01-04,13912.23,USD,12799.25
TXN003616,CUST01899,USA,Beverly Hills,Boutique,Accessoires & Parfums,2026-06-18,1141.05,USD,1049.77
TXN003617,CUST01900,Chine,Hong Kong,Boutique,Accessoires & Parfums,2026-04-23,6134.64,CNY,797.5
TXN003618,CUST01901,USA,New York 5th Ave,Boutique,Joaillerie,2026-05-11,8922.67,USD,8208.86
TXN003619,CUST01902,Japon,Tokyo Ginza,En ligne,Accessoires & Parfums,2025-05-12,102717.09,JPY,636.85
TXN003620,CUST01902,Japon,Tokyo Ginza,Événement privé,Joaillerie,2025-11-19,1769456.53,JPY,10970.63
TXN003621,CUST01902,Japon,Tokyo Ginza,Boutique,Joaillerie,2026-04-12,2785319.53,JPY,17268.98
TXN003622,CUST01903,France (siège),Paris Vendôme,Boutique,Mariage,2026-06-09,8717.09,EUR,8717.09
TXN003623,CUST01904,Chine,Shanghai,En ligne,Joaillerie,2026-06-27,78486.08,CNY,10203.19
TXN003624,CUST01905,France (siège),Cannes,Boutique,Haute Joaillerie,2025-07-30,96147.19,EUR,96147.19
TXN003625,CUST01906,Chine,Pékin,Événement privé,Joaillerie,2025-04-20,115128.3,CNY,14966.68
TXN003626,CUST01906,Chine,Pékin,Boutique,Accessoires & Parfums,2025-10-03,3039.51,CNY,395.14
TXN003627,CUST01906,Chine,Pékin,Boutique,Horlogerie,2026-02-24,270485.88,CNY,35163.16
TXN003628,CUST01906,Chine,Pékin,Boutique,Accessoires & Parfums,2026-07-29,7255.01,CNY,943.15
TXN003629,CUST01907,Japon,Osaka,En ligne,Accessoires & Parfums,2025-10-27,185160.38,JPY,1147.99
TXN003630,CUST01907,Japon,Osaka,Événement privé,Joaillerie,2025-12-26,4018177.83,JPY,24912.7
TXN003631,CUST01907,Japon,Osaka,Boutique,Joaillerie,2026-04-21,4292797.8,JPY,26615.35
TXN003632,CUST01908,USA,Bal Harbour,Événement privé,Joaillerie,2025-11-24,14425.72,USD,13271.66
TXN003633,CUST01908,USA,Bal Harbour,Boutique,Mariage,2026-05-04,13045.18,USD,12001.57
TXN003634,CUST01909,USA,New York 5th Ave,Événement privé,Accessoires & Parfums,2025-02-21,768.63,USD,707.14
TXN003635,CUST01909,USA,New York 5th Ave,Boutique,Haute Joaillerie,2025-08-26,86832.64,USD,79886.02
TXN003636,CUST01910,France (siège),Paris Vendôme,En ligne,Haute Joaillerie,2025-09-18,152468.29,EUR,152468.29
TXN003637,CUST01910,France (siège),Paris Vendôme,Boutique,Joaillerie,2026-01-16,24645.39,EUR,24645.39
TXN003638,CUST01910,France (siège),Paris Vendôme,Boutique,Joaillerie,2026-04-30,18868.85,EUR,18868.85
TXN003639,CUST01911,Chine,Hong Kong,Boutique,Horlogerie,2026-02-25,228527.37,CNY,29708.56
TXN003640,CUST01912,Chine,Hong Kong,Boutique,Accessoires & Parfums,2026-05-11,7470.99,CNY,971.23
TXN003641,CUST01913,USA,Bal Harbour,Boutique,Mariage,2025-09-22,19310.09,USD,17765.28
TXN003642,CUST01913,USA,Bal Harbour,Boutique,Mariage,2026-01-20,14744.4,USD,13564.85
TXN003643,CUST01913,USA,Bal Harbour,En ligne,Joaillerie,2026-05-25,13425.93,USD,12351.85
TXN003644,CUST01914,Japon,Osaka,En ligne,Joaillerie,2025-09-30,2648072.09,JPY,16418.05
TXN003645,CUST01915,Chine,Shanghai,En ligne,Horlogerie,2025-04-02,323654.87,CNY,42075.13
TXN003646,CUST01915,Chine,Shanghai,Boutique,Haute Joaillerie,2025-08-20,918864.79,CNY,119452.42
TXN003647,CUST01915,Chine,Shanghai,Boutique,Accessoires & Parfums,2026-01-27,8527.84,CNY,1108.62
TXN003648,CUST01915,Chine,Shanghai,En ligne,Accessoires & Parfums,2026-06-08,7388.5,CNY,960.51
TXN003649,CUST01916,USA,New York 5th Ave,Boutique,Joaillerie,2025-11-16,18639.9,USD,17148.71
TXN003650,CUST01916,USA,New York 5th Ave,Boutique,Joaillerie,2026-04-12,19145.57,USD,17613.93
TXN003651,CUST01917,Moyen-Orient,Dubaï Mall,Boutique,Mariage,2025-05-22,15858.9,AED,3964.73
TXN003652,CUST01917,Moyen-Orient,Dubaï Mall,Boutique,Joaillerie,2025-10-23,45224.11,AED,11306.03
TXN003653,CUST01917,Moyen-Orient,Dubaï Mall,En ligne,Horlogerie,2026-03-12,109348.0,AED,27337.0
TXN003654,CUST01918,Moyen-Orient,Dubaï Mall,Boutique,Joaillerie,2026-06-08,62234.14,AED,15558.54
TXN003655,CUST01919,France (siège),Paris Vendôme,Boutique,Accessoires & Parfums,2025-03-24,962.89,EUR,962.89
TXN003656,CUST01919,France (siège),Paris Vendôme,Boutique,Accessoires & Parfums,2025-08-07,752.02,EUR,752.02
TXN003657,CUST01919,France (siège),Paris Vendôme,Boutique,Haute Joaillerie,2026-01-03,80682.17,EUR,80682.17
TXN003658,CUST01919,France (siège),Paris Vendôme,Boutique,Joaillerie,2026-06-10,19019.52,EUR,19019.52
TXN003659,CUST01920,Chine,Shanghai,En ligne,Horlogerie,2025-03-24,118174.37,CNY,15362.67
TXN003660,CUST01920,Chine,Shanghai,Boutique,Accessoires & Parfums,2025-09-10,5568.36,CNY,723.89
TXN003661,CUST01920,Chine,Shanghai,Boutique,Accessoires & Parfums,2026-02-04,9301.35,CNY,1209.18
TXN003662,CUST01921,France (siège),Cannes,Boutique,Accessoires & Parfums,2026-03-03,526.28,EUR,526.28
TXN003663,CUST01922,USA,Beverly Hills,Boutique,Joaillerie,2026-03-27,18673.03,USD,17179.19
TXN003664,CUST01923,Chine,Pékin,Boutique,Horlogerie,2025-04-07,153809.24,CNY,19995.2
TXN003665,CUST01924,Japon,Tokyo Ginza,Boutique,Joaillerie,2026-05-27,1789662.3,JPY,11095.91
TXN003666,CUST01925,USA,New York 5th Ave,En ligne,Haute Joaillerie,2025-12-25,170411.18,USD,156778.28
TXN003667,CUST01925,USA,New York 5th Ave,Boutique,Mariage,2026-05-23,10441.18,USD,9605.88
TXN003668,CUST01926,Japon,Osaka,Boutique,Accessoires & Parfums,2026-03-24,167126.54,JPY,1036.18
TXN003669,CUST01927,France (siège),Paris Champs-Élysées,Boutique,Joaillerie,2026-07-15,14912.74,EUR,14912.74
TXN003670,CUST01928,Chine,Shanghai,Boutique,Mariage,2026-04-12,112991.3,CNY,14688.87
TXN003671,CUST01929,Chine,Hong Kong,Boutique,Joaillerie,2025-06-24,92311.64,CNY,12000.51
TXN003672,CUST01929,Chine,Hong Kong,Boutique,Joaillerie,2025-12-04,36409.4,CNY,4733.22
TXN003673,CUST01929,Chine,Hong Kong,Boutique,Mariage,2026-06-04,70446.19,CNY,9158.01
TXN003674,CUST01930,USA,Beverly Hills,Boutique,Accessoires & Parfums,2025-06-25,1032.44,USD,949.84
TXN003675,CUST01930,USA,Beverly Hills,Boutique,Accessoires & Parfums,2025-12-28,1279.21,USD,1176.88
TXN003676,CUST01930,USA,Beverly Hills,Boutique,Accessoires & Parfums,2026-05-14,311.92,USD,286.97
TXN003677,CUST01931,USA,New York 5th Ave,Boutique,Haute Joaillerie,2026-03-22,133721.72,USD,123023.98
TXN003678,CUST01931,USA,New York 5th Ave,Boutique,Haute Joaillerie,2026-07-19,162752.95,USD,149732.71
TXN003679,CUST01932,France (siège),Paris Champs-Élysées,Boutique,Accessoires & Parfums,2026-01-16,875.19,EUR,875.19
TXN003680,CUST01933,Moyen-Orient,Dubaï Mall,Boutique,Accessoires & Parfums,2026-07-02,3217.17,AED,804.29
TXN003681,CUST01934,France (siège),Cannes,En ligne,Joaillerie,2026-03-10,13065.28,EUR,13065.28
TXN003682,CUST01934,France (siège),Cannes,Boutique,Mariage,2026-07-21,15649.01,EUR,15649.01
TXN003683,CUST01935,France (siège),Paris Vendôme,En ligne,Joaillerie,2025-08-10,13074.75,EUR,13074.75
TXN003684,CUST01935,France (siège),Paris Vendôme,Boutique,Horlogerie,2025-12-13,48460.11,EUR,48460.11
TXN003685,CUST01935,France (siège),Paris Vendôme,Boutique,Haute Joaillerie,2026-05-03,73721.73,EUR,73721.73
TXN003686,CUST01936,Chine,Pékin,En ligne,Horlogerie,2025-06-23,251762.09,CNY,32729.07
TXN003687,CUST01936,Chine,Pékin,Boutique,Mariage,2025-11-01,113071.99,CNY,14699.36
TXN003688,CUST01936,Chine,Pékin,Boutique,Accessoires & Parfums,2026-04-11,3410.36,CNY,443.35
TXN003689,CUST01937,Moyen-Orient,Dubaï Mall,En ligne,Haute Joaillerie,2025-09-25,370748.53,AED,92687.13
TXN003690,CUST01937,Moyen-Orient,Dubaï Mall,En ligne,Accessoires & Parfums,2026-01-30,2489.07,AED,622.27
TXN003691,CUST01937,Moyen-Orient,Dubaï Mall,Événement privé,Accessoires & Parfums,2026-06-27,5346.91,AED,1336.73
TXN003692,CUST01938,Moyen-Orient,Dubaï Mall,Boutique,Mariage,2026-04-23,27912.31,AED,6978.08
TXN003693,CUST01939,Japon,Osaka,En ligne,Joaillerie,2025-03-30,1561827.61,JPY,9683.33
TXN003694,CUST01939,Japon,Osaka,Boutique,Haute Joaillerie,2025-09-08,16121226.5,JPY,99951.6
TXN003695,CUST01939,Japon,Osaka,Boutique,Joaillerie,2026-03-05,2440064.8,JPY,15128.4
TXN003696,CUST01941,Chine,Hong Kong,Événement privé,Accessoires & Parfums,2025-08-21,5044.83,CNY,655.83
TXN003697,CUST01941,Chine,Hong Kong,Boutique,Accessoires & Parfums,2026-01-25,8689.72,CNY,1129.66
TXN003698,CUST01944,USA,Bal Harbour,Boutique,Accessoires & Parfums,2026-06-08,988.62,USD,909.53
TXN003699,CUST01945,Chine,Pékin,Boutique,Joaillerie,2025-07-31,83590.89,CNY,10866.82
TXN003700,CUST01945,Chine,Pékin,En ligne,Haute Joaillerie,2026-01-07,936475.21,CNY,121741.78
TXN003701,CUST01945,Chine,Pékin,En ligne,Accessoires & Parfums,2026-05-06,5905.71,CNY,767.74
TXN003702,CUST01946,Moyen-Orient,Abu Dhabi,Boutique,Mariage,2025-09-13,33430.77,AED,8357.69
TXN003703,CUST01947,USA,New York 5th Ave,Boutique,Accessoires & Parfums,2026-07-16,922.45,USD,848.65
TXN003704,CUST01948,USA,Beverly Hills,Boutique,Horlogerie,2025-08-29,27525.51,USD,25323.47
TXN003705,CUST01948,USA,Beverly Hills,En ligne,Joaillerie,2026-01-28,17315.53,USD,15930.29
TXN003706,CUST01949,Chine,Shanghai,En ligne,Horlogerie,2025-09-28,168341.3,CNY,21884.37
TXN003707,CUST01949,Chine,Shanghai,Boutique,Joaillerie,2026-03-09,1153.85,CNY,150.0
TXN003708,CUST01950,USA,Bal Harbour,En ligne,Accessoires & Parfums,2025-08-13,759.8,USD,699.01
TXN003709,CUST01951,France (siège),Paris Champs-Élysées,Boutique,Accessoires & Parfums,2025-12-29,1302.49,EUR,1302.49
TXN003710,CUST01951,France (siège),Paris Champs-Élysées,Boutique,Joaillerie,2026-06-09,14417.68,EUR,14417.68
TXN003711,CUST01952,Moyen-Orient,Dubaï Mall,Boutique,Horlogerie,2026-05-29,79687.61,AED,19921.9
TXN003712,CUST01953,France (siège),Paris Champs-Élysées,Boutique,Accessoires & Parfums,2026-05-08,792.86,EUR,792.86
TXN003713,CUST01954,Chine,Shanghai,Boutique,Accessoires & Parfums,2025-09-30,5998.43,CNY,779.8
TXN003714,CUST01954,Chine,Shanghai,En ligne,Horlogerie,2026-03-06,210324.2,CNY,27342.15
TXN003715,CUST01954,Chine,Shanghai,En ligne,Joaillerie,2026-07-31,150020.39,CNY,19502.65
TXN003716,CUST01955,USA,Beverly Hills,Boutique,Accessoires & Parfums,2025-07-10,673.83,USD,619.92
TXN003717,CUST01955,USA,Beverly Hills,En ligne,Accessoires & Parfums,2026-01-10,850.67,USD,782.62
TXN003718,CUST01955,USA,Beverly Hills,Boutique,Joaillerie,2026-05-29,10765.02,USD,9903.82
TXN003719,CUST01956,Japon,Osaka,Boutique,Joaillerie,2025-12-11,2385767.75,JPY,14791.76
TXN003720,CUST01958,USA,Bal Harbour,En ligne,Horlogerie,2025-03-11,14925.82,USD,13731.76
TXN003721,CUST01958,USA,Bal Harbour,En ligne,Horlogerie,2025-08-29,30935.87,USD,28461.0
TXN003722,CUST01958,USA,Bal Harbour,Boutique,Haute Joaillerie,2026-02-20,49506.55,USD,45546.02
TXN003723,CUST01959,Moyen-Orient,Dubaï Mall,Boutique,Joaillerie,2025-10-20,65485.47,AED,16371.37
TXN003724,CUST01959,Moyen-Orient,Dubaï Mall,Boutique,Joaillerie,2026-02-02,55522.48,AED,13880.62
TXN003725,CUST01959,Moyen-Orient,Dubaï Mall,Boutique,Joaillerie,2026-05-11,122199.68,AED,30549.92
TXN003726,CUST01960,Moyen-Orient,Dubaï Mall,En ligne,Joaillerie,2025-08-29,61238.7,AED,15309.68
TXN003727,CUST01960,Moyen-Orient,Dubaï Mall,Boutique,Haute Joaillerie,2025-12-17,422233.41,AED,105558.35
TXN003728,CUST01960,Moyen-Orient,Dubaï Mall,Boutique,Horlogerie,2026-05-31,146962.68,AED,36740.67
TXN003729,CUST01961,USA,New York 5th Ave,En ligne,Accessoires & Parfums,2026-06-07,821.22,USD,755.52
TXN003730,CUST01962,USA,New York 5th Ave,Boutique,Joaillerie,2025-11-23,7484.31,USD,6885.56
TXN003731,CUST01962,USA,New York 5th Ave,En ligne,Horlogerie,2026-06-01,20418.54,USD,18785.06
TXN003732,CUST01964,Moyen-Orient,Dubaï Mall,Boutique,Joaillerie,2026-03-18,79486.82,AED,19871.71
TXN003733,CUST01965,USA,New York 5th Ave,Événement privé,Mariage,2025-11-17,8841.84,USD,8134.49
TXN003734,CUST01965,USA,New York 5th Ave,Événement privé,Accessoires & Parfums,2026-05-05,1039.27,USD,956.13
TXN003735,CUST01966,Japon,Osaka,Boutique,Joaillerie,2026-02-21,2472059.09,JPY,15326.77
TXN003736,CUST01966,Japon,Osaka,Boutique,Horlogerie,2026-06-25,4620828.72,JPY,28649.14
TXN003737,CUST01967,USA,New York 5th Ave,Événement privé,Mariage,2025-05-29,15273.92,USD,14052.01
TXN003738,CUST01967,USA,New York 5th Ave,Boutique,Accessoires & Parfums,2025-10-30,765.42,USD,704.18
TXN003739,CUST01967,USA,New York 5th Ave,Événement privé,Accessoires & Parfums,2026-04-13,1092.69,USD,1005.28
TXN003740,CUST01968,Moyen-Orient,Abu Dhabi,Boutique,Horlogerie,2026-02-26,67553.89,AED,16888.47
TXN003741,CUST01969,France (siège),Cannes,Boutique,Accessoires & Parfums,2025-03-02,963.6,EUR,963.6
TXN003742,CUST01969,France (siège),Cannes,Boutique,Accessoires & Parfums,2025-06-23,948.2,EUR,948.2
TXN003743,CUST01969,France (siège),Cannes,Boutique,Haute Joaillerie,2025-10-25,93202.52,EUR,93202.52
TXN003744,CUST01969,France (siège),Cannes,Boutique,Mariage,2026-05-07,8510.09,EUR,8510.09
TXN003745,CUST01970,Japon,Tokyo Ginza,Boutique,Accessoires & Parfums,2025-04-05,152167.6,JPY,943.44
TXN003746,CUST01970,Japon,Tokyo Ginza,Boutique,Mariage,2025-08-04,1602811.51,JPY,9937.43
TXN003747,CUST01971,Chine,Pékin,Boutique,Accessoires & Parfums,2026-04-05,3532.73,CNY,459.26
TXN003748,CUST01972,Japon,Tokyo Ginza,Boutique,Accessoires & Parfums,2025-09-06,176163.72,JPY,1092.22
TXN003749,CUST01972,Japon,Tokyo Ginza,Événement privé,Haute Joaillerie,2026-01-12,9913480.59,JPY,61463.58
TXN003750,CUST01972,Japon,Tokyo Ginza,En ligne,Accessoires & Parfums,2026-06-30,168177.71,JPY,1042.7
TXN003751,CUST01973,Moyen-Orient,Abu Dhabi,En ligne,Mariage,2026-06-18,49400.21,AED,12350.05
TXN003752,CUST01974,France (siège),Cannes,En ligne,Joaillerie,2025-06-14,17562.3,EUR,17562.3
TXN003753,CUST01974,France (siège),Cannes,Boutique,Horlogerie,2025-11-22,30967.24,EUR,30967.24
TXN003754,CUST01974,France (siège),Cannes,Boutique,Mariage,2026-04-17,12860.8,EUR,12860.8
TXN003755,CUST01975,Japon,Tokyo Ginza,Boutique,Mariage,2026-03-06,2004843.46,JPY,12430.03
TXN003756,CUST01977,France (siège),Cannes,Boutique,Accessoires & Parfums,2025-11-27,614.84,EUR,614.84
TXN003757,CUST01977,France (siège),Cannes,En ligne,Accessoires & Parfums,2026-04-30,869.52,EUR,869.52
TXN003758,CUST01978,Chine,Shanghai,Événement privé,Horlogerie,2026-06-19,248799.09,CNY,32343.88
TXN003759,CUST01979,USA,Beverly Hills,En ligne,Horlogerie,2026-02-23,24476.77,USD,22518.63
TXN003760,CUST01980,Chine,Pékin,Boutique,Joaillerie,2025-04-18,127821.99,CNY,16616.86
TXN003761,CUST01980,Chine,Pékin,Boutique,Joaillerie,2025-08-06,166506.65,CNY,21645.86
TXN003762,CUST01980,Chine,Pékin,Événement privé,Haute Joaillerie,2025-11-14,518683.14,CNY,67428.81
TXN003763,CUST01980,Chine,Pékin,Événement privé,Joaillerie,2026-02-26,263501.47,CNY,34255.19
TXN003764,CUST01981,Japon,Osaka,Boutique,Accessoires & Parfums,2026-01-14,97966.78,JPY,607.39
TXN003765,CUST01981,Japon,Osaka,Boutique,Horlogerie,2026-05-22,4145058.14,JPY,25699.36
TXN003766,CUST01982,USA,Beverly Hills,Boutique,Accessoires & Parfums,2026-02-19,843.69,USD,776.19
TXN003767,CUST01982,USA,Beverly Hills,En ligne,Horlogerie,2026-06-22,3995.54,USD,3675.9
TXN003768,CUST01983,France (siège),Cannes,Boutique,Joaillerie,2025-04-08,12058.2,EUR,12058.2
TXN003769,CUST01983,France (siège),Cannes,Boutique,Joaillerie,2025-08-25,17612.98,EUR,17612.98
TXN003770,CUST01983,France (siège),Cannes,Boutique,Joaillerie,2025-12-24,28359.83,EUR,28359.83
TXN003771,CUST01983,France (siège),Cannes,En ligne,Haute Joaillerie,2026-04-25,83798.16,EUR,83798.16
TXN003772,CUST01984,France (siège),Paris Champs-Élysées,Boutique,Joaillerie,2026-01-06,11713.91,EUR,11713.91
TXN003773,CUST01984,France (siège),Paris Champs-Élysées,En ligne,Joaillerie,2026-06-09,12711.56,EUR,12711.56
TXN003774,CUST01985,Japon,Osaka,Boutique,Accessoires & Parfums,2025-05-29,187228.21,JPY,1160.81
TXN003775,CUST01985,Japon,Osaka,En ligne,Accessoires & Parfums,2025-12-01,200153.38,JPY,1240.95
TXN003776,CUST01985,Japon,Osaka,Boutique,Haute Joaillerie,2026-06-08,20925793.94,JPY,129739.92
TXN003777,CUST01986,USA,Bal Harbour,Boutique,Accessoires & Parfums,2026-06-06,592.19,USD,544.82
TXN003778,CUST01987,USA,Bal Harbour,En ligne,Accessoires & Parfums,2025-07-04,845.3,USD,777.68
TXN003779,CUST01987,USA,Bal Harbour,En ligne,Joaillerie,2025-12-22,39856.73,USD,36668.19
TXN003780,CUST01987,USA,Bal Harbour,Boutique,Accessoires & Parfums,2026-05-17,813.21,USD,748.16
TXN003781,CUST01988,Chine,Pékin,Boutique,Joaillerie,2025-08-20,107251.68,CNY,13942.72
TXN003782,CUST01989,Moyen-Orient,Abu Dhabi,Événement privé,Mariage,2026-06-13,33954.93,AED,8488.73
TXN003783,CUST01990,Moyen-Orient,Dubaï Mall,En ligne,Joaillerie,2026-06-19,110579.09,AED,27644.77
TXN003784,CUST01991,USA,New York 5th Ave,Événement privé,Haute Joaillerie,2025-10-11,106521.7,USD,97999.96
TXN003785,CUST01991,USA,New York 5th Ave,Boutique,Accessoires & Parfums,2026-03-04,1058.32,USD,973.65
TXN003786,CUST01991,USA,New York 5th Ave,Boutique,Joaillerie,2026-07-26,22953.67,USD,21117.38
TXN003787,CUST01992,USA,New York 5th Ave,Boutique,Mariage,2025-05-02,12157.64,USD,11185.03
TXN003788,CUST01992,USA,New York 5th Ave,Boutique,Joaillerie,2025-10-25,12324.82,USD,11338.84
TXN003789,CUST01993,France (siège),Paris Vendôme,Boutique,Joaillerie,2025-06-29,14778.82,EUR,14778.82
TXN003790,CUST01993,France (siège),Paris Vendôme,Boutique,Accessoires & Parfums,2025-12-09,985.19,EUR,985.19
TXN003791,CUST01993,France (siège),Paris Vendôme,En ligne,Accessoires & Parfums,2026-06-05,432.12,EUR,432.12
TXN003792,CUST01994,Japon,Tokyo Ginza,En ligne,Accessoires & Parfums,2026-05-29,191031.81,JPY,1184.4
TXN003793,CUST01995,Moyen-Orient,Abu Dhabi,Boutique,Horlogerie,2025-05-21,139905.11,AED,34976.28
TXN003794,CUST01995,Moyen-Orient,Abu Dhabi,Boutique,Mariage,2025-10-15,34622.18,AED,8655.54
TXN003795,CUST01995,Moyen-Orient,Abu Dhabi,Boutique,Accessoires & Parfums,2026-03-23,3505.93,AED,876.48
TXN003796,CUST01996,USA,Bal Harbour,Boutique,Accessoires & Parfums,2025-07-06,834.2,USD,767.47
TXN003797,CUST01996,USA,Bal Harbour,Événement privé,Accessoires & Parfums,2025-12-18,1834.24,USD,1687.5
TXN003798,CUST01996,USA,Bal Harbour,Événement privé,Accessoires & Parfums,2026-05-09,1212.65,USD,1115.64
TXN003799,CUST01997,Chine,Pékin,Boutique,Horlogerie,2026-07-01,156463.63,CNY,20340.27
TXN003800,CUST01998,Chine,Shanghai,En ligne,Accessoires & Parfums,2025-04-19,8578.83,CNY,1115.25
TXN003801,CUST01998,Chine,Shanghai,En ligne,Accessoires & Parfums,2025-08-18,5668.36,CNY,736.89
TXN003802,CUST01998,Chine,Shanghai,Boutique,Accessoires & Parfums,2026-01-15,8402.09,CNY,1092.27
TXN003803,CUST01998,Chine,Shanghai,Événement privé,Joaillerie,2026-07-01,144081.92,CNY,18730.65
TXN003804,CUST01999,USA,Bal Harbour,Événement privé,Horlogerie,2025-10-22,32544.31,USD,29940.76
TXN003805,CUST01999,USA,Bal Harbour,Événement privé,Joaillerie,2026-05-09,16410.86,USD,15097.99
TXN003806,CUST02000,USA,Beverly Hills,Boutique,Joaillerie,2026-01-20,16992.56,USD,15633.16
TXN003807,CUST02000,USA,Beverly Hills,En ligne,Horlogerie,2026-07-05,25292.54,USD,23269.13
TXN003808,CUST02001,Japon,Osaka,Boutique,Accessoires & Parfums,2026-04-08,168554.88,JPY,1045.04
TXN003809,CUST02003,USA,New York 5th Ave,Boutique,Horlogerie,2026-04-19,33537.54,USD,30854.54
TXN003810,CUST02003,USA,New York 5th Ave,Boutique,Joaillerie,2026-07-26,21299.6,USD,19595.63
TXN003811,CUST02004,France (siège),Cannes,En ligne,Joaillerie,2026-01-24,9948.65,EUR,9948.65
TXN003812,CUST02005,Moyen-Orient,Dubaï Mall,Événement privé,Mariage,2026-03-18,59971.29,AED,14992.82
TXN003813,CUST02005,Moyen-Orient,Dubaï Mall,En ligne,Horlogerie,2026-07-30,115841.13,AED,28960.28
TXN003814,CUST02006,USA,Beverly Hills,Boutique,Joaillerie,2025-09-25,22508.63,USD,20707.94
TXN003815,CUST02006,USA,Beverly Hills,Boutique,Accessoires & Parfums,2026-02-27,752.43,USD,692.23
TXN003816,CUST02007,Chine,Shanghai,Boutique,Haute Joaillerie,2026-05-28,571561.34,CNY,74302.97
TXN003817,CUST02009,USA,Bal Harbour,Boutique,Accessoires & Parfums,2026-05-05,1045.86,USD,962.19
TXN003818,CUST02011,France (siège),Paris Vendôme,Boutique,Joaillerie,2026-07-14,6949.18,EUR,6949.18
TXN003819,CUST02012,Moyen-Orient,Abu Dhabi,En ligne,Accessoires & Parfums,2026-07-12,2868.93,AED,717.23
TXN003820,CUST02013,USA,Bal Harbour,Boutique,Accessoires & Parfums,2025-04-02,696.74,USD,641.0
TXN003821,CUST02013,USA,Bal Harbour,Événement privé,Joaillerie,2025-10-01,14076.93,USD,12950.77
TXN003822,CUST02013,USA,Bal Harbour,Événement privé,Joaillerie,2026-03-14,18234.51,USD,16775.75
TXN003823,CUST02014,Moyen-Orient,Dubaï Mall,En ligne,Accessoires & Parfums,2025-09-01,4381.54,AED,1095.39
TXN003824,CUST02014,Moyen-Orient,Dubaï Mall,Boutique,Joaillerie,2026-03-01,27782.17,AED,6945.54
TXN003825,CUST02015,Chine,Pékin,Boutique,Accessoires & Parfums,2026-01-30,10065.89,CNY,1308.57
TXN003826,CUST02015,Chine,Pékin,Boutique,Accessoires & Parfums,2026-06-15,4665.05,CNY,606.46
TXN003827,CUST02016,Moyen-Orient,Dubaï Mall,Boutique,Accessoires & Parfums,2025-04-15,2163.4,AED,540.85
TXN003828,CUST02016,Moyen-Orient,Dubaï Mall,Boutique,Joaillerie,2025-08-08,107663.64,AED,26915.91
TXN003829,CUST02016,Moyen-Orient,Dubaï Mall,Événement privé,Accessoires & Parfums,2026-01-26,3960.05,AED,990.01
TXN003830,CUST02017,Japon,Tokyo Ginza,Boutique,Horlogerie,2026-04-10,6100334.39,JPY,37822.07
TXN003831,CUST02018,Chine,Hong Kong,Boutique,Joaillerie,2025-07-28,33276.95,CNY,4326.0
TXN003832,CUST02018,Chine,Hong Kong,En ligne,Joaillerie,2025-12-06,136846.33,CNY,17790.02
TXN003833,CUST02018,Chine,Hong Kong,Boutique,Accessoires & Parfums,2026-04-09,10763.88,CNY,1399.3
TXN003834,CUST02019,Japon,Tokyo Ginza,Boutique,Accessoires & Parfums,2025-11-10,93579.61,JPY,580.19
TXN003835,CUST02019,Japon,Tokyo Ginza,Événement privé,Accessoires & Parfums,2026-04-12,131274.43,JPY,813.9
TXN003836,CUST02020,France (siège),Cannes,Boutique,Mariage,2026-07-06,10582.84,EUR,10582.84
TXN003837,CUST02021,France (siège),Cannes,Événement privé,Joaillerie,2025-06-22,16055.6,EUR,16055.6
TXN003838,CUST02021,France (siège),Cannes,Boutique,Accessoires & Parfums,2025-12-22,728.54,EUR,728.54
TXN003839,CUST02021,France (siège),Cannes,En ligne,Accessoires & Parfums,2026-06-09,660.52,EUR,660.52
TXN003840,CUST02022,France (siège),Paris Champs-Élysées,En ligne,Accessoires & Parfums,2026-01-03,1021.19,EUR,1021.19
TXN003841,CUST02022,France (siège),Paris Champs-Élysées,Boutique,Joaillerie,2026-05-20,7570.49,EUR,7570.49
TXN003842,CUST02023,Moyen-Orient,Dubaï Mall,Boutique,Accessoires & Parfums,2025-02-09,2957.58,AED,739.39
TXN003843,CUST02023,Moyen-Orient,Dubaï Mall,Boutique,Accessoires & Parfums,2025-07-10,2636.99,AED,659.25
TXN003844,CUST02023,Moyen-Orient,Dubaï Mall,Boutique,Accessoires & Parfums,2026-01-03,3875.9,AED,968.98
TXN003845,CUST02023,Moyen-Orient,Dubaï Mall,Boutique,Joaillerie,2026-07-02,65221.39,AED,16305.35
TXN003846,CUST02024,USA,Beverly Hills,En ligne,Joaillerie,2025-05-20,13411.51,USD,12338.59
TXN003847,CUST02024,USA,Beverly Hills,En ligne,Joaillerie,2025-11-14,16827.64,USD,15481.43
TXN003848,CUST02024,USA,Beverly Hills,Boutique,Horlogerie,2026-05-16,22977.86,USD,21139.63
TXN003849,CUST02025,France (siège),Paris Vendôme,En ligne,Mariage,2025-08-22,12458.81,EUR,12458.81
TXN003850,CUST02025,France (siège),Paris Vendôme,Boutique,Horlogerie,2026-02-03,26599.17,EUR,26599.17
TXN003851,CUST02025,France (siège),Paris Vendôme,En ligne,Mariage,2026-07-17,7668.96,EUR,7668.96
TXN003852,CUST02026,France (siège),Paris Vendôme,Boutique,Joaillerie,2025-10-09,17537.2,EUR,17537.2
TXN003853,CUST02026,France (siège),Paris Vendôme,En ligne,Joaillerie,2026-04-09,14035.34,EUR,14035.34
TXN003854,CUST02027,Moyen-Orient,Dubaï Mall,En ligne,Joaillerie,2026-02-22,43277.98,AED,10819.49
TXN003855,CUST02028,Chine,Pékin,En ligne,Accessoires & Parfums,2025-08-07,5508.07,CNY,716.05
TXN003856,CUST02028,Chine,Pékin,Boutique,Accessoires & Parfums,2026-02-13,5859.25,CNY,761.7
TXN003857,CUST02029,Japon,Osaka,Boutique,Accessoires & Parfums,2026-07-25,136031.42,JPY,843.39
TXN003858,CUST02030,France (siège),Paris Champs-Élysées,Boutique,Joaillerie,2026-02-26,16950.19,EUR,16950.19
TXN003859,CUST02031,France (siège),Paris Champs-Élysées,Événement privé,Accessoires & Parfums,2025-06-08,1105.24,EUR,1105.24
TXN003860,CUST02033,Chine,Pékin,Boutique,Accessoires & Parfums,2025-12-11,5540.13,CNY,720.22
TXN003861,CUST02033,Chine,Pékin,Boutique,Horlogerie,2026-05-26,173789.13,CNY,22592.59
TXN003862,CUST02034,USA,New York 5th Ave,Événement privé,Joaillerie,2025-05-09,9026.57,USD,8304.44
TXN003863,CUST02034,USA,New York 5th Ave,En ligne,Mariage,2025-11-12,10506.76,USD,9666.22
TXN003864,CUST02034,USA,New York 5th Ave,En ligne,Haute Joaillerie,2026-05-02,84852.93,USD,78064.69
TXN003865,CUST02035,Moyen-Orient,Abu Dhabi,Boutique,Accessoires & Parfums,2025-07-13,2573.42,AED,643.36
TXN003866,CUST02035,Moyen-Orient,Abu Dhabi,Boutique,Haute Joaillerie,2026-01-07,375582.46,AED,93895.62
TXN003867,CUST02035,Moyen-Orient,Abu Dhabi,En ligne,Joaillerie,2026-06-19,28150.08,AED,7037.52
TXN003868,CUST02036,Japon,Osaka,Boutique,Horlogerie,2026-07-29,3091144.67,JPY,19165.1
TXN003869,CUST02037,France (siège),Paris Champs-Élysées,Événement privé,Haute Joaillerie,2026-03-02,28852.35,EUR,28852.35
TXN003870,CUST02038,Japon,Tokyo Ginza,Boutique,Accessoires & Parfums,2025-04-20,95188.3,JPY,590.17
TXN003871,CUST02038,Japon,Tokyo Ginza,Boutique,Mariage,2025-09-15,2282063.71,JPY,14148.8
TXN003872,CUST02038,Japon,Tokyo Ginza,Boutique,Accessoires & Parfums,2026-03-16,120411.08,JPY,746.55
TXN003873,CUST02039,France (siège),Paris Vendôme,Boutique,Accessoires & Parfums,2025-02-04,648.04,EUR,648.04
TXN003874,CUST02039,France (siège),Paris Vendôme,Boutique,Horlogerie,2025-07-16,29085.76,EUR,29085.76
TXN003875,CUST02039,France (siège),Paris Vendôme,Boutique,Accessoires & Parfums,2025-12-30,947.49,EUR,947.49
TXN003876,CUST02039,France (siège),Paris Vendôme,Boutique,Mariage,2026-06-13,8519.24,EUR,8519.24
TXN003877,CUST02040,Chine,Pékin,Boutique,Joaillerie,2025-06-09,109492.59,CNY,14234.04
TXN003878,CUST02040,Chine,Pékin,En ligne,Joaillerie,2025-12-09,152244.69,CNY,19791.81
TXN003879,CUST02040,Chine,Pékin,En ligne,Joaillerie,2026-06-05,180232.61,CNY,23430.24
TXN003880,CUST02041,Chine,Hong Kong,Boutique,Accessoires & Parfums,2026-01-20,5603.83,CNY,728.5
TXN003881,CUST02041,Chine,Hong Kong,Boutique,Accessoires & Parfums,2026-07-26,7281.46,CNY,946.59
TXN003882,CUST02042,Japon,Osaka,Boutique,Haute Joaillerie,2026-04-28,14747380.13,JPY,91433.76
TXN003883,CUST02043,Moyen-Orient,Dubaï Mall,Boutique,Haute Joaillerie,2025-11-01,742153.97,AED,185538.49
TXN003884,CUST02043,Moyen-Orient,Dubaï Mall,En ligne,Horlogerie,2026-03-09,154986.64,AED,38746.66
TXN003885,CUST02044,France (siège),Paris Champs-Élysées,Boutique,Accessoires & Parfums,2025-10-26,533.93,EUR,533.93
TXN003886,CUST02044,France (siège),Paris Champs-Élysées,Boutique,Horlogerie,2026-05-11,15478.33,EUR,15478.33
TXN003887,CUST02045,USA,Beverly Hills,Boutique,Joaillerie,2026-02-15,30797.85,USD,28334.02
TXN003888,CUST02045,USA,Beverly Hills,Boutique,Joaillerie,2026-05-31,15752.38,USD,14492.19
TXN003889,CUST02046,Moyen-Orient,Abu Dhabi,En ligne,Horlogerie,2025-06-27,172962.14,AED,43240.53
TXN003890,CUST02046,Moyen-Orient,Abu Dhabi,Événement privé,Horlogerie,2025-12-15,106550.27,AED,26637.57
TXN003891,CUST02047,Chine,Pékin,Événement privé,Accessoires & Parfums,2025-08-07,5437.57,CNY,706.88
TXN003892,CUST02047,Chine,Pékin,Boutique,Accessoires & Parfums,2026-01-16,4078.93,CNY,530.26
TXN003893,CUST02047,Chine,Pékin,En ligne,Accessoires & Parfums,2026-07-23,2750.25,CNY,357.53
TXN003894,CUST02048,Chine,Shanghai,Boutique,Haute Joaillerie,2025-01-16,1616247.77,CNY,210112.21
TXN003895,CUST02048,Chine,Shanghai,Boutique,Joaillerie,2025-05-31,157797.18,CNY,20513.63
TXN003896,CUST02048,Chine,Shanghai,Boutique,Mariage,2025-11-21,104653.2,CNY,13604.92
TXN003897,CUST02048,Chine,Shanghai,Boutique,Horlogerie,2026-05-11,206583.31,CNY,26855.83
TXN003898,CUST02049,USA,Bal Harbour,Boutique,Mariage,2025-09-28,12519.94,USD,11518.34
TXN003899,CUST02049,USA,Bal Harbour,En ligne,Accessoires & Parfums,2026-02-09,1041.22,USD,957.93
TXN003900,CUST02049,USA,Bal Harbour,En ligne,Accessoires & Parfums,2026-07-12,868.98,USD,799.46
TXN003901,CUST02050,Chine,Pékin,En ligne,Mariage,2025-02-01,98621.18,CNY,12820.75
TXN003902,CUST02050,Chine,Pékin,En ligne,Joaillerie,2025-07-08,82359.59,CNY,10706.75
TXN003903,CUST02050,Chine,Pékin,Boutique,Joaillerie,2025-11-21,128091.23,CNY,16651.86
TXN003904,CUST02050,Chine,Pékin,Boutique,Accessoires & Parfums,2026-05-16,7015.98,CNY,912.08
TXN003905,CUST02051,France (siège),Paris Vendôme,Boutique,Joaillerie,2025-12-19,28379.8,EUR,28379.8
TXN003906,CUST02052,USA,Beverly Hills,En ligne,Joaillerie,2025-07-20,28592.75,USD,26305.33
TXN003907,CUST02052,USA,Beverly Hills,Boutique,Joaillerie,2025-10-21,16942.36,USD,15586.97
TXN003908,CUST02052,USA,Beverly Hills,En ligne,Horlogerie,2026-02-11,65537.1,USD,60294.13
TXN003909,CUST02052,USA,Beverly Hills,Boutique,Accessoires & Parfums,2026-05-25,793.05,USD,729.61
TXN003910,CUST02053,Moyen-Orient,Abu Dhabi,Boutique,Mariage,2025-11-24,35396.53,AED,8849.13
TXN003911,CUST02053,Moyen-Orient,Abu Dhabi,Boutique,Accessoires & Parfums,2026-04-21,2315.07,AED,578.77
TXN003912,CUST02054,Chine,Shanghai,En ligne,Accessoires & Parfums,2026-04-10,9067.32,CNY,1178.75
TXN003913,CUST02055,Chine,Pékin,Boutique,Horlogerie,2025-12-07,127986.74,CNY,16638.28
TXN003914,CUST02055,Chine,Pékin,En ligne,Accessoires & Parfums,2026-06-25,3917.01,CNY,509.21
TXN003915,CUST02056,France (siège),Cannes,Boutique,Horlogerie,2025-08-23,20417.62,EUR,20417.62
TXN003916,CUST02056,France (siège),Cannes,Boutique,Accessoires & Parfums,2026-02-07,397.89,EUR,397.89
TXN003917,CUST02057,Japon,Osaka,Événement privé,Joaillerie,2026-06-12,3078496.15,JPY,19086.68
TXN003918,CUST02058,Moyen-Orient,Abu Dhabi,Boutique,Accessoires & Parfums,2025-05-12,3266.74,AED,816.68
TXN003919,CUST02058,Moyen-Orient,Abu Dhabi,Boutique,Joaillerie,2025-11-03,38600.25,AED,9650.06
TXN003920,CUST02058,Moyen-Orient,Abu Dhabi,Boutique,Accessoires & Parfums,2026-04-26,2791.4,AED,697.85
TXN003921,CUST02059,Moyen-Orient,Dubaï Mall,Boutique,Joaillerie,2025-10-03,48645.7,AED,12161.42
TXN003922,CUST02059,Moyen-Orient,Dubaï Mall,Boutique,Accessoires & Parfums,2026-03-06,2392.32,AED,598.08
TXN003923,CUST02060,France (siège),Cannes,Boutique,Accessoires & Parfums,2025-04-14,1148.62,EUR,1148.62
TXN003924,CUST02060,France (siège),Cannes,En ligne,Mariage,2025-10-01,9871.88,EUR,9871.88
TXN003925,CUST02060,France (siège),Cannes,Événement privé,Accessoires & Parfums,2026-03-12,943.86,EUR,943.86
TXN003926,CUST02061,Chine,Pékin,En ligne,Horlogerie,2025-03-09,182829.18,CNY,23767.79
TXN003927,CUST02061,Chine,Pékin,En ligne,Mariage,2025-07-24,99072.62,CNY,12879.44
TXN003928,CUST02061,Chine,Pékin,Boutique,Joaillerie,2025-12-12,144912.38,CNY,18838.61
TXN003929,CUST02062,Chine,Shanghai,En ligne,Accessoires & Parfums,2026-05-16,5931.37,CNY,771.08
TXN003930,CUST02063,Chine,Hong Kong,Boutique,Horlogerie,2025-07-18,273904.87,CNY,35607.63
TXN003931,CUST02063,Chine,Hong Kong,En ligne,Haute Joaillerie,2025-11-21,1392637.83,CNY,181042.92
TXN003932,CUST02063,Chine,Hong Kong,Boutique,Haute Joaillerie,2026-03-27,1192424.61,CNY,155015.2
TXN003933,CUST02064,Chine,Shanghai,Boutique,Horlogerie,2026-07-01,281227.86,CNY,36559.62
TXN003934,CUST02066,Chine,Hong Kong,Boutique,Accessoires & Parfums,2025-05-26,6762.61,CNY,879.14
TXN003935,CUST02066,Chine,Hong Kong,En ligne,Joaillerie,2025-11-15,129853.81,CNY,16881.0
TXN003936,CUST02066,Chine,Hong Kong,En ligne,Accessoires & Parfums,2026-05-14,6370.77,CNY,828.2
TXN003937,CUST02067,USA,Bal Harbour,Boutique,Joaillerie,2025-09-22,25488.64,USD,23449.55
TXN003938,CUST02067,USA,Bal Harbour,Boutique,Accessoires & Parfums,2026-01-27,964.39,USD,887.24
TXN003939,CUST02067,USA,Bal Harbour,En ligne,Accessoires & Parfums,2026-05-23,1630.16,USD,1499.75
TXN003940,CUST02068,Moyen-Orient,Abu Dhabi,En ligne,Accessoires & Parfums,2026-07-22,4194.91,AED,1048.73
TXN003941,CUST02070,USA,Beverly Hills,En ligne,Accessoires & Parfums,2026-02-02,624.8,USD,574.82
TXN003942,CUST02070,USA,Beverly Hills,En ligne,Accessoires & Parfums,2026-06-05,1030.64,USD,948.19
TXN003943,CUST02071,Japon,Tokyo Ginza,Boutique,Accessoires & Parfums,2025-10-28,191548.96,JPY,1187.6
TXN003944,CUST02071,Japon,Tokyo Ginza,Boutique,Mariage,2026-05-09,2079706.77,JPY,12894.18
TXN003945,CUST02072,France (siège),Paris Champs-Élysées,Boutique,Horlogerie,2025-08-08,27772.56,EUR,27772.56
TXN003946,CUST02072,France (siège),Paris Champs-Élysées,En ligne,Horlogerie,2026-01-15,27892.04,EUR,27892.04
TXN003947,CUST02072,France (siège),Paris Champs-Élysées,Boutique,Horlogerie,2026-06-04,19151.95,EUR,19151.95
TXN003948,CUST02073,France (siège),Paris Vendôme,Boutique,Accessoires & Parfums,2025-08-28,751.96,EUR,751.96
TXN003949,CUST02073,France (siège),Paris Vendôme,En ligne,Haute Joaillerie,2026-02-28,123199.1,EUR,123199.1
TXN003950,CUST02073,France (siège),Paris Vendôme,Boutique,Joaillerie,2026-07-31,9990.25,EUR,9990.25
TXN003951,CUST02074,Chine,Hong Kong,Boutique,Joaillerie,2025-08-27,121614.96,CNY,15809.94
TXN003952,CUST02074,Chine,Hong Kong,Boutique,Accessoires & Parfums,2026-01-28,10121.67,CNY,1315.82
TXN003953,CUST02074,Chine,Hong Kong,En ligne,Horlogerie,2026-06-05,160731.63,CNY,20895.11
TXN003954,CUST02075,Chine,Pékin,En ligne,Mariage,2026-02-27,163765.08,CNY,21289.46
TXN003955,CUST02076,Chine,Shanghai,Boutique,Accessoires & Parfums,2025-03-16,8019.22,CNY,1042.5
TXN003956,CUST02076,Chine,Shanghai,Boutique,Joaillerie,2025-08-12,158534.04,CNY,20609.43
TXN003957,CUST02078,Moyen-Orient,Dubaï Mall,Événement privé,Mariage,2025-06-04,91252.32,AED,22813.08
TXN003958,CUST02078,Moyen-Orient,Dubaï Mall,Événement privé,Haute Joaillerie,2025-08-29,766597.59,AED,191649.4
TXN003959,CUST02078,Moyen-Orient,Dubaï Mall,Événement privé,Joaillerie,2025-12-07,73009.12,AED,18252.28
TXN003960,CUST02078,Moyen-Orient,Dubaï Mall,Événement privé,Joaillerie,2026-03-25,56169.81,AED,14042.45
TXN003961,CUST02078,Moyen-Orient,Dubaï Mall,Boutique,Horlogerie,2026-07-05,141410.59,AED,35352.65
TXN003962,CUST02080,USA,Bal Harbour,En ligne,Horlogerie,2026-05-31,45599.11,USD,41951.18
TXN003963,CUST02081,France (siège),Paris Vendôme,Boutique,Accessoires & Parfums,2025-05-12,932.13,EUR,932.13
TXN003964,CUST02081,France (siège),Paris Vendôme,Boutique,Haute Joaillerie,2025-09-22,133463.29,EUR,133463.29
TXN003965,CUST02081,France (siège),Paris Vendôme,En ligne,Accessoires & Parfums,2026-02-22,815.99,EUR,815.99
TXN003966,CUST02082,Chine,Hong Kong,En ligne,Joaillerie,2025-10-14,99278.13,CNY,12906.16
TXN003967,CUST02082,Chine,Hong Kong,En ligne,Joaillerie,2026-03-02,82792.92,CNY,10763.08
TXN003968,CUST02083,USA,Bal Harbour,Boutique,Accessoires & Parfums,2026-03-27,1034.7,USD,951.93
TXN003969,CUST02084,France (siège),Paris Champs-Élysées,Boutique,Joaillerie,2026-02-13,12981.14,EUR,12981.14
TXN003970,CUST02085,USA,New York 5th Ave,En ligne,Mariage,2026-06-08,7232.85,USD,6654.22
TXN003971,CUST02086,Chine,Shanghai,En ligne,Horlogerie,2025-05-17,249225.94,CNY,32399.37
TXN003972,CUST02086,Chine,Shanghai,Boutique,Accessoires & Parfums,2025-10-01,5091.08,CNY,661.84
TXN003973,CUST02086,Chine,Shanghai,Événement privé,Horlogerie,2026-01-11,304126.26,CNY,39536.41
TXN003974,CUST02086,Chine,Shanghai,Événement privé,Accessoires & Parfums,2026-05-13,6693.06,CNY,870.1
TXN003975,CUST02087,Chine,Shanghai,Boutique,Haute Joaillerie,2025-04-14,843639.12,CNY,109673.09
TXN003976,CUST02087,Chine,Shanghai,Boutique,Accessoires & Parfums,2025-10-11,6507.68,CNY,846.0
TXN003977,CUST02087,Chine,Shanghai,Événement privé,Accessoires & Parfums,2026-04-17,6123.88,CNY,796.1
TXN003978,CUST02088,Japon,Osaka,Boutique,Horlogerie,2025-02-13,5730213.72,JPY,35527.33
TXN003979,CUST02088,Japon,Osaka,Boutique,Mariage,2025-06-05,1845476.65,JPY,11441.96
TXN003980,CUST02088,Japon,Osaka,Boutique,Mariage,2025-10-26,1432888.67,JPY,8883.91
TXN003981,CUST02088,Japon,Osaka,En ligne,Joaillerie,2026-01-21,1272379.25,JPY,7888.75
TXN003982,CUST02088,Japon,Osaka,Boutique,Mariage,2026-05-20,2157879.88,JPY,13378.86
TXN003983,CUST02089,France (siège),Cannes,Boutique,Accessoires & Parfums,2026-04-16,1182.83,EUR,1182.83
TXN003984,CUST02090,USA,New York 5th Ave,En ligne,Horlogerie,2025-09-28,18252.57,USD,16792.37
TXN003985,CUST02090,USA,New York 5th Ave,En ligne,Joaillerie,2026-04-17,24452.86,USD,22496.63
TXN003986,CUST02091,Chine,Hong Kong,Boutique,Joaillerie,2025-03-23,97934.59,CNY,12731.5
TXN003987,CUST02091,Chine,Hong Kong,Boutique,Joaillerie,2025-08-03,72263.4,CNY,9394.24
TXN003988,CUST02091,Chine,Hong Kong,Boutique,Mariage,2025-12-24,72760.28,CNY,9458.84
TXN003989,CUST02091,Chine,Hong Kong,Boutique,Accessoires & Parfums,2026-06-27,5587.48,CNY,726.37
TXN003990,CUST02092,France (siège),Paris Champs-Élysées,Boutique,Joaillerie,2025-08-26,15022.81,EUR,15022.81
TXN003991,CUST02092,France (siège),Paris Champs-Élysées,Boutique,Accessoires & Parfums,2026-01-03,383.93,EUR,383.93
TXN003992,CUST02093,Chine,Shanghai,Événement privé,Accessoires & Parfums,2025-09-08,2620.6,CNY,340.68
TXN003993,CUST02093,Chine,Shanghai,Boutique,Joaillerie,2025-12-23,130465.23,CNY,16960.48
TXN003994,CUST02094,France (siège),Paris Vendôme,En ligne,Accessoires & Parfums,2025-09-08,825.02,EUR,825.02
TXN003995,CUST02094,France (siège),Paris Vendôme,Boutique,Accessoires & Parfums,2026-03-27,926.34,EUR,926.34
TXN003996,CUST02095,Chine,Hong Kong,Boutique,Haute Joaillerie,2025-12-01,713876.32,CNY,92803.92
TXN003997,CUST02095,Chine,Hong Kong,En ligne,Accessoires & Parfums,2026-05-13,6063.65,CNY,788.28
TXN003998,CUST02096,Moyen-Orient,Abu Dhabi,Boutique,Mariage,2025-10-05,59705.92,AED,14926.48
TXN003999,CUST02096,Moyen-Orient,Abu Dhabi,En ligne,Mariage,2026-02-26,65002.17,AED,16250.54
TXN004000,CUST02096,Moyen-Orient,Abu Dhabi,Boutique,Joaillerie,2026-07-31,56856.67,AED,14214.17
TXN004001,CUST02097,Moyen-Orient,Dubaï Mall,Boutique,Accessoires & Parfums,2025-11-06,2975.8,AED,743.95
TXN004002,CUST02098,USA,Beverly Hills,Boutique,Haute Joaillerie,2025-12-20,254750.0,USD,234370.0
TXN004003,CUST02098,USA,Beverly Hills,Boutique,Mariage,2026-06-02,5791.26,USD,5327.96
TXN004004,CUST02099,USA,Beverly Hills,Boutique,Joaillerie,2026-05-30,23507.62,USD,21627.01
TXN004005,CUST02100,USA,New York 5th Ave,Boutique,Mariage,2025-09-05,8451.36,USD,7775.25
TXN004006,CUST02100,USA,New York 5th Ave,Boutique,Accessoires & Parfums,2026-02-25,971.5,USD,893.78
TXN004007,CUST02100,USA,New York 5th Ave,Boutique,Joaillerie,2026-07-19,20912.2,USD,19239.22
TXN004008,CUST02101,USA,Bal Harbour,Boutique,Haute Joaillerie,2025-12-26,104846.55,USD,96458.83
TXN004009,CUST02101,USA,Bal Harbour,Événement privé,Accessoires & Parfums,2026-05-09,877.27,USD,807.09
TXN004010,CUST02102,France (siège),Paris Vendôme,Boutique,Mariage,2026-05-20,10676.71,EUR,10676.71
TXN004011,CUST02103,Chine,Shanghai,Événement privé,Horlogerie,2025-08-14,139987.82,CNY,18198.42
TXN004012,CUST02103,Chine,Shanghai,Boutique,Joaillerie,2026-02-08,147289.38,CNY,19147.62
TXN004013,CUST02103,Chine,Shanghai,Boutique,Accessoires & Parfums,2026-06-26,4264.57,CNY,554.39
TXN004014,CUST02104,Japon,Osaka,Boutique,Haute Joaillerie,2025-02-12,18561153.37,JPY,115079.15
TXN004015,CUST02104,Japon,Osaka,En ligne,Accessoires & Parfums,2025-08-05,141989.05,JPY,880.33
TXN004016,CUST02104,Japon,Osaka,Boutique,Mariage,2026-01-24,1899708.56,JPY,11778.19
TXN004017,CUST02104,Japon,Osaka,Boutique,Mariage,2026-07-14,910318.59,JPY,5643.98
TXN004018,CUST02105,France (siège),Paris Vendôme,Boutique,Joaillerie,2025-03-19,10194.16,EUR,10194.16
TXN004019,CUST02106,Chine,Shanghai,Boutique,Joaillerie,2025-07-28,175029.76,CNY,22753.87
TXN004020,CUST02106,Chine,Shanghai,Événement privé,Joaillerie,2025-12-26,140193.92,CNY,18225.21
TXN004021,CUST02106,Chine,Shanghai,Boutique,Mariage,2026-04-06,115938.4,CNY,15071.99
TXN004022,CUST02107,France (siège),Cannes,Boutique,Joaillerie,2026-02-01,14402.86,EUR,14402.86
TXN004023,CUST02107,France (siège),Cannes,Boutique,Accessoires & Parfums,2026-06-29,400.43,EUR,400.43
TXN004024,CUST02108,Chine,Shanghai,Boutique,Horlogerie,2026-05-11,171024.92,CNY,22233.24
TXN004025,CUST02109,USA,Beverly Hills,Boutique,Joaillerie,2025-11-11,11953.33,USD,10997.06
TXN004026,CUST02109,USA,Beverly Hills,Boutique,Horlogerie,2026-04-04,41483.09,USD,38164.44
TXN004027,CUST02110,Japon,Osaka,En ligne,Joaillerie,2026-04-15,2654971.7,JPY,16460.82
TXN004028,CUST02111,Chine,Pékin,En ligne,Joaillerie,2025-02-12,126837.04,CNY,16488.81
TXN004029,CUST02111,Chine,Pékin,Boutique,Accessoires & Parfums,2025-06-20,5036.36,CNY,654.73
TXN004030,CUST02112,France (siège),Cannes,Événement privé,Horlogerie,2026-02-09,38510.72,EUR,38510.72
TXN004031,CUST02112,France (siège),Cannes,En ligne,Accessoires & Parfums,2026-05-12,1211.82,EUR,1211.82
TXN004032,CUST02113,Moyen-Orient,Dubaï Mall,Boutique,Joaillerie,2025-11-06,51737.83,AED,12934.46
TXN004033,CUST02113,Moyen-Orient,Dubaï Mall,Boutique,Joaillerie,2026-05-08,46481.15,AED,11620.29
TXN004034,CUST02114,Chine,Hong Kong,Boutique,Haute Joaillerie,2025-05-25,1117096.64,CNY,145222.56
TXN004035,CUST02114,Chine,Hong Kong,Événement privé,Joaillerie,2025-10-29,158551.24,CNY,20611.66
TXN004036,CUST02114,Chine,Hong Kong,Boutique,Accessoires & Parfums,2026-03-01,5911.56,CNY,768.5
TXN004037,CUST02115,Chine,Pékin,Boutique,Joaillerie,2025-10-29,143652.86,CNY,18674.87
TXN004038,CUST02115,Chine,Pékin,Boutique,Accessoires & Parfums,2026-04-04,9289.46,CNY,1207.63
TXN004039,CUST02116,Japon,Tokyo Ginza,Boutique,Haute Joaillerie,2026-06-02,13380409.01,JPY,82958.54
TXN004040,CUST02117,USA,Bal Harbour,Boutique,Accessoires & Parfums,2026-07-26,797.46,USD,733.67
TXN004041,CUST02118,USA,New York 5th Ave,Boutique,Horlogerie,2025-12-25,51142.63,USD,47051.22
TXN004042,CUST02118,USA,New York 5th Ave,Boutique,Horlogerie,2026-05-15,39250.41,USD,36110.38
TXN004043,CUST02121,France (siège),Cannes,Boutique,Joaillerie,2025-04-23,12065.12,EUR,12065.12
TXN004044,CUST02121,France (siège),Cannes,Boutique,Joaillerie,2025-09-26,16363.99,EUR,16363.99
TXN004045,CUST02121,France (siège),Cannes,En ligne,Horlogerie,2026-02-21,26297.82,EUR,26297.82
TXN004046,CUST02121,France (siège),Cannes,Boutique,Horlogerie,2026-07-25,26029.88,EUR,26029.88
TXN004047,CUST02122,France (siège),Paris Vendôme,Boutique,Joaillerie,2026-05-01,10927.09,EUR,10927.09
TXN004048,CUST02127,France (siège),Paris Vendôme,Boutique,Mariage,2025-06-23,11920.04,EUR,11920.04
TXN004049,CUST02127,France (siège),Paris Vendôme,Boutique,Mariage,2026-01-14,9080.56,EUR,9080.56
TXN004050,CUST02127,France (siège),Paris Vendôme,Boutique,Joaillerie,2026-07-10,17251.15,EUR,17251.15
TXN004051,CUST02128,USA,New York 5th Ave,En ligne,Joaillerie,2026-05-25,16439.76,USD,15124.58
TXN004052,CUST02129,USA,New York 5th Ave,Boutique,Accessoires & Parfums,2025-06-03,1263.23,USD,1162.17
TXN004053,CUST02129,USA,New York 5th Ave,Événement privé,Joaillerie,2025-10-21,18023.08,USD,16581.23
TXN004054,CUST02129,USA,New York 5th Ave,Événement privé,Joaillerie,2026-04-02,12587.5,USD,11580.5
TXN004055,CUST02130,Chine,Shanghai,En ligne,Joaillerie,2026-04-14,92973.62,CNY,12086.57
TXN004056,CUST02133,Chine,Hong Kong,Boutique,Haute Joaillerie,2026-03-13,564018.46,CNY,73322.4
TXN004057,CUST02134,Japon,Tokyo Ginza,Événement privé,Accessoires & Parfums,2025-11-21,79731.84,JPY,494.34
TXN004058,CUST02134,Japon,Tokyo Ginza,Boutique,Mariage,2026-05-09,1409461.18,JPY,8738.66
TXN004059,CUST02135,Chine,Pékin,Boutique,Accessoires & Parfums,2025-12-03,7946.76,CNY,1033.08
TXN004060,CUST02135,Chine,Pékin,Boutique,Accessoires & Parfums,2026-05-16,3856.7,CNY,501.37
TXN004061,CUST02136,Japon,Tokyo Ginza,Boutique,Haute Joaillerie,2026-03-06,18074870.94,JPY,112064.2
TXN004062,CUST02137,Chine,Shanghai,Boutique,Mariage,2025-03-29,73656.22,CNY,9575.31
TXN004063,CUST02137,Chine,Shanghai,En ligne,Accessoires & Parfums,2025-09-04,6108.3,CNY,794.08
TXN004064,CUST02137,Chine,Shanghai,En ligne,Mariage,2026-01-31,117656.52,CNY,15295.35
TXN004065,CUST02137,Chine,Shanghai,Événement privé,Accessoires & Parfums,2026-06-19,7561.25,CNY,982.96
TXN004066,CUST02138,USA,Beverly Hills,En ligne,Joaillerie,2025-05-28,12649.7,USD,11637.72
TXN004067,CUST02138,USA,Beverly Hills,Boutique,Haute Joaillerie,2025-11-11,106771.45,USD,98229.73
TXN004068,CUST02138,USA,Beverly Hills,En ligne,Joaillerie,2026-04-29,26907.4,USD,24754.8
TXN004069,CUST02139,France (siège),Cannes,Boutique,Horlogerie,2025-05-02,23044.95,EUR,23044.95
TXN004070,CUST02139,France (siège),Cannes,En ligne,Horlogerie,2025-10-25,24217.4,EUR,24217.4
TXN004071,CUST02139,France (siège),Cannes,En ligne,Haute Joaillerie,2026-04-19,83940.48,EUR,83940.48
TXN004072,CUST02140,Japon,Tokyo Ginza,En ligne,Haute Joaillerie,2026-02-24,18947957.76,JPY,117477.34
TXN004073,CUST02142,Japon,Osaka,Événement privé,Joaillerie,2025-03-28,1993248.88,JPY,12358.14
TXN004074,CUST02143,Moyen-Orient,Dubaï Mall,Boutique,Accessoires & Parfums,2025-07-25,1918.57,AED,479.64
TXN004075,CUST02145,Chine,Pékin,Boutique,Joaillerie,2026-04-25,137308.55,CNY,17850.11
TXN004076,CUST02146,USA,New York 5th Ave,Événement privé,Accessoires & Parfums,2026-06-16,1261.02,USD,1160.14
TXN004077,CUST02147,Moyen-Orient,Abu Dhabi,Boutique,Joaillerie,2025-12-20,59597.43,AED,14899.36
TXN004078,CUST02147,Moyen-Orient,Abu Dhabi,Boutique,Joaillerie,2026-05-30,64003.94,AED,16000.99
TXN004079,CUST02148,USA,Bal Harbour,Événement privé,Horlogerie,2025-06-26,33830.41,USD,31123.98
TXN004080,CUST02148,USA,Bal Harbour,En ligne,Haute Joaillerie,2025-11-09,100046.95,USD,92043.2
TXN004081,CUST02149,France (siège),Paris Vendôme,Boutique,Mariage,2025-06-09,11612.87,EUR,11612.87
TXN004082,CUST02149,France (siège),Paris Vendôme,En ligne,Joaillerie,2025-12-16,24614.55,EUR,24614.55
TXN004083,CUST02149,France (siège),Paris Vendôme,Boutique,Accessoires & Parfums,2026-05-30,749.48,EUR,749.48
TXN004084,CUST02150,USA,Bal Harbour,En ligne,Mariage,2025-10-04,21223.67,USD,19525.77
TXN004085,CUST02150,USA,Bal Harbour,En ligne,Accessoires & Parfums,2026-02-09,575.54,USD,529.5
TXN004086,CUST02150,USA,Bal Harbour,Boutique,Accessoires & Parfums,2026-06-27,619.95,USD,570.35
TXN004087,CUST02151,France (siège),Paris Vendôme,Boutique,Accessoires & Parfums,2025-04-27,1152.54,EUR,1152.54
TXN004088,CUST02151,France (siège),Paris Vendôme,Boutique,Joaillerie,2025-10-16,15375.39,EUR,15375.39
TXN004089,CUST02151,France (siège),Paris Vendôme,Boutique,Joaillerie,2026-03-14,15813.89,EUR,15813.89
TXN004090,CUST02152,USA,Beverly Hills,En ligne,Accessoires & Parfums,2026-01-09,819.89,USD,754.3
TXN004091,CUST02152,USA,Beverly Hills,Événement privé,Accessoires & Parfums,2026-07-18,732.44,USD,673.85
TXN004092,CUST02153,USA,Bal Harbour,Événement privé,Joaillerie,2025-07-16,22885.58,USD,21054.74
TXN004093,CUST02153,USA,Bal Harbour,Boutique,Joaillerie,2025-12-01,16020.93,USD,14739.26
TXN004094,CUST02153,USA,Bal Harbour,Boutique,Horlogerie,2026-05-09,28214.54,USD,25957.38
TXN004095,CUST02154,Moyen-Orient,Abu Dhabi,Boutique,Joaillerie,2026-02-05,35680.06,AED,8920.01
TXN004096,CUST02155,Moyen-Orient,Abu Dhabi,Boutique,Accessoires & Parfums,2026-03-01,2298.01,AED,574.5
TXN004097,CUST02156,USA,New York 5th Ave,Boutique,Horlogerie,2025-02-04,28688.24,USD,26393.18
TXN004098,CUST02156,USA,New York 5th Ave,En ligne,Joaillerie,2025-08-05,13496.19,USD,12416.5
TXN004099,CUST02156,USA,New York 5th Ave,En ligne,Accessoires & Parfums,2026-03-17,579.44,USD,533.08
TXN004100,CUST02157,USA,Beverly Hills,En ligne,Accessoires & Parfums,2025-08-17,592.08,USD,544.71
TXN004101,CUST02157,USA,Beverly Hills,En ligne,Mariage,2026-01-31,13895.11,USD,12783.5
TXN004102,CUST02158,USA,New York 5th Ave,En ligne,Joaillerie,2025-03-25,14978.27,USD,13780.01
TXN004103,CUST02158,USA,New York 5th Ave,Boutique,Accessoires & Parfums,2025-07-01,897.82,USD,825.99
TXN004104,CUST02158,USA,New York 5th Ave,Boutique,Mariage,2025-12-07,25966.29,USD,23888.99
TXN004105,CUST02158,USA,New York 5th Ave,Boutique,Horlogerie,2026-03-16,34783.82,USD,32001.11
TXN004106,CUST02159,USA,Beverly Hills,Boutique,Joaillerie,2025-06-13,14074.68,USD,12948.71
TXN004107,CUST02159,USA,Beverly Hills,Boutique,Horlogerie,2025-12-09,31933.83,USD,29379.12
TXN004108,CUST02159,USA,Beverly Hills,Boutique,Accessoires & Parfums,2026-04-28,811.89,USD,746.94
TXN004109,CUST02160,France (siège),Cannes,Boutique,Accessoires & Parfums,2025-05-04,625.47,EUR,625.47
TXN004110,CUST02160,France (siège),Cannes,Boutique,Joaillerie,2025-10-14,21083.83,EUR,21083.83
TXN004111,CUST02160,France (siège),Cannes,Boutique,Accessoires & Parfums,2026-03-07,965.53,EUR,965.53
TXN004112,CUST02161,Japon,Tokyo Ginza,Boutique,Joaillerie,2025-12-24,3014045.46,JPY,18687.08
TXN004113,CUST02161,Japon,Tokyo Ginza,Événement privé,Accessoires & Parfums,2026-06-08,85551.24,JPY,530.42
TXN004114,CUST02162,Japon,Tokyo Ginza,Boutique,Accessoires & Parfums,2026-05-30,57936.44,JPY,359.21
TXN004115,CUST02163,USA,Bal Harbour,En ligne,Accessoires & Parfums,2026-06-09,900.68,USD,828.63
TXN004116,CUST02164,Japon,Osaka,Boutique,Horlogerie,2025-03-26,4890906.18,JPY,30323.62
TXN004117,CUST02164,Japon,Osaka,Boutique,Joaillerie,2025-06-22,2411817.29,JPY,14953.27
TXN004118,CUST02164,Japon,Osaka,Boutique,Joaillerie,2025-09-01,1951754.45,JPY,12100.88
TXN004119,CUST02164,Japon,Osaka,Boutique,Accessoires & Parfums,2025-12-02,238092.48,JPY,1476.17
TXN004120,CUST02164,Japon,Osaka,Événement privé,Joaillerie,2026-04-14,3431405.04,JPY,21274.71
TXN004121,CUST02165,France (siège),Paris Champs-Élysées,Événement privé,Mariage,2026-06-04,16964.78,EUR,16964.78
TXN004122,CUST02166,France (siège),Cannes,En ligne,Joaillerie,2025-10-07,28262.13,EUR,28262.13
TXN004123,CUST02166,France (siège),Cannes,En ligne,Accessoires & Parfums,2026-02-22,1151.36,EUR,1151.36
TXN004124,CUST02166,France (siège),Cannes,Boutique,Joaillerie,2026-07-23,13745.54,EUR,13745.54
TXN004125,CUST02167,Japon,Tokyo Ginza,Boutique,Joaillerie,2025-03-10,2308659.58,JPY,14313.69
TXN004126,CUST02168,Japon,Osaka,Événement privé,Accessoires & Parfums,2026-05-03,102248.34,JPY,633.94
TXN004127,CUST02169,Japon,Osaka,Boutique,Haute Joaillerie,2026-01-02,13428088.47,JPY,83254.15
TXN004128,CUST02169,Japon,Osaka,Événement privé,Mariage,2026-06-12,2067087.24,JPY,12815.94
TXN004129,CUST02170,Japon,Tokyo Ginza,Boutique,Accessoires & Parfums,2026-06-17,48236.97,JPY,299.07
TXN004130,CUST02172,Moyen-Orient,Dubaï Mall,Boutique,Accessoires & Parfums,2026-01-31,4866.25,AED,1216.56
TXN004131,CUST02172,Moyen-Orient,Dubaï Mall,Boutique,Accessoires & Parfums,2026-06-09,6006.54,AED,1501.64
TXN004132,CUST02173,Japon,Tokyo Ginza,En ligne,Accessoires & Parfums,2026-04-14,45054.84,JPY,279.34
TXN004133,CUST02174,Chine,Pékin,Boutique,Joaillerie,2025-05-08,97840.33,CNY,12719.24
TXN004134,CUST02174,Chine,Pékin,En ligne,Accessoires & Parfums,2025-11-06,4979.75,CNY,647.37
TXN004135,CUST02174,Chine,Pékin,Boutique,Horlogerie,2026-04-29,282213.15,CNY,36687.71
TXN004136,CUST02175,France (siège),Paris Champs-Élysées,En ligne,Horlogerie,2025-06-05,22181.48,EUR,22181.48
TXN004137,CUST02175,France (siège),Paris Champs-Élysées,Boutique,Accessoires & Parfums,2025-11-09,652.88,EUR,652.88
TXN004138,CUST02175,France (siège),Paris Champs-Élysées,En ligne,Joaillerie,2026-05-11,14399.64,EUR,14399.64
TXN004139,CUST02176,France (siège),Paris Champs-Élysées,En ligne,Horlogerie,2026-05-05,22816.26,EUR,22816.26
TXN004140,CUST02177,Chine,Hong Kong,Boutique,Mariage,2025-08-25,123999.94,CNY,16119.99
TXN004141,CUST02177,Chine,Hong Kong,Boutique,Accessoires & Parfums,2026-02-26,9875.09,CNY,1283.76
TXN004142,CUST02178,Chine,Hong Kong,Événement privé,Joaillerie,2025-02-24,250830.93,CNY,32608.02
TXN004143,CUST02178,Chine,Hong Kong,Événement privé,Joaillerie,2025-06-08,201211.25,CNY,26157.46
TXN004144,CUST02178,Chine,Hong Kong,Événement privé,Joaillerie,2025-08-30,271494.39,CNY,35294.27
TXN004145,CUST02178,Chine,Hong Kong,Boutique,Joaillerie,2025-12-28,275548.26,CNY,35821.27
TXN004146,CUST02178,Chine,Hong Kong,Événement privé,Mariage,2026-04-24,163636.89,CNY,21272.8
TXN004147,CUST02178,Chine,Hong Kong,En ligne,Joaillerie,2026-07-26,240106.8,CNY,31213.88
TXN004148,CUST02179,Moyen-Orient,Dubaï Mall,En ligne,Mariage,2025-03-28,36831.28,AED,9207.82
TXN004149,CUST02179,Moyen-Orient,Dubaï Mall,Boutique,Mariage,2025-09-26,53071.07,AED,13267.77
TXN004150,CUST02179,Moyen-Orient,Dubaï Mall,Boutique,Accessoires & Parfums,2026-03-19,2767.11,AED,691.78
TXN004151,CUST02180,Japon,Osaka,Boutique,Accessoires & Parfums,2025-12-19,193221.01,JPY,1197.97
TXN004152,CUST02180,Japon,Osaka,Boutique,Joaillerie,2026-06-24,2546095.37,JPY,15785.79
TXN004153,CUST02182,USA,Beverly Hills,Boutique,Joaillerie,2026-04-08,30299.41,USD,27875.46
TXN004154,CUST02182,USA,Beverly Hills,Boutique,Joaillerie,2026-07-05,36236.14,USD,33337.25
TXN004155,CUST02183,Japon,Tokyo Ginza,En ligne,Joaillerie,2026-02-06,1253070.54,JPY,7769.04
TXN004156,CUST02184,Moyen-Orient,Abu Dhabi,Boutique,Joaillerie,2026-02-17,32567.99,AED,8142.0
TXN004157,CUST02185,USA,Bal Harbour,Boutique,Haute Joaillerie,2025-06-17,205003.76,USD,188603.46
TXN004158,CUST02185,USA,Bal Harbour,Boutique,Joaillerie,2025-11-09,13981.21,USD,12862.72
TXN004159,CUST02185,USA,Bal Harbour,Boutique,Accessoires & Parfums,2026-04-24,947.16,USD,871.38
TXN004160,CUST02186,France (siège),Paris Vendôme,En ligne,Joaillerie,2025-12-20,17181.58,EUR,17181.58
TXN004161,CUST02186,France (siège),Paris Vendôme,En ligne,Accessoires & Parfums,2026-06-28,748.39,EUR,748.39
TXN004162,CUST02187,Japon,Osaka,Boutique,Haute Joaillerie,2025-08-02,13751132.03,JPY,85257.02
TXN004163,CUST02187,Japon,Osaka,En ligne,Horlogerie,2026-02-25,2689214.43,JPY,16673.13
TXN004164,CUST02187,Japon,Osaka,Boutique,Joaillerie,2026-07-15,2264479.63,JPY,14039.77
TXN004165,CUST02188,Japon,Osaka,En ligne,Accessoires & Parfums,2025-03-02,144613.99,JPY,896.61
TXN004166,CUST02188,Japon,Osaka,Boutique,Accessoires & Parfums,2025-07-16,159750.58,JPY,990.45
TXN004167,CUST02188,Japon,Osaka,Boutique,Joaillerie,2025-11-24,1772828.19,JPY,10991.53
TXN004168,CUST02188,Japon,Osaka,En ligne,Joaillerie,2026-04-12,3822105.81,JPY,23697.06
TXN004169,CUST02190,Chine,Pékin,Boutique,Horlogerie,2026-03-18,128755.11,CNY,16738.16
TXN004170,CUST02191,USA,New York 5th Ave,Boutique,Accessoires & Parfums,2025-04-14,652.38,USD,600.19
TXN004171,CUST02191,USA,New York 5th Ave,En ligne,Accessoires & Parfums,2025-09-21,1059.91,USD,975.11
TXN004172,CUST02191,USA,New York 5th Ave,Événement privé,Accessoires & Parfums,2026-02-27,809.82,USD,745.04
TXN004173,CUST02191,USA,New York 5th Ave,Événement privé,Mariage,2026-07-21,10517.83,USD,9676.4
TXN004174,CUST02192,Chine,Pékin,Événement privé,Accessoires & Parfums,2026-06-24,8942.65,CNY,1162.54
TXN004175,CUST02193,USA,New York 5th Ave,Boutique,Accessoires & Parfums,2025-03-23,1296.03,USD,1192.35
TXN004176,CUST02193,USA,New York 5th Ave,En ligne,Mariage,2025-09-20,14958.08,USD,13761.43
TXN004177,CUST02193,USA,New York 5th Ave,En ligne,Joaillerie,2026-02-01,20271.02,USD,18649.34
TXN004178,CUST02193,USA,New York 5th Ave,En ligne,Horlogerie,2026-07-17,17383.25,USD,15992.59
TXN004179,CUST02194,Japon,Tokyo Ginza,Événement privé,Accessoires & Parfums,2026-01-20,89682.45,JPY,556.03
TXN004180,CUST02194,Japon,Tokyo Ginza,Boutique,Joaillerie,2026-07-26,2011005.23,JPY,12468.23
TXN004181,CUST02195,Chine,Pékin,En ligne,Haute Joaillerie,2026-04-08,667216.75,CNY,86738.18
TXN004182,CUST02196,USA,Bal Harbour,Boutique,Joaillerie,2026-02-06,3014.51,USD,2773.35
TXN004183,CUST02196,USA,Bal Harbour,Boutique,Accessoires & Parfums,2026-07-08,628.47,USD,578.19
TXN004184,CUST02197,Japon,Osaka,Boutique,Joaillerie,2026-04-19,2376185.81,JPY,14732.35
TXN004185,CUST02198,France (siège),Paris Vendôme,En ligne,Horlogerie,2025-05-18,24456.71,EUR,24456.71
TXN004186,CUST02198,France (siège),Paris Vendôme,Événement privé,Joaillerie,2025-10-17,12441.62,EUR,12441.62
TXN004187,CUST02198,France (siège),Paris Vendôme,Boutique,Haute Joaillerie,2026-04-27,93325.57,EUR,93325.57
TXN004188,CUST02199,Chine,Shanghai,Boutique,Accessoires & Parfums,2025-12-29,7181.6,CNY,933.61
TXN004189,CUST02199,Chine,Shanghai,En ligne,Accessoires & Parfums,2026-05-24,5237.29,CNY,680.85
TXN004190,CUST02200,France (siège),Paris Vendôme,En ligne,Joaillerie,2026-04-13,19601.81,EUR,19601.81
TXN004191,CUST02201,Chine,Shanghai,Boutique,Mariage,2026-03-04,75566.02,CNY,9823.58
TXN004192,CUST02202,France (siège),Paris Champs-Élysées,Boutique,Haute Joaillerie,2026-06-26,103088.63,EUR,103088.63
TXN004193,CUST02203,Chine,Hong Kong,Boutique,Accessoires & Parfums,2026-01-24,8848.96,CNY,1150.36
TXN004194,CUST02204,USA,Bal Harbour,En ligne,Accessoires & Parfums,2025-07-19,811.29,USD,746.39
TXN004195,CUST02204,USA,Bal Harbour,En ligne,Accessoires & Parfums,2025-11-20,289.43,USD,266.28
TXN004196,CUST02204,USA,Bal Harbour,Boutique,Joaillerie,2026-04-05,17145.84,USD,15774.17
TXN004197,CUST02205,Japon,Osaka,Boutique,Joaillerie,2025-09-15,2583506.69,JPY,16017.74
TXN004198,CUST02205,Japon,Osaka,Boutique,Accessoires & Parfums,2026-03-02,165361.4,JPY,1025.24
TXN004199,CUST02205,Japon,Osaka,Boutique,Joaillerie,2026-07-11,2637063.91,JPY,16349.8
TXN004200,CUST02206,Chine,Hong Kong,En ligne,Accessoires & Parfums,2026-05-31,4844.29,CNY,629.76
TXN004201,CUST02207,USA,Bal Harbour,Boutique,Horlogerie,2025-07-24,30354.21,USD,27925.87
TXN004202,CUST02207,USA,Bal Harbour,Boutique,Accessoires & Parfums,2025-12-21,1141.73,USD,1050.4
TXN004203,CUST02207,USA,Bal Harbour,Boutique,Joaillerie,2026-04-26,20946.18,USD,19270.49
TXN004204,CUST02210,USA,Beverly Hills,Événement privé,Horlogerie,2025-07-07,30842.35,USD,28374.96
TXN004205,CUST02210,USA,Beverly Hills,Boutique,Joaillerie,2025-12-23,26760.01,USD,24619.21
TXN004206,CUST02212,Moyen-Orient,Dubaï Mall,Boutique,Accessoires & Parfums,2026-06-06,3466.91,AED,866.73
TXN004207,CUST02213,France (siège),Paris Vendôme,Boutique,Joaillerie,2025-08-10,20073.75,EUR,20073.75
TXN004208,CUST02213,France (siège),Paris Vendôme,En ligne,Accessoires & Parfums,2026-02-04,521.7,EUR,521.7
TXN004209,CUST02213,France (siège),Paris Vendôme,En ligne,Joaillerie,2026-07-26,4702.13,EUR,4702.13
TXN004210,CUST02214,Chine,Pékin,En ligne,Joaillerie,2026-04-05,98422.04,CNY,12794.87
TXN004211,CUST02215,USA,Beverly Hills,En ligne,Joaillerie,2026-07-25,11572.64,USD,10646.82
TXN004212,CUST02216,Japon,Tokyo Ginza,Boutique,Accessoires & Parfums,2026-04-13,157395.73,JPY,975.85
TXN004213,CUST02217,Japon,Tokyo Ginza,Boutique,Joaillerie,2025-06-01,3342289.75,JPY,20722.2
TXN004214,CUST02217,Japon,Tokyo Ginza,Boutique,Accessoires & Parfums,2025-11-13,103586.66,JPY,642.24
TXN004215,CUST02217,Japon,Tokyo Ginza,En ligne,Joaillerie,2026-04-25,2218246.24,JPY,13753.13
TXN004216,CUST02218,Moyen-Orient,Abu Dhabi,Événement privé,Accessoires & Parfums,2025-09-05,3655.62,AED,913.91
TXN004217,CUST02218,Moyen-Orient,Abu Dhabi,Boutique,Accessoires & Parfums,2026-01-22,4827.57,AED,1206.89
TXN004218,CUST02218,Moyen-Orient,Abu Dhabi,Boutique,Accessoires & Parfums,2026-06-14,5489.49,AED,1372.37
TXN004219,CUST02219,USA,Beverly Hills,En ligne,Accessoires & Parfums,2026-06-14,505.7,USD,465.25
TXN004220,CUST02220,USA,Beverly Hills,Boutique,Mariage,2026-03-14,14444.87,USD,13289.28
TXN004221,CUST02220,USA,Beverly Hills,En ligne,Mariage,2026-07-18,7547.77,USD,6943.95
TXN004222,CUST02221,Moyen-Orient,Dubaï Mall,Boutique,Joaillerie,2025-10-29,28717.09,AED,7179.27
TXN004223,CUST02221,Moyen-Orient,Dubaï Mall,Boutique,Horlogerie,2026-04-08,161081.76,AED,40270.44
TXN004224,CUST02223,Chine,Shanghai,Événement privé,Accessoires & Parfums,2025-10-09,4055.42,CNY,527.2
TXN004225,CUST02223,Chine,Shanghai,Boutique,Accessoires & Parfums,2026-03-28,7710.92,CNY,1002.42
TXN004226,CUST02224,Japon,Osaka,Boutique,Haute Joaillerie,2025-02-09,13985085.7,JPY,86707.53
TXN004227,CUST02224,Japon,Osaka,Boutique,Accessoires & Parfums,2025-06-15,130937.76,JPY,811.81
TXN004228,CUST02224,Japon,Osaka,En ligne,Accessoires & Parfums,2025-10-10,164830.41,JPY,1021.95
TXN004229,CUST02224,Japon,Osaka,Boutique,Joaillerie,2026-04-04,2813492.0,JPY,17443.65
TXN004230,CUST02225,Chine,Hong Kong,Boutique,Joaillerie,2025-11-06,62101.55,CNY,8073.2
TXN004231,CUST02225,Chine,Hong Kong,Boutique,Accessoires & Parfums,2026-05-08,5320.51,CNY,691.67
TXN004232,CUST02227,France (siège),Cannes,En ligne,Accessoires & Parfums,2025-04-19,1388.0,EUR,1388.0
TXN004233,CUST02227,France (siège),Cannes,En ligne,Joaillerie,2025-08-26,17269.41,EUR,17269.41
TXN004234,CUST02227,France (siège),Cannes,Boutique,Haute Joaillerie,2026-01-20,129282.25,EUR,129282.25
TXN004235,CUST02227,France (siège),Cannes,Boutique,Accessoires & Parfums,2026-06-07,705.32,EUR,705.32
TXN004236,CUST02228,France (siège),Paris Champs-Élysées,En ligne,Horlogerie,2026-05-04,22943.61,EUR,22943.61
TXN004237,CUST02229,Chine,Hong Kong,Événement privé,Accessoires & Parfums,2026-07-03,3950.51,CNY,513.57
TXN004238,CUST02230,USA,Beverly Hills,Boutique,Accessoires & Parfums,2025-09-28,878.64,USD,808.34
TXN004239,CUST02230,USA,Beverly Hills,Boutique,Accessoires & Parfums,2026-03-26,882.92,USD,812.28
TXN004240,CUST02231,Japon,Tokyo Ginza,Événement privé,Joaillerie,2025-08-29,2400044.82,JPY,14880.28
TXN004241,CUST02231,Japon,Tokyo Ginza,Boutique,Joaillerie,2026-01-19,3440880.82,JPY,21333.46
TXN004242,CUST02231,Japon,Tokyo Ginza,Boutique,Horlogerie,2026-07-31,5154185.59,JPY,31955.95
TXN004243,CUST02232,Chine,Shanghai,Boutique,Mariage,2025-04-06,127070.28,CNY,16519.14
TXN004244,CUST02232,Chine,Shanghai,Boutique,Haute Joaillerie,2025-08-22,904114.27,CNY,117534.86
TXN004245,CUST02232,Chine,Shanghai,En ligne,Accessoires & Parfums,2026-02-03,9457.44,CNY,1229.47
TXN004246,CUST02232,Chine,Shanghai,En ligne,Accessoires & Parfums,2026-06-17,5953.55,CNY,773.96
TXN004247,CUST02233,USA,New York 5th Ave,Boutique,Mariage,2025-05-02,14203.87,USD,13067.56
TXN004248,CUST02233,USA,New York 5th Ave,Boutique,Mariage,2025-10-17,8244.37,USD,7584.82
TXN004249,CUST02233,USA,New York 5th Ave,Boutique,Mariage,2026-03-18,4698.99,USD,4323.07
TXN004250,CUST02234,Japon,Osaka,Boutique,Accessoires & Parfums,2026-01-17,182075.97,JPY,1128.87
TXN004251,CUST02234,Japon,Osaka,En ligne,Mariage,2026-06-14,1877916.01,JPY,11643.08
TXN004252,CUST02235,Moyen-Orient,Abu Dhabi,En ligne,Haute Joaillerie,2026-04-29,422260.94,AED,105565.24
TXN004253,CUST02236,Chine,Shanghai,Événement privé,Mariage,2026-04-28,67929.86,CNY,8830.88
TXN004254,CUST02238,Moyen-Orient,Abu Dhabi,En ligne,Joaillerie,2025-06-09,68542.46,AED,17135.62
TXN004255,CUST02238,Moyen-Orient,Abu Dhabi,Boutique,Accessoires & Parfums,2025-12-03,3760.62,AED,940.15
TXN004256,CUST02238,Moyen-Orient,Abu Dhabi,Boutique,Joaillerie,2026-06-02,64028.6,AED,16007.15
TXN004257,CUST02239,Japon,Osaka,Boutique,Haute Joaillerie,2025-10-01,20928887.73,JPY,129759.1
TXN004258,CUST02239,Japon,Osaka,Boutique,Joaillerie,2026-01-29,3164345.48,JPY,19618.94
TXN004259,CUST02239,Japon,Osaka,En ligne,Haute Joaillerie,2026-05-31,20868064.14,JPY,129382.0
TXN004260,CUST02241,France (siège),Paris Vendôme,Boutique,Joaillerie,2026-07-21,10993.55,EUR,10993.55
TXN004261,CUST02242,USA,Beverly Hills,Boutique,Mariage,2026-01-14,6754.58,USD,6214.21
TXN004262,CUST02242,USA,Beverly Hills,Boutique,Mariage,2026-06-18,9898.6,USD,9106.71
TXN004263,CUST02243,Moyen-Orient,Abu Dhabi,Événement privé,Accessoires & Parfums,2025-05-07,4291.88,AED,1072.97
TXN004264,CUST02243,Moyen-Orient,Abu Dhabi,Événement privé,Joaillerie,2025-12-02,41437.76,AED,10359.44
TXN004265,CUST02243,Moyen-Orient,Abu Dhabi,Événement privé,Joaillerie,2026-05-29,55065.14,AED,13766.28
TXN004266,CUST02244,Japon,Osaka,Boutique,Joaillerie,2026-01-21,1290246.14,JPY,7999.53
TXN004267,CUST02244,Japon,Osaka,Boutique,Accessoires & Parfums,2026-06-26,203860.93,JPY,1263.94
TXN004268,CUST02245,France (siège),Cannes,Boutique,Accessoires & Parfums,2025-11-24,936.79,EUR,936.79
TXN004269,CUST02245,France (siège),Cannes,Boutique,Accessoires & Parfums,2026-04-06,861.28,EUR,861.28
TXN004270,CUST02246,Japon,Tokyo Ginza,Boutique,Horlogerie,2026-04-08,4504030.87,JPY,27924.99
TXN004271,CUST02247,France (siège),Cannes,Boutique,Mariage,2026-07-08,16499.66,EUR,16499.66
TXN004272,CUST02248,Moyen-Orient,Abu Dhabi,Boutique,Accessoires & Parfums,2026-07-06,3222.25,AED,805.56
TXN004273,CUST02249,Moyen-Orient,Abu Dhabi,Boutique,Accessoires & Parfums,2026-03-08,3433.68,AED,858.42
TXN004274,CUST02250,Moyen-Orient,Dubaï Mall,Boutique,Mariage,2025-11-07,48002.56,AED,12000.64
TXN004275,CUST02250,Moyen-Orient,Dubaï Mall,Boutique,Joaillerie,2026-05-01,47031.44,AED,11757.86
TXN004276,CUST02251,France (siège),Paris Vendôme,Événement privé,Joaillerie,2025-04-28,17231.35,EUR,17231.35
TXN004277,CUST02251,France (siège),Paris Vendôme,Boutique,Accessoires & Parfums,2025-10-15,610.25,EUR,610.25
TXN004278,CUST02251,France (siège),Paris Vendôme,En ligne,Accessoires & Parfums,2026-03-26,634.39,EUR,634.39
TXN004279,CUST02252,France (siège),Paris Vendôme,Boutique,Accessoires & Parfums,2026-02-20,543.83,EUR,543.83
TXN004280,CUST02253,Chine,Hong Kong,En ligne,Horlogerie,2026-01-27,173536.82,CNY,22559.79
TXN004281,CUST02253,Chine,Hong Kong,En ligne,Joaillerie,2026-06-21,155513.59,CNY,20216.77
TXN004282,CUST02254,USA,Bal Harbour,Événement privé,Haute Joaillerie,2026-01-12,103683.13,USD,95388.48
TXN004283,CUST02254,USA,Bal Harbour,Boutique,Mariage,2026-07-07,10656.64,USD,9804.11
TXN004284,CUST02255,France (siège),Paris Vendôme,Boutique,Joaillerie,2025-03-10,20992.05,EUR,20992.05
TXN004285,CUST02255,France (siège),Paris Vendôme,En ligne,Joaillerie,2025-09-12,14072.82,EUR,14072.82
TXN004286,CUST02255,France (siège),Paris Vendôme,Boutique,Mariage,2026-02-17,10389.91,EUR,10389.91
TXN004287,CUST02256,France (siège),Cannes,Boutique,Horlogerie,2026-07-01,23440.11,EUR,23440.11
TXN004288,CUST02257,Chine,Hong Kong,Boutique,Accessoires & Parfums,2025-12-01,4840.56,CNY,629.27
TXN004289,CUST02258,Moyen-Orient,Dubaï Mall,Boutique,Horlogerie,2026-06-07,118550.7,AED,29637.68
TXN004290,CUST02259,Chine,Hong Kong,Boutique,Horlogerie,2025-03-22,191824.58,CNY,24937.2
TXN004291,CUST02259,Chine,Hong Kong,Boutique,Mariage,2025-08-29,82700.56,CNY,10751.07
TXN004292,CUST02259,Chine,Hong Kong,Boutique,Joaillerie,2026-02-22,201660.2,CNY,26215.83
TXN004293,CUST02260,USA,Bal Harbour,En ligne,Accessoires & Parfums,2026-07-05,730.18,USD,671.76
TXN004294,CUST02261,Japon,Tokyo Ginza,En ligne,Mariage,2026-02-06,1795423.09,JPY,11131.62
TXN004295,CUST02261,Japon,Tokyo Ginza,Boutique,Horlogerie,2026-07-29,5605881.65,JPY,34756.47
TXN004296,CUST02262,USA,Bal Harbour,Boutique,Mariage,2025-08-14,9621.18,USD,8851.48
TXN004297,CUST02262,USA,Bal Harbour,Boutique,Joaillerie,2026-01-27,17025.82,USD,15663.76
TXN004298,CUST02262,USA,Bal Harbour,Boutique,Joaillerie,2026-06-10,16305.69,USD,15001.23
TXN004299,CUST02266,USA,Beverly Hills,Boutique,Accessoires & Parfums,2025-03-04,438.95,USD,403.84
TXN004300,CUST02266,USA,Beverly Hills,En ligne,Joaillerie,2025-09-02,15243.33,USD,14023.87
TXN004301,CUST02266,USA,Beverly Hills,Événement privé,Accessoires & Parfums,2026-02-18,421.72,USD,387.99
TXN004302,CUST02266,USA,Beverly Hills,Boutique,Haute Joaillerie,2026-07-20,67052.84,USD,61688.61
TXN004303,CUST02267,Moyen-Orient,Dubaï Mall,En ligne,Joaillerie,2026-07-03,59510.07,AED,14877.52
TXN004304,CUST02268,Japon,Tokyo Ginza,En ligne,Horlogerie,2026-02-22,4748171.59,JPY,29438.66
TXN004305,CUST02269,USA,Bal Harbour,Boutique,Horlogerie,2026-06-24,32482.02,USD,29883.46
TXN004306,CUST02270,France (siège),Paris Vendôme,Boutique,Accessoires & Parfums,2026-05-07,843.93,EUR,843.93
TXN004307,CUST02271,France (siège),Cannes,Boutique,Accessoires & Parfums,2025-03-30,663.25,EUR,663.25
TXN004308,CUST02271,France (siège),Cannes,Boutique,Joaillerie,2025-09-05,16576.57,EUR,16576.57
TXN004309,CUST02271,France (siège),Cannes,En ligne,Joaillerie,2025-12-01,19790.84,EUR,19790.84
TXN004310,CUST02271,France (siège),Cannes,Événement privé,Horlogerie,2026-05-17,27351.21,EUR,27351.21
TXN004311,CUST02273,France (siège),Paris Champs-Élysées,Événement privé,Joaillerie,2025-12-22,25707.88,EUR,25707.88
TXN004312,CUST02273,France (siège),Paris Champs-Élysées,En ligne,Accessoires & Parfums,2026-04-12,1314.93,EUR,1314.93
TXN004313,CUST02274,France (siège),Paris Vendôme,Événement privé,Joaillerie,2025-09-24,20822.83,EUR,20822.83
TXN004314,CUST02274,France (siège),Paris Vendôme,Événement privé,Mariage,2026-02-06,12622.25,EUR,12622.25
TXN004315,CUST02274,France (siège),Paris Vendôme,Boutique,Mariage,2026-07-09,12956.8,EUR,12956.8
TXN004316,CUST02275,USA,Beverly Hills,Boutique,Accessoires & Parfums,2025-10-23,514.79,USD,473.6
TXN004317,CUST02275,USA,Beverly Hills,Boutique,Accessoires & Parfums,2026-03-29,702.15,USD,645.98
TXN004318,CUST02276,Moyen-Orient,Dubaï Mall,En ligne,Accessoires & Parfums,2026-02-28,3403.79,AED,850.95
TXN004319,CUST02276,Moyen-Orient,Dubaï Mall,Boutique,Mariage,2026-07-28,29541.61,AED,7385.4
TXN004320,CUST02277,USA,Beverly Hills,En ligne,Joaillerie,2026-01-21,24948.55,USD,22952.67
TXN004321,CUST02277,USA,Beverly Hills,Boutique,Horlogerie,2026-05-30,46265.31,USD,42564.09
TXN004322,CUST02278,USA,New York 5th Ave,En ligne,Horlogerie,2025-12-08,46561.29,USD,42836.38
TXN004323,CUST02278,USA,New York 5th Ave,En ligne,Horlogerie,2026-05-27,40829.61,USD,37563.24
TXN004324,CUST02279,USA,New York 5th Ave,Événement privé,Accessoires & Parfums,2025-09-15,803.62,USD,739.33
TXN004325,CUST02279,USA,New York 5th Ave,Boutique,Mariage,2026-02-24,7863.65,USD,7234.56
TXN004326,CUST02279,USA,New York 5th Ave,Boutique,Haute Joaillerie,2026-07-14,97745.61,USD,89925.96
TXN004327,CUST02280,France (siège),Paris Vendôme,En ligne,Accessoires & Parfums,2026-06-26,1015.07,EUR,1015.07
TXN004328,CUST02281,USA,Bal Harbour,En ligne,Joaillerie,2025-04-21,15933.4,USD,14658.73
TXN004329,CUST02282,Japon,Osaka,Boutique,Joaillerie,2026-01-16,1822302.86,JPY,11298.28
TXN004330,CUST02282,Japon,Osaka,Boutique,Joaillerie,2026-06-24,1859098.68,JPY,11526.41
TXN004331,CUST02283,USA,Beverly Hills,Boutique,Accessoires & Parfums,2025-07-18,738.03,USD,678.99
TXN004332,CUST02283,USA,Beverly Hills,Boutique,Accessoires & Parfums,2026-01-24,1042.83,USD,959.4
TXN004333,CUST02283,USA,Beverly Hills,Boutique,Accessoires & Parfums,2026-06-29,979.98,USD,901.58
TXN004334,CUST02284,Japon,Tokyo Ginza,Boutique,Haute Joaillerie,2025-11-08,14985149.35,JPY,92907.93
TXN004335,CUST02284,Japon,Tokyo Ginza,Boutique,Joaillerie,2026-04-20,1599769.96,JPY,9918.57
TXN004336,CUST02285,Japon,Osaka,Boutique,Mariage,2026-07-25,722763.35,JPY,4481.13
TXN004337,CUST02286,Japon,Osaka,Boutique,Mariage,2025-06-11,1596037.85,JPY,9895.43
TXN004338,CUST02286,Japon,Osaka,Boutique,Horlogerie,2025-12-28,5350386.13,JPY,33172.39
TXN004339,CUST02286,Japon,Osaka,Événement privé,Accessoires & Parfums,2026-05-29,93054.71,JPY,576.94
TXN004340,CUST02287,USA,Beverly Hills,Événement privé,Horlogerie,2025-03-07,27009.63,USD,24848.86
TXN004341,CUST02287,USA,Beverly Hills,Événement privé,Accessoires & Parfums,2025-09-03,1355.95,USD,1247.47
TXN004342,CUST02287,USA,Beverly Hills,En ligne,Accessoires & Parfums,2026-01-23,633.51,USD,582.83
TXN004343,CUST02287,USA,Beverly Hills,En ligne,Accessoires & Parfums,2026-06-10,1064.8,USD,979.61
TXN004344,CUST02288,Chine,Pékin,Boutique,Joaillerie,2025-11-13,82264.89,CNY,10694.44
TXN004345,CUST02288,Chine,Pékin,Boutique,Horlogerie,2026-05-22,176964.89,CNY,23005.44
TXN004346,CUST02289,Chine,Hong Kong,Boutique,Mariage,2025-11-20,62025.43,CNY,8063.31
TXN004347,CUST02289,Chine,Hong Kong,En ligne,Mariage,2026-04-02,93989.01,CNY,12218.57
TXN004348,CUST02290,USA,Bal Harbour,Boutique,Joaillerie,2026-03-22,3648.95,USD,3357.03
TXN004349,CUST02291,France (siège),Cannes,Événement privé,Accessoires & Parfums,2026-06-19,581.37,EUR,581.37
TXN004350,CUST02292,France (siège),Paris Vendôme,En ligne,Accessoires & Parfums,2025-02-08,947.31,EUR,947.31
TXN004351,CUST02292,France (siège),Paris Vendôme,En ligne,Horlogerie,2025-05-27,44233.68,EUR,44233.68
TXN004352,CUST02292,France (siège),Paris Vendôme,Boutique,Mariage,2025-10-19,16246.11,EUR,16246.11
TXN004353,CUST02292,France (siège),Paris Vendôme,En ligne,Joaillerie,2026-03-16,11243.49,EUR,11243.49
TXN004354,CUST02292,France (siège),Paris Vendôme,Événement privé,Mariage,2026-07-26,14731.18,EUR,14731.18
TXN004355,CUST02293,Chine,Pékin,Boutique,Mariage,2026-02-21,107870.75,CNY,14023.2
TXN004356,CUST02294,Moyen-Orient,Abu Dhabi,Boutique,Accessoires & Parfums,2025-10-24,2062.75,AED,515.69
TXN004357,CUST02294,Moyen-Orient,Abu Dhabi,Boutique,Accessoires & Parfums,2026-03-12,3579.54,AED,894.89
TXN004358,CUST02294,Moyen-Orient,Abu Dhabi,En ligne,Joaillerie,2026-07-31,77205.48,AED,19301.37
TXN004359,CUST02295,USA,Beverly Hills,En ligne,Horlogerie,2025-03-08,25130.11,USD,23119.7
TXN004360,CUST02295,USA,Beverly Hills,En ligne,Joaillerie,2025-07-31,20887.9,USD,19216.86
TXN004361,CUST02295,USA,Beverly Hills,Boutique,Accessoires & Parfums,2025-12-16,1928.3,USD,1774.04
TXN004362,CUST02295,USA,Beverly Hills,Boutique,Accessoires & Parfums,2026-05-09,899.76,USD,827.78
TXN004363,CUST02296,Moyen-Orient,Dubaï Mall,Événement privé,Horlogerie,2026-05-04,78789.02,AED,19697.25
TXN004364,CUST02297,Japon,Tokyo Ginza,En ligne,Horlogerie,2025-12-03,8054289.73,JPY,49936.6
TXN004365,CUST02297,Japon,Tokyo Ginza,En ligne,Haute Joaillerie,2026-04-24,20923242.8,JPY,129724.11
TXN004366,CUST02298,Moyen-Orient,Abu Dhabi,Événement privé,Mariage,2025-04-19,41495.93,AED,10373.98
TXN004367,CUST02298,Moyen-Orient,Abu Dhabi,Événement privé,Accessoires & Parfums,2025-08-25,2417.54,AED,604.39
TXN004368,CUST02298,Moyen-Orient,Abu Dhabi,Boutique,Accessoires & Parfums,2026-01-02,3945.56,AED,986.39
TXN004369,CUST02298,Moyen-Orient,Abu Dhabi,Boutique,Accessoires & Parfums,2026-05-24,3755.24,AED,938.81
TXN004370,CUST02299,France (siège),Paris Vendôme,En ligne,Horlogerie,2025-09-14,30861.69,EUR,30861.69
TXN004371,CUST02299,France (siège),Paris Vendôme,Boutique,Accessoires & Parfums,2026-03-29,1091.09,EUR,1091.09
TXN004372,CUST02300,USA,New York 5th Ave,Événement privé,Accessoires & Parfums,2025-07-13,1396.62,USD,1284.89
TXN004373,CUST02300,USA,New York 5th Ave,En ligne,Horlogerie,2025-10-31,31328.5,USD,28822.22
TXN004374,CUST02300,USA,New York 5th Ave,Boutique,Mariage,2026-03-01,10112.06,USD,9303.09
TXN004375,CUST02300,USA,New York 5th Ave,Boutique,Joaillerie,2026-06-13,17078.1,USD,15711.85
TXN004376,CUST02301,USA,New York 5th Ave,Événement privé,Accessoires & Parfums,2026-02-04,899.77,USD,827.79
TXN004377,CUST02301,USA,New York 5th Ave,Boutique,Haute Joaillerie,2026-07-20,80557.22,USD,74112.65
TXN004378,CUST02303,USA,New York 5th Ave,Événement privé,Joaillerie,2025-05-15,16488.32,USD,15169.25
TXN004379,CUST02303,USA,New York 5th Ave,Boutique,Joaillerie,2025-12-08,12646.53,USD,11634.81
TXN004380,CUST02303,USA,New York 5th Ave,Boutique,Horlogerie,2026-06-11,21622.78,USD,19892.96
TXN004381,CUST02304,France (siège),Cannes,Boutique,Accessoires & Parfums,2026-06-24,875.93,EUR,875.93
TXN004382,CUST02305,Japon,Osaka,En ligne,Accessoires & Parfums,2026-07-06,108861.53,JPY,674.94
TXN004383,CUST02306,Japon,Osaka,Boutique,Joaillerie,2025-02-15,2867563.95,JPY,17778.9
TXN004384,CUST02306,Japon,Osaka,Événement privé,Accessoires & Parfums,2025-08-26,86712.5,JPY,537.62
TXN004385,CUST02306,Japon,Osaka,Événement privé,Joaillerie,2026-01-30,2463065.09,JPY,15271.0
TXN004386,CUST02306,Japon,Osaka,Boutique,Joaillerie,2026-06-20,1911405.39,JPY,11850.71
TXN004387,CUST02307,Japon,Tokyo Ginza,Boutique,Accessoires & Parfums,2025-02-23,101757.15,JPY,630.89
TXN004388,CUST02308,USA,New York 5th Ave,Événement privé,Accessoires & Parfums,2025-05-10,823.94,USD,758.02
TXN004389,CUST02308,USA,New York 5th Ave,Boutique,Accessoires & Parfums,2025-11-17,972.15,USD,894.38
TXN004390,CUST02308,USA,New York 5th Ave,En ligne,Horlogerie,2026-04-12,20164.85,USD,18551.66
TXN004391,CUST02310,USA,Bal Harbour,Boutique,Accessoires & Parfums,2026-02-27,814.42,USD,749.27
TXN004392,CUST02311,Moyen-Orient,Dubaï Mall,En ligne,Mariage,2026-06-06,40053.93,AED,10013.48
TXN004393,CUST02312,France (siège),Cannes,Boutique,Mariage,2026-03-31,18301.83,EUR,18301.83
TXN004394,CUST02313,France (siège),Paris Champs-Élysées,Boutique,Joaillerie,2026-04-01,15639.94,EUR,15639.94
TXN004395,CUST02314,Japon,Tokyo Ginza,Boutique,Joaillerie,2026-04-05,2077723.65,JPY,12881.89
TXN004396,CUST02315,France (siège),Paris Champs-Élysées,En ligne,Mariage,2025-12-06,21255.84,EUR,21255.84
TXN004397,CUST02315,France (siège),Paris Champs-Élysées,Événement privé,Mariage,2026-04-06,11760.94,EUR,11760.94
TXN004398,CUST02315,France (siège),Paris Champs-Élysées,Boutique,Mariage,2026-07-08,14658.83,EUR,14658.83
TXN004399,CUST02316,USA,Bal Harbour,En ligne,Horlogerie,2025-07-30,33367.19,USD,30697.81
TXN004400,CUST02316,USA,Bal Harbour,Boutique,Horlogerie,2025-12-14,46679.72,USD,42945.34
TXN004401,CUST02316,USA,Bal Harbour,Boutique,Haute Joaillerie,2026-05-04,90548.62,USD,83304.73
TXN004402,CUST02317,France (siège),Cannes,Événement privé,Accessoires & Parfums,2025-07-17,795.49,EUR,795.49
TXN004403,CUST02317,France (siège),Cannes,En ligne,Accessoires & Parfums,2026-01-16,440.07,EUR,440.07
TXN004404,CUST02317,France (siège),Cannes,Boutique,Accessoires & Parfums,2026-06-23,665.37,EUR,665.37
TXN004405,CUST02318,Chine,Shanghai,Boutique,Accessoires & Parfums,2026-03-16,8091.0,CNY,1051.83
TXN004406,CUST02319,Chine,Shanghai,Boutique,Joaillerie,2026-04-12,193032.09,CNY,25094.17
TXN004407,CUST02321,Japon,Tokyo Ginza,Boutique,Mariage,2025-09-04,1224436.13,JPY,7591.5
TXN004408,CUST02323,USA,Bal Harbour,Événement privé,Joaillerie,2025-06-04,20450.88,USD,18814.81
TXN004409,CUST02323,USA,Bal Harbour,Boutique,Accessoires & Parfums,2025-10-29,1375.34,USD,1265.31
TXN004410,CUST02323,USA,Bal Harbour,En ligne,Horlogerie,2026-02-25,55706.51,USD,51249.99
TXN004411,CUST02324,Japon,Osaka,En ligne,Accessoires & Parfums,2026-06-17,123796.15,JPY,767.54
TXN004412,CUST02325,USA,Beverly Hills,En ligne,Accessoires & Parfums,2025-03-06,414.93,USD,381.74
TXN004413,CUST02326,USA,Beverly Hills,Boutique,Mariage,2026-06-21,10177.71,USD,9363.5
TXN004414,CUST02327,USA,Beverly Hills,Boutique,Horlogerie,2026-03-01,29574.68,USD,27208.71
TXN004415,CUST02328,USA,New York 5th Ave,Événement privé,Mariage,2025-05-19,15459.9,USD,14223.11
TXN004416,CUST02328,USA,New York 5th Ave,En ligne,Accessoires & Parfums,2025-10-08,1057.31,USD,972.73
TXN004417,CUST02328,USA,New York 5th Ave,Boutique,Horlogerie,2026-04-05,25754.28,USD,23693.93
TXN004418,CUST02330,Chine,Hong Kong,Boutique,Accessoires & Parfums,2026-05-05,3717.15,CNY,483.23
TXN004419,CUST02331,Japon,Osaka,En ligne,Accessoires & Parfums,2025-02-13,132715.18,JPY,822.83
TXN004420,CUST02331,Japon,Osaka,Boutique,Accessoires & Parfums,2025-07-25,152108.54,JPY,943.07
TXN004421,CUST02331,Japon,Osaka,Événement privé,Joaillerie,2026-01-21,3297178.87,JPY,20442.51
TXN004422,CUST02331,Japon,Osaka,En ligne,Mariage,2026-06-28,2470778.7,JPY,15318.83
TXN004423,CUST02332,France (siège),Paris Champs-Élysées,Boutique,Mariage,2026-05-05,16446.26,EUR,16446.26
TXN004424,CUST02333,Japon,Tokyo Ginza,En ligne,Mariage,2026-02-24,2162520.13,JPY,13407.62
TXN004425,CUST02334,Chine,Shanghai,Événement privé,Mariage,2026-06-07,63487.68,CNY,8253.4
TXN004426,CUST02335,USA,Beverly Hills,Boutique,Mariage,2025-09-24,10497.49,USD,9657.69
TXN004427,CUST02335,USA,Beverly Hills,En ligne,Accessoires & Parfums,2026-04-09,803.23,USD,738.97
TXN004428,CUST02336,Japon,Tokyo Ginza,Boutique,Accessoires & Parfums,2026-03-13,103229.65,JPY,640.02
TXN004429,CUST02337,Chine,Hong Kong,Boutique,Joaillerie,2025-03-14,118514.93,CNY,15406.94
TXN004430,CUST02337,Chine,Hong Kong,Boutique,Joaillerie,2025-08-30,122766.06,CNY,15959.59
TXN004431,CUST02337,Chine,Hong Kong,Boutique,Joaillerie,2026-04-01,126874.04,CNY,16493.63
TXN004432,CUST02338,Chine,Shanghai,Boutique,Accessoires & Parfums,2025-05-06,4010.1,CNY,521.31
TXN004433,CUST02338,Chine,Shanghai,En ligne,Horlogerie,2025-11-16,132929.92,CNY,17280.89
TXN004434,CUST02338,Chine,Shanghai,Boutique,Mariage,2026-05-15,83603.58,CNY,10868.47
TXN004435,CUST02339,USA,New York 5th Ave,En ligne,Accessoires & Parfums,2025-08-28,646.82,USD,595.07
TXN004436,CUST02339,USA,New York 5th Ave,En ligne,Accessoires & Parfums,2026-03-02,691.16,USD,635.87
TXN004437,CUST02340,USA,Beverly Hills,Boutique,Horlogerie,2026-05-02,31874.39,USD,29324.44
TXN004438,CUST02341,Chine,Shanghai,Boutique,Horlogerie,2025-11-24,165471.85,CNY,21511.34
TXN004439,CUST02341,Chine,Shanghai,En ligne,Accessoires & Parfums,2026-05-13,9591.57,CNY,1246.9
TXN004440,CUST02342,USA,Bal Harbour,Boutique,Joaillerie,2025-01-05,11561.01,USD,10636.13
TXN004441,CUST02342,USA,Bal Harbour,Boutique,Joaillerie,2025-04-30,24442.41,USD,22487.02
TXN004442,CUST02342,USA,Bal Harbour,Boutique,Horlogerie,2025-08-27,40415.38,USD,37182.15
TXN004443,CUST02342,USA,Bal Harbour,Boutique,Joaillerie,2026-01-26,16407.76,USD,15095.14
TXN004444,CUST02342,USA,Bal Harbour,Boutique,Accessoires & Parfums,2026-05-24,1190.58,USD,1095.33
TXN004445,CUST02345,Chine,Shanghai,Boutique,Accessoires & Parfums,2025-10-01,4068.97,CNY,528.97
TXN004446,CUST02345,Chine,Shanghai,En ligne,Haute Joaillerie,2026-03-16,643984.11,CNY,83717.93
TXN004447,CUST02347,Japon,Tokyo Ginza,Boutique,Mariage,2025-09-08,1819059.39,JPY,11278.17
TXN004448,CUST02348,France (siège),Paris Champs-Élysées,Boutique,Haute Joaillerie,2026-06-11,115616.3,EUR,115616.3
TXN004449,CUST02349,Japon,Osaka,Boutique,Accessoires & Parfums,2025-06-29,183076.82,JPY,1135.08
TXN004450,CUST02349,Japon,Osaka,Boutique,Joaillerie,2025-11-08,2800299.4,JPY,17361.86
TXN004451,CUST02349,Japon,Osaka,En ligne,Haute Joaillerie,2026-02-28,16956116.89,JPY,105127.92
TXN004452,CUST02349,Japon,Osaka,Boutique,Haute Joaillerie,2026-06-23,22679074.83,JPY,140610.26
TXN004453,CUST02350,USA,New York 5th Ave,En ligne,Mariage,2025-07-06,17786.5,USD,16363.58
TXN004454,CUST02350,USA,New York 5th Ave,Boutique,Joaillerie,2025-12-13,23140.28,USD,21289.05
TXN004455,CUST02350,USA,New York 5th Ave,Boutique,Horlogerie,2026-05-10,46964.4,USD,43207.25
TXN004456,CUST02351,Chine,Pékin,Boutique,Horlogerie,2025-11-26,123499.72,CNY,16054.96
TXN004457,CUST02351,Chine,Pékin,Boutique,Joaillerie,2026-06-01,101628.26,CNY,13211.67
TXN004458,CUST02352,Chine,Hong Kong,En ligne,Mariage,2026-01-16,95138.78,CNY,12368.04
TXN004459,CUST02352,Chine,Hong Kong,En ligne,Joaillerie,2026-07-20,96152.89,CNY,12499.88
TXN004460,CUST02354,Chine,Pékin,Boutique,Mariage,2026-05-26,54838.69,CNY,7129.03
TXN004461,CUST02355,France (siège),Paris Vendôme,Boutique,Joaillerie,2026-03-16,16078.52,EUR,16078.52
TXN004462,CUST02356,France (siège),Paris Champs-Élysées,En ligne,Joaillerie,2025-11-12,12581.71,EUR,12581.71
TXN004463,CUST02356,France (siège),Paris Champs-Élysées,Événement privé,Accessoires & Parfums,2026-05-06,770.02,EUR,770.02
TXN004464,CUST02357,Japon,Tokyo Ginza,En ligne,Accessoires & Parfums,2025-05-17,127857.59,JPY,792.72
TXN004465,CUST02357,Japon,Tokyo Ginza,Boutique,Accessoires & Parfums,2025-10-15,77929.74,JPY,483.16
TXN004466,CUST02357,Japon,Tokyo Ginza,En ligne,Accessoires & Parfums,2026-04-10,91212.79,JPY,565.52
TXN004467,CUST02358,Japon,Tokyo Ginza,Boutique,Horlogerie,2025-02-09,6170906.13,JPY,38259.62
TXN004468,CUST02358,Japon,Tokyo Ginza,Boutique,Mariage,2025-07-16,1625044.02,JPY,10075.27
TXN004469,CUST02358,Japon,Tokyo Ginza,Événement privé,Accessoires & Parfums,2025-11-18,212607.2,JPY,1318.16
TXN004470,CUST02359,France (siège),Paris Champs-Élysées,Boutique,Joaillerie,2026-01-07,24821.35,EUR,24821.35
TXN004471,CUST02359,France (siège),Paris Champs-Élysées,Boutique,Mariage,2026-05-24,18427.57,EUR,18427.57
TXN004472,CUST02360,USA,Bal Harbour,Boutique,Joaillerie,2025-04-27,25447.19,USD,23411.41
TXN004473,CUST02360,USA,Bal Harbour,Boutique,Joaillerie,2025-07-27,17743.4,USD,16323.93
TXN004474,CUST02360,USA,Bal Harbour,Boutique,Joaillerie,2026-01-09,14068.44,USD,12942.96
TXN004475,CUST02360,USA,Bal Harbour,Événement privé,Mariage,2026-06-01,9189.2,USD,8454.06
TXN004476,CUST02361,Japon,Osaka,Boutique,Joaillerie,2025-12-08,2912680.3,JPY,18058.62
TXN004477,CUST02362,Chine,Pékin,Événement privé,Haute Joaillerie,2025-04-20,720262.16,CNY,93634.08
TXN004478,CUST02362,Chine,Pékin,Boutique,Joaillerie,2025-10-28,116018.73,CNY,15082.43
TXN004479,CUST02363,France (siège),Paris Vendôme,En ligne,Accessoires & Parfums,2026-07-21,853.96,EUR,853.96
TXN004480,CUST02364,USA,New York 5th Ave,En ligne,Mariage,2026-03-21,14909.81,USD,13717.03
TXN004481,CUST02365,France (siège),Paris Vendôme,Boutique,Horlogerie,2026-03-09,25424.77,EUR,25424.77
TXN004482,CUST02366,Moyen-Orient,Abu Dhabi,En ligne,Accessoires & Parfums,2026-05-24,3634.84,AED,908.71
TXN004483,CUST02367,Moyen-Orient,Dubaï Mall,Boutique,Horlogerie,2026-07-28,131415.05,AED,32853.76
TXN004484,CUST02368,USA,Bal Harbour,Boutique,Accessoires & Parfums,2025-10-05,683.89,USD,629.18
TXN004485,CUST02368,USA,Bal Harbour,Boutique,Joaillerie,2026-03-07,15377.3,USD,14147.12
TXN004486,CUST02371,Moyen-Orient,Dubaï Mall,En ligne,Joaillerie,2026-06-18,91293.93,AED,22823.48
TXN004487,CUST02372,Moyen-Orient,Abu Dhabi,En ligne,Mariage,2025-02-13,76255.72,AED,19063.93
TXN004488,CUST02372,Moyen-Orient,Abu Dhabi,En ligne,Accessoires & Parfums,2025-06-14,5060.5,AED,1265.13
TXN004489,CUST02374,Chine,Hong Kong,En ligne,Horlogerie,2024-12-24,260499.99,CNY,33865.0
TXN004490,CUST02374,Chine,Hong Kong,En ligne,Accessoires & Parfums,2025-05-06,4219.86,CNY,548.58
TXN004491,CUST02374,Chine,Hong Kong,Boutique,Horlogerie,2025-09-25,216988.32,CNY,28208.48
TXN004492,CUST02374,Chine,Hong Kong,Boutique,Accessoires & Parfums,2026-02-07,10060.52,CNY,1307.87
TXN004493,CUST02376,Chine,Hong Kong,En ligne,Joaillerie,2025-09-04,100241.36,CNY,13031.38
TXN004494,CUST02376,Chine,Hong Kong,En ligne,Haute Joaillerie,2026-03-06,934840.81,CNY,121529.31
TXN004495,CUST02377,Chine,Shanghai,Boutique,Mariage,2025-11-19,78774.82,CNY,10240.73
TXN004496,CUST02377,Chine,Shanghai,Boutique,Haute Joaillerie,2026-04-14,1014156.24,CNY,131840.31
TXN004497,CUST02378,Moyen-Orient,Abu Dhabi,Boutique,Accessoires & Parfums,2025-09-15,3248.77,AED,812.19
TXN004498,CUST02379,USA,New York 5th Ave,Boutique,Joaillerie,2026-02-27,17447.07,USD,16051.3
TXN004499,CUST02379,USA,New York 5th Ave,Boutique,Joaillerie,2026-07-12,16783.39,USD,15440.72
TXN004500,CUST02380,Moyen-Orient,Dubaï Mall,En ligne,Horlogerie,2025-08-18,97190.05,AED,24297.51
TXN004501,CUST02381,Moyen-Orient,Abu Dhabi,En ligne,Joaillerie,2025-06-12,56561.5,AED,14140.37
TXN004502,CUST02381,Moyen-Orient,Abu Dhabi,En ligne,Horlogerie,2025-11-25,49799.09,AED,12449.77
TXN004503,CUST02381,Moyen-Orient,Abu Dhabi,Événement privé,Joaillerie,2026-05-24,22618.17,AED,5654.54
TXN004504,CUST02382,USA,Beverly Hills,Boutique,Joaillerie,2026-06-01,11613.83,USD,10684.72
TXN004505,CUST02383,USA,New York 5th Ave,En ligne,Accessoires & Parfums,2025-03-04,741.75,USD,682.41
TXN004506,CUST02383,USA,New York 5th Ave,Boutique,Mariage,2025-08-11,10409.69,USD,9576.92
TXN004507,CUST02384,France (siège),Paris Champs-Élysées,Boutique,Mariage,2026-04-16,6153.37,EUR,6153.37
TXN004508,CUST02386,Chine,Pékin,En ligne,Joaillerie,2025-02-11,152669.97,CNY,19847.1
TXN004509,CUST02386,Chine,Pékin,Boutique,Horlogerie,2025-07-01,192488.21,CNY,25023.47
TXN004510,CUST02386,Chine,Pékin,En ligne,Joaillerie,2025-11-22,144782.94,CNY,18821.78
TXN004511,CUST02386,Chine,Pékin,Boutique,Mariage,2026-04-13,70510.36,CNY,9166.35
TXN004512,CUST02387,USA,Bal Harbour,Boutique,Accessoires & Parfums,2026-04-22,1320.44,USD,1214.81
TXN004513,CUST02388,Japon,Osaka,Boutique,Accessoires & Parfums,2025-03-20,165059.65,JPY,1023.37
TXN004514,CUST02388,Japon,Osaka,Boutique,Accessoires & Parfums,2025-09-15,121962.79,JPY,756.17
TXN004515,CUST02388,Japon,Osaka,Boutique,Joaillerie,2026-02-11,2259552.5,JPY,14009.23
TXN004516,CUST02388,Japon,Osaka,Boutique,Accessoires & Parfums,2026-07-21,140543.08,JPY,871.37
TXN004517,CUST02389,Japon,Tokyo Ginza,En ligne,Horlogerie,2025-03-20,6283998.88,JPY,38960.79
TXN004518,CUST02389,Japon,Tokyo Ginza,Boutique,Accessoires & Parfums,2025-08-10,88080.75,JPY,546.1
TXN004519,CUST02389,Japon,Tokyo Ginza,En ligne,Haute Joaillerie,2025-12-26,13685105.03,JPY,84847.65
TXN004520,CUST02389,Japon,Tokyo Ginza,Boutique,Accessoires & Parfums,2026-05-31,147881.2,JPY,916.86
TXN004521,CUST02390,Japon,Osaka,En ligne,Accessoires & Parfums,2025-12-15,154856.11,JPY,960.11
TXN004522,CUST02390,Japon,Osaka,Boutique,Joaillerie,2026-05-16,2186330.19,JPY,13555.25
TXN004523,CUST02391,Japon,Tokyo Ginza,Événement privé,Mariage,2025-05-30,2630907.8,JPY,16311.63
TXN004524,CUST02391,Japon,Tokyo Ginza,En ligne,Joaillerie,2025-09-07,3719103.18,JPY,23058.44
TXN004525,CUST02391,Japon,Tokyo Ginza,Boutique,Joaillerie,2026-01-10,2033289.34,JPY,12606.39
TXN004526,CUST02391,Japon,Tokyo Ginza,Boutique,Joaillerie,2026-05-07,5458245.68,JPY,33841.12
TXN004527,CUST02392,Chine,Shanghai,Boutique,Joaillerie,2025-07-18,112565.95,CNY,14633.57
TXN004528,CUST02392,Chine,Shanghai,Événement privé,Accessoires & Parfums,2025-12-22,6615.59,CNY,860.03
TXN004529,CUST02392,Chine,Shanghai,En ligne,Horlogerie,2026-06-20,136863.87,CNY,17792.3
TXN004530,CUST02393,Chine,Shanghai,Boutique,Mariage,2026-05-30,94048.48,CNY,12226.3
TXN004531,CUST02395,USA,New York 5th Ave,Boutique,Haute Joaillerie,2026-04-21,130853.89,USD,120385.57
TXN004532,CUST02396,France (siège),Paris Vendôme,Boutique,Horlogerie,2025-10-13,29760.04,EUR,29760.04
TXN004533,CUST02396,France (siège),Paris Vendôme,Événement privé,Mariage,2026-03-29,12591.48,EUR,12591.48
TXN004534,CUST02397,USA,New York 5th Ave,En ligne,Horlogerie,2026-07-06,36709.04,USD,33772.32
TXN004535,CUST02398,Chine,Shanghai,Boutique,Haute Joaillerie,2026-05-07,803972.72,CNY,104516.45
TXN004536,CUST02400,Chine,Pékin,Boutique,Joaillerie,2025-07-12,175932.0,CNY,22871.16
TXN004537,CUST02400,Chine,Pékin,Événement privé,Mariage,2025-12-14,72001.7,CNY,9360.22
TXN004538,CUST02400,Chine,Pékin,Boutique,Joaillerie,2026-05-12,143606.48,CNY,18668.84
TXN004539,CUST02401,Chine,Pékin,Boutique,Haute Joaillerie,2026-06-29,546818.32,CNY,71086.38
TXN004540,CUST02402,France (siège),Paris Vendôme,Boutique,Joaillerie,2025-04-19,13965.4,EUR,13965.4
TXN004541,CUST02402,France (siège),Paris Vendôme,En ligne,Haute Joaillerie,2025-09-29,93640.6,EUR,93640.6
TXN004542,CUST02402,France (siège),Paris Vendôme,En ligne,Mariage,2026-04-05,8197.94,EUR,8197.94
TXN004543,CUST02403,Moyen-Orient,Dubaï Mall,Boutique,Joaillerie,2026-04-28,90680.99,AED,22670.25
TXN004544,CUST02404,USA,Beverly Hills,En ligne,Joaillerie,2025-09-18,6526.75,USD,6004.61
TXN004545,CUST02404,USA,Beverly Hills,Boutique,Joaillerie,2026-02-17,18172.45,USD,16718.66
TXN004546,CUST02404,USA,Beverly Hills,Boutique,Haute Joaillerie,2026-06-21,166048.63,USD,152764.74
TXN004547,CUST02405,USA,New York 5th Ave,Boutique,Accessoires & Parfums,2025-06-05,604.64,USD,556.27
TXN004548,CUST02405,USA,New York 5th Ave,Boutique,Mariage,2025-11-06,18543.67,USD,17060.17
TXN004549,CUST02405,USA,New York 5th Ave,En ligne,Horlogerie,2026-04-15,28592.77,USD,26305.35
TXN004550,CUST02406,Moyen-Orient,Abu Dhabi,Boutique,Joaillerie,2025-05-15,55903.99,AED,13976.0
TXN004551,CUST02406,Moyen-Orient,Abu Dhabi,Boutique,Accessoires & Parfums,2025-10-23,4107.07,AED,1026.77
TXN004552,CUST02406,Moyen-Orient,Abu Dhabi,Boutique,Accessoires & Parfums,2026-04-18,2657.92,AED,664.48
TXN004553,CUST02408,France (siège),Cannes,Événement privé,Accessoires & Parfums,2025-11-23,995.72,EUR,995.72
TXN004554,CUST02408,France (siège),Cannes,Boutique,Joaillerie,2026-05-04,14375.74,EUR,14375.74
TXN004555,CUST02408,France (siège),Cannes,En ligne,Accessoires & Parfums,2026-07-24,920.08,EUR,920.08
TXN004556,CUST02409,Japon,Osaka,Événement privé,Joaillerie,2026-06-03,890829.25,JPY,5523.14
TXN004557,CUST02410,Japon,Osaka,Boutique,Accessoires & Parfums,2025-11-26,162463.9,JPY,1007.28
TXN004558,CUST02410,Japon,Osaka,Événement privé,Accessoires & Parfums,2026-05-03,108594.42,JPY,673.29
TXN004559,CUST02411,Chine,Shanghai,Boutique,Joaillerie,2025-08-24,144526.27,CNY,18788.42
TXN004560,CUST02411,Chine,Shanghai,En ligne,Horlogerie,2025-11-25,333269.41,CNY,43325.02
TXN004561,CUST02411,Chine,Shanghai,Événement privé,Joaillerie,2026-05-03,134387.46,CNY,17470.37
TXN004562,CUST02413,Moyen-Orient,Dubaï Mall,Boutique,Joaillerie,2025-08-31,63048.97,AED,15762.24
TXN004563,CUST02413,Moyen-Orient,Dubaï Mall,En ligne,Haute Joaillerie,2026-01-03,619554.53,AED,154888.63
TXN004564,CUST02413,Moyen-Orient,Dubaï Mall,Boutique,Accessoires & Parfums,2026-06-17,4357.73,AED,1089.43
TXN004565,CUST02414,USA,Beverly Hills,En ligne,Joaillerie,2026-02-08,14922.48,USD,13728.68
TXN004566,CUST02414,USA,Beverly Hills,Boutique,Joaillerie,2026-06-04,16133.46,USD,14842.79
TXN004567,CUST02415,Chine,Hong Kong,Boutique,Horlogerie,2025-07-07,159185.73,CNY,20694.15
TXN004568,CUST02415,Chine,Hong Kong,Boutique,Joaillerie,2025-12-12,91420.81,CNY,11884.71
TXN004569,CUST02415,Chine,Hong Kong,En ligne,Joaillerie,2026-05-11,141954.76,CNY,18454.12
TXN004570,CUST02416,USA,Beverly Hills,Boutique,Accessoires & Parfums,2026-05-24,549.54,USD,505.58
TXN004571,CUST02417,France (siège),Paris Champs-Élysées,En ligne,Joaillerie,2025-03-03,13427.39,EUR,13427.39
TXN004572,CUST02417,France (siège),Paris Champs-Élysées,Événement privé,Mariage,2025-09-03,13489.03,EUR,13489.03
TXN004573,CUST02417,France (siège),Paris Champs-Élysées,Boutique,Accessoires & Parfums,2026-02-14,1092.32,EUR,1092.32
TXN004574,CUST02417,France (siège),Paris Champs-Élysées,Boutique,Joaillerie,2026-06-27,21412.64,EUR,21412.64
TXN004575,CUST02418,Moyen-Orient,Abu Dhabi,En ligne,Mariage,2025-01-22,47873.48,AED,11968.37
TXN004576,CUST02418,Moyen-Orient,Abu Dhabi,En ligne,Accessoires & Parfums,2025-07-24,3945.7,AED,986.42
TXN004577,CUST02418,Moyen-Orient,Abu Dhabi,Boutique,Horlogerie,2025-12-20,125456.58,AED,31364.15
TXN004578,CUST02418,Moyen-Orient,Abu Dhabi,En ligne,Accessoires & Parfums,2026-04-11,5394.01,AED,1348.5
TXN004579,CUST02419,Moyen-Orient,Abu Dhabi,En ligne,Joaillerie,2025-07-11,37582.66,AED,9395.66
TXN004580,CUST02419,Moyen-Orient,Abu Dhabi,En ligne,Horlogerie,2026-01-07,73069.64,AED,18267.41
TXN004581,CUST02419,Moyen-Orient,Abu Dhabi,Boutique,Horlogerie,2026-06-19,94766.31,AED,23691.58
TXN004582,CUST02420,France (siège),Cannes,Événement privé,Joaillerie,2026-03-31,12827.88,EUR,12827.88
TXN004583,CUST02421,France (siège),Cannes,Boutique,Accessoires & Parfums,2025-04-11,854.08,EUR,854.08
TXN004584,CUST02422,Chine,Hong Kong,Boutique,Accessoires & Parfums,2025-07-03,6823.62,CNY,887.07
TXN004585,CUST02422,Chine,Hong Kong,Boutique,Accessoires & Parfums,2025-12-02,6912.18,CNY,898.58
TXN004586,CUST02422,Chine,Hong Kong,Boutique,Mariage,2026-04-07,140235.33,CNY,18230.59
TXN004587,CUST02422,Chine,Hong Kong,Boutique,Accessoires & Parfums,2026-07-03,8284.58,CNY,1077.0
TXN004588,CUST02423,France (siège),Paris Vendôme,Événement privé,Accessoires & Parfums,2025-05-10,851.97,EUR,851.97
TXN004589,CUST02423,France (siège),Paris Vendôme,Boutique,Mariage,2025-10-29,18274.79,EUR,18274.79
TXN004590,CUST02427,USA,Bal Harbour,Boutique,Accessoires & Parfums,2026-06-09,840.35,USD,773.12
TXN004591,CUST02428,Japon,Tokyo Ginza,Boutique,Mariage,2025-12-11,2504005.84,JPY,15524.84
TXN004592,CUST02428,Japon,Tokyo Ginza,Boutique,Accessoires & Parfums,2026-05-13,134262.07,JPY,832.42
TXN004593,CUST02429,Japon,Osaka,Boutique,Joaillerie,2026-01-18,2747654.27,JPY,17035.46
TXN004594,CUST02430,USA,Beverly Hills,Boutique,Joaillerie,2025-09-30,9309.96,USD,8565.16
TXN004595,CUST02430,USA,Beverly Hills,En ligne,Horlogerie,2026-03-16,29763.59,USD,27382.5
TXN004596,CUST02431,Japon,Osaka,Boutique,Mariage,2026-01-21,2237807.59,JPY,13874.41
TXN004597,CUST02431,Japon,Osaka,Boutique,Haute Joaillerie,2026-07-23,14037782.99,JPY,87034.25
TXN004598,CUST02432,France (siège),Paris Vendôme,En ligne,Accessoires & Parfums,2025-07-23,1052.5,EUR,1052.5
TXN004599,CUST02432,France (siège),Paris Vendôme,Boutique,Accessoires & Parfums,2025-12-27,1091.92,EUR,1091.92
TXN004600,CUST02433,France (siège),Cannes,Boutique,Accessoires & Parfums,2025-03-30,1292.84,EUR,1292.84
TXN004601,CUST02433,France (siège),Cannes,Boutique,Haute Joaillerie,2025-09-20,92796.77,EUR,92796.77
TXN004602,CUST02433,France (siège),Cannes,Boutique,Accessoires & Parfums,2026-02-08,389.77,EUR,389.77
TXN004603,CUST02433,France (siège),Cannes,Boutique,Joaillerie,2026-07-19,12041.28,EUR,12041.28
TXN004604,CUST02434,Japon,Osaka,Boutique,Mariage,2026-01-07,2002462.86,JPY,12415.27
TXN004605,CUST02434,Japon,Osaka,Boutique,Accessoires & Parfums,2026-06-30,107063.81,JPY,663.8
TXN004606,CUST02435,France (siège),Paris Champs-Élysées,En ligne,Accessoires & Parfums,2025-08-06,1193.77,EUR,1193.77
TXN004607,CUST02435,France (siège),Paris Champs-Élysées,Boutique,Joaillerie,2026-01-03,8268.84,EUR,8268.84
TXN004608,CUST02435,France (siège),Paris Champs-Élysées,Événement privé,Joaillerie,2026-05-21,17241.14,EUR,17241.14
TXN004609,CUST02436,France (siège),Paris Champs-Élysées,Boutique,Joaillerie,2025-12-25,25241.91,EUR,25241.91
TXN004610,CUST02436,France (siège),Paris Champs-Élysées,Événement privé,Joaillerie,2026-05-27,16147.91,EUR,16147.91
TXN004611,CUST02437,Japon,Osaka,Boutique,Horlogerie,2026-01-26,4487435.65,JPY,27822.1
TXN004612,CUST02437,Japon,Osaka,En ligne,Joaillerie,2026-06-10,2285692.49,JPY,14171.29
TXN004613,CUST02438,USA,Beverly Hills,Boutique,Accessoires & Parfums,2025-03-12,861.29,USD,792.38
TXN004614,CUST02439,France (siège),Paris Champs-Élysées,Boutique,Haute Joaillerie,2025-08-07,111571.93,EUR,111571.93
TXN004615,CUST02439,France (siège),Paris Champs-Élysées,Boutique,Accessoires & Parfums,2025-12-12,1077.12,EUR,1077.12
TXN004616,CUST02439,France (siège),Paris Champs-Élysées,Boutique,Accessoires & Parfums,2026-05-14,800.67,EUR,800.67
TXN004617,CUST02440,Moyen-Orient,Dubaï Mall,Boutique,Mariage,2025-12-09,48750.53,AED,12187.63
TXN004618,CUST02440,Moyen-Orient,Dubaï Mall,En ligne,Joaillerie,2026-04-21,80061.22,AED,20015.3
TXN004619,CUST02441,France (siège),Paris Vendôme,En ligne,Joaillerie,2026-03-22,13144.34,EUR,13144.34
TXN004620,CUST02442,Japon,Tokyo Ginza,Boutique,Accessoires & Parfums,2025-12-11,186644.55,JPY,1157.2
TXN004621,CUST02442,Japon,Tokyo Ginza,Boutique,Joaillerie,2026-05-31,1923262.07,JPY,11924.22
TXN004622,CUST02443,Chine,Pékin,Boutique,Accessoires & Parfums,2026-07-08,5958.76,CNY,774.64
TXN004623,CUST02444,USA,Bal Harbour,Boutique,Horlogerie,2025-08-19,35944.65,USD,33069.08
TXN004624,CUST02444,USA,Bal Harbour,Boutique,Accessoires & Parfums,2026-02-04,582.62,USD,536.01
TXN004625,CUST02444,USA,Bal Harbour,Boutique,Mariage,2026-07-22,13055.88,USD,12011.41
TXN004626,CUST02445,Chine,Pékin,Événement privé,Accessoires & Parfums,2026-04-16,7962.66,CNY,1035.15
TXN004627,CUST02446,France (siège),Cannes,Boutique,Joaillerie,2026-07-02,15110.84,EUR,15110.84
TXN004628,CUST02447,Chine,Hong Kong,Boutique,Accessoires & Parfums,2025-07-01,3858.78,CNY,501.64
TXN004629,CUST02447,Chine,Hong Kong,Événement privé,Haute Joaillerie,2025-12-27,720743.79,CNY,93696.69
TXN004630,CUST02447,Chine,Hong Kong,Boutique,Joaillerie,2026-06-14,119314.43,CNY,15510.88
TXN004631,CUST02448,France (siège),Paris Vendôme,Boutique,Accessoires & Parfums,2026-06-18,864.36,EUR,864.36
TXN004632,CUST02449,Japon,Osaka,Boutique,Joaillerie,2026-04-25,1771943.95,JPY,10986.05
TXN004633,CUST02450,France (siège),Cannes,Boutique,Joaillerie,2026-01-16,14983.57,EUR,14983.57
TXN004634,CUST02451,USA,New York 5th Ave,Boutique,Accessoires & Parfums,2026-07-04,512.85,USD,471.82
TXN004635,CUST02452,Moyen-Orient,Abu Dhabi,Boutique,Accessoires & Parfums,2025-06-29,4911.62,AED,1227.9
TXN004636,CUST02452,Moyen-Orient,Abu Dhabi,En ligne,Mariage,2025-11-01,65785.09,AED,16446.27
TXN004637,CUST02452,Moyen-Orient,Abu Dhabi,En ligne,Horlogerie,2026-03-19,66302.55,AED,16575.64
TXN004638,CUST02453,Chine,Pékin,Boutique,Joaillerie,2025-10-05,99818.12,CNY,12976.36
TXN004639,CUST02453,Chine,Pékin,Boutique,Joaillerie,2026-04-03,142404.87,CNY,18512.63
TXN004640,CUST02455,France (siège),Paris Vendôme,Boutique,Accessoires & Parfums,2025-01-14,663.27,EUR,663.27
TXN004641,CUST02455,France (siège),Paris Vendôme,Boutique,Accessoires & Parfums,2025-06-24,712.46,EUR,712.46
TXN004642,CUST02456,Moyen-Orient,Dubaï Mall,Boutique,Accessoires & Parfums,2025-11-24,4353.57,AED,1088.39
TXN004643,CUST02456,Moyen-Orient,Dubaï Mall,Boutique,Joaillerie,2026-04-17,31446.37,AED,7861.59
TXN004644,CUST02457,USA,Beverly Hills,En ligne,Mariage,2025-04-30,8075.53,USD,7429.49
TXN004645,CUST02457,USA,Beverly Hills,Boutique,Haute Joaillerie,2025-10-11,87680.15,USD,80665.74
TXN004646,CUST02457,USA,Beverly Hills,Boutique,Mariage,2026-03-19,8798.6,USD,8094.72
TXN004647,CUST02458,Chine,Pékin,En ligne,Accessoires & Parfums,2025-09-09,4669.69,CNY,607.06
TXN004648,CUST02458,Chine,Pékin,Boutique,Accessoires & Parfums,2026-02-09,9022.54,CNY,1172.93
TXN004649,CUST02458,Chine,Pékin,En ligne,Horlogerie,2026-07-09,240960.09,CNY,31324.81
TXN004650,CUST02460,Moyen-Orient,Abu Dhabi,Événement privé,Accessoires & Parfums,2026-05-15,3330.35,AED,832.59
TXN004651,CUST02461,Chine,Shanghai,Boutique,Accessoires & Parfums,2026-07-08,5429.56,CNY,705.84
TXN004652,CUST02462,Moyen-Orient,Abu Dhabi,Boutique,Accessoires & Parfums,2025-07-21,4410.03,AED,1102.51
TXN004653,CUST02463,USA,Beverly Hills,Événement privé,Joaillerie,2025-04-07,20415.46,USD,18782.22
TXN004654,CUST02463,USA,Beverly Hills,Boutique,Mariage,2025-09-11,13706.66,USD,12610.13
TXN004655,CUST02463,USA,Beverly Hills,Boutique,Haute Joaillerie,2026-02-09,128938.56,USD,118623.48
TXN004656,CUST02463,USA,Beverly Hills,En ligne,Accessoires & Parfums,2026-06-05,719.2,USD,661.66
TXN004657,CUST02465,France (siège),Paris Vendôme,Boutique,Accessoires & Parfums,2025-05-05,415.15,EUR,415.15
TXN004658,CUST02465,France (siège),Paris Vendôme,Boutique,Accessoires & Parfums,2025-10-15,885.27,EUR,885.27
TXN004659,CUST02465,France (siège),Paris Vendôme,Boutique,Joaillerie,2026-04-27,9492.31,EUR,9492.31
TXN004660,CUST02466,USA,Beverly Hills,Boutique,Haute Joaillerie,2026-05-28,105334.98,USD,96908.18
TXN004661,CUST02467,Chine,Hong Kong,En ligne,Mariage,2026-07-29,95186.56,CNY,12374.25
TXN004662,CUST02468,France (siège),Paris Champs-Élysées,Boutique,Mariage,2026-06-05,12934.57,EUR,12934.57
TXN004663,CUST02469,Chine,Pékin,Boutique,Mariage,2025-06-04,97665.55,CNY,12696.52
TXN004664,CUST02469,Chine,Pékin,En ligne,Haute Joaillerie,2025-11-06,564253.03,CNY,73352.89
TXN004665,CUST02469,Chine,Pékin,Boutique,Accessoires & Parfums,2026-03-28,6410.15,CNY,833.32
TXN004666,CUST02470,Chine,Shanghai,Boutique,Mariage,2025-04-29,70759.8,CNY,9198.77
TXN004667,CUST02470,Chine,Shanghai,Boutique,Accessoires & Parfums,2025-09-17,7755.71,CNY,1008.24
TXN004668,CUST02470,Chine,Shanghai,Boutique,Accessoires & Parfums,2025-12-26,11607.84,CNY,1509.02
TXN004669,CUST02470,Chine,Shanghai,Boutique,Accessoires & Parfums,2026-05-22,8971.72,CNY,1166.32
TXN004670,CUST02471,Chine,Shanghai,En ligne,Haute Joaillerie,2025-12-01,1155450.27,CNY,150208.54
TXN004671,CUST02471,Chine,Shanghai,Boutique,Accessoires & Parfums,2026-05-06,5774.52,CNY,750.69
TXN004672,CUST02472,Japon,Osaka,Événement privé,Accessoires & Parfums,2026-02-13,126528.01,JPY,784.47
TXN004673,CUST02472,Japon,Osaka,Boutique,Joaillerie,2026-07-08,3557450.81,JPY,22056.2
TXN004674,CUST02473,France (siège),Paris Champs-Élysées,En ligne,Accessoires & Parfums,2025-05-22,961.97,EUR,961.97
TXN004675,CUST02473,France (siège),Paris Champs-Élysées,En ligne,Horlogerie,2025-11-26,40280.31,EUR,40280.31
TXN004676,CUST02473,France (siège),Paris Champs-Élysées,En ligne,Joaillerie,2026-05-08,16748.97,EUR,16748.97
TXN004677,CUST02474,France (siège),Paris Champs-Élysées,Boutique,Accessoires & Parfums,2025-04-16,1013.7,EUR,1013.7
TXN004678,CUST02474,France (siège),Paris Champs-Élysées,Boutique,Horlogerie,2025-08-11,46574.88,EUR,46574.88
TXN004679,CUST02474,France (siège),Paris Champs-Élysées,Boutique,Accessoires & Parfums,2025-10-30,928.68,EUR,928.68
TXN004680,CUST02474,France (siège),Paris Champs-Élysées,Boutique,Accessoires & Parfums,2026-01-29,1300.83,EUR,1300.83
TXN004681,CUST02474,France (siège),Paris Champs-Élysées,Événement privé,Joaillerie,2026-03-28,18555.14,EUR,18555.14
TXN004682,CUST02474,France (siège),Paris Champs-Élysées,Boutique,Joaillerie,2026-07-12,34070.51,EUR,34070.51
TXN004683,CUST02476,USA,Beverly Hills,Boutique,Horlogerie,2026-03-04,26499.17,USD,24379.24
TXN004684,CUST02477,Chine,Hong Kong,Boutique,Joaillerie,2026-05-04,58110.12,CNY,7554.32
TXN004685,CUST02478,France (siège),Paris Vendôme,Boutique,Mariage,2025-10-06,6990.37,EUR,6990.37
TXN004686,CUST02478,France (siège),Paris Vendôme,Boutique,Accessoires & Parfums,2026-03-25,544.41,EUR,544.41
TXN004687,CUST02479,Moyen-Orient,Abu Dhabi,Boutique,Horlogerie,2026-01-15,86946.42,AED,21736.6
TXN004688,CUST02479,Moyen-Orient,Abu Dhabi,Événement privé,Accessoires & Parfums,2026-07-29,2272.39,AED,568.1
TXN004689,CUST02480,France (siège),Paris Vendôme,Boutique,Joaillerie,2025-12-03,20244.06,EUR,20244.06
TXN004690,CUST02480,France (siège),Paris Vendôme,En ligne,Mariage,2026-04-19,14906.38,EUR,14906.38
TXN004691,CUST02481,Moyen-Orient,Dubaï Mall,En ligne,Joaillerie,2025-08-28,55566.23,AED,13891.56
TXN004692,CUST02481,Moyen-Orient,Dubaï Mall,Boutique,Joaillerie,2026-02-25,58080.35,AED,14520.09
TXN004693,CUST02482,Moyen-Orient,Abu Dhabi,Boutique,Accessoires & Parfums,2026-06-03,3268.0,AED,817.0
TXN004694,CUST02483,Chine,Pékin,En ligne,Haute Joaillerie,2025-02-22,1485625.85,CNY,193131.36
TXN004695,CUST02484,Moyen-Orient,Dubaï Mall,Boutique,Joaillerie,2025-06-07,67339.98,AED,16834.99
TXN004696,CUST02484,Moyen-Orient,Dubaï Mall,Boutique,Accessoires & Parfums,2025-11-06,3187.62,AED,796.9
TXN004697,CUST02484,Moyen-Orient,Dubaï Mall,En ligne,Accessoires & Parfums,2026-06-01,2977.28,AED,744.32
TXN004698,CUST02485,Japon,Tokyo Ginza,En ligne,Joaillerie,2025-01-23,2121386.71,JPY,13152.6
TXN004699,CUST02485,Japon,Tokyo Ginza,Événement privé,Joaillerie,2025-07-07,2725961.47,JPY,16900.96
TXN004700,CUST02485,Japon,Tokyo Ginza,Boutique,Accessoires & Parfums,2025-12-14,201884.39,JPY,1251.68
TXN004701,CUST02485,Japon,Tokyo Ginza,Boutique,Joaillerie,2026-05-20,3919293.81,JPY,24299.62
TXN004702,CUST02487,Japon,Tokyo Ginza,Boutique,Mariage,2026-07-11,446899.65,JPY,2770.78
TXN004703,CUST02489,Japon,Tokyo Ginza,En ligne,Mariage,2026-04-17,1055981.37,JPY,6547.08
TXN004704,CUST02490,France (siège),Paris Champs-Élysées,Événement privé,Joaillerie,2026-03-03,18750.29,EUR,18750.29
TXN004705,CUST02490,France (siège),Paris Champs-Élysées,En ligne,Joaillerie,2026-07-29,19179.48,EUR,19179.48
TXN004706,CUST02491,Japon,Tokyo Ginza,En ligne,Accessoires & Parfums,2025-03-18,141230.83,JPY,875.63
TXN004707,CUST02491,Japon,Tokyo Ginza,Boutique,Horlogerie,2025-08-13,4498755.48,JPY,27892.28
TXN004708,CUST02491,Japon,Tokyo Ginza,Boutique,Accessoires & Parfums,2026-02-14,103841.26,JPY,643.82
TXN004709,CUST02492,Chine,Pékin,Boutique,Haute Joaillerie,2026-06-19,271052.02,CNY,35236.76
TXN004710,CUST02493,Japon,Tokyo Ginza,Boutique,Joaillerie,2026-03-03,1983583.62,JPY,12298.22
TXN004711,CUST02494,France (siège),Paris Champs-Élysées,Événement privé,Haute Joaillerie,2025-09-18,84990.54,EUR,84990.54
TXN004712,CUST02495,USA,Beverly Hills,Boutique,Accessoires & Parfums,2025-03-23,946.38,USD,870.67
TXN004713,CUST02495,USA,Beverly Hills,Boutique,Accessoires & Parfums,2025-10-01,478.49,USD,440.21
TXN004714,CUST02495,USA,Beverly Hills,En ligne,Accessoires & Parfums,2026-03-28,790.11,USD,726.9
TXN004715,CUST02496,France (siège),Paris Vendôme,En ligne,Joaillerie,2026-07-14,10668.99,EUR,10668.99
TXN004716,CUST02497,Japon,Osaka,En ligne,Horlogerie,2025-09-30,2252393.52,JPY,13964.84
TXN004717,CUST02497,Japon,Osaka,En ligne,Mariage,2026-02-26,2281563.64,JPY,14145.69
TXN004718,CUST02499,Moyen-Orient,Dubaï Mall,En ligne,Joaillerie,2026-03-21,58403.42,AED,14600.86
TXN004719,CUST02500,France (siège),Paris Champs-Élysées,En ligne,Joaillerie,2026-06-14,9775.32,EUR,9775.32
TXN004720,CUST02501,Chine,Hong Kong,Boutique,Accessoires & Parfums,2025-02-13,10258.52,CNY,1333.61
TXN004721,CUST02501,Chine,Hong Kong,Boutique,Horlogerie,2025-05-19,170998.48,CNY,22229.8
TXN004722,CUST02501,Chine,Hong Kong,Boutique,Joaillerie,2025-09-07,132949.28,CNY,17283.41
TXN004723,CUST02501,Chine,Hong Kong,Boutique,Mariage,2026-01-10,107785.97,CNY,14012.18
TXN004724,CUST02501,Chine,Hong Kong,Boutique,Joaillerie,2026-06-16,181514.66,CNY,23596.91
TXN004725,CUST02502,Japon,Tokyo Ginza,En ligne,Accessoires & Parfums,2025-06-29,125958.88,JPY,780.95
TXN004726,CUST02502,Japon,Tokyo Ginza,Événement privé,Joaillerie,2025-12-16,3581087.83,JPY,22202.74
TXN004727,CUST02503,USA,Bal Harbour,Boutique,Mariage,2026-02-11,15834.91,USD,14568.11
TXN004728,CUST02504,Japon,Tokyo Ginza,Boutique,Mariage,2025-11-08,919812.74,JPY,5702.84
TXN004729,CUST02504,Japon,Tokyo Ginza,Boutique,Accessoires & Parfums,2026-03-30,147508.24,JPY,914.55
TXN004730,CUST02505,USA,Bal Harbour,Boutique,Mariage,2026-01-05,11182.12,USD,10287.55
TXN004731,CUST02505,USA,Bal Harbour,Boutique,Accessoires & Parfums,2026-05-20,831.74,USD,765.2
TXN004732,CUST02506,Moyen-Orient,Abu Dhabi,Boutique,Accessoires & Parfums,2025-08-26,4083.28,AED,1020.82
TXN004733,CUST02506,Moyen-Orient,Abu Dhabi,Boutique,Accessoires & Parfums,2026-01-30,3552.33,AED,888.08
TXN004734,CUST02506,Moyen-Orient,Abu Dhabi,Boutique,Mariage,2026-07-20,35642.4,AED,8910.6
TXN004735,CUST02507,Chine,Shanghai,Boutique,Accessoires & Parfums,2025-04-29,7931.4,CNY,1031.08
TXN004736,CUST02507,Chine,Shanghai,En ligne,Horlogerie,2025-09-02,189837.06,CNY,24678.82
TXN004737,CUST02507,Chine,Shanghai,Boutique,Accessoires & Parfums,2026-01-08,9163.45,CNY,1191.25
TXN004738,CUST02507,Chine,Shanghai,Boutique,Joaillerie,2026-05-30,114406.81,CNY,14872.89
TXN004739,CUST02508,France (siège),Paris Vendôme,En ligne,Joaillerie,2026-03-15,9544.37,EUR,9544.37
TXN004740,CUST02510,France (siège),Cannes,En ligne,Accessoires & Parfums,2026-03-23,1024.69,EUR,1024.69
TXN004741,CUST02511,Japon,Tokyo Ginza,Boutique,Joaillerie,2026-06-23,2424017.33,JPY,15028.91
TXN004742,CUST02513,Japon,Osaka,En ligne,Horlogerie,2025-10-24,5879674.24,JPY,36453.98
TXN004743,CUST02513,Japon,Osaka,Boutique,Mariage,2026-03-04,1940168.09,JPY,12029.04
TXN004744,CUST02513,Japon,Osaka,Boutique,Accessoires & Parfums,2026-07-19,196207.51,JPY,1216.49
TXN004745,CUST02514,Moyen-Orient,Dubaï Mall,Boutique,Accessoires & Parfums,2025-01-15,4623.52,AED,1155.88
TXN004746,CUST02514,Moyen-Orient,Dubaï Mall,En ligne,Joaillerie,2025-07-14,51049.73,AED,12762.43
TXN004747,CUST02514,Moyen-Orient,Dubaï Mall,Boutique,Accessoires & Parfums,2025-10-27,5168.4,AED,1292.1
TXN004748,CUST02514,Moyen-Orient,Dubaï Mall,En ligne,Mariage,2026-01-28,81420.23,AED,20355.06
TXN004749,CUST02514,Moyen-Orient,Dubaï Mall,En ligne,Horlogerie,2026-07-03,150652.29,AED,37663.07
TXN004750,CUST02515,USA,Bal Harbour,Boutique,Mariage,2025-06-17,9012.64,USD,8291.63
TXN004751,CUST02515,USA,Bal Harbour,Boutique,Joaillerie,2025-12-18,11446.48,USD,10530.76
TXN004752,CUST02515,USA,Bal Harbour,Boutique,Accessoires & Parfums,2026-05-26,716.22,USD,658.92
TXN004753,CUST02516,USA,Beverly Hills,Boutique,Haute Joaillerie,2026-04-20,98450.68,USD,90574.62
TXN004754,CUST02517,France (siège),Paris Vendôme,Boutique,Accessoires & Parfums,2026-07-29,453.56,EUR,453.56
TXN004755,CUST02518,France (siège),Paris Vendôme,Boutique,Horlogerie,2025-05-09,17948.5,EUR,17948.5
TXN004756,CUST02518,France (siège),Paris Vendôme,En ligne,Joaillerie,2025-10-31,9729.15,EUR,9729.15
TXN004757,CUST02518,France (siège),Paris Vendôme,En ligne,Joaillerie,2026-03-10,14412.55,EUR,14412.55
TXN004758,CUST02520,USA,Beverly Hills,Boutique,Joaillerie,2025-09-24,21655.22,USD,19922.8
TXN004759,CUST02520,USA,Beverly Hills,Boutique,Joaillerie,2026-03-05,24954.45,USD,22958.1
TXN004760,CUST02520,USA,Beverly Hills,Boutique,Accessoires & Parfums,2026-07-09,980.69,USD,902.24
TXN004761,CUST02521,France (siège),Paris Vendôme,En ligne,Horlogerie,2025-05-08,38352.06,EUR,38352.06
TXN004762,CUST02522,Chine,Shanghai,Boutique,Horlogerie,2025-12-23,288319.68,CNY,37481.56
TXN004763,CUST02522,Chine,Shanghai,En ligne,Joaillerie,2026-06-15,110426.65,CNY,14355.46
TXN004764,CUST02524,USA,New York 5th Ave,Boutique,Haute Joaillerie,2026-05-02,199135.85,USD,183204.98
TXN004765,CUST02525,Chine,Shanghai,Boutique,Horlogerie,2025-10-15,38273.61,CNY,4975.57
TXN004766,CUST02528,Chine,Shanghai,Boutique,Accessoires & Parfums,2025-10-03,3052.08,CNY,396.77
TXN004767,CUST02528,Chine,Shanghai,Boutique,Accessoires & Parfums,2026-04-26,4644.75,CNY,603.82
TXN004768,CUST02529,France (siège),Cannes,En ligne,Joaillerie,2025-04-05,23160.89,EUR,23160.89
TXN004769,CUST02530,Chine,Pékin,En ligne,Mariage,2025-03-13,82241.85,CNY,10691.44
TXN004770,CUST02530,Chine,Pékin,Événement privé,Accessoires & Parfums,2025-09-02,4155.14,CNY,540.17
TXN004771,CUST02530,Chine,Pékin,Boutique,Joaillerie,2026-01-26,158396.26,CNY,20591.51
TXN004772,CUST02530,Chine,Pékin,Boutique,Joaillerie,2026-07-14,101471.75,CNY,13191.33
TXN004773,CUST02532,Chine,Hong Kong,Boutique,Accessoires & Parfums,2025-11-15,9016.2,CNY,1172.11
TXN004774,CUST02533,Chine,Shanghai,Boutique,Joaillerie,2026-03-15,105114.04,CNY,13664.83
TXN004775,CUST02534,Chine,Shanghai,Événement privé,Accessoires & Parfums,2025-09-10,4686.91,CNY,609.3
TXN004776,CUST02534,Chine,Shanghai,En ligne,Joaillerie,2026-03-01,151570.76,CNY,19704.2
TXN004777,CUST02534,Chine,Shanghai,Événement privé,Joaillerie,2026-07-24,96965.33,CNY,12605.49
TXN004778,CUST02535,USA,New York 5th Ave,En ligne,Accessoires & Parfums,2025-05-11,904.05,USD,831.72
TXN004779,CUST02535,USA,New York 5th Ave,Boutique,Horlogerie,2025-10-14,32488.03,USD,29888.99
TXN004780,CUST02536,Japon,Tokyo Ginza,Boutique,Accessoires & Parfums,2025-08-19,75179.93,JPY,466.12
TXN004781,CUST02536,Japon,Tokyo Ginza,Événement privé,Mariage,2026-01-29,1732328.59,JPY,10740.44
TXN004782,CUST02537,Chine,Pékin,Boutique,Accessoires & Parfums,2026-05-23,8419.48,CNY,1094.53
TXN004783,CUST02539,France (siège),Paris Vendôme,Boutique,Accessoires & Parfums,2026-01-13,726.71,EUR,726.71
TXN004784,CUST02539,France (siège),Paris Vendôme,Boutique,Joaillerie,2026-07-17,17039.84,EUR,17039.84
TXN004785,CUST02540,USA,Bal Harbour,En ligne,Haute Joaillerie,2025-07-09,149662.35,USD,137689.36
TXN004786,CUST02541,Japon,Osaka,En ligne,Accessoires & Parfums,2025-05-31,131717.21,JPY,816.65
TXN004787,CUST02541,Japon,Osaka,Boutique,Accessoires & Parfums,2025-11-01,128830.43,JPY,798.75
TXN004788,CUST02542,Chine,Hong Kong,En ligne,Joaillerie,2025-11-15,142302.5,CNY,18499.33
TXN004789,CUST02542,Chine,Hong Kong,En ligne,Joaillerie,2026-02-26,70151.36,CNY,9119.68
TXN004790,CUST02542,Chine,Hong Kong,Boutique,Haute Joaillerie,2026-07-24,1096312.58,CNY,142520.64
TXN004791,CUST02543,USA,Beverly Hills,En ligne,Joaillerie,2025-11-16,20791.99,USD,19128.63
TXN004792,CUST02543,USA,Beverly Hills,Boutique,Accessoires & Parfums,2026-04-17,1069.78,USD,984.2
TXN004793,CUST02544,France (siège),Cannes,En ligne,Joaillerie,2025-02-14,19740.18,EUR,19740.18
TXN004794,CUST02544,France (siège),Cannes,Boutique,Joaillerie,2025-08-07,19512.98,EUR,19512.98
TXN004795,CUST02546,Japon,Osaka,Boutique,Accessoires & Parfums,2026-03-18,78138.03,JPY,484.46
TXN004796,CUST02548,USA,Beverly Hills,Boutique,Joaillerie,2025-11-12,13103.92,USD,12055.6
TXN004797,CUST02549,Chine,Pékin,En ligne,Horlogerie,2025-09-24,201544.79,CNY,26200.82
TXN004798,CUST02549,Chine,Pékin,Événement privé,Horlogerie,2026-02-21,408279.96,CNY,53076.39
TXN004799,CUST02550,Moyen-Orient,Dubaï Mall,En ligne,Joaillerie,2026-02-02,112632.7,AED,28158.17
TXN004800,CUST02550,Moyen-Orient,Dubaï Mall,En ligne,Mariage,2026-06-17,116517.96,AED,29129.49
TXN004801,CUST02551,USA,Bal Harbour,Boutique,Joaillerie,2025-06-16,20270.01,USD,18648.41
TXN004802,CUST02551,USA,Bal Harbour,En ligne,Accessoires & Parfums,2025-10-06,978.86,USD,900.55
TXN004803,CUST02551,USA,Bal Harbour,Boutique,Accessoires & Parfums,2026-02-22,663.72,USD,610.63
TXN004804,CUST02551,USA,Bal Harbour,Boutique,Mariage,2026-06-04,18377.42,USD,16907.23
TXN004805,CUST02552,Japon,Tokyo Ginza,Événement privé,Horlogerie,2025-09-12,6429848.56,JPY,39865.06
TXN004806,CUST02552,Japon,Tokyo Ginza,En ligne,Mariage,2026-01-24,2720776.83,JPY,16868.82
TXN004807,CUST02552,Japon,Tokyo Ginza,Événement privé,Haute Joaillerie,2026-06-02,29958167.3,JPY,185740.64
TXN004808,CUST02553,USA,Bal Harbour,En ligne,Joaillerie,2026-03-01,13443.77,USD,12368.26
TXN004809,CUST02554,France (siège),Paris Vendôme,Événement privé,Joaillerie,2026-02-10,6302.91,EUR,6302.91
TXN004810,CUST02555,USA,Beverly Hills,Boutique,Joaillerie,2025-02-12,12168.37,USD,11194.9
TXN004811,CUST02555,USA,Beverly Hills,Boutique,Horlogerie,2025-07-26,31289.22,USD,28786.08
TXN004812,CUST02555,USA,Beverly Hills,En ligne,Mariage,2026-01-25,9765.79,USD,8984.53
TXN004813,CUST02555,USA,Beverly Hills,Boutique,Accessoires & Parfums,2026-07-27,791.58,USD,728.26
TXN004814,CUST02556,Moyen-Orient,Abu Dhabi,Boutique,Accessoires & Parfums,2025-06-13,4723.59,AED,1180.9
TXN004815,CUST02556,Moyen-Orient,Abu Dhabi,Boutique,Accessoires & Parfums,2025-09-26,2361.54,AED,590.39
TXN004816,CUST02556,Moyen-Orient,Abu Dhabi,Événement privé,Mariage,2026-01-13,36108.83,AED,9027.21
TXN004817,CUST02556,Moyen-Orient,Abu Dhabi,Boutique,Mariage,2026-05-27,82415.4,AED,20603.85
TXN004818,CUST02558,France (siège),Cannes,Boutique,Joaillerie,2026-01-29,17778.94,EUR,17778.94
TXN004819,CUST02558,France (siège),Cannes,Boutique,Horlogerie,2026-06-20,38273.99,EUR,38273.99
TXN004820,CUST02559,Chine,Hong Kong,Boutique,Mariage,2025-12-15,128226.6,CNY,16669.46
TXN004821,CUST02559,Chine,Hong Kong,Boutique,Joaillerie,2026-04-15,181178.99,CNY,23553.27
TXN004822,CUST02561,Moyen-Orient,Dubaï Mall,En ligne,Horlogerie,2026-06-29,139119.64,AED,34779.91
TXN004823,CUST02562,France (siège),Paris Vendôme,Boutique,Accessoires & Parfums,2025-11-07,918.35,EUR,918.35
TXN004824,CUST02562,France (siège),Paris Vendôme,Événement privé,Accessoires & Parfums,2026-06-01,704.91,EUR,704.91
TXN004825,CUST02563,USA,New York 5th Ave,Événement privé,Joaillerie,2025-04-04,29299.93,USD,26955.94
TXN004826,CUST02563,USA,New York 5th Ave,En ligne,Joaillerie,2025-08-05,27708.62,USD,25491.93
TXN004827,CUST02564,Chine,Hong Kong,Boutique,Accessoires & Parfums,2025-04-10,6411.38,CNY,833.48
TXN004828,CUST02564,Chine,Hong Kong,Boutique,Accessoires & Parfums,2025-08-14,10106.33,CNY,1313.82
TXN004829,CUST02564,Chine,Hong Kong,Boutique,Accessoires & Parfums,2025-11-27,7027.95,CNY,913.63
TXN004830,CUST02564,Chine,Hong Kong,Boutique,Joaillerie,2026-04-09,142562.3,CNY,18533.1
TXN004831,CUST02565,Japon,Tokyo Ginza,Boutique,Joaillerie,2026-02-22,1388481.37,JPY,8608.58
TXN004832,CUST02565,Japon,Tokyo Ginza,Boutique,Horlogerie,2026-06-30,5533015.83,JPY,34304.7
TXN004833,CUST02566,Chine,Hong Kong,Boutique,Accessoires & Parfums,2025-10-21,6879.91,CNY,894.39
TXN004834,CUST02566,Chine,Hong Kong,Événement privé,Horlogerie,2026-04-23,254101.65,CNY,33033.21
TXN004835,CUST02567,USA,New York 5th Ave,En ligne,Mariage,2026-06-02,18150.18,USD,16698.16
TXN004836,CUST02568,France (siège),Paris Champs-Élysées,Boutique,Accessoires & Parfums,2026-03-12,976.35,EUR,976.35
TXN004837,CUST02569,USA,Beverly Hills,En ligne,Joaillerie,2025-01-30,22571.32,USD,20765.62
TXN004838,CUST02569,USA,Beverly Hills,Boutique,Accessoires & Parfums,2025-06-07,1202.54,USD,1106.34
TXN004839,CUST02569,USA,Beverly Hills,Boutique,Horlogerie,2025-11-08,44653.12,USD,41080.87
TXN004840,CUST02569,USA,Beverly Hills,Boutique,Accessoires & Parfums,2026-03-20,1430.19,USD,1315.78
TXN004841,CUST02569,USA,Beverly Hills,Événement privé,Accessoires & Parfums,2026-07-02,1072.9,USD,987.07
TXN004842,CUST02570,France (siège),Cannes,Boutique,Joaillerie,2026-04-24,24464.87,EUR,24464.87
TXN004843,CUST02571,Japon,Tokyo Ginza,En ligne,Joaillerie,2026-07-27,1598928.12,JPY,9913.35
TXN004844,CUST02572,Chine,Hong Kong,Boutique,Horlogerie,2025-03-07,208709.28,CNY,27132.21
TXN004845,CUST02572,Chine,Hong Kong,Boutique,Joaillerie,2025-09-10,138761.12,CNY,18038.95
TXN004846,CUST02573,Moyen-Orient,Dubaï Mall,Boutique,Mariage,2025-11-16,33622.3,AED,8405.57
TXN004847,CUST02573,Moyen-Orient,Dubaï Mall,Boutique,Accessoires & Parfums,2026-04-04,1569.96,AED,392.49
TXN004848,CUST02574,Moyen-Orient,Dubaï Mall,Boutique,Accessoires & Parfums,2026-06-15,4573.19,AED,1143.3
TXN004849,CUST02575,France (siège),Paris Champs-Élysées,Boutique,Accessoires & Parfums,2026-06-20,745.84,EUR,745.84
TXN004850,CUST02577,France (siège),Paris Vendôme,Boutique,Accessoires & Parfums,2026-07-25,882.87,EUR,882.87
TXN004851,CUST02579,USA,Bal Harbour,Boutique,Mariage,2025-05-26,14314.8,USD,13169.61
TXN004852,CUST02579,USA,Bal Harbour,En ligne,Mariage,2025-10-14,16447.97,USD,15132.13
TXN004853,CUST02579,USA,Bal Harbour,En ligne,Horlogerie,2026-02-26,27128.17,USD,24957.92
TXN004854,CUST02579,USA,Bal Harbour,Boutique,Accessoires & Parfums,2026-07-04,958.13,USD,881.48
TXN004855,CUST02580,Japon,Tokyo Ginza,En ligne,Horlogerie,2025-08-23,2121696.3,JPY,13154.52
TXN004856,CUST02580,Japon,Tokyo Ginza,Boutique,Horlogerie,2026-03-05,4780073.55,JPY,29636.46
TXN004857,CUST02581,Chine,Pékin,Boutique,Joaillerie,2025-07-27,68012.85,CNY,8841.67
TXN004858,CUST02581,Chine,Pékin,Boutique,Mariage,2026-02-05,91956.99,CNY,11954.41
TXN004859,CUST02582,Japon,Tokyo Ginza,Boutique,Accessoires & Parfums,2025-05-15,83294.38,JPY,516.43
TXN004860,CUST02583,France (siège),Paris Vendôme,Boutique,Mariage,2026-01-23,10017.13,EUR,10017.13
TXN004861,CUST02584,USA,Beverly Hills,Boutique,Accessoires & Parfums,2025-12-05,652.88,USD,600.65
TXN004862,CUST02584,USA,Beverly Hills,Boutique,Horlogerie,2026-04-28,38422.13,USD,35348.36
TXN004863,CUST02585,Chine,Pékin,Boutique,Joaillerie,2026-01-24,103583.2,CNY,13465.82
TXN004864,CUST02585,Chine,Pékin,En ligne,Accessoires & Parfums,2026-06-29,1959.5,CNY,254.74
TXN004865,CUST02586,Chine,Shanghai,En ligne,Joaillerie,2025-03-30,125200.56,CNY,16276.07
TXN004866,CUST02586,Chine,Shanghai,Boutique,Joaillerie,2025-10-08,98588.74,CNY,12816.54
TXN004867,CUST02586,Chine,Shanghai,En ligne,Horlogerie,2026-04-07,92195.14,CNY,11985.37
TXN004868,CUST02587,Japon,Osaka,Événement privé,Accessoires & Parfums,2025-01-14,203498.3,JPY,1261.69
TXN004869,CUST02588,Japon,Tokyo Ginza,Boutique,Accessoires & Parfums,2026-05-10,175732.02,JPY,1089.54
TXN004870,CUST02589,USA,Bal Harbour,Boutique,Joaillerie,2025-01-16,27553.03,USD,25348.79
TXN004871,CUST02589,USA,Bal Harbour,Événement privé,Horlogerie,2025-04-13,45023.28,USD,41421.42
TXN004872,CUST02589,USA,Bal Harbour,En ligne,Horlogerie,2025-07-29,25490.74,USD,23451.48
TXN004873,CUST02589,USA,Bal Harbour,Événement privé,Horlogerie,2025-11-04,49728.87,USD,45750.56
TXN004874,CUST02589,USA,Bal Harbour,Événement privé,Joaillerie,2026-02-17,21908.16,USD,20155.51
TXN004875,CUST02589,USA,Bal Harbour,Événement privé,Accessoires & Parfums,2026-06-01,1023.45,USD,941.57
TXN004876,CUST02590,Japon,Osaka,Boutique,Accessoires & Parfums,2026-03-09,133792.03,JPY,829.51
TXN004877,CUST02591,France (siège),Paris Vendôme,Boutique,Horlogerie,2026-05-21,29554.07,EUR,29554.07
TXN004878,CUST02593,France (siège),Paris Champs-Élysées,En ligne,Accessoires & Parfums,2026-02-25,907.81,EUR,907.81
TXN004879,CUST02593,France (siège),Paris Champs-Élysées,Boutique,Accessoires & Parfums,2026-06-12,775.1,EUR,775.1
TXN004880,CUST02594,France (siège),Paris Vendôme,Boutique,Joaillerie,2025-03-04,18629.65,EUR,18629.65
TXN004881,CUST02594,France (siège),Paris Vendôme,Boutique,Joaillerie,2025-07-26,21647.31,EUR,21647.31
TXN004882,CUST02594,France (siège),Paris Vendôme,Boutique,Accessoires & Parfums,2025-10-22,686.8,EUR,686.8
TXN004883,CUST02594,France (siège),Paris Vendôme,En ligne,Joaillerie,2026-03-04,12755.21,EUR,12755.21
TXN004884,CUST02594,France (siège),Paris Vendôme,Boutique,Joaillerie,2026-07-11,18955.46,EUR,18955.46
TXN004885,CUST02596,Moyen-Orient,Dubaï Mall,Boutique,Joaillerie,2025-09-14,73707.85,AED,18426.96
TXN004886,CUST02596,Moyen-Orient,Dubaï Mall,En ligne,Mariage,2026-02-21,39981.66,AED,9995.41
TXN004887,CUST02597,USA,Beverly Hills,Boutique,Accessoires & Parfums,2026-03-12,659.18,USD,606.44
TXN004888,CUST02597,USA,Beverly Hills,Boutique,Accessoires & Parfums,2026-07-28,923.64,USD,849.75
TXN004889,CUST02598,USA,New York 5th Ave,Boutique,Accessoires & Parfums,2026-07-06,462.78,USD,425.76
TXN004890,CUST02599,France (siège),Paris Vendôme,Boutique,Joaillerie,2025-06-15,13292.28,EUR,13292.28
TXN004891,CUST02599,France (siège),Paris Vendôme,Boutique,Accessoires & Parfums,2025-10-09,840.4,EUR,840.4
TXN004892,CUST02599,France (siège),Paris Vendôme,En ligne,Joaillerie,2026-02-16,21650.73,EUR,21650.73
TXN004893,CUST02599,France (siège),Paris Vendôme,Boutique,Accessoires & Parfums,2026-05-25,890.2,EUR,890.2
TXN004894,CUST02600,Chine,Shanghai,Boutique,Mariage,2025-06-08,91156.34,CNY,11850.32
TXN004895,CUST02600,Chine,Shanghai,En ligne,Accessoires & Parfums,2025-10-10,5197.44,CNY,675.67
TXN004896,CUST02600,Chine,Shanghai,Événement privé,Joaillerie,2026-02-09,153419.63,CNY,19944.55
TXN004897,CUST02600,Chine,Shanghai,Boutique,Mariage,2026-06-13,72263.4,CNY,9394.24
TXN004898,CUST02601,France (siège),Paris Vendôme,Boutique,Joaillerie,2026-06-16,18827.63,EUR,18827.63
TXN004899,CUST02603,USA,New York 5th Ave,Boutique,Joaillerie,2026-02-02,17246.48,USD,15866.76
TXN004900,CUST02603,USA,New York 5th Ave,En ligne,Joaillerie,2026-06-10,12058.92,USD,11094.21
TXN004901,CUST02604,Moyen-Orient,Dubaï Mall,Boutique,Accessoires & Parfums,2026-03-19,2503.34,AED,625.84
TXN004902,CUST02606,France (siège),Paris Champs-Élysées,Événement privé,Horlogerie,2025-09-29,27285.49,EUR,27285.49
TXN004903,CUST02606,France (siège),Paris Champs-Élysées,En ligne,Joaillerie,2026-03-09,22798.97,EUR,22798.97
TXN004904,CUST02607,France (siège),Paris Vendôme,En ligne,Accessoires & Parfums,2026-01-13,921.28,EUR,921.28
TXN004905,CUST02607,France (siège),Paris Vendôme,Boutique,Mariage,2026-06-30,6106.64,EUR,6106.64
TXN004906,CUST02608,France (siège),Paris Vendôme,En ligne,Horlogerie,2026-05-17,30687.09,EUR,30687.09
TXN004907,CUST02609,USA,Bal Harbour,Boutique,Accessoires & Parfums,2025-11-16,1155.65,USD,1063.2
TXN004908,CUST02609,USA,Bal Harbour,Boutique,Mariage,2026-05-03,12460.19,USD,11463.37
TXN004909,CUST02610,Japon,Osaka,Boutique,Mariage,2025-03-30,1638839.29,JPY,10160.8
TXN004910,CUST02610,Japon,Osaka,Événement privé,Horlogerie,2025-09-20,4855438.52,JPY,30103.72
TXN004911,CUST02610,Japon,Osaka,Boutique,Joaillerie,2026-04-15,2960972.83,JPY,18358.03
TXN004912,CUST02611,Chine,Pékin,Événement privé,Horlogerie,2025-02-20,296964.48,CNY,38605.38
TXN004913,CUST02611,Chine,Pékin,Boutique,Accessoires & Parfums,2025-07-19,5504.24,CNY,715.55
TXN004914,CUST02611,Chine,Pékin,En ligne,Accessoires & Parfums,2026-01-10,8868.16,CNY,1152.86
TXN004915,CUST02611,Chine,Pékin,En ligne,Accessoires & Parfums,2026-07-27,4563.52,CNY,593.26
TXN004916,CUST02612,France (siège),Cannes,Événement privé,Joaillerie,2026-06-19,15506.69,EUR,15506.69
TXN004917,CUST02613,USA,Beverly Hills,Boutique,Joaillerie,2025-08-06,24998.95,USD,22999.04
TXN004918,CUST02613,USA,Beverly Hills,Boutique,Accessoires & Parfums,2026-02-03,848.67,USD,780.78
TXN004919,CUST02613,USA,Beverly Hills,En ligne,Horlogerie,2026-06-11,23270.87,USD,21409.2
TXN004920,CUST02614,France (siège),Paris Vendôme,Boutique,Mariage,2026-06-22,15321.31,EUR,15321.31
TXN004921,CUST02615,Chine,Shanghai,Boutique,Accessoires & Parfums,2025-03-12,7838.8,CNY,1019.04
TXN004922,CUST02615,Chine,Shanghai,Boutique,Accessoires & Parfums,2025-08-01,7647.01,CNY,994.11
TXN004923,CUST02615,Chine,Shanghai,Boutique,Joaillerie,2026-01-15,150495.86,CNY,19564.46
TXN004924,CUST02615,Chine,Shanghai,Événement privé,Accessoires & Parfums,2026-07-01,7517.88,CNY,977.32
TXN004925,CUST02616,Moyen-Orient,Dubaï Mall,Boutique,Joaillerie,2026-02-28,48570.94,AED,12142.73
TXN004926,CUST02617,Chine,Hong Kong,Boutique,Accessoires & Parfums,2025-01-23,10708.45,CNY,1392.1
TXN004927,CUST02617,Chine,Hong Kong,En ligne,Accessoires & Parfums,2025-07-18,6216.25,CNY,808.11
TXN004928,CUST02617,Chine,Hong Kong,Boutique,Accessoires & Parfums,2025-12-07,5841.32,CNY,759.37
TXN004929,CUST02617,Chine,Hong Kong,Boutique,Horlogerie,2026-05-14,169851.92,CNY,22080.75
TXN004930,CUST02618,Japon,Osaka,Boutique,Joaillerie,2025-07-17,2932965.87,JPY,18184.39
TXN004931,CUST02618,Japon,Osaka,Boutique,Haute Joaillerie,2026-01-28,14260627.09,JPY,88415.89
TXN004932,CUST02618,Japon,Osaka,Boutique,Accessoires & Parfums,2026-06-01,144818.53,JPY,897.87
TXN004933,CUST02619,Chine,Shanghai,Boutique,Accessoires & Parfums,2026-06-09,5010.45,CNY,651.36
TXN004934,CUST02621,USA,Bal Harbour,Boutique,Haute Joaillerie,2025-10-17,116872.0,USD,107522.24
TXN004935,CUST02621,USA,Bal Harbour,Événement privé,Mariage,2026-05-28,9795.04,USD,9011.43
TXN004936,CUST02622,Chine,Pékin,Boutique,Haute Joaillerie,2025-04-10,993850.89,CNY,129200.62
TXN004937,CUST02622,Chine,Pékin,Boutique,Joaillerie,2025-08-08,119430.13,CNY,15525.92
TXN004938,CUST02622,Chine,Pékin,Boutique,Haute Joaillerie,2025-12-24,841383.65,CNY,109379.87
TXN004939,CUST02622,Chine,Pékin,Boutique,Joaillerie,2026-04-25,47079.54,CNY,6120.34
TXN004940,CUST02623,Japon,Tokyo Ginza,Événement privé,Joaillerie,2025-03-20,2645849.45,JPY,16404.27
TXN004941,CUST02623,Japon,Tokyo Ginza,Événement privé,Mariage,2025-07-16,2437918.63,JPY,15115.1
TXN004942,CUST02623,Japon,Tokyo Ginza,En ligne,Accessoires & Parfums,2025-10-31,146416.88,JPY,907.78
TXN004943,CUST02623,Japon,Tokyo Ginza,Boutique,Mariage,2026-03-03,2293903.25,JPY,14222.2
TXN004944,CUST02623,Japon,Tokyo Ginza,Boutique,Joaillerie,2026-06-26,4378725.35,JPY,27148.1
TXN004945,CUST02626,Japon,Osaka,En ligne,Accessoires & Parfums,2025-09-06,127665.64,JPY,791.53
TXN004946,CUST02626,Japon,Osaka,En ligne,Accessoires & Parfums,2026-02-05,141340.93,JPY,876.31
TXN004947,CUST02626,Japon,Osaka,Boutique,Joaillerie,2026-06-30,2245886.75,JPY,13924.5
TXN004948,CUST02627,Moyen-Orient,Abu Dhabi,Boutique,Accessoires & Parfums,2025-03-02,2946.74,AED,736.69
TXN004949,CUST02627,Moyen-Orient,Abu Dhabi,En ligne,Accessoires & Parfums,2025-09-07,2030.32,AED,507.58
TXN004950,CUST02627,Moyen-Orient,Abu Dhabi,Boutique,Mariage,2026-01-28,37829.32,AED,9457.33
TXN004951,CUST02627,Moyen-Orient,Abu Dhabi,Boutique,Haute Joaillerie,2026-06-29,545497.48,AED,136374.37
TXN004952,CUST02628,Chine,Pékin,Événement privé,Accessoires & Parfums,2026-01-01,8045.82,CNY,1045.96
TXN004953,CUST02628,Chine,Pékin,Boutique,Accessoires & Parfums,2026-05-10,7157.24,CNY,930.44
TXN004954,CUST02629,USA,Beverly Hills,Boutique,Mariage,2025-09-14,13773.65,USD,12671.76
TXN004955,CUST02629,USA,Beverly Hills,Boutique,Horlogerie,2026-02-14,26067.57,USD,23982.17
TXN004956,CUST02629,USA,Beverly Hills,Boutique,Joaillerie,2026-07-30,18985.27,USD,17466.45
TXN004957,CUST02630,Chine,Shanghai,En ligne,Accessoires & Parfums,2026-07-06,5858.52,CNY,761.61
TXN004958,CUST02631,France (siège),Paris Vendôme,En ligne,Joaillerie,2025-05-01,14842.51,EUR,14842.51
TXN004959,CUST02632,Chine,Shanghai,Boutique,Accessoires & Parfums,2026-02-03,6876.31,CNY,893.92
TXN004960,CUST02633,USA,Bal Harbour,Boutique,Haute Joaillerie,2025-03-14,162653.86,USD,149641.55
TXN004961,CUST02633,USA,Bal Harbour,Boutique,Horlogerie,2025-08-13,39591.81,USD,36424.46
TXN004962,CUST02633,USA,Bal Harbour,Boutique,Horlogerie,2025-12-30,53331.59,USD,49065.06
TXN004963,CUST02633,USA,Bal Harbour,Boutique,Mariage,2026-06-22,12749.06,USD,11729.14
TXN004964,CUST02634,France (siège),Cannes,Boutique,Joaillerie,2026-06-28,12299.07,EUR,12299.07
TXN004965,CUST02635,USA,Bal Harbour,Boutique,Accessoires & Parfums,2025-05-25,908.21,USD,835.55
TXN004966,CUST02636,USA,Beverly Hills,Boutique,Accessoires & Parfums,2025-03-01,1325.81,USD,1219.74
TXN004967,CUST02636,USA,Beverly Hills,En ligne,Haute Joaillerie,2025-08-02,212058.29,USD,195093.63
TXN004968,CUST02636,USA,Beverly Hills,Boutique,Accessoires & Parfums,2025-12-11,1665.46,USD,1532.22
TXN004969,CUST02636,USA,Beverly Hills,En ligne,Joaillerie,2026-05-08,30573.51,USD,28127.63
TXN004970,CUST02637,France (siège),Cannes,En ligne,Accessoires & Parfums,2025-03-02,667.68,EUR,667.68
TXN004971,CUST02637,France (siège),Cannes,En ligne,Horlogerie,2025-06-21,43389.75,EUR,43389.75
TXN004972,CUST02637,France (siège),Cannes,Boutique,Joaillerie,2025-11-20,13883.31,EUR,13883.31
TXN004973,CUST02637,France (siège),Cannes,En ligne,Joaillerie,2026-05-11,25815.21,EUR,25815.21
TXN004974,CUST02638,Moyen-Orient,Dubaï Mall,En ligne,Joaillerie,2025-03-08,52025.5,AED,13006.37
TXN004975,CUST02638,Moyen-Orient,Dubaï Mall,En ligne,Horlogerie,2025-09-21,77392.76,AED,19348.19
TXN004976,CUST02638,Moyen-Orient,Dubaï Mall,En ligne,Accessoires & Parfums,2026-02-24,1802.35,AED,450.59
TXN004977,CUST02639,Moyen-Orient,Dubaï Mall,En ligne,Horlogerie,2025-07-06,87187.37,AED,21796.84
TXN004978,CUST02640,Chine,Hong Kong,En ligne,Mariage,2025-08-27,66662.14,CNY,8666.08
TXN004979,CUST02640,Chine,Hong Kong,Boutique,Joaillerie,2026-02-05,149090.68,CNY,19381.79
TXN004980,CUST02641,Chine,Hong Kong,Boutique,Horlogerie,2025-01-21,349807.41,CNY,45474.96
TXN004981,CUST02641,Chine,Hong Kong,Boutique,Accessoires & Parfums,2025-06-17,6468.54,CNY,840.91
TXN004982,CUST02641,Chine,Hong Kong,Boutique,Accessoires & Parfums,2025-11-07,4605.76,CNY,598.75
TXN004983,CUST02641,Chine,Hong Kong,Événement privé,Joaillerie,2026-02-27,170666.61,CNY,22186.66
TXN004984,CUST02641,Chine,Hong Kong,Boutique,Horlogerie,2026-07-09,282200.99,CNY,36686.13
TXN004985,CUST02642,France (siège),Cannes,En ligne,Accessoires & Parfums,2025-06-08,1000.27,EUR,1000.27
TXN004986,CUST02642,France (siège),Cannes,Boutique,Joaillerie,2025-11-18,16078.23,EUR,16078.23
TXN004987,CUST02642,France (siège),Cannes,En ligne,Accessoires & Parfums,2026-04-09,748.27,EUR,748.27
TXN004988,CUST02643,Japon,Osaka,En ligne,Joaillerie,2025-10-01,3151464.24,JPY,19539.08
TXN004989,CUST02643,Japon,Osaka,Boutique,Joaillerie,2026-01-24,4029810.58,JPY,24984.83
TXN004990,CUST02643,Japon,Osaka,En ligne,Accessoires & Parfums,2026-06-26,91972.62,JPY,570.23
TXN004991,CUST02644,France (siège),Paris Vendôme,Boutique,Accessoires & Parfums,2025-01-20,788.31,EUR,788.31
TXN004992,CUST02644,France (siège),Paris Vendôme,Boutique,Mariage,2025-06-03,16239.95,EUR,16239.95
TXN004993,CUST02644,France (siège),Paris Vendôme,Boutique,Accessoires & Parfums,2025-10-24,665.86,EUR,665.86
TXN004994,CUST02644,France (siège),Paris Vendôme,En ligne,Accessoires & Parfums,2026-04-05,1258.47,EUR,1258.47
TXN004995,CUST02645,USA,Beverly Hills,Boutique,Accessoires & Parfums,2026-05-23,967.68,USD,890.26
TXN004996,CUST02646,Chine,Shanghai,En ligne,Accessoires & Parfums,2026-02-01,6489.18,CNY,843.59
TXN004997,CUST02646,Chine,Shanghai,Boutique,Joaillerie,2026-07-05,146001.33,CNY,18980.17
TXN004998,CUST02647,France (siège),Paris Vendôme,Boutique,Accessoires & Parfums,2025-06-05,1004.16,EUR,1004.16
TXN004999,CUST02647,France (siège),Paris Vendôme,Boutique,Mariage,2025-12-04,10911.73,EUR,10911.73
TXN005000,CUST02647,France (siège),Paris Vendôme,Événement privé,Accessoires & Parfums,2026-04-20,352.01,EUR,352.01
TXN005001,CUST02648,Moyen-Orient,Abu Dhabi,Boutique,Horlogerie,2025-08-22,27160.94,AED,6790.24
TXN005002,CUST02648,Moyen-Orient,Abu Dhabi,En ligne,Horlogerie,2026-01-26,106677.46,AED,26669.37
TXN005003,CUST02649,Japon,Osaka,Boutique,Joaillerie,2025-06-24,2161984.03,JPY,13404.3
TXN005004,CUST02649,Japon,Osaka,Boutique,Accessoires & Parfums,2025-11-13,38825.57,JPY,240.72
TXN005005,CUST02649,Japon,Osaka,Boutique,Joaillerie,2026-05-15,1408750.07,JPY,8734.25
TXN005006,CUST02650,Chine,Hong Kong,Boutique,Accessoires & Parfums,2026-04-18,7583.42,CNY,985.84
TXN005007,CUST02651,France (siège),Paris Vendôme,Boutique,Horlogerie,2025-02-10,30371.41,EUR,30371.41
TXN005008,CUST02652,France (siège),Paris Vendôme,En ligne,Accessoires & Parfums,2025-06-05,954.82,EUR,954.82
TXN005009,CUST02652,France (siège),Paris Vendôme,Événement privé,Mariage,2025-10-10,13473.55,EUR,13473.55
TXN005010,CUST02652,France (siège),Paris Vendôme,Boutique,Haute Joaillerie,2026-03-13,118429.73,EUR,118429.73
TXN005011,CUST02653,Moyen-Orient,Dubaï Mall,Boutique,Accessoires & Parfums,2026-05-04,2920.46,AED,730.11
TXN005012,CUST02654,Japon,Tokyo Ginza,Boutique,Joaillerie,2025-06-27,3624869.06,JPY,22474.19
TXN005013,CUST02654,Japon,Tokyo Ginza,Boutique,Joaillerie,2025-11-02,3083278.79,JPY,19116.33
TXN005014,CUST02654,Japon,Tokyo Ginza,En ligne,Joaillerie,2026-04-04,1987402.09,JPY,12321.89
TXN005015,CUST02655,USA,New York 5th Ave,Boutique,Accessoires & Parfums,2026-06-04,815.2,USD,749.98
TXN005016,CUST02658,Chine,Shanghai,Boutique,Joaillerie,2025-12-17,87725.37,CNY,11404.3
TXN005017,CUST02658,Chine,Shanghai,Événement privé,Horlogerie,2026-03-20,325114.47,CNY,42264.88
TXN005018,CUST02658,Chine,Shanghai,Boutique,Horlogerie,2026-06-27,278082.14,CNY,36150.68
TXN005019,CUST02659,USA,New York 5th Ave,Boutique,Joaillerie,2026-01-27,8902.0,USD,8189.84
TXN005020,CUST02660,Moyen-Orient,Dubaï Mall,Boutique,Joaillerie,2025-01-21,81758.55,AED,20439.64
TXN005021,CUST02662,Moyen-Orient,Abu Dhabi,Boutique,Joaillerie,2025-05-22,64366.19,AED,16091.55
TXN005022,CUST02662,Moyen-Orient,Abu Dhabi,Événement privé,Joaillerie,2025-10-28,52448.03,AED,13112.01
TXN005023,CUST02662,Moyen-Orient,Abu Dhabi,En ligne,Joaillerie,2026-04-23,60175.58,AED,15043.89
TXN005024,CUST02663,USA,Bal Harbour,Événement privé,Accessoires & Parfums,2026-04-06,1096.49,USD,1008.77
TXN005025,CUST02664,France (siège),Cannes,Boutique,Joaillerie,2025-09-05,14260.37,EUR,14260.37
TXN005026,CUST02664,France (siège),Cannes,Boutique,Accessoires & Parfums,2026-03-14,667.37,EUR,667.37
TXN005027,CUST02666,Japon,Tokyo Ginza,En ligne,Mariage,2025-09-18,1269433.66,JPY,7870.49
TXN005028,CUST02666,Japon,Tokyo Ginza,Boutique,Haute Joaillerie,2026-04-21,14377676.64,JPY,89141.6
TXN005029,CUST02667,France (siège),Cannes,Événement privé,Accessoires & Parfums,2025-03-03,1668.2,EUR,1668.2
TXN005030,CUST02667,France (siège),Cannes,Boutique,Accessoires & Parfums,2025-09-05,736.24,EUR,736.24
TXN005031,CUST02667,France (siège),Cannes,Boutique,Horlogerie,2026-02-10,24774.98,EUR,24774.98
TXN005032,CUST02667,France (siège),Cannes,Boutique,Mariage,2026-06-28,13158.51,EUR,13158.51
TXN005033,CUST02668,USA,Bal Harbour,En ligne,Joaillerie,2026-06-06,28960.11,USD,26643.3
TXN005034,CUST02669,France (siège),Paris Champs-Élysées,Événement privé,Joaillerie,2026-06-17,15397.38,EUR,15397.38
TXN005035,CUST02671,Chine,Shanghai,Boutique,Joaillerie,2025-07-19,131562.08,CNY,17103.07
TXN005036,CUST02671,Chine,Shanghai,Boutique,Accessoires & Parfums,2025-12-26,5099.86,CNY,662.98
TXN005037,CUST02671,Chine,Shanghai,Boutique,Horlogerie,2026-06-18,171239.27,CNY,22261.1
TXN005038,CUST02672,Moyen-Orient,Abu Dhabi,En ligne,Accessoires & Parfums,2026-01-07,2533.03,AED,633.26
TXN005039,CUST02672,Moyen-Orient,Abu Dhabi,Boutique,Accessoires & Parfums,2026-05-28,3548.24,AED,887.06
TXN005040,CUST02673,Chine,Pékin,Boutique,Accessoires & Parfums,2025-07-28,8840.96,CNY,1149.32
TXN005041,CUST02673,Chine,Pékin,Boutique,Horlogerie,2025-11-02,177603.4,CNY,23088.44
TXN005042,CUST02673,Chine,Pékin,Boutique,Joaillerie,2026-02-24,264178.17,CNY,34343.16
TXN005043,CUST02673,Chine,Pékin,Boutique,Mariage,2026-06-23,82516.82,CNY,10727.19
TXN005044,CUST02674,Moyen-Orient,Abu Dhabi,En ligne,Joaillerie,2026-07-14,30509.6,AED,7627.4
TXN005045,CUST02675,Japon,Tokyo Ginza,En ligne,Mariage,2025-10-30,3320934.86,JPY,20589.8
TXN005046,CUST02675,Japon,Tokyo Ginza,Boutique,Joaillerie,2026-03-07,1380124.32,JPY,8556.77
TXN005047,CUST02675,Japon,Tokyo Ginza,Boutique,Joaillerie,2026-07-15,2187681.6,JPY,13563.63
TXN005048,CUST02676,USA,Beverly Hills,En ligne,Accessoires & Parfums,2025-08-03,827.89,USD,761.65
TXN005049,CUST02676,USA,Beverly Hills,En ligne,Joaillerie,2026-01-21,14490.63,USD,13331.38
TXN005050,CUST02676,USA,Beverly Hills,Boutique,Joaillerie,2026-07-30,19759.86,USD,18179.07
TXN005051,CUST02677,Chine,Shanghai,En ligne,Joaillerie,2025-09-07,92828.4,CNY,12067.69
TXN005052,CUST02677,Chine,Shanghai,Boutique,Horlogerie,2026-02-01,302957.27,CNY,39384.45
TXN005053,CUST02677,Chine,Shanghai,En ligne,Accessoires & Parfums,2026-07-13,7697.59,CNY,1000.69
TXN005054,CUST02678,Japon,Tokyo Ginza,Boutique,Horlogerie,2026-06-06,4231304.71,JPY,26234.09
TXN005055,CUST02679,Moyen-Orient,Dubaï Mall,Événement privé,Accessoires & Parfums,2026-05-04,2990.33,AED,747.58
TXN005056,CUST02680,France (siège),Paris Champs-Élysées,Événement privé,Joaillerie,2025-09-18,14869.98,EUR,14869.98
TXN005057,CUST02680,France (siège),Paris Champs-Élysées,Boutique,Accessoires & Parfums,2026-03-02,862.32,EUR,862.32
TXN005058,CUST02681,France (siège),Paris Champs-Élysées,En ligne,Joaillerie,2025-04-28,5519.85,EUR,5519.85
TXN005059,CUST02682,USA,Bal Harbour,En ligne,Mariage,2025-05-30,15288.73,USD,14065.64
TXN005060,CUST02683,France (siège),Paris Champs-Élysées,En ligne,Haute Joaillerie,2025-10-17,74700.72,EUR,74700.72
TXN005061,CUST02683,France (siège),Paris Champs-Élysées,En ligne,Joaillerie,2026-05-05,14322.05,EUR,14322.05
TXN005062,CUST02684,Chine,Pékin,En ligne,Joaillerie,2025-07-28,97882.37,CNY,12724.71
TXN005063,CUST02685,Japon,Tokyo Ginza,Boutique,Accessoires & Parfums,2025-10-02,143203.95,JPY,887.86
TXN005064,CUST02685,Japon,Tokyo Ginza,Boutique,Accessoires & Parfums,2026-02-16,98318.48,JPY,609.57
TXN005065,CUST02686,USA,Bal Harbour,Boutique,Accessoires & Parfums,2026-07-25,722.31,USD,664.53
TXN005066,CUST02687,France (siège),Cannes,En ligne,Haute Joaillerie,2026-04-04,106464.05,EUR,106464.05
TXN005067,CUST02688,Japon,Tokyo Ginza,Boutique,Accessoires & Parfums,2025-09-03,137816.08,JPY,854.46
TXN005068,CUST02688,Japon,Tokyo Ginza,Boutique,Mariage,2026-02-19,1662620.68,JPY,10308.25
TXN005069,CUST02689,Japon,Osaka,Boutique,Accessoires & Parfums,2025-05-12,135484.29,JPY,840.0
TXN005070,CUST02689,Japon,Osaka,Boutique,Joaillerie,2025-10-25,2247956.39,JPY,13937.33
TXN005071,CUST02690,Moyen-Orient,Abu Dhabi,Boutique,Joaillerie,2026-02-16,66196.15,AED,16549.04
TXN005072,CUST02691,France (siège),Cannes,Boutique,Joaillerie,2026-05-03,22504.95,EUR,22504.95
TXN005073,CUST02692,France (siège),Paris Vendôme,Boutique,Horlogerie,2026-05-05,32970.9,EUR,32970.9
TXN005074,CUST02693,France (siège),Paris Vendôme,Boutique,Accessoires & Parfums,2025-11-22,554.73,EUR,554.73
TXN005075,CUST02693,France (siège),Paris Vendôme,Boutique,Horlogerie,2026-04-30,30442.9,EUR,30442.9
TXN005076,CUST02694,Chine,Hong Kong,Boutique,Joaillerie,2026-06-02,158032.8,CNY,20544.26
TXN005077,CUST02695,Chine,Pékin,Événement privé,Haute Joaillerie,2025-06-27,671394.85,CNY,87281.33
TXN005078,CUST02695,Chine,Pékin,Boutique,Accessoires & Parfums,2025-12-19,6762.19,CNY,879.08
TXN005079,CUST02695,Chine,Pékin,Boutique,Haute Joaillerie,2026-06-17,740540.77,CNY,96270.3
TXN005080,CUST02696,France (siège),Paris Champs-Élysées,Boutique,Mariage,2026-01-25,8812.17,EUR,8812.17
TXN005081,CUST02696,France (siège),Paris Champs-Élysées,En ligne,Mariage,2026-07-05,10559.95,EUR,10559.95
TXN005082,CUST02697,Moyen-Orient,Dubaï Mall,Événement privé,Mariage,2025-12-16,29230.92,AED,7307.73
TXN005083,CUST02697,Moyen-Orient,Dubaï Mall,Événement privé,Joaillerie,2026-07-20,23428.47,AED,5857.12
TXN005084,CUST02698,France (siège),Cannes,Boutique,Horlogerie,2025-10-29,17375.56,EUR,17375.56
TXN005085,CUST02698,France (siège),Cannes,Événement privé,Accessoires & Parfums,2026-03-08,988.63,EUR,988.63
TXN005086,CUST02698,France (siège),Cannes,En ligne,Joaillerie,2026-07-13,15965.29,EUR,15965.29
TXN005087,CUST02699,Japon,Osaka,Boutique,Haute Joaillerie,2025-06-23,14168312.12,JPY,87843.54
TXN005088,CUST02699,Japon,Osaka,Boutique,Mariage,2026-01-05,1514687.72,JPY,9391.06
TXN005089,CUST02699,Japon,Osaka,Boutique,Horlogerie,2026-06-19,5967250.44,JPY,36996.95
TXN005090,CUST02700,USA,Beverly Hills,En ligne,Horlogerie,2025-03-28,43838.92,USD,40331.81
TXN005091,CUST02700,USA,Beverly Hills,En ligne,Joaillerie,2025-08-03,26386.9,USD,24275.95
TXN005092,CUST02701,Moyen-Orient,Dubaï Mall,Boutique,Horlogerie,2025-04-12,175910.15,AED,43977.54
TXN005093,CUST02702,USA,New York 5th Ave,Boutique,Horlogerie,2025-06-03,43784.32,USD,40281.58
TXN005094,CUST02702,USA,New York 5th Ave,En ligne,Mariage,2025-10-11,13521.49,USD,12439.77
TXN005095,CUST02702,USA,New York 5th Ave,Boutique,Haute Joaillerie,2026-04-02,124741.71,USD,114762.37
TXN005096,CUST02703,Chine,Shanghai,En ligne,Joaillerie,2026-05-01,63941.18,CNY,8312.35
TXN005097,CUST02704,USA,New York 5th Ave,En ligne,Joaillerie,2026-06-14,8020.54,USD,7378.89
TXN005098,CUST02705,France (siège),Paris Vendôme,En ligne,Haute Joaillerie,2026-03-11,136309.34,EUR,136309.34
TXN005099,CUST02706,France (siège),Paris Vendôme,Boutique,Accessoires & Parfums,2026-06-26,651.83,EUR,651.83
TXN005100,CUST02707,France (siège),Cannes,Boutique,Joaillerie,2026-05-09,23881.27,EUR,23881.27
TXN005101,CUST02708,USA,Bal Harbour,En ligne,Accessoires & Parfums,2025-04-25,470.94,USD,433.26
TXN005102,CUST02708,USA,Bal Harbour,En ligne,Horlogerie,2025-09-15,18737.71,USD,17238.69
TXN005103,CUST02708,USA,Bal Harbour,Boutique,Joaillerie,2026-03-18,12834.95,USD,11808.15
TXN005104,CUST02708,USA,Bal Harbour,Boutique,Horlogerie,2026-07-30,34205.7,USD,31469.24
TXN005105,CUST02709,France (siège),Paris Vendôme,Boutique,Joaillerie,2026-02-12,13084.12,EUR,13084.12
TXN005106,CUST02709,France (siège),Paris Vendôme,Boutique,Accessoires & Parfums,2026-07-01,1258.79,EUR,1258.79
TXN005107,CUST02710,France (siège),Paris Vendôme,En ligne,Accessoires & Parfums,2026-03-02,563.31,EUR,563.31
TXN005108,CUST02711,Chine,Shanghai,En ligne,Accessoires & Parfums,2025-03-17,2610.51,CNY,339.37
TXN005109,CUST02713,Chine,Shanghai,En ligne,Joaillerie,2025-06-02,124411.03,CNY,16173.43
TXN005110,CUST02713,Chine,Shanghai,Boutique,Accessoires & Parfums,2025-11-02,6789.21,CNY,882.6
TXN005111,CUST02713,Chine,Shanghai,En ligne,Horlogerie,2026-04-22,204893.55,CNY,26636.16
TXN005112,CUST02714,USA,Bal Harbour,Boutique,Accessoires & Parfums,2026-01-02,467.96,USD,430.52
TXN005113,CUST02716,France (siège),Cannes,Boutique,Accessoires & Parfums,2025-09-22,638.34,EUR,638.34
TXN005114,CUST02716,France (siège),Cannes,Boutique,Accessoires & Parfums,2026-04-03,193.23,EUR,193.23
TXN005115,CUST02718,France (siège),Paris Champs-Élysées,Boutique,Mariage,2026-06-04,12135.02,EUR,12135.02
TXN005116,CUST02719,France (siège),Paris Champs-Élysées,Boutique,Haute Joaillerie,2025-12-08,185367.11,EUR,185367.11
TXN005117,CUST02721,France (siège),Paris Champs-Élysées,Boutique,Haute Joaillerie,2025-06-23,115597.54,EUR,115597.54
TXN005118,CUST02721,France (siège),Paris Champs-Élysées,En ligne,Accessoires & Parfums,2025-10-14,843.02,EUR,843.02
TXN005119,CUST02721,France (siège),Paris Champs-Élysées,Boutique,Joaillerie,2026-03-05,15181.17,EUR,15181.17
TXN005120,CUST02722,Chine,Shanghai,Boutique,Accessoires & Parfums,2026-04-03,8201.53,CNY,1066.2
TXN005121,CUST02723,USA,Bal Harbour,Événement privé,Mariage,2025-09-25,11697.99,USD,10762.15
TXN005122,CUST02723,USA,Bal Harbour,En ligne,Accessoires & Parfums,2026-02-17,1049.24,USD,965.3
TXN005123,CUST02723,USA,Bal Harbour,En ligne,Accessoires & Parfums,2026-07-19,1279.56,USD,1177.2
TXN005124,CUST02724,France (siège),Paris Champs-Élysées,En ligne,Joaillerie,2026-05-01,19244.08,EUR,19244.08
TXN005125,CUST02725,France (siège),Cannes,Boutique,Accessoires & Parfums,2025-05-30,1059.28,EUR,1059.28
TXN005126,CUST02725,France (siège),Cannes,Boutique,Horlogerie,2025-11-22,33867.64,EUR,33867.64
TXN005127,CUST02725,France (siège),Cannes,Événement privé,Mariage,2026-05-31,12902.24,EUR,12902.24
TXN005128,CUST02726,USA,Bal Harbour,En ligne,Joaillerie,2025-11-07,19626.1,USD,18056.01
TXN005129,CUST02726,USA,Bal Harbour,Boutique,Accessoires & Parfums,2026-04-12,452.81,USD,416.58
TXN005130,CUST02727,France (siège),Paris Champs-Élysées,Boutique,Joaillerie,2025-04-26,19996.35,EUR,19996.35
TXN005131,CUST02727,France (siège),Paris Champs-Élysées,Boutique,Mariage,2025-10-05,7791.18,EUR,7791.18
TXN005132,CUST02728,USA,Beverly Hills,Boutique,Haute Joaillerie,2025-03-08,179178.89,USD,164844.58
TXN005133,CUST02728,USA,Beverly Hills,Événement privé,Joaillerie,2025-09-14,9715.8,USD,8938.53
TXN005134,CUST02728,USA,Beverly Hills,Boutique,Accessoires & Parfums,2026-03-19,826.37,USD,760.26
TXN005135,CUST02729,USA,Bal Harbour,Boutique,Horlogerie,2026-01-08,35027.53,USD,32225.32
TXN005136,CUST02729,USA,Bal Harbour,Boutique,Accessoires & Parfums,2026-06-21,1043.85,USD,960.34
TXN005137,CUST02730,Chine,Hong Kong,Boutique,Accessoires & Parfums,2026-06-29,6926.87,CNY,900.49
TXN005138,CUST02731,France (siège),Cannes,Boutique,Joaillerie,2025-10-16,13619.43,EUR,13619.43
TXN005139,CUST02731,France (siège),Cannes,En ligne,Accessoires & Parfums,2026-02-28,742.59,EUR,742.59
TXN005140,CUST02731,France (siège),Cannes,Boutique,Horlogerie,2026-07-13,33357.01,EUR,33357.01
TXN005141,CUST02732,Moyen-Orient,Dubaï Mall,Boutique,Accessoires & Parfums,2025-05-27,3790.29,AED,947.57
TXN005142,CUST02732,Moyen-Orient,Dubaï Mall,En ligne,Horlogerie,2025-11-02,73149.62,AED,18287.41
TXN005143,CUST02732,Moyen-Orient,Dubaï Mall,Boutique,Accessoires & Parfums,2026-05-01,3427.1,AED,856.78
TXN005144,CUST02733,Moyen-Orient,Abu Dhabi,En ligne,Horlogerie,2026-07-24,112450.35,AED,28112.59
TXN005145,CUST02734,Moyen-Orient,Dubaï Mall,En ligne,Accessoires & Parfums,2026-05-31,4031.7,AED,1007.92
TXN005146,CUST02735,Japon,Tokyo Ginza,Boutique,Accessoires & Parfums,2025-01-27,112526.03,JPY,697.66
TXN005147,CUST02735,Japon,Tokyo Ginza,Boutique,Mariage,2025-07-17,1867297.83,JPY,11577.25
TXN005148,CUST02735,Japon,Tokyo Ginza,Boutique,Haute Joaillerie,2025-12-24,25980049.51,JPY,161076.31
TXN005149,CUST02736,Moyen-Orient,Abu Dhabi,Boutique,Mariage,2026-02-12,44260.87,AED,11065.22
TXN005150,CUST02736,Moyen-Orient,Abu Dhabi,Boutique,Mariage,2026-07-19,40215.85,AED,10053.96
TXN005151,CUST02737,Chine,Pékin,En ligne,Accessoires & Parfums,2026-01-04,7484.55,CNY,972.99
TXN005152,CUST02737,Chine,Pékin,En ligne,Accessoires & Parfums,2026-07-05,4989.94,CNY,648.69
TXN005153,CUST02738,Chine,Hong Kong,En ligne,Joaillerie,2026-07-19,131807.7,CNY,17135.0
TXN005154,CUST02739,France (siège),Paris Champs-Élysées,En ligne,Haute Joaillerie,2025-09-29,110694.34,EUR,110694.34
TXN005155,CUST02739,France (siège),Paris Champs-Élysées,Boutique,Accessoires & Parfums,2026-03-16,788.26,EUR,788.26
TXN005156,CUST02740,Chine,Hong Kong,En ligne,Mariage,2025-09-25,103990.32,CNY,13518.74
TXN005157,CUST02740,Chine,Hong Kong,Boutique,Accessoires & Parfums,2026-02-25,9246.73,CNY,1202.07
TXN005158,CUST02740,Chine,Hong Kong,Boutique,Accessoires & Parfums,2026-07-18,8149.08,CNY,1059.38
TXN005159,CUST02741,France (siège),Cannes,Boutique,Accessoires & Parfums,2026-05-08,881.1,EUR,881.1
TXN005160,CUST02742,Chine,Pékin,Boutique,Joaillerie,2026-03-15,65104.4,CNY,8463.57
TXN005161,CUST02743,Moyen-Orient,Dubaï Mall,Boutique,Joaillerie,2025-04-13,116141.84,AED,29035.46
TXN005162,CUST02743,Moyen-Orient,Dubaï Mall,Boutique,Horlogerie,2025-10-05,174425.95,AED,43606.49
TXN005163,CUST02743,Moyen-Orient,Dubaï Mall,Boutique,Joaillerie,2026-02-07,68985.49,AED,17246.37
TXN005164,CUST02743,Moyen-Orient,Dubaï Mall,Boutique,Mariage,2026-06-21,92367.21,AED,23091.8
TXN005165,CUST02744,Chine,Shanghai,En ligne,Joaillerie,2025-11-15,122287.11,CNY,15897.32
TXN005166,CUST02744,Chine,Shanghai,Boutique,Horlogerie,2026-04-27,285714.23,CNY,37142.85
TXN005167,CUST02745,France (siège),Paris Champs-Élysées,Boutique,Accessoires & Parfums,2025-08-30,568.77,EUR,568.77
TXN005168,CUST02745,France (siège),Paris Champs-Élysées,Boutique,Accessoires & Parfums,2026-01-22,653.22,EUR,653.22
TXN005169,CUST02747,USA,Bal Harbour,En ligne,Accessoires & Parfums,2026-04-12,869.15,USD,799.61
TXN005170,CUST02748,Japon,Tokyo Ginza,Boutique,Accessoires & Parfums,2026-01-16,139462.62,JPY,864.67
TXN005171,CUST02749,USA,New York 5th Ave,En ligne,Joaillerie,2025-03-05,14982.28,USD,13783.7
TXN005172,CUST02749,USA,New York 5th Ave,Boutique,Mariage,2025-08-01,13621.14,USD,12531.45
TXN005173,CUST02749,USA,New York 5th Ave,Boutique,Mariage,2026-01-03,14819.55,USD,13633.98
TXN005174,CUST02749,USA,New York 5th Ave,Boutique,Accessoires & Parfums,2026-06-02,478.57,USD,440.29
TXN005175,CUST02750,Chine,Shanghai,Événement privé,Joaillerie,2025-11-21,137390.22,CNY,17860.73
TXN005176,CUST02750,Chine,Shanghai,En ligne,Haute Joaillerie,2026-04-24,608436.98,CNY,79096.81
TXN005177,CUST02751,USA,New York 5th Ave,Boutique,Joaillerie,2025-02-11,16482.1,USD,15163.53
TXN005178,CUST02751,USA,New York 5th Ave,Boutique,Joaillerie,2025-05-08,25709.04,USD,23652.31
TXN005179,CUST02751,USA,New York 5th Ave,Événement privé,Accessoires & Parfums,2025-10-09,1134.93,USD,1044.13
TXN005180,CUST02751,USA,New York 5th Ave,Événement privé,Joaillerie,2026-02-07,8981.98,USD,8263.42
TXN005181,CUST02751,USA,New York 5th Ave,Boutique,Joaillerie,2026-07-19,26105.08,USD,24016.67
TXN005182,CUST02752,USA,Bal Harbour,En ligne,Mariage,2025-12-05,23107.98,USD,21259.34
TXN005183,CUST02752,USA,Bal Harbour,Boutique,Accessoires & Parfums,2026-05-02,1093.2,USD,1005.74
TXN005184,CUST02753,Chine,Hong Kong,En ligne,Horlogerie,2025-07-13,183776.66,CNY,23890.97
TXN005185,CUST02753,Chine,Hong Kong,Boutique,Mariage,2025-12-13,105893.28,CNY,13766.13
TXN005186,CUST02753,Chine,Hong Kong,En ligne,Accessoires & Parfums,2026-05-12,6005.6,CNY,780.73
TXN005187,CUST02754,Moyen-Orient,Dubaï Mall,Boutique,Horlogerie,2025-12-04,207003.63,AED,51750.91
TXN005188,CUST02754,Moyen-Orient,Dubaï Mall,En ligne,Joaillerie,2026-05-02,53028.45,AED,13257.11
TXN005189,CUST02754,Moyen-Orient,Dubaï Mall,Boutique,Mariage,2026-07-26,90142.5,AED,22535.63
TXN005190,CUST02756,Chine,Pékin,Boutique,Accessoires & Parfums,2026-06-03,5265.56,CNY,684.52
TXN005191,CUST02757,USA,Beverly Hills,Boutique,Mariage,2025-09-21,15800.59,USD,14536.55
TXN005192,CUST02757,USA,Beverly Hills,Événement privé,Accessoires & Parfums,2026-04-28,1008.85,USD,928.14
TXN005193,CUST02759,USA,Beverly Hills,Boutique,Horlogerie,2026-07-05,24411.13,USD,22458.24
TXN005194,CUST02760,USA,Beverly Hills,Boutique,Mariage,2025-10-03,11367.25,USD,10457.87
TXN005195,CUST02760,USA,Beverly Hills,Boutique,Accessoires & Parfums,2026-03-08,635.15,USD,584.34
TXN005196,CUST02761,France (siège),Paris Vendôme,Boutique,Haute Joaillerie,2025-08-28,88467.54,EUR,88467.54
TXN005197,CUST02761,France (siège),Paris Vendôme,En ligne,Horlogerie,2026-02-20,24982.95,EUR,24982.95
TXN005198,CUST02762,Chine,Pékin,Événement privé,Mariage,2026-06-06,86014.93,CNY,11181.94
TXN005199,CUST02763,Moyen-Orient,Dubaï Mall,Événement privé,Joaillerie,2026-02-22,92806.59,AED,23201.65
TXN005200,CUST02763,Moyen-Orient,Dubaï Mall,En ligne,Accessoires & Parfums,2026-07-17,5332.63,AED,1333.16
TXN005201,CUST02765,France (siège),Paris Champs-Élysées,Boutique,Accessoires & Parfums,2025-11-05,709.03,EUR,709.03
TXN005202,CUST02765,France (siège),Paris Champs-Élysées,Boutique,Joaillerie,2026-05-16,19314.23,EUR,19314.23
TXN005203,CUST02766,Japon,Tokyo Ginza,Boutique,Mariage,2026-06-10,1169122.31,JPY,7248.56
TXN005204,CUST02767,Japon,Tokyo Ginza,En ligne,Mariage,2026-01-09,2327627.1,JPY,14431.29
TXN005205,CUST02767,Japon,Tokyo Ginza,Boutique,Accessoires & Parfums,2026-06-07,92860.62,JPY,575.74
TXN005206,CUST02768,USA,Beverly Hills,Boutique,Haute Joaillerie,2025-12-16,197825.75,USD,181999.69
TXN005207,CUST02768,USA,Beverly Hills,Boutique,Horlogerie,2026-03-22,17372.81,USD,15982.99
TXN005208,CUST02769,Moyen-Orient,Abu Dhabi,Boutique,Mariage,2026-02-07,31566.86,AED,7891.72
TXN005209,CUST02770,Chine,Shanghai,Boutique,Horlogerie,2026-05-10,176643.58,CNY,22963.67
TXN005210,CUST02771,Japon,Tokyo Ginza,En ligne,Accessoires & Parfums,2025-03-30,86643.19,JPY,537.19
TXN005211,CUST02771,Japon,Tokyo Ginza,Boutique,Haute Joaillerie,2025-10-08,13904824.09,JPY,86209.91
TXN005212,CUST02772,Moyen-Orient,Abu Dhabi,Boutique,Accessoires & Parfums,2025-04-07,2958.22,AED,739.55
TXN005213,CUST02772,Moyen-Orient,Abu Dhabi,En ligne,Mariage,2025-10-05,45715.52,AED,11428.88
TXN005214,CUST02772,Moyen-Orient,Abu Dhabi,Boutique,Horlogerie,2026-04-16,186756.27,AED,46689.07
TXN005215,CUST02775,USA,New York 5th Ave,Boutique,Joaillerie,2026-03-14,15765.87,USD,14504.6
TXN005216,CUST02775,USA,New York 5th Ave,Boutique,Accessoires & Parfums,2026-07-01,720.3,USD,662.67
TXN005217,CUST02776,France (siège),Cannes,Événement privé,Accessoires & Parfums,2026-07-27,1062.66,EUR,1062.66
TXN005218,CUST02777,France (siège),Paris Champs-Élysées,Événement privé,Horlogerie,2025-08-10,14113.99,EUR,14113.99
TXN005219,CUST02777,France (siège),Paris Champs-Élysées,Événement privé,Accessoires & Parfums,2026-03-13,697.03,EUR,697.03
TXN005220,CUST02778,Chine,Pékin,Boutique,Joaillerie,2025-10-17,104576.92,CNY,13595.0
TXN005221,CUST02778,Chine,Pékin,Boutique,Joaillerie,2026-04-25,113911.75,CNY,14808.53
TXN005222,CUST02779,Chine,Hong Kong,Boutique,Joaillerie,2025-08-26,152654.5,CNY,19845.09
TXN005223,CUST02779,Chine,Hong Kong,Boutique,Horlogerie,2026-02-19,313176.47,CNY,40712.94
TXN005224,CUST02779,Chine,Hong Kong,Boutique,Accessoires & Parfums,2026-07-06,4812.62,CNY,625.64
TXN005225,CUST02780,USA,New York 5th Ave,Boutique,Mariage,2025-05-25,11245.09,USD,10345.48
TXN005226,CUST02780,USA,New York 5th Ave,Boutique,Accessoires & Parfums,2025-12-05,839.14,USD,772.01
TXN005227,CUST02780,USA,New York 5th Ave,En ligne,Accessoires & Parfums,2026-05-01,698.58,USD,642.69
TXN005228,CUST02782,USA,Beverly Hills,Boutique,Accessoires & Parfums,2025-07-07,212.1,USD,195.13
TXN005229,CUST02782,USA,Beverly Hills,Événement privé,Horlogerie,2026-01-25,24172.48,USD,22238.68
TXN005230,CUST02782,USA,Beverly Hills,Boutique,Joaillerie,2026-07-07,13245.12,USD,12185.51
TXN005231,CUST02783,Chine,Shanghai,Boutique,Accessoires & Parfums,2025-09-20,3022.76,CNY,392.96
TXN005232,CUST02783,Chine,Shanghai,Boutique,Accessoires & Parfums,2026-02-24,8133.46,CNY,1057.35
TXN005233,CUST02783,Chine,Shanghai,Boutique,Haute Joaillerie,2026-07-29,629645.55,CNY,81853.92
TXN005234,CUST02784,USA,New York 5th Ave,Boutique,Accessoires & Parfums,2025-08-22,991.18,USD,911.89
TXN005235,CUST02784,USA,New York 5th Ave,Boutique,Joaillerie,2025-12-14,30660.99,USD,28208.11
TXN005236,CUST02784,USA,New York 5th Ave,Boutique,Mariage,2026-04-25,12997.06,USD,11957.3
TXN005237,CUST02785,France (siège),Paris Vendôme,Boutique,Joaillerie,2025-08-07,17487.45,EUR,17487.45
TXN005238,CUST02785,France (siège),Paris Vendôme,Boutique,Accessoires & Parfums,2026-02-09,775.94,EUR,775.94
TXN005239,CUST02787,Chine,Hong Kong,Boutique,Accessoires & Parfums,2025-08-29,5288.59,CNY,687.52
TXN005240,CUST02787,Chine,Hong Kong,En ligne,Joaillerie,2026-01-16,175529.44,CNY,22818.83
TXN005241,CUST02787,Chine,Hong Kong,En ligne,Accessoires & Parfums,2026-06-30,6748.49,CNY,877.3
TXN005242,CUST02788,USA,Bal Harbour,Boutique,Joaillerie,2025-07-16,16153.14,USD,14860.89
TXN005243,CUST02788,USA,Bal Harbour,En ligne,Joaillerie,2026-01-07,13416.01,USD,12342.73
TXN005244,CUST02788,USA,Bal Harbour,En ligne,Mariage,2026-06-20,10994.12,USD,10114.59
TXN005245,CUST02789,France (siège),Cannes,Événement privé,Joaillerie,2025-09-27,17026.47,EUR,17026.47
TXN005246,CUST02789,France (siège),Cannes,Événement privé,Joaillerie,2026-01-13,16267.37,EUR,16267.37
TXN005247,CUST02789,France (siège),Cannes,Événement privé,Joaillerie,2026-05-06,28397.0,EUR,28397.0
TXN005248,CUST02790,Moyen-Orient,Dubaï Mall,Boutique,Horlogerie,2025-12-02,115001.92,AED,28750.48
TXN005249,CUST02790,Moyen-Orient,Dubaï Mall,Boutique,Mariage,2026-04-13,47604.52,AED,11901.13
TXN005250,CUST02791,USA,New York 5th Ave,Boutique,Mariage,2025-02-02,8903.72,USD,8191.42
TXN005251,CUST02791,USA,New York 5th Ave,En ligne,Joaillerie,2025-06-22,11891.94,USD,10940.58
TXN005252,CUST02792,Chine,Shanghai,En ligne,Accessoires & Parfums,2025-07-07,9558.99,CNY,1242.67
TXN005253,CUST02792,Chine,Shanghai,Boutique,Accessoires & Parfums,2025-12-25,6495.58,CNY,844.43
TXN005254,CUST02792,Chine,Shanghai,Boutique,Joaillerie,2026-06-17,143221.48,CNY,18618.79
TXN005255,CUST02793,USA,New York 5th Ave,En ligne,Accessoires & Parfums,2026-07-18,697.56,USD,641.75
TXN005256,CUST02794,France (siège),Paris Vendôme,En ligne,Horlogerie,2025-04-20,27789.18,EUR,27789.18
TXN005257,CUST02794,France (siège),Paris Vendôme,Boutique,Accessoires & Parfums,2025-09-15,839.32,EUR,839.32
TXN005258,CUST02794,France (siège),Paris Vendôme,Boutique,Horlogerie,2026-03-28,31180.57,EUR,31180.57
TXN005259,CUST02795,France (siège),Paris Vendôme,Boutique,Accessoires & Parfums,2025-05-25,800.04,EUR,800.04
TXN005260,CUST02795,France (siège),Paris Vendôme,Événement privé,Joaillerie,2025-11-21,9258.4,EUR,9258.4
TXN005261,CUST02795,France (siège),Paris Vendôme,Boutique,Accessoires & Parfums,2026-05-03,557.81,EUR,557.81
TXN005262,CUST02796,Japon,Tokyo Ginza,Boutique,Haute Joaillerie,2025-11-27,13413154.26,JPY,83161.56
TXN005263,CUST02796,Japon,Tokyo Ginza,Boutique,Horlogerie,2026-05-06,4030203.39,JPY,24987.26
TXN005264,CUST02797,Moyen-Orient,Abu Dhabi,En ligne,Mariage,2026-04-30,62476.26,AED,15619.07
TXN005265,CUST02798,Japon,Osaka,Boutique,Mariage,2025-02-27,1885119.1,JPY,11687.74
TXN005266,CUST02798,Japon,Osaka,Boutique,Accessoires & Parfums,2025-08-17,72826.38,JPY,451.52
TXN005267,CUST02798,Japon,Osaka,Boutique,Accessoires & Parfums,2026-02-01,176026.55,JPY,1091.36
TXN005268,CUST02798,Japon,Osaka,Événement privé,Accessoires & Parfums,2026-07-26,91778.86,JPY,569.03
TXN005269,CUST02800,Moyen-Orient,Dubaï Mall,Boutique,Mariage,2025-09-16,54616.81,AED,13654.2
TXN005270,CUST02800,Moyen-Orient,Dubaï Mall,En ligne,Haute Joaillerie,2026-02-21,457086.09,AED,114271.52
TXN005271,CUST02800,Moyen-Orient,Dubaï Mall,Boutique,Accessoires & Parfums,2026-07-28,3366.54,AED,841.64
TXN005272,CUST02801,Moyen-Orient,Dubaï Mall,Boutique,Joaillerie,2026-05-01,81778.01,AED,20444.5
TXN005273,CUST02802,Chine,Pékin,En ligne,Accessoires & Parfums,2026-07-10,4809.39,CNY,625.22
TXN005274,CUST02804,France (siège),Paris Champs-Élysées,Événement privé,Joaillerie,2025-06-29,5271.93,EUR,5271.93
TXN005275,CUST02804,France (siège),Paris Champs-Élysées,Événement privé,Accessoires & Parfums,2025-11-24,485.03,EUR,485.03
TXN005276,CUST02804,France (siège),Paris Champs-Élysées,Boutique,Accessoires & Parfums,2026-04-26,737.04,EUR,737.04
TXN005277,CUST02805,Chine,Shanghai,Boutique,Accessoires & Parfums,2025-10-07,4456.88,CNY,579.39
TXN005278,CUST02805,Chine,Shanghai,Boutique,Joaillerie,2026-03-09,125076.44,CNY,16259.94
TXN005279,CUST02806,Chine,Pékin,En ligne,Accessoires & Parfums,2026-07-30,7711.0,CNY,1002.43
TXN005280,CUST02807,Chine,Pékin,Boutique,Horlogerie,2025-09-26,213555.55,CNY,27762.22
TXN005281,CUST02807,Chine,Pékin,Boutique,Joaillerie,2026-02-24,115267.54,CNY,14984.78
TXN005282,CUST02809,Chine,Shanghai,En ligne,Horlogerie,2026-04-05,216214.51,CNY,28107.89
TXN005283,CUST02810,USA,Beverly Hills,Événement privé,Haute Joaillerie,2026-05-27,84104.19,USD,77375.86
TXN005284,CUST02811,France (siège),Cannes,Boutique,Accessoires & Parfums,2025-11-19,423.27,EUR,423.27
TXN005285,CUST02811,France (siège),Cannes,Boutique,Mariage,2026-05-19,12205.18,EUR,12205.18
TXN005286,CUST02812,Chine,Shanghai,Boutique,Accessoires & Parfums,2025-08-20,9130.62,CNY,1186.98
TXN005287,CUST02812,Chine,Shanghai,Boutique,Joaillerie,2025-12-30,117669.34,CNY,15297.01
TXN005288,CUST02812,Chine,Shanghai,En ligne,Accessoires & Parfums,2026-06-15,6254.49,CNY,813.08
TXN005289,CUST02813,USA,Beverly Hills,Boutique,Accessoires & Parfums,2026-04-03,657.58,USD,604.97
TXN005290,CUST02814,Japon,Osaka,Boutique,Horlogerie,2025-11-19,2081172.84,JPY,12903.27
TXN005291,CUST02814,Japon,Osaka,En ligne,Accessoires & Parfums,2026-05-20,129119.58,JPY,800.54
TXN005292,CUST02816,Japon,Tokyo Ginza,Boutique,Mariage,2026-01-16,2479743.0,JPY,15374.41
TXN005293,CUST02816,Japon,Tokyo Ginza,Boutique,Mariage,2026-06-13,1978697.17,JPY,12267.92
TXN005294,CUST02817,Chine,Shanghai,Boutique,Accessoires & Parfums,2025-10-08,3877.18,CNY,504.03
TXN005295,CUST02817,Chine,Shanghai,En ligne,Horlogerie,2026-03-13,241833.68,CNY,31438.38
TXN005296,CUST02818,France (siège),Cannes,Boutique,Accessoires & Parfums,2025-07-05,357.15,EUR,357.15
TXN005297,CUST02819,Chine,Pékin,En ligne,Mariage,2025-06-25,112013.97,CNY,14561.82
TXN005298,CUST02820,Japon,Osaka,En ligne,Accessoires & Parfums,2026-06-16,129453.49,JPY,802.61
TXN005299,CUST02821,France (siège),Paris Champs-Élysées,Boutique,Horlogerie,2025-12-14,21794.3,EUR,21794.3
TXN005300,CUST02821,France (siège),Paris Champs-Élysées,Boutique,Accessoires & Parfums,2026-03-31,1266.34,EUR,1266.34
TXN005301,CUST02822,Japon,Tokyo Ginza,En ligne,Joaillerie,2025-11-18,1698547.87,JPY,10531.0
TXN005302,CUST02822,Japon,Tokyo Ginza,Boutique,Joaillerie,2026-05-10,3876927.58,JPY,24036.95
TXN005303,CUST02823,USA,Beverly Hills,Boutique,Accessoires & Parfums,2026-06-09,624.28,USD,574.34
TXN005304,CUST02824,France (siège),Cannes,Boutique,Joaillerie,2026-02-24,20967.34,EUR,20967.34
TXN005305,CUST02824,France (siège),Cannes,Boutique,Horlogerie,2026-06-20,47788.05,EUR,47788.05
TXN005306,CUST02825,Moyen-Orient,Abu Dhabi,Boutique,Accessoires & Parfums,2026-04-14,3830.49,AED,957.62
TXN005307,CUST02826,France (siège),Cannes,En ligne,Accessoires & Parfums,2025-10-04,715.71,EUR,715.71
TXN005308,CUST02826,France (siège),Cannes,Boutique,Horlogerie,2026-04-07,21632.2,EUR,21632.2
TXN005309,CUST02827,Japon,Tokyo Ginza,Boutique,Mariage,2026-04-14,1743674.2,JPY,10810.78
TXN005310,CUST02828,France (siège),Paris Champs-Élysées,Boutique,Accessoires & Parfums,2026-04-14,885.95,EUR,885.95
TXN005311,CUST02829,France (siège),Paris Vendôme,Événement privé,Horlogerie,2025-09-15,34282.71,EUR,34282.71
TXN005312,CUST02829,France (siège),Paris Vendôme,Boutique,Joaillerie,2026-03-16,19867.57,EUR,19867.57
TXN005313,CUST02830,Chine,Hong Kong,Boutique,Haute Joaillerie,2026-03-16,454992.35,CNY,59149.01
TXN005314,CUST02831,Moyen-Orient,Abu Dhabi,Boutique,Haute Joaillerie,2025-08-03,419543.62,AED,104885.91
TXN005315,CUST02831,Moyen-Orient,Abu Dhabi,En ligne,Horlogerie,2025-12-18,89427.07,AED,22356.77
TXN005316,CUST02831,Moyen-Orient,Abu Dhabi,Boutique,Horlogerie,2026-06-03,155216.33,AED,38804.08
TXN005317,CUST02833,USA,New York 5th Ave,En ligne,Horlogerie,2026-07-25,34821.81,USD,32036.07
TXN005318,CUST02834,Moyen-Orient,Dubaï Mall,En ligne,Accessoires & Parfums,2026-06-13,2092.77,AED,523.19
TXN005319,CUST02835,USA,Beverly Hills,En ligne,Joaillerie,2026-02-08,21108.23,USD,19419.57
TXN005320,CUST02835,USA,Beverly Hills,Boutique,Haute Joaillerie,2026-07-11,110475.26,USD,101637.24
TXN005321,CUST02836,Japon,Tokyo Ginza,Événement privé,Joaillerie,2026-04-30,1393268.1,JPY,8638.26
TXN005322,CUST02837,Moyen-Orient,Dubaï Mall,Événement privé,Accessoires & Parfums,2025-08-30,3506.99,AED,876.75
TXN005323,CUST02838,Japon,Tokyo Ginza,En ligne,Haute Joaillerie,2025-08-16,15722343.6,JPY,97478.53
TXN005324,CUST02839,Japon,Osaka,Boutique,Mariage,2025-05-14,1852102.52,JPY,11483.04
TXN005325,CUST02839,Japon,Osaka,Boutique,Mariage,2025-09-24,2177024.38,JPY,13497.55
TXN005326,CUST02839,Japon,Osaka,En ligne,Haute Joaillerie,2026-01-24,18261700.67,JPY,113222.54
TXN005327,CUST02839,Japon,Osaka,Boutique,Mariage,2026-06-01,2435830.67,JPY,15102.15
TXN005328,CUST02840,Moyen-Orient,Abu Dhabi,Boutique,Joaillerie,2025-12-17,36870.39,AED,9217.6
TXN005329,CUST02840,Moyen-Orient,Abu Dhabi,En ligne,Accessoires & Parfums,2026-05-17,3381.92,AED,845.48
TXN005330,CUST02841,Japon,Osaka,En ligne,Horlogerie,2025-01-22,2515355.62,JPY,15595.2
TXN005331,CUST02842,Japon,Tokyo Ginza,Boutique,Accessoires & Parfums,2026-04-16,125765.57,JPY,779.75
TXN005332,CUST02843,Japon,Tokyo Ginza,Boutique,Accessoires & Parfums,2026-03-21,164273.98,JPY,1018.5
TXN005333,CUST02843,Japon,Tokyo Ginza,Boutique,Mariage,2026-07-22,2270600.14,JPY,14077.72
TXN005334,CUST02844,USA,New York 5th Ave,Boutique,Accessoires & Parfums,2025-06-29,801.01,USD,736.93
TXN005335,CUST02845,USA,Bal Harbour,Boutique,Joaillerie,2025-11-22,17360.0,USD,15971.2
TXN005336,CUST02845,USA,Bal Harbour,Boutique,Mariage,2026-03-22,10781.67,USD,9919.14
TXN005337,CUST02846,Chine,Hong Kong,Boutique,Accessoires & Parfums,2025-10-06,5313.3,CNY,690.73
TXN005338,CUST02846,Chine,Hong Kong,Boutique,Accessoires & Parfums,2026-03-20,6341.15,CNY,824.35
TXN005339,CUST02847,USA,Beverly Hills,Événement privé,Horlogerie,2026-02-18,47504.6,USD,43704.23
TXN005340,CUST02847,USA,Beverly Hills,Boutique,Horlogerie,2026-06-15,41316.69,USD,38011.35
TXN005341,CUST02849,Chine,Shanghai,Boutique,Accessoires & Parfums,2026-07-26,9764.45,CNY,1269.38
TXN005342,CUST02850,France (siège),Cannes,Boutique,Joaillerie,2025-01-17,29334.37,EUR,29334.37
TXN005343,CUST02850,France (siège),Cannes,Boutique,Mariage,2025-06-14,18338.55,EUR,18338.55
TXN005344,CUST02850,France (siège),Cannes,Boutique,Mariage,2025-09-28,17423.85,EUR,17423.85
TXN005345,CUST02850,France (siège),Cannes,Événement privé,Horlogerie,2026-01-09,48979.05,EUR,48979.05
TXN005346,CUST02850,France (siège),Cannes,Événement privé,Joaillerie,2026-05-08,23529.07,EUR,23529.07
TXN005347,CUST02851,USA,New York 5th Ave,Boutique,Horlogerie,2026-04-09,35824.75,USD,32958.77
TXN005348,CUST02852,Japon,Tokyo Ginza,Boutique,Horlogerie,2025-07-21,4130534.45,JPY,25609.31
TXN005349,CUST02852,Japon,Tokyo Ginza,Boutique,Haute Joaillerie,2025-12-08,21444932.64,JPY,132958.58
TXN005350,CUST02852,Japon,Tokyo Ginza,En ligne,Accessoires & Parfums,2026-05-16,175773.46,JPY,1089.8
TXN005351,CUST02853,Chine,Pékin,En ligne,Mariage,2025-09-01,100689.0,CNY,13089.57
TXN005352,CUST02853,Chine,Pékin,Boutique,Accessoires & Parfums,2026-03-22,5751.42,CNY,747.68
TXN005353,CUST02855,USA,New York 5th Ave,Boutique,Joaillerie,2026-05-30,9739.18,USD,8960.05
TXN005354,CUST02857,France (siège),Cannes,Boutique,Mariage,2025-05-17,14338.46,EUR,14338.46
TXN005355,CUST02857,France (siège),Cannes,Boutique,Accessoires & Parfums,2025-10-31,1344.02,EUR,1344.02
TXN005356,CUST02857,France (siège),Cannes,Boutique,Accessoires & Parfums,2026-03-08,1493.8,EUR,1493.8
TXN005357,CUST02858,USA,Beverly Hills,En ligne,Accessoires & Parfums,2026-06-29,712.29,USD,655.3
TXN005358,CUST02859,France (siège),Paris Champs-Élysées,Boutique,Joaillerie,2025-03-27,15276.61,EUR,15276.61
TXN005359,CUST02859,France (siège),Paris Champs-Élysées,En ligne,Haute Joaillerie,2025-09-06,59063.57,EUR,59063.57
TXN005360,CUST02859,France (siège),Paris Champs-Élysées,En ligne,Horlogerie,2026-03-11,17876.52,EUR,17876.52
TXN005361,CUST02861,Japon,Tokyo Ginza,Boutique,Accessoires & Parfums,2025-04-13,140726.64,JPY,872.51
TXN005362,CUST02861,Japon,Tokyo Ginza,Boutique,Accessoires & Parfums,2025-09-21,119319.06,JPY,739.78
TXN005363,CUST02861,Japon,Tokyo Ginza,Boutique,Joaillerie,2026-01-30,2787253.24,JPY,17280.97
TXN005364,CUST02861,Japon,Tokyo Ginza,En ligne,Mariage,2026-07-04,1545800.42,JPY,9583.96
TXN005365,CUST02862,Chine,Hong Kong,Événement privé,Joaillerie,2026-03-19,168040.52,CNY,21845.27
TXN005366,CUST02862,Chine,Hong Kong,Boutique,Mariage,2026-07-19,107349.46,CNY,13955.43
TXN005367,CUST02863,USA,Bal Harbour,Boutique,Haute Joaillerie,2025-09-27,58190.77,USD,53535.51
TXN005368,CUST02864,Japon,Osaka,Boutique,Horlogerie,2026-01-05,3792886.42,JPY,23515.9
TXN005369,CUST02864,Japon,Osaka,En ligne,Joaillerie,2026-06-11,2464471.96,JPY,15279.73
TXN005370,CUST02865,Japon,Tokyo Ginza,Boutique,Accessoires & Parfums,2025-05-02,120146.11,JPY,744.91
TXN005371,CUST02865,Japon,Tokyo Ginza,Boutique,Mariage,2025-12-05,2189088.19,JPY,13572.35
TXN005372,CUST02865,Japon,Tokyo Ginza,Boutique,Accessoires & Parfums,2026-05-16,107670.61,JPY,667.56
TXN005373,CUST02866,USA,Bal Harbour,Boutique,Joaillerie,2026-04-12,19985.85,USD,18386.98
TXN005374,CUST02867,USA,New York 5th Ave,En ligne,Joaillerie,2025-10-21,18094.15,USD,16646.62
TXN005375,CUST02867,USA,New York 5th Ave,Boutique,Accessoires & Parfums,2026-04-12,525.42,USD,483.39
TXN005376,CUST02868,Japon,Tokyo Ginza,Boutique,Horlogerie,2026-01-06,7646074.9,JPY,47405.66
TXN005377,CUST02868,Japon,Tokyo Ginza,En ligne,Horlogerie,2026-04-26,5372368.18,JPY,33308.68
TXN005378,CUST02869,Chine,Pékin,Boutique,Accessoires & Parfums,2025-04-10,4437.61,CNY,576.89
TXN005379,CUST02869,Chine,Pékin,Boutique,Accessoires & Parfums,2025-10-03,5207.27,CNY,676.95
TXN005380,CUST02869,Chine,Pékin,En ligne,Joaillerie,2026-03-16,93163.6,CNY,12111.27
TXN005381,CUST02869,Chine,Pékin,En ligne,Accessoires & Parfums,2026-07-10,5959.68,CNY,774.76
TXN005382,CUST02870,USA,Bal Harbour,Boutique,Accessoires & Parfums,2025-06-10,740.65,USD,681.39
TXN005383,CUST02870,USA,Bal Harbour,En ligne,Accessoires & Parfums,2025-12-04,879.6,USD,809.23
TXN005384,CUST02870,USA,Bal Harbour,En ligne,Horlogerie,2026-04-25,28908.87,USD,26596.16
TXN005385,CUST02871,Japon,Tokyo Ginza,En ligne,Accessoires & Parfums,2025-11-05,140900.94,JPY,873.59
TXN005386,CUST02871,Japon,Tokyo Ginza,Boutique,Haute Joaillerie,2026-04-19,15001667.17,JPY,93010.34
TXN005387,CUST02872,Japon,Tokyo Ginza,Boutique,Mariage,2025-04-19,1713478.54,JPY,10623.57
TXN005388,CUST02872,Japon,Tokyo Ginza,En ligne,Joaillerie,2025-09-12,3761626.08,JPY,23322.08
TXN005389,CUST02872,Japon,Tokyo Ginza,Boutique,Joaillerie,2026-01-24,3527276.49,JPY,21869.11
TXN005390,CUST02872,Japon,Tokyo Ginza,Boutique,Horlogerie,2026-06-02,1893507.74,JPY,11739.75
TXN005391,CUST02873,Japon,Osaka,En ligne,Haute Joaillerie,2025-05-26,16182519.47,JPY,100331.62
TXN005392,CUST02873,Japon,Osaka,Événement privé,Horlogerie,2025-11-04,4002662.34,JPY,24816.51
TXN005393,CUST02873,Japon,Osaka,Boutique,Haute Joaillerie,2026-05-26,15467076.34,JPY,95895.87
TXN005394,CUST02874,Japon,Osaka,En ligne,Joaillerie,2025-12-13,3435213.43,JPY,21298.32
TXN005395,CUST02875,Chine,Hong Kong,Boutique,Accessoires & Parfums,2026-05-10,9561.64,CNY,1243.01
TXN005396,CUST02876,USA,New York 5th Ave,Boutique,Horlogerie,2026-07-14,28465.17,USD,26187.95
TXN005397,CUST02877,Chine,Shanghai,En ligne,Accessoires & Parfums,2025-07-09,5513.81,CNY,716.8
TXN005398,CUST02877,Chine,Shanghai,Événement privé,Joaillerie,2026-01-04,116437.72,CNY,15136.9
TXN005399,CUST02877,Chine,Shanghai,En ligne,Joaillerie,2026-05-27,135271.8,CNY,17585.33
TXN005400,CUST02878,Chine,Shanghai,Boutique,Accessoires & Parfums,2025-11-13,5723.91,CNY,744.11
TXN005401,CUST02878,Chine,Shanghai,Boutique,Horlogerie,2026-04-16,158908.96,CNY,20658.16
TXN005402,CUST02880,USA,Beverly Hills,Boutique,Accessoires & Parfums,2025-04-07,398.16,USD,366.31
TXN005403,CUST02880,USA,Beverly Hills,Boutique,Accessoires & Parfums,2025-09-24,675.45,USD,621.41
TXN005404,CUST02881,France (siège),Paris Champs-Élysées,Boutique,Mariage,2025-07-25,12652.27,EUR,12652.27
TXN005405,CUST02881,France (siège),Paris Champs-Élysées,En ligne,Horlogerie,2026-01-09,33944.75,EUR,33944.75
TXN005406,CUST02881,France (siège),Paris Champs-Élysées,Boutique,Joaillerie,2026-07-12,15248.0,EUR,15248.0
TXN005407,CUST02882,France (siège),Paris Champs-Élysées,Boutique,Mariage,2026-03-07,10524.36,EUR,10524.36
TXN005408,CUST02883,Japon,Osaka,Boutique,Accessoires & Parfums,2026-06-11,134893.42,JPY,836.34
TXN005409,CUST02884,Moyen-Orient,Abu Dhabi,Boutique,Mariage,2025-10-25,59203.35,AED,14800.84
TXN005410,CUST02884,Moyen-Orient,Abu Dhabi,Boutique,Horlogerie,2026-04-05,57599.08,AED,14399.77
TXN005411,CUST02885,Chine,Shanghai,Boutique,Accessoires & Parfums,2025-11-19,7744.16,CNY,1006.74
TXN005412,CUST02885,Chine,Shanghai,Boutique,Mariage,2026-04-04,59160.31,CNY,7690.84
TXN005413,CUST02886,Chine,Hong Kong,Boutique,Haute Joaillerie,2026-06-10,1205315.72,CNY,156691.04
TXN005414,CUST02887,Moyen-Orient,Dubaï Mall,Boutique,Joaillerie,2025-08-26,64400.8,AED,16100.2
TXN005415,CUST02887,Moyen-Orient,Dubaï Mall,En ligne,Mariage,2026-02-17,40820.73,AED,10205.18
TXN005416,CUST02887,Moyen-Orient,Dubaï Mall,Boutique,Accessoires & Parfums,2026-06-27,4340.75,AED,1085.19
TXN005417,CUST02888,Chine,Shanghai,En ligne,Joaillerie,2026-04-04,73464.16,CNY,9550.34
TXN005418,CUST02889,Chine,Shanghai,Boutique,Accessoires & Parfums,2025-02-15,5974.55,CNY,776.69
TXN005419,CUST02890,Chine,Shanghai,Boutique,Joaillerie,2025-08-23,85143.26,CNY,11068.62
TXN005420,CUST02890,Chine,Shanghai,En ligne,Accessoires & Parfums,2025-12-17,8108.13,CNY,1054.06
TXN005421,CUST02890,Chine,Shanghai,Boutique,Accessoires & Parfums,2026-06-10,7779.02,CNY,1011.27
TXN005422,CUST02891,USA,New York 5th Ave,Boutique,Joaillerie,2026-02-22,17716.91,USD,16299.56
TXN005423,CUST02892,France (siège),Paris Champs-Élysées,Boutique,Horlogerie,2025-03-31,17436.88,EUR,17436.88
TXN005424,CUST02892,France (siège),Paris Champs-Élysées,Boutique,Joaillerie,2025-08-20,16085.72,EUR,16085.72
TXN005425,CUST02892,France (siège),Paris Champs-Élysées,En ligne,Horlogerie,2026-02-13,28772.51,EUR,28772.51
TXN005426,CUST02892,France (siège),Paris Champs-Élysées,Boutique,Accessoires & Parfums,2026-07-14,889.79,EUR,889.79
TXN005427,CUST02893,USA,Beverly Hills,En ligne,Haute Joaillerie,2026-06-26,143797.49,USD,132293.69
TXN005428,CUST02894,Japon,Osaka,Boutique,Accessoires & Parfums,2025-02-26,78464.79,JPY,486.48
TXN005429,CUST02894,Japon,Osaka,En ligne,Accessoires & Parfums,2025-09-03,124215.03,JPY,770.13
TXN005430,CUST02894,Japon,Osaka,Boutique,Joaillerie,2026-02-20,2293528.91,JPY,14219.88
TXN005431,CUST02894,Japon,Osaka,Boutique,Joaillerie,2026-07-18,2871406.11,JPY,17802.72
TXN005432,CUST02895,Chine,Shanghai,Boutique,Horlogerie,2025-06-15,325081.06,CNY,42260.54
TXN005433,CUST02897,France (siège),Paris Champs-Élysées,Boutique,Accessoires & Parfums,2026-02-11,1190.72,EUR,1190.72
TXN005434,CUST02897,France (siège),Paris Champs-Élysées,Boutique,Accessoires & Parfums,2026-07-24,1333.57,EUR,1333.57
TXN005435,CUST02898,France (siège),Paris Champs-Élysées,Événement privé,Accessoires & Parfums,2025-07-01,1084.92,EUR,1084.92
TXN005436,CUST02898,France (siège),Paris Champs-Élysées,Événement privé,Accessoires & Parfums,2025-11-03,367.38,EUR,367.38
TXN005437,CUST02898,France (siège),Paris Champs-Élysées,Boutique,Accessoires & Parfums,2026-03-30,969.38,EUR,969.38
TXN005438,CUST02899,Chine,Pékin,Événement privé,Accessoires & Parfums,2026-01-24,11869.04,CNY,1542.98
TXN005439,CUST02899,Chine,Pékin,Boutique,Mariage,2026-06-26,89818.21,CNY,11676.37
TXN005440,CUST02900,Chine,Hong Kong,Événement privé,Horlogerie,2025-05-25,267845.75,CNY,34819.95
TXN005441,CUST02900,Chine,Hong Kong,Boutique,Accessoires & Parfums,2025-11-06,8047.43,CNY,1046.17
TXN005442,CUST02900,Chine,Hong Kong,En ligne,Haute Joaillerie,2026-04-06,655328.66,CNY,85192.73
TXN005443,CUST02901,Japon,Tokyo Ginza,En ligne,Horlogerie,2025-12-27,7255176.42,JPY,44982.09
TXN005444,CUST02901,Japon,Tokyo Ginza,En ligne,Mariage,2026-06-24,2004259.71,JPY,12426.41
TXN005445,CUST02902,USA,Beverly Hills,En ligne,Joaillerie,2025-12-19,32358.87,USD,29770.16
TXN005446,CUST02902,USA,Beverly Hills,Boutique,Joaillerie,2026-05-21,15389.15,USD,14158.02
TXN005447,CUST02903,USA,New York 5th Ave,Boutique,Accessoires & Parfums,2026-03-19,934.02,USD,859.3
TXN005448,CUST02904,Japon,Tokyo Ginza,En ligne,Accessoires & Parfums,2026-01-11,118364.32,JPY,733.86
TXN005449,CUST02904,Japon,Tokyo Ginza,En ligne,Mariage,2026-07-03,1366313.65,JPY,8471.14
TXN005450,CUST02905,USA,Beverly Hills,Boutique,Joaillerie,2025-09-01,13703.83,USD,12607.52
TXN005451,CUST02905,USA,Beverly Hills,En ligne,Joaillerie,2026-01-31,11004.07,USD,10123.74
TXN005452,CUST02905,USA,Beverly Hills,Boutique,Joaillerie,2026-07-17,13299.02,USD,12235.1
TXN005453,CUST02906,Chine,Shanghai,Boutique,Horlogerie,2026-02-05,250320.41,CNY,32541.65
TXN005454,CUST02906,Chine,Shanghai,Boutique,Joaillerie,2026-07-10,99177.79,CNY,12893.11
TXN005455,CUST02907,Moyen-Orient,Abu Dhabi,Boutique,Accessoires & Parfums,2025-09-01,3659.4,AED,914.85
TXN005456,CUST02907,Moyen-Orient,Abu Dhabi,Boutique,Accessoires & Parfums,2026-02-17,3062.28,AED,765.57
TXN005457,CUST02908,USA,New York 5th Ave,Boutique,Accessoires & Parfums,2025-10-22,785.18,USD,722.37
TXN005458,CUST02909,Moyen-Orient,Dubaï Mall,Boutique,Accessoires & Parfums,2026-07-16,3533.38,AED,883.34
TXN005459,CUST02910,France (siège),Paris Champs-Élysées,Boutique,Accessoires & Parfums,2025-09-26,607.83,EUR,607.83
TXN005460,CUST02910,France (siège),Paris Champs-Élysées,Boutique,Joaillerie,2026-03-08,16437.96,EUR,16437.96
TXN005461,CUST02911,France (siège),Paris Champs-Élysées,En ligne,Mariage,2026-05-12,12108.79,EUR,12108.79
TXN005462,CUST02912,Moyen-Orient,Abu Dhabi,Boutique,Accessoires & Parfums,2026-02-12,3853.96,AED,963.49
TXN005463,CUST02913,USA,New York 5th Ave,En ligne,Accessoires & Parfums,2025-08-19,834.86,USD,768.07
TXN005464,CUST02913,USA,New York 5th Ave,En ligne,Joaillerie,2026-01-13,14133.16,USD,13002.5
TXN005465,CUST02913,USA,New York 5th Ave,Événement privé,Accessoires & Parfums,2026-06-07,541.77,USD,498.43
TXN005466,CUST02914,Moyen-Orient,Dubaï Mall,Boutique,Haute Joaillerie,2025-03-25,292670.63,AED,73167.66
TXN005467,CUST02914,Moyen-Orient,Dubaï Mall,Boutique,Accessoires & Parfums,2025-09-17,2840.61,AED,710.15
TXN005468,CUST02914,Moyen-Orient,Dubaï Mall,Boutique,Accessoires & Parfums,2026-02-14,3309.91,AED,827.48
TXN005469,CUST02915,Japon,Osaka,Événement privé,Joaillerie,2026-06-30,2730888.74,JPY,16931.51
TXN005470,CUST02916,France (siège),Cannes,Boutique,Horlogerie,2026-04-13,6749.03,EUR,6749.03
TXN005471,CUST02917,USA,Beverly Hills,Événement privé,Mariage,2025-08-07,9131.24,USD,8400.74
TXN005472,CUST02917,USA,Beverly Hills,Boutique,Joaillerie,2026-01-24,21732.27,USD,19993.68
TXN005473,CUST02917,USA,Beverly Hills,Événement privé,Accessoires & Parfums,2026-06-23,767.93,USD,706.49
TXN005474,CUST02918,France (siège),Paris Vendôme,Événement privé,Accessoires & Parfums,2026-04-04,738.72,EUR,738.72
TXN005475,CUST02919,France (siège),Cannes,En ligne,Joaillerie,2025-07-04,21190.47,EUR,21190.47
TXN005476,CUST02919,France (siège),Cannes,Boutique,Horlogerie,2025-12-20,23656.53,EUR,23656.53
TXN005477,CUST02919,France (siège),Cannes,Boutique,Mariage,2026-05-22,4445.41,EUR,4445.41
TXN005478,CUST02920,USA,New York 5th Ave,Événement privé,Horlogerie,2026-07-26,35196.23,USD,32380.53
TXN005479,CUST02921,Chine,Shanghai,En ligne,Accessoires & Parfums,2025-03-04,8948.93,CNY,1163.36
TXN005480,CUST02921,Chine,Shanghai,Boutique,Accessoires & Parfums,2025-07-14,6553.19,CNY,851.92
TXN005481,CUST02921,Chine,Shanghai,Boutique,Joaillerie,2025-12-01,147608.41,CNY,19189.09
TXN005482,CUST02921,Chine,Shanghai,Événement privé,Accessoires & Parfums,2026-05-19,7533.07,CNY,979.3
TXN005483,CUST02922,Chine,Pékin,Événement privé,Accessoires & Parfums,2025-12-08,11080.85,CNY,1440.51
TXN005484,CUST02923,USA,Beverly Hills,Boutique,Accessoires & Parfums,2025-03-11,722.8,USD,664.98
TXN005485,CUST02923,USA,Beverly Hills,Événement privé,Joaillerie,2025-09-09,11785.69,USD,10842.84
TXN005486,CUST02923,USA,Beverly Hills,En ligne,Joaillerie,2026-03-12,19470.79,USD,17913.12
TXN005487,CUST02924,Moyen-Orient,Dubaï Mall,Événement privé,Mariage,2026-06-30,131656.17,AED,32914.04
TXN005488,CUST02925,Chine,Shanghai,Boutique,Accessoires & Parfums,2026-02-13,5491.74,CNY,713.93
TXN005489,CUST02925,Chine,Shanghai,Boutique,Joaillerie,2026-06-22,140022.84,CNY,18202.97
TXN005490,CUST02926,USA,Beverly Hills,Boutique,Accessoires & Parfums,2026-06-24,1048.56,USD,964.68
TXN005491,CUST02927,France (siège),Paris Champs-Élysées,Boutique,Joaillerie,2025-05-08,11198.58,EUR,11198.58
TXN005492,CUST02927,France (siège),Paris Champs-Élysées,Boutique,Mariage,2025-09-02,12278.48,EUR,12278.48
TXN005493,CUST02927,France (siège),Paris Champs-Élysées,En ligne,Joaillerie,2026-02-09,9037.39,EUR,9037.39
TXN005494,CUST02927,France (siège),Paris Champs-Élysées,Boutique,Horlogerie,2026-07-20,19042.85,EUR,19042.85
TXN005495,CUST02928,Moyen-Orient,Dubaï Mall,Boutique,Accessoires & Parfums,2025-11-03,2962.76,AED,740.69
TXN005496,CUST02928,Moyen-Orient,Dubaï Mall,Boutique,Accessoires & Parfums,2026-04-21,1139.19,AED,284.8
TXN005497,CUST02929,Chine,Hong Kong,Boutique,Accessoires & Parfums,2025-06-23,5151.86,CNY,669.74
TXN005498,CUST02929,Chine,Hong Kong,Événement privé,Joaillerie,2025-12-21,71790.15,CNY,9332.72
TXN005499,CUST02929,Chine,Hong Kong,Boutique,Accessoires & Parfums,2026-06-16,8265.75,CNY,1074.55
TXN005500,CUST02930,Japon,Tokyo Ginza,Boutique,Accessoires & Parfums,2026-06-03,88539.43,JPY,548.94
TXN005501,CUST02931,USA,Beverly Hills,En ligne,Accessoires & Parfums,2025-12-29,1397.93,USD,1286.1
TXN005502,CUST02931,USA,Beverly Hills,Boutique,Joaillerie,2026-07-06,5270.66,USD,4849.01
TXN005503,CUST02933,Moyen-Orient,Dubaï Mall,En ligne,Accessoires & Parfums,2026-05-19,3314.35,AED,828.59
TXN005504,CUST02934,Chine,Pékin,Boutique,Joaillerie,2026-05-02,122469.05,CNY,15920.98
TXN005505,CUST02935,Chine,Pékin,Boutique,Accessoires & Parfums,2025-10-13,9007.85,CNY,1171.02
TXN005506,CUST02935,Chine,Pékin,Boutique,Accessoires & Parfums,2026-04-03,7355.82,CNY,956.26
TXN005507,CUST02935,Chine,Pékin,Boutique,Accessoires & Parfums,2026-07-31,8150.13,CNY,1059.52
TXN005508,CUST02936,Chine,Hong Kong,Boutique,Horlogerie,2025-07-12,216276.43,CNY,28115.94
TXN005509,CUST02936,Chine,Hong Kong,En ligne,Accessoires & Parfums,2026-01-02,6463.51,CNY,840.26
TXN005510,CUST02936,Chine,Hong Kong,Boutique,Accessoires & Parfums,2026-05-15,7539.76,CNY,980.17
TXN005511,CUST02937,USA,New York 5th Ave,En ligne,Accessoires & Parfums,2025-05-30,1265.45,USD,1164.21
TXN005512,CUST02937,USA,New York 5th Ave,Boutique,Mariage,2025-11-03,15248.78,USD,14028.88
TXN005513,CUST02937,USA,New York 5th Ave,En ligne,Mariage,2026-04-06,9347.88,USD,8600.05
TXN005514,CUST02938,France (siège),Cannes,En ligne,Mariage,2025-10-28,13441.14,EUR,13441.14
TXN005515,CUST02938,France (siège),Cannes,Boutique,Joaillerie,2026-04-20,22918.52,EUR,22918.52
TXN005516,CUST02939,France (siège),Cannes,Boutique,Accessoires & Parfums,2026-02-08,366.91,EUR,366.91
TXN005517,CUST02939,France (siège),Cannes,Boutique,Joaillerie,2026-07-13,13474.31,EUR,13474.31
TXN005518,CUST02940,France (siège),Paris Vendôme,Boutique,Accessoires & Parfums,2025-02-06,801.93,EUR,801.93
TXN005519,CUST02941,Moyen-Orient,Abu Dhabi,Boutique,Joaillerie,2026-06-19,18307.82,AED,4576.95
TXN005520,CUST02942,USA,New York 5th Ave,En ligne,Accessoires & Parfums,2025-01-13,1148.48,USD,1056.6
TXN005521,CUST02942,USA,New York 5th Ave,En ligne,Horlogerie,2025-06-21,24257.69,USD,22317.07
TXN005522,CUST02942,USA,New York 5th Ave,Boutique,Joaillerie,2025-11-17,16250.81,USD,14950.75
TXN005523,CUST02942,USA,New York 5th Ave,Boutique,Mariage,2026-03-11,17846.57,USD,16418.84
TXN005524,CUST02942,USA,New York 5th Ave,Boutique,Horlogerie,2026-06-27,42499.53,USD,39099.56
TXN005525,CUST02944,USA,Beverly Hills,Événement privé,Accessoires & Parfums,2026-04-27,679.34,USD,624.99
TXN005526,CUST02945,Chine,Pékin,Boutique,Joaillerie,2026-06-28,117736.44,CNY,15305.74
TXN005527,CUST02946,Chine,Hong Kong,En ligne,Joaillerie,2026-01-16,156408.32,CNY,20333.08
TXN005528,CUST02948,France (siège),Cannes,En ligne,Haute Joaillerie,2025-10-27,105084.7,EUR,105084.7
TXN005529,CUST02948,France (siège),Cannes,En ligne,Horlogerie,2026-05-13,18350.38,EUR,18350.38
TXN005530,CUST02949,USA,New York 5th Ave,Boutique,Mariage,2025-12-23,24777.38,USD,22795.19
TXN005531,CUST02949,USA,New York 5th Ave,Boutique,Joaillerie,2026-06-01,11814.59,USD,10869.42
TXN005532,CUST02950,Moyen-Orient,Abu Dhabi,Boutique,Joaillerie,2026-01-26,55746.52,AED,13936.63
TXN005533,CUST02950,Moyen-Orient,Abu Dhabi,Boutique,Horlogerie,2026-06-26,154323.08,AED,38580.77
TXN005534,CUST02951,Moyen-Orient,Dubaï Mall,Boutique,Joaillerie,2025-02-20,72056.33,AED,18014.08
TXN005535,CUST02952,Japon,Tokyo Ginza,Événement privé,Mariage,2025-09-13,1799568.46,JPY,11157.32
TXN005536,CUST02952,Japon,Tokyo Ginza,En ligne,Joaillerie,2026-03-20,1851505.9,JPY,11479.34
TXN005537,CUST02953,Chine,Hong Kong,Boutique,Horlogerie,2026-04-06,149541.38,CNY,19440.38
TXN005538,CUST02954,Chine,Shanghai,Boutique,Accessoires & Parfums,2026-03-30,4923.29,CNY,640.03
TXN005539,CUST02955,France (siège),Cannes,En ligne,Joaillerie,2025-08-16,20385.64,EUR,20385.64
TXN005540,CUST02955,France (siège),Cannes,En ligne,Haute Joaillerie,2026-01-06,117928.76,EUR,117928.76
TXN005541,CUST02955,France (siège),Cannes,Boutique,Joaillerie,2026-06-11,25921.73,EUR,25921.73
TXN005542,CUST02956,Moyen-Orient,Dubaï Mall,Boutique,Accessoires & Parfums,2025-10-17,2698.86,AED,674.72
TXN005543,CUST02957,France (siège),Cannes,Boutique,Joaillerie,2025-07-17,13985.21,EUR,13985.21
TXN005544,CUST02957,France (siège),Cannes,En ligne,Joaillerie,2025-11-10,21210.01,EUR,21210.01
TXN005545,CUST02957,France (siège),Cannes,Événement privé,Accessoires & Parfums,2026-04-09,896.93,EUR,896.93
TXN005546,CUST02958,France (siège),Cannes,En ligne,Accessoires & Parfums,2025-11-08,1027.82,EUR,1027.82
TXN005547,CUST02958,France (siège),Cannes,Boutique,Horlogerie,2026-03-16,22765.02,EUR,22765.02
TXN005548,CUST02959,France (siège),Paris Champs-Élysées,Boutique,Mariage,2026-07-22,6033.37,EUR,6033.37
TXN005549,CUST02961,Japon,Tokyo Ginza,Boutique,Joaillerie,2026-03-02,1224170.13,JPY,7589.85
TXN005550,CUST02963,Chine,Hong Kong,Boutique,Joaillerie,2025-09-26,202010.14,CNY,26261.32
TXN005551,CUST02963,Chine,Hong Kong,Boutique,Mariage,2026-02-13,166433.22,CNY,21636.32
TXN005552,CUST02963,Chine,Hong Kong,Boutique,Mariage,2026-06-07,126211.72,CNY,16407.52
TXN005553,CUST02964,Moyen-Orient,Dubaï Mall,Boutique,Joaillerie,2025-09-17,74688.24,AED,18672.06
TXN005554,CUST02964,Moyen-Orient,Dubaï Mall,Boutique,Horlogerie,2026-02-26,84728.61,AED,21182.15
TXN005555,CUST02964,Moyen-Orient,Dubaï Mall,Événement privé,Joaillerie,2026-07-28,68004.26,AED,17001.07
TXN005556,CUST02965,Moyen-Orient,Dubaï Mall,Événement privé,Mariage,2025-06-08,61633.03,AED,15408.26
TXN005557,CUST02965,Moyen-Orient,Dubaï Mall,Boutique,Mariage,2025-11-10,34139.98,AED,8534.99
TXN005558,CUST02965,Moyen-Orient,Dubaï Mall,Événement privé,Horlogerie,2026-04-05,171056.83,AED,42764.21
TXN005559,CUST02966,USA,Bal Harbour,Boutique,Joaillerie,2025-05-16,18415.78,USD,16942.52
TXN005560,CUST02966,USA,Bal Harbour,Événement privé,Accessoires & Parfums,2025-09-29,1387.44,USD,1276.45
TXN005561,CUST02966,USA,Bal Harbour,Boutique,Horlogerie,2026-01-07,30080.57,USD,27674.12
TXN005562,CUST02966,USA,Bal Harbour,Boutique,Joaillerie,2026-05-09,22487.8,USD,20688.77
TXN005563,CUST02967,Chine,Shanghai,Événement privé,Joaillerie,2025-12-08,115094.93,CNY,14962.34
TXN005564,CUST02967,Chine,Shanghai,En ligne,Accessoires & Parfums,2026-02-26,12817.87,CNY,1666.32
TXN005565,CUST02967,Chine,Shanghai,Événement privé,Mariage,2026-06-11,139605.65,CNY,18148.74
TXN005566,CUST02968,Chine,Hong Kong,En ligne,Accessoires & Parfums,2025-05-30,1867.3,CNY,242.75
TXN005567,CUST02968,Chine,Hong Kong,Boutique,Joaillerie,2025-11-09,176195.53,CNY,22905.42
TXN005568,CUST02968,Chine,Hong Kong,En ligne,Horlogerie,2026-03-27,144255.08,CNY,18753.16
TXN005569,CUST02969,Chine,Hong Kong,En ligne,Accessoires & Parfums,2025-12-24,6533.08,CNY,849.3
TXN005570,CUST02969,Chine,Hong Kong,En ligne,Haute Joaillerie,2026-06-11,1081136.78,CNY,140547.78
TXN005571,CUST02970,Japon,Tokyo Ginza,Boutique,Accessoires & Parfums,2025-06-14,141893.58,JPY,879.74
TXN005572,CUST02970,Japon,Tokyo Ginza,Événement privé,Joaillerie,2026-01-05,1940454.18,JPY,12030.82
TXN005573,CUST02970,Japon,Tokyo Ginza,Boutique,Horlogerie,2026-05-10,3444794.57,JPY,21357.73
TXN005574,CUST02971,Japon,Osaka,En ligne,Accessoires & Parfums,2026-04-30,24193.55,JPY,150.0
TXN005575,CUST02972,Moyen-Orient,Abu Dhabi,En ligne,Horlogerie,2026-01-24,98847.02,AED,24711.75
TXN005576,CUST02972,Moyen-Orient,Abu Dhabi,En ligne,Joaillerie,2026-06-30,87488.0,AED,21872.0
TXN005577,CUST02973,Japon,Osaka,Boutique,Accessoires & Parfums,2026-02-01,121274.15,JPY,751.9
TXN005578,CUST02974,France (siège),Paris Vendôme,En ligne,Joaillerie,2026-01-27,23858.98,EUR,23858.98
TXN005579,CUST02974,France (siège),Paris Vendôme,Boutique,Joaillerie,2026-06-14,19926.46,EUR,19926.46
TXN005580,CUST02975,USA,Bal Harbour,Boutique,Joaillerie,2025-11-09,11814.14,USD,10869.01
TXN005581,CUST02975,USA,Bal Harbour,Boutique,Horlogerie,2026-05-08,25429.69,USD,23395.31
TXN005582,CUST02976,France (siège),Paris Vendôme,En ligne,Mariage,2026-02-16,9017.44,EUR,9017.44
TXN005583,CUST02976,France (siège),Paris Vendôme,Boutique,Accessoires & Parfums,2026-07-07,1036.23,EUR,1036.23
TXN005584,CUST02977,France (siège),Paris Champs-Élysées,En ligne,Horlogerie,2026-02-22,16834.65,EUR,16834.65
TXN005585,CUST02978,Japon,Tokyo Ginza,Boutique,Joaillerie,2026-05-20,3729004.72,JPY,23119.83
TXN005586,CUST02979,USA,Bal Harbour,Boutique,Accessoires & Parfums,2026-05-14,505.61,USD,465.16
TXN005587,CUST02980,USA,Bal Harbour,Boutique,Joaillerie,2025-12-16,18114.55,USD,16665.39
TXN005588,CUST02980,USA,Bal Harbour,Boutique,Horlogerie,2026-05-13,26622.51,USD,24492.71
TXN005589,CUST02981,USA,New York 5th Ave,Boutique,Accessoires & Parfums,2025-12-22,884.4,USD,813.65
TXN005590,CUST02981,USA,New York 5th Ave,En ligne,Accessoires & Parfums,2026-05-12,695.33,USD,639.7
TXN005591,CUST02983,France (siège),Cannes,En ligne,Accessoires & Parfums,2025-11-07,649.15,EUR,649.15
TXN005592,CUST02983,France (siège),Cannes,Boutique,Accessoires & Parfums,2026-06-23,948.68,EUR,948.68
TXN005593,CUST02984,USA,New York 5th Ave,Boutique,Mariage,2026-04-16,8203.31,USD,7547.04
TXN005594,CUST02985,Japon,Tokyo Ginza,Boutique,Joaillerie,2025-03-20,2332824.11,JPY,14463.51
TXN005595,CUST02985,Japon,Tokyo Ginza,Boutique,Horlogerie,2025-09-09,3009816.46,JPY,18660.86
TXN005596,CUST02986,France (siège),Paris Vendôme,Boutique,Joaillerie,2026-04-18,26820.66,EUR,26820.66
TXN005597,CUST02987,Moyen-Orient,Dubaï Mall,Boutique,Horlogerie,2025-12-17,113990.04,AED,28497.51
TXN005598,CUST02987,Moyen-Orient,Dubaï Mall,Boutique,Horlogerie,2026-06-14,118293.44,AED,29573.36
TXN005599,CUST02988,USA,New York 5th Ave,Boutique,Joaillerie,2025-08-18,24693.88,USD,22718.37
TXN005600,CUST02988,USA,New York 5th Ave,En ligne,Horlogerie,2025-12-31,36075.54,USD,33189.5
TXN005601,CUST02988,USA,New York 5th Ave,Boutique,Joaillerie,2026-06-06,24895.78,USD,22904.12
TXN005602,CUST02989,Chine,Shanghai,Boutique,Haute Joaillerie,2026-04-04,1150036.32,CNY,149504.72
TXN005603,CUST02991,France (siège),Paris Vendôme,Boutique,Haute Joaillerie,2026-04-02,114401.95,EUR,114401.95
TXN005604,CUST02993,Chine,Shanghai,En ligne,Joaillerie,2025-02-15,155511.37,CNY,20216.48
TXN005605,CUST02993,Chine,Shanghai,En ligne,Haute Joaillerie,2025-07-18,631096.48,CNY,82042.54
TXN005606,CUST02993,Chine,Shanghai,En ligne,Mariage,2026-01-20,22980.4,CNY,2987.45
TXN005607,CUST02993,Chine,Shanghai,Boutique,Accessoires & Parfums,2026-07-05,7335.94,CNY,953.67
TXN005608,CUST02995,USA,New York 5th Ave,Boutique,Mariage,2025-05-19,5023.37,USD,4621.5
TXN005609,CUST02995,USA,New York 5th Ave,Boutique,Accessoires & Parfums,2025-10-30,1020.51,USD,938.87
TXN005610,CUST02995,USA,New York 5th Ave,Boutique,Haute Joaillerie,2026-04-16,146050.98,USD,134366.9
TXN005611,CUST02996,Chine,Hong Kong,Boutique,Joaillerie,2025-12-20,107040.59,CNY,13915.28
TXN005612,CUST02996,Chine,Hong Kong,En ligne,Accessoires & Parfums,2026-05-24,5529.71,CNY,718.86
TXN005613,CUST02997,Moyen-Orient,Abu Dhabi,En ligne,Accessoires & Parfums,2026-05-28,2453.67,AED,613.42
TXN005614,CUST02998,France (siège),Cannes,En ligne,Accessoires & Parfums,2025-10-16,649.82,EUR,649.82
TXN005615,CUST02999,France (siège),Paris Vendôme,Boutique,Haute Joaillerie,2026-02-11,81934.43,EUR,81934.43
TXN005616,CUST02999,France (siège),Paris Vendôme,Événement privé,Joaillerie,2026-07-04,11933.98,EUR,11933.98
TXN005617,CUST03000,USA,Beverly Hills,Boutique,Accessoires & Parfums,2026-01-17,1061.33,USD,976.42
TXN005618,CUST03000,USA,Beverly Hills,En ligne,Accessoires & Parfums,2026-05-24,1410.12,USD,1297.31
TXN005619,CUST03001,France (siège),Paris Vendôme,Boutique,Mariage,2025-04-20,9492.64,EUR,9492.64
TXN005620,CUST03002,USA,Bal Harbour,En ligne,Joaillerie,2025-11-26,5152.14,USD,4739.97
TXN005621,CUST03002,USA,Bal Harbour,En ligne,Accessoires & Parfums,2026-05-14,504.91,USD,464.52
TXN005622,CUST03003,Chine,Pékin,Boutique,Accessoires & Parfums,2025-08-20,5879.98,CNY,764.4
TXN005623,CUST03003,Chine,Pékin,Boutique,Haute Joaillerie,2026-03-04,551627.01,CNY,71711.51
TXN005624,CUST03004,France (siège),Paris Vendôme,Événement privé,Horlogerie,2026-05-18,14610.53,EUR,14610.53
TXN005625,CUST03005,France (siège),Cannes,Boutique,Haute Joaillerie,2026-06-01,137457.09,EUR,137457.09
TXN005626,CUST03006,Moyen-Orient,Dubaï Mall,Boutique,Accessoires & Parfums,2026-05-31,2888.96,AED,722.24
TXN005627,CUST03007,USA,Beverly Hills,Boutique,Horlogerie,2026-04-21,33175.56,USD,30521.52
TXN005628,CUST03008,Chine,Shanghai,Boutique,Mariage,2025-04-11,52698.2,CNY,6850.77
TXN005629,CUST03008,Chine,Shanghai,Boutique,Joaillerie,2025-10-13,179584.04,CNY,23345.92
TXN005630,CUST03009,USA,Bal Harbour,Boutique,Joaillerie,2026-02-08,19439.69,USD,17884.51
TXN005631,CUST03009,USA,Bal Harbour,Boutique,Haute Joaillerie,2026-06-19,124379.74,USD,114429.36
TXN005632,CUST03010,France (siège),Cannes,En ligne,Accessoires & Parfums,2025-02-15,833.76,EUR,833.76
TXN005633,CUST03010,France (siège),Cannes,En ligne,Joaillerie,2025-06-19,23228.7,EUR,23228.7
TXN005634,CUST03011,USA,Beverly Hills,En ligne,Mariage,2025-06-19,17791.7,USD,16368.37
TXN005635,CUST03011,USA,Beverly Hills,En ligne,Accessoires & Parfums,2025-12-18,1541.97,USD,1418.61
TXN005636,CUST03011,USA,Beverly Hills,En ligne,Horlogerie,2026-06-24,29721.32,USD,27343.61
TXN005637,CUST03012,Chine,Hong Kong,Événement privé,Joaillerie,2025-07-02,141226.05,CNY,18359.39
TXN005638,CUST03012,Chine,Hong Kong,En ligne,Accessoires & Parfums,2025-12-03,6736.56,CNY,875.75
TXN005639,CUST03012,Chine,Hong Kong,Boutique,Accessoires & Parfums,2026-05-09,4668.02,CNY,606.84
TXN005640,CUST03013,USA,Beverly Hills,Boutique,Joaillerie,2025-12-21,1291.3,USD,1187.99
TXN005641,CUST03013,USA,Beverly Hills,Boutique,Accessoires & Parfums,2026-06-03,424.22,USD,390.29
TXN005642,CUST03014,Moyen-Orient,Dubaï Mall,Événement privé,Joaillerie,2026-04-19,95445.06,AED,23861.27
TXN005643,CUST03015,Moyen-Orient,Abu Dhabi,En ligne,Accessoires & Parfums,2025-09-20,3703.06,AED,925.76
TXN005644,CUST03015,Moyen-Orient,Abu Dhabi,En ligne,Horlogerie,2026-02-20,116142.83,AED,29035.71
TXN005645,CUST03015,Moyen-Orient,Abu Dhabi,Boutique,Accessoires & Parfums,2026-07-18,2129.61,AED,532.4
TXN005646,CUST03016,USA,Beverly Hills,En ligne,Accessoires & Parfums,2025-04-20,1076.79,USD,990.64
TXN005647,CUST03016,USA,Beverly Hills,Événement privé,Accessoires & Parfums,2025-09-10,1050.09,USD,966.08
TXN005648,CUST03016,USA,Beverly Hills,Événement privé,Horlogerie,2026-01-14,36911.81,USD,33958.87
TXN005649,CUST03016,USA,Beverly Hills,Boutique,Accessoires & Parfums,2026-05-23,1178.79,USD,1084.49
TXN005650,CUST03017,USA,Beverly Hills,Boutique,Accessoires & Parfums,2025-03-15,786.22,USD,723.32
TXN005651,CUST03017,USA,Beverly Hills,Boutique,Mariage,2025-09-13,11378.03,USD,10467.79
TXN005652,CUST03017,USA,Beverly Hills,Événement privé,Horlogerie,2026-02-16,47632.25,USD,43821.67
TXN005653,CUST03017,USA,Beverly Hills,En ligne,Accessoires & Parfums,2026-07-10,748.19,USD,688.33
TXN005654,CUST03018,Chine,Pékin,Boutique,Haute Joaillerie,2025-11-13,774402.6,CNY,100672.34
TXN005655,CUST03018,Chine,Pékin,Boutique,Horlogerie,2026-05-17,126432.88,CNY,16436.27
TXN005656,CUST03019,Chine,Shanghai,Boutique,Horlogerie,2025-10-28,202061.56,CNY,26268.0
TXN005657,CUST03019,Chine,Shanghai,Boutique,Accessoires & Parfums,2026-03-10,7160.88,CNY,930.91
TXN005658,CUST03019,Chine,Shanghai,Boutique,Mariage,2026-07-27,83192.46,CNY,10815.02
TXN005659,CUST03020,USA,Bal Harbour,En ligne,Accessoires & Parfums,2026-06-26,776.42,USD,714.3
TXN005660,CUST03021,Japon,Osaka,Boutique,Joaillerie,2026-04-27,4354233.17,JPY,26996.25
TXN005661,CUST03022,Japon,Osaka,En ligne,Accessoires & Parfums,2025-06-14,114929.73,JPY,712.56
TXN005662,CUST03023,Chine,Shanghai,En ligne,Joaillerie,2026-06-03,96195.34,CNY,12505.39
TXN005663,CUST03024,France (siège),Paris Vendôme,Boutique,Accessoires & Parfums,2025-09-11,859.27,EUR,859.27
TXN005664,CUST03024,France (siège),Paris Vendôme,Boutique,Joaillerie,2026-02-07,16005.04,EUR,16005.04
TXN005665,CUST03024,France (siège),Paris Vendôme,En ligne,Joaillerie,2026-07-18,7052.72,EUR,7052.72
TXN005666,CUST03025,Moyen-Orient,Dubaï Mall,Boutique,Accessoires & Parfums,2026-04-12,6245.04,AED,1561.26
TXN005667,CUST03026,Chine,Shanghai,Événement privé,Joaillerie,2025-05-03,143219.55,CNY,18618.54
TXN005668,CUST03026,Chine,Shanghai,Boutique,Horlogerie,2025-09-28,236882.94,CNY,30794.78
TXN005669,CUST03026,Chine,Shanghai,Boutique,Joaillerie,2026-02-22,123762.04,CNY,16089.06
TXN005670,CUST03027,France (siège),Paris Vendôme,Boutique,Joaillerie,2025-11-11,16412.6,EUR,16412.6
TXN005671,CUST03027,France (siège),Paris Vendôme,Boutique,Mariage,2026-03-29,8364.54,EUR,8364.54
TXN005672,CUST03028,Moyen-Orient,Dubaï Mall,En ligne,Joaillerie,2025-02-10,39189.81,AED,9797.45
TXN005673,CUST03028,Moyen-Orient,Dubaï Mall,En ligne,Accessoires & Parfums,2025-08-01,2519.09,AED,629.77
TXN005674,CUST03028,Moyen-Orient,Dubaï Mall,Boutique,Mariage,2026-02-18,37216.79,AED,9304.2
TXN005675,CUST03029,USA,New York 5th Ave,En ligne,Accessoires & Parfums,2025-08-28,1185.14,USD,1090.33
TXN005676,CUST03029,USA,New York 5th Ave,En ligne,Mariage,2026-01-31,19635.37,USD,18064.54
TXN005677,CUST03029,USA,New York 5th Ave,Boutique,Accessoires & Parfums,2026-06-26,1245.6,USD,1145.95
TXN005678,CUST03030,France (siège),Cannes,Boutique,Joaillerie,2025-07-08,5988.63,EUR,5988.63
TXN005679,CUST03030,France (siège),Cannes,Boutique,Accessoires & Parfums,2026-01-12,755.75,EUR,755.75
TXN005680,CUST03030,France (siège),Cannes,Boutique,Joaillerie,2026-07-15,17655.91,EUR,17655.91
TXN005681,CUST03031,Chine,Hong Kong,Boutique,Accessoires & Parfums,2026-03-06,8602.33,CNY,1118.3
TXN005682,CUST03031,Chine,Hong Kong,Boutique,Horlogerie,2026-07-14,293108.48,CNY,38104.1
TXN005683,CUST03032,USA,Beverly Hills,En ligne,Mariage,2026-06-13,14485.28,USD,13326.46
TXN005684,CUST03033,USA,Bal Harbour,Boutique,Accessoires & Parfums,2026-05-07,713.41,USD,656.33
TXN005685,CUST03034,USA,New York 5th Ave,Boutique,Joaillerie,2025-09-25,9575.74,USD,8809.68
TXN005686,CUST03034,USA,New York 5th Ave,En ligne,Horlogerie,2026-03-13,31818.14,USD,29272.69
TXN005687,CUST03035,Japon,Tokyo Ginza,En ligne,Accessoires & Parfums,2025-10-06,144928.09,JPY,898.55
TXN005688,CUST03035,Japon,Tokyo Ginza,Événement privé,Haute Joaillerie,2026-01-30,19791854.09,JPY,122709.5
TXN005689,CUST03035,Japon,Tokyo Ginza,Boutique,Horlogerie,2026-06-21,5158967.59,JPY,31985.6
TXN005690,CUST03036,France (siège),Cannes,En ligne,Joaillerie,2025-12-26,15462.23,EUR,15462.23
TXN005691,CUST03036,France (siège),Cannes,Boutique,Accessoires & Parfums,2026-04-17,824.72,EUR,824.72
TXN005692,CUST03038,Chine,Pékin,Événement privé,Mariage,2025-05-12,58277.98,CNY,7576.14
TXN005693,CUST03038,Chine,Pékin,Boutique,Accessoires & Parfums,2025-10-06,8465.87,CNY,1100.56
TXN005694,CUST03038,Chine,Pékin,En ligne,Joaillerie,2026-03-10,143475.75,CNY,18651.85
TXN005695,CUST03038,Chine,Pékin,Boutique,Joaillerie,2026-07-11,157195.65,CNY,20435.43
TXN005696,CUST03039,Chine,Shanghai,En ligne,Accessoires & Parfums,2025-09-27,7058.93,CNY,917.66
TXN005697,CUST03040,France (siège),Paris Champs-Élysées,Boutique,Accessoires & Parfums,2025-06-13,785.94,EUR,785.94
TXN005698,CUST03041,USA,New York 5th Ave,Événement privé,Horlogerie,2025-09-27,28777.53,USD,26475.33
TXN005699,CUST03041,USA,New York 5th Ave,Boutique,Joaillerie,2026-03-27,19502.36,USD,17942.17
TXN005700,CUST03042,France (siège),Paris Vendôme,En ligne,Joaillerie,2025-10-07,14050.38,EUR,14050.38
TXN005701,CUST03042,France (siège),Paris Vendôme,Boutique,Accessoires & Parfums,2026-03-27,594.29,EUR,594.29
TXN005702,CUST03043,Japon,Tokyo Ginza,En ligne,Mariage,2025-08-13,1893337.31,JPY,11738.69
TXN005703,CUST03043,Japon,Tokyo Ginza,Boutique,Accessoires & Parfums,2026-01-10,158006.04,JPY,979.64
TXN005704,CUST03043,Japon,Tokyo Ginza,Boutique,Accessoires & Parfums,2026-05-12,122145.94,JPY,757.3
TXN005705,CUST03044,USA,Bal Harbour,Boutique,Horlogerie,2025-11-04,33852.91,USD,31144.68
TXN005706,CUST03044,USA,Bal Harbour,En ligne,Mariage,2026-04-04,11820.24,USD,10874.62
TXN005707,CUST03045,France (siège),Cannes,En ligne,Joaillerie,2025-04-05,9559.5,EUR,9559.5
TXN005708,CUST03045,France (siège),Cannes,Boutique,Mariage,2025-09-04,11083.38,EUR,11083.38
TXN005709,CUST03045,France (siège),Cannes,Événement privé,Joaillerie,2026-01-21,18351.81,EUR,18351.81
TXN005710,CUST03045,France (siège),Cannes,Boutique,Horlogerie,2026-06-16,33861.17,EUR,33861.17
TXN005711,CUST03046,USA,Beverly Hills,En ligne,Joaillerie,2025-03-30,24412.63,USD,22459.62
TXN005712,CUST03046,USA,Beverly Hills,Boutique,Accessoires & Parfums,2025-09-10,1300.44,USD,1196.4
TXN005713,CUST03047,Chine,Shanghai,Boutique,Joaillerie,2025-11-11,78342.23,CNY,10184.49
TXN005714,CUST03048,Japon,Osaka,Boutique,Mariage,2025-08-29,2286111.04,JPY,14173.89
TXN005715,CUST03049,Chine,Hong Kong,Boutique,Horlogerie,2025-02-25,223571.19,CNY,29064.25
TXN005716,CUST03049,Chine,Hong Kong,En ligne,Accessoires & Parfums,2025-08-09,3859.17,CNY,501.69
TXN005717,CUST03049,Chine,Hong Kong,Boutique,Accessoires & Parfums,2026-01-16,11108.46,CNY,1444.1
TXN005718,CUST03049,Chine,Hong Kong,Boutique,Joaillerie,2026-06-04,103378.96,CNY,13439.26
TXN005719,CUST03050,Japon,Osaka,Événement privé,Accessoires & Parfums,2026-01-18,176319.82,JPY,1093.18
TXN005720,CUST03050,Japon,Osaka,Boutique,Accessoires & Parfums,2026-06-17,102567.07,JPY,635.92
TXN005721,CUST03051,Japon,Osaka,Événement privé,Joaillerie,2026-06-24,4362449.09,JPY,27047.18
TXN005722,CUST03052,Japon,Tokyo Ginza,En ligne,Accessoires & Parfums,2025-09-29,149041.36,JPY,924.06
TXN005723,CUST03052,Japon,Tokyo Ginza,Boutique,Accessoires & Parfums,2026-03-29,115684.21,JPY,717.24
TXN005724,CUST03054,France (siège),Paris Vendôme,En ligne,Accessoires & Parfums,2026-05-16,401.03,EUR,401.03
TXN005725,CUST03056,Japon,Tokyo Ginza,Boutique,Joaillerie,2026-03-10,3217583.37,JPY,19949.02
TXN005726,CUST03057,Moyen-Orient,Dubaï Mall,Boutique,Joaillerie,2025-11-29,130336.34,AED,32584.09
TXN005727,CUST03057,Moyen-Orient,Dubaï Mall,Boutique,Joaillerie,2026-03-28,102908.89,AED,25727.22
TXN005728,CUST03058,USA,Beverly Hills,Boutique,Accessoires & Parfums,2025-10-20,1260.01,USD,1159.21
TXN005729,CUST03058,USA,Beverly Hills,En ligne,Haute Joaillerie,2026-02-25,83009.27,USD,76368.52
TXN005730,CUST03058,USA,Beverly Hills,En ligne,Accessoires & Parfums,2026-07-28,1415.54,USD,1302.3
TXN005731,CUST03059,France (siège),Paris Vendôme,En ligne,Joaillerie,2026-03-03,16112.78,EUR,16112.78
TXN005732,CUST03060,Chine,Pékin,Boutique,Mariage,2025-03-07,74684.72,CNY,9709.01
TXN005733,CUST03060,Chine,Pékin,Boutique,Haute Joaillerie,2025-09-15,538142.26,CNY,69958.49
TXN005734,CUST03060,Chine,Pékin,Boutique,Mariage,2026-02-19,53208.31,CNY,6917.08
TXN005735,CUST03060,Chine,Pékin,Événement privé,Accessoires & Parfums,2026-07-12,2984.19,CNY,387.95
TXN005736,CUST03061,France (siège),Cannes,Boutique,Horlogerie,2025-12-18,36262.22,EUR,36262.22
TXN005737,CUST03061,France (siège),Cannes,Boutique,Mariage,2026-06-23,10322.38,EUR,10322.38
TXN005738,CUST03062,USA,New York 5th Ave,Boutique,Joaillerie,2025-10-28,17037.62,USD,15674.61
TXN005739,CUST03062,USA,New York 5th Ave,Boutique,Haute Joaillerie,2026-04-02,164758.07,USD,151577.42
TXN005740,CUST03063,Japon,Tokyo Ginza,Boutique,Accessoires & Parfums,2026-06-23,99910.52,JPY,619.45
TXN005741,CUST03065,Chine,Hong Kong,En ligne,Accessoires & Parfums,2026-03-10,4321.02,CNY,561.73
TXN005742,CUST03065,Chine,Hong Kong,Boutique,Haute Joaillerie,2026-07-28,1007951.89,CNY,131033.75
TXN005743,CUST03066,Moyen-Orient,Abu Dhabi,Boutique,Joaillerie,2026-04-11,51591.35,AED,12897.84
TXN005744,CUST03067,Moyen-Orient,Abu Dhabi,Boutique,Horlogerie,2025-11-05,137805.29,AED,34451.32
TXN005745,CUST03067,Moyen-Orient,Abu Dhabi,En ligne,Mariage,2026-03-20,37907.29,AED,9476.82
TXN005746,CUST03067,Moyen-Orient,Abu Dhabi,Événement privé,Accessoires & Parfums,2026-07-15,2421.79,AED,605.45
TXN005747,CUST03068,USA,New York 5th Ave,En ligne,Horlogerie,2026-06-06,40985.29,USD,37706.47
TXN005748,CUST03069,USA,New York 5th Ave,Boutique,Joaillerie,2026-06-08,33219.08,USD,30561.56
TXN005749,CUST03070,France (siège),Paris Vendôme,Boutique,Accessoires & Parfums,2026-05-26,679.08,EUR,679.08
TXN005750,CUST03071,France (siège),Paris Vendôme,Boutique,Joaillerie,2025-01-16,17333.53,EUR,17333.53
TXN005751,CUST03071,France (siège),Paris Vendôme,En ligne,Joaillerie,2025-05-11,16623.3,EUR,16623.3
TXN005752,CUST03071,France (siège),Paris Vendôme,Boutique,Joaillerie,2025-10-06,11439.99,EUR,11439.99
TXN005753,CUST03071,France (siège),Paris Vendôme,Boutique,Haute Joaillerie,2026-02-17,55840.37,EUR,55840.37
TXN005754,CUST03071,France (siège),Paris Vendôme,Événement privé,Accessoires & Parfums,2026-06-21,667.15,EUR,667.15
TXN005755,CUST03072,Moyen-Orient,Dubaï Mall,Boutique,Haute Joaillerie,2026-05-19,830442.29,AED,207610.57
TXN005756,CUST03073,France (siège),Paris Champs-Élysées,En ligne,Haute Joaillerie,2025-07-22,92973.31,EUR,92973.31
TXN005757,CUST03073,France (siège),Paris Champs-Élysées,Boutique,Accessoires & Parfums,2025-12-14,1105.15,EUR,1105.15
TXN005758,CUST03073,France (siège),Paris Champs-Élysées,Boutique,Horlogerie,2026-07-14,15589.59,EUR,15589.59
TXN005759,CUST03074,France (siège),Paris Vendôme,Boutique,Accessoires & Parfums,2025-07-04,730.08,EUR,730.08
TXN005760,CUST03074,France (siège),Paris Vendôme,Boutique,Joaillerie,2025-11-21,28249.35,EUR,28249.35
TXN005761,CUST03074,France (siège),Paris Vendôme,Boutique,Joaillerie,2026-04-05,29815.6,EUR,29815.6
TXN005762,CUST03075,France (siège),Paris Champs-Élysées,Boutique,Haute Joaillerie,2026-03-25,154229.05,EUR,154229.05
TXN005763,CUST03077,France (siège),Cannes,En ligne,Accessoires & Parfums,2026-03-06,1101.15,EUR,1101.15
TXN005764,CUST03078,Chine,Shanghai,En ligne,Accessoires & Parfums,2025-11-06,6664.25,CNY,866.35
TXN005765,CUST03078,Chine,Shanghai,Boutique,Haute Joaillerie,2026-04-19,503942.89,CNY,65512.58
TXN005766,CUST03079,Chine,Hong Kong,Boutique,Accessoires & Parfums,2025-02-26,4729.27,CNY,614.81
TXN005767,CUST03079,Chine,Hong Kong,Boutique,Accessoires & Parfums,2025-08-07,4164.06,CNY,541.33
TXN005768,CUST03080,Japon,Tokyo Ginza,En ligne,Accessoires & Parfums,2025-06-21,119042.15,JPY,738.06
TXN005769,CUST03080,Japon,Tokyo Ginza,En ligne,Accessoires & Parfums,2025-12-01,165754.24,JPY,1027.68
TXN005770,CUST03080,Japon,Tokyo Ginza,Boutique,Mariage,2026-05-08,1929576.38,JPY,11963.37
TXN005771,CUST03081,Chine,Hong Kong,Boutique,Joaillerie,2026-01-05,215542.33,CNY,28020.5
TXN005772,CUST03081,Chine,Hong Kong,En ligne,Accessoires & Parfums,2026-04-03,10608.86,CNY,1379.15
TXN005773,CUST03081,Chine,Hong Kong,Boutique,Joaillerie,2026-07-22,246843.37,CNY,32089.64
TXN005774,CUST03082,France (siège),Cannes,Boutique,Accessoires & Parfums,2025-07-20,956.9,EUR,956.9
TXN005775,CUST03082,France (siège),Cannes,Boutique,Horlogerie,2025-12-14,38130.2,EUR,38130.2
TXN005776,CUST03082,France (siège),Cannes,En ligne,Mariage,2026-07-17,10695.2,EUR,10695.2
TXN005777,CUST03083,Japon,Osaka,En ligne,Accessoires & Parfums,2026-04-01,115973.58,JPY,719.04
TXN005778,CUST03084,Japon,Osaka,Boutique,Joaillerie,2025-06-02,2875517.44,JPY,17828.21
TXN005779,CUST03084,Japon,Osaka,En ligne,Horlogerie,2025-10-25,4940020.82,JPY,30628.13
TXN005780,CUST03084,Japon,Osaka,Boutique,Accessoires & Parfums,2026-03-20,130720.37,JPY,810.47
TXN005781,CUST03085,USA,Bal Harbour,Boutique,Accessoires & Parfums,2025-12-01,1282.02,USD,1179.46
TXN005782,CUST03085,USA,Bal Harbour,En ligne,Accessoires & Parfums,2026-05-19,1096.86,USD,1009.11
TXN005783,CUST03087,France (siège),Cannes,Boutique,Mariage,2025-02-28,9946.2,EUR,9946.2
TXN005784,CUST03087,France (siège),Cannes,Boutique,Joaillerie,2025-07-31,16860.34,EUR,16860.34
TXN005785,CUST03087,France (siège),Cannes,Boutique,Joaillerie,2026-02-21,13706.79,EUR,13706.79
TXN005786,CUST03089,Japon,Osaka,Boutique,Joaillerie,2025-03-01,1983017.62,JPY,12294.71
TXN005787,CUST03089,Japon,Osaka,Boutique,Accessoires & Parfums,2025-08-07,78867.14,JPY,488.98
TXN005788,CUST03089,Japon,Osaka,En ligne,Joaillerie,2026-01-03,2410612.73,JPY,14945.8
TXN005789,CUST03089,Japon,Osaka,Boutique,Joaillerie,2026-07-07,2565843.39,JPY,15908.23
TXN005790,CUST03090,USA,Beverly Hills,Boutique,Mariage,2026-07-12,12839.47,USD,11812.31
TXN005791,CUST03091,USA,Bal Harbour,Événement privé,Joaillerie,2026-01-23,21296.43,USD,19592.72
TXN005792,CUST03091,USA,Bal Harbour,Boutique,Joaillerie,2026-05-17,25257.07,USD,23236.5
TXN005793,CUST03094,Chine,Hong Kong,Boutique,Accessoires & Parfums,2025-12-21,8143.09,CNY,1058.6
TXN005794,CUST03094,Chine,Hong Kong,Boutique,Joaillerie,2026-06-08,186660.21,CNY,24265.83
TXN005795,CUST03096,USA,Beverly Hills,Boutique,Joaillerie,2026-02-02,10158.09,USD,9345.44
TXN005796,CUST03097,France (siège),Paris Champs-Élysées,Boutique,Accessoires & Parfums,2026-02-21,792.53,EUR,792.53
TXN005797,CUST03097,France (siège),Paris Champs-Élysées,Boutique,Accessoires & Parfums,2026-07-27,1302.2,EUR,1302.2
TXN005798,CUST03098,Chine,Hong Kong,En ligne,Horlogerie,2025-10-15,207086.04,CNY,26921.19
TXN005799,CUST03098,Chine,Hong Kong,Boutique,Mariage,2026-03-15,69913.48,CNY,9088.75
TXN005800,CUST03099,Chine,Shanghai,En ligne,Horlogerie,2026-03-11,86949.51,CNY,11303.44
TXN005801,CUST03099,Chine,Shanghai,Boutique,Horlogerie,2026-07-30,191089.94,CNY,24841.69
TXN005802,CUST03100,Japon,Tokyo Ginza,En ligne,Haute Joaillerie,2025-04-26,16331047.02,JPY,101252.49
TXN005803,CUST03100,Japon,Tokyo Ginza,En ligne,Joaillerie,2025-08-29,2401566.68,JPY,14889.71
TXN005804,CUST03100,Japon,Tokyo Ginza,Boutique,Accessoires & Parfums,2026-03-01,166211.87,JPY,1030.51
TXN005805,CUST03100,Japon,Tokyo Ginza,En ligne,Horlogerie,2026-07-17,5064160.44,JPY,31397.79
TXN005806,CUST03101,France (siège),Paris Champs-Élysées,Événement privé,Mariage,2025-11-12,10564.26,EUR,10564.26
TXN005807,CUST03101,France (siège),Paris Champs-Élysées,En ligne,Joaillerie,2026-05-23,6511.28,EUR,6511.28
TXN005808,CUST03102,USA,Bal Harbour,Boutique,Accessoires & Parfums,2025-04-30,1099.47,USD,1011.51
TXN005809,CUST03102,USA,Bal Harbour,Boutique,Accessoires & Parfums,2025-10-03,528.39,USD,486.12
TXN005810,CUST03102,USA,Bal Harbour,En ligne,Joaillerie,2026-02-11,11752.93,USD,10812.69
TXN005811,CUST03102,USA,Bal Harbour,Boutique,Mariage,2026-07-09,5847.31,USD,5379.52
TXN005812,CUST03103,Japon,Osaka,En ligne,Joaillerie,2025-03-28,2255537.73,JPY,13984.33
TXN005813,CUST03103,Japon,Osaka,Événement privé,Mariage,2025-08-23,1991599.18,JPY,12347.91
TXN005814,CUST03103,Japon,Osaka,Événement privé,Accessoires & Parfums,2025-12-20,189558.52,JPY,1175.26
TXN005815,CUST03103,Japon,Osaka,En ligne,Joaillerie,2026-06-27,2039838.1,JPY,12647.0
TXN005816,CUST03104,Moyen-Orient,Abu Dhabi,Boutique,Joaillerie,2025-07-07,46239.49,AED,11559.87
TXN005817,CUST03104,Moyen-Orient,Abu Dhabi,Boutique,Haute Joaillerie,2025-12-12,335155.41,AED,83788.85
TXN005818,CUST03104,Moyen-Orient,Abu Dhabi,En ligne,Accessoires & Parfums,2026-05-21,2622.71,AED,655.68
TXN005819,CUST03105,France (siège),Paris Vendôme,Boutique,Joaillerie,2025-11-15,21472.04,EUR,21472.04
TXN005820,CUST03106,France (siège),Cannes,Boutique,Joaillerie,2025-10-12,5294.86,EUR,5294.86
TXN005821,CUST03106,France (siège),Cannes,Boutique,Horlogerie,2026-05-15,21027.56,EUR,21027.56
TXN005822,CUST03107,USA,Beverly Hills,Boutique,Joaillerie,2025-09-02,12274.78,USD,11292.8
TXN005823,CUST03107,USA,Beverly Hills,Boutique,Accessoires & Parfums,2026-02-03,1305.08,USD,1200.67
TXN005824,CUST03107,USA,Beverly Hills,Boutique,Accessoires & Parfums,2026-07-22,1043.44,USD,959.97
TXN005825,CUST03108,Chine,Shanghai,Boutique,Mariage,2025-08-17,105208.58,CNY,13677.12
TXN005826,CUST03108,Chine,Shanghai,Événement privé,Joaillerie,2026-04-05,140643.93,CNY,18283.71
TXN005827,CUST03109,USA,Beverly Hills,En ligne,Mariage,2025-08-26,14972.24,USD,13774.47
TXN005828,CUST03109,USA,Beverly Hills,Boutique,Joaillerie,2026-01-22,11320.95,USD,10415.27
TXN005829,CUST03109,USA,Beverly Hills,En ligne,Accessoires & Parfums,2026-06-25,640.09,USD,588.89
TXN005830,CUST03110,USA,Bal Harbour,Boutique,Accessoires & Parfums,2025-04-07,848.66,USD,780.77
TXN005831,CUST03110,USA,Bal Harbour,Boutique,Accessoires & Parfums,2025-10-17,1227.57,USD,1129.36
TXN005832,CUST03110,USA,Bal Harbour,En ligne,Accessoires & Parfums,2026-03-16,940.53,USD,865.29
TXN005833,CUST03111,France (siège),Paris Vendôme,Boutique,Accessoires & Parfums,2025-10-15,682.22,EUR,682.22
TXN005834,CUST03111,France (siège),Paris Vendôme,Boutique,Haute Joaillerie,2026-02-23,99594.77,EUR,99594.77
TXN005835,CUST03112,USA,New York 5th Ave,Boutique,Mariage,2025-08-23,10642.89,USD,9791.46
TXN005836,CUST03112,USA,New York 5th Ave,Boutique,Joaillerie,2026-01-23,20941.85,USD,19266.5
TXN005837,CUST03113,Chine,Pékin,Boutique,Accessoires & Parfums,2026-06-12,2978.14,CNY,387.16
TXN005838,CUST03114,France (siège),Paris Vendôme,Événement privé,Accessoires & Parfums,2026-05-07,1140.91,EUR,1140.91
TXN005839,CUST03115,France (siège),Cannes,En ligne,Horlogerie,2026-07-08,42368.44,EUR,42368.44
TXN005840,CUST03116,Japon,Osaka,Boutique,Horlogerie,2026-07-05,3233427.29,JPY,20047.25
TXN005841,CUST03117,Chine,Shanghai,Boutique,Joaillerie,2025-02-03,154482.22,CNY,20082.69
TXN005842,CUST03117,Chine,Shanghai,Boutique,Mariage,2025-06-11,94098.89,CNY,12232.86
TXN005843,CUST03117,Chine,Shanghai,Boutique,Joaillerie,2025-09-17,160896.06,CNY,20916.49
TXN005844,CUST03118,Chine,Hong Kong,Boutique,Horlogerie,2026-07-13,215433.08,CNY,28006.3
TXN005845,CUST03119,Moyen-Orient,Abu Dhabi,En ligne,Joaillerie,2025-09-20,65736.25,AED,16434.06
TXN005846,CUST03119,Moyen-Orient,Abu Dhabi,Événement privé,Accessoires & Parfums,2026-03-29,1945.88,AED,486.47
TXN005847,CUST03120,France (siège),Cannes,Boutique,Accessoires & Parfums,2026-07-10,753.85,EUR,753.85
TXN005848,CUST03121,USA,Beverly Hills,En ligne,Mariage,2026-02-21,11156.13,USD,10263.64
TXN005849,CUST03121,USA,Beverly Hills,Boutique,Haute Joaillerie,2026-07-30,136475.68,USD,125557.63
TXN005850,CUST03122,USA,Beverly Hills,Boutique,Accessoires & Parfums,2026-03-04,938.11,USD,863.06
TXN005851,CUST03122,USA,Beverly Hills,Boutique,Joaillerie,2026-07-17,24792.48,USD,22809.08
TXN005852,CUST03123,USA,New York 5th Ave,Boutique,Accessoires & Parfums,2025-07-31,621.33,USD,571.62
TXN005853,CUST03123,USA,New York 5th Ave,Événement privé,Mariage,2026-01-02,9859.94,USD,9071.15
TXN005854,CUST03123,USA,New York 5th Ave,En ligne,Accessoires & Parfums,2026-05-09,803.78,USD,739.48
TXN005855,CUST03124,USA,Beverly Hills,Boutique,Joaillerie,2025-04-14,16867.42,USD,15518.03
TXN005856,CUST03125,USA,Bal Harbour,En ligne,Haute Joaillerie,2026-06-04,74833.45,USD,68846.77
TXN005857,CUST03126,Moyen-Orient,Dubaï Mall,Boutique,Joaillerie,2025-05-25,84245.26,AED,21061.31
TXN005858,CUST03126,Moyen-Orient,Dubaï Mall,Boutique,Accessoires & Parfums,2025-10-12,3423.62,AED,855.91
TXN005859,CUST03126,Moyen-Orient,Dubaï Mall,Boutique,Accessoires & Parfums,2026-03-11,4460.95,AED,1115.24
TXN005860,CUST03126,Moyen-Orient,Dubaï Mall,En ligne,Joaillerie,2026-07-27,92688.68,AED,23172.17
TXN005861,CUST03127,France (siège),Paris Vendôme,En ligne,Horlogerie,2026-04-17,25054.42,EUR,25054.42
TXN005862,CUST03128,Chine,Pékin,Boutique,Mariage,2026-03-12,109401.52,CNY,14222.2
TXN005863,CUST03128,Chine,Pékin,Boutique,Mariage,2026-07-16,122925.64,CNY,15980.33
TXN005864,CUST03129,Chine,Pékin,Boutique,Accessoires & Parfums,2025-02-20,5917.78,CNY,769.31
TXN005865,CUST03129,Chine,Pékin,En ligne,Joaillerie,2025-08-03,121793.84,CNY,15833.2
TXN005866,CUST03129,Chine,Pékin,En ligne,Joaillerie,2026-01-31,164080.06,CNY,21330.41
TXN005867,CUST03129,Chine,Pékin,Boutique,Mariage,2026-07-12,76208.44,CNY,9907.1
TXN005868,CUST03130,USA,Bal Harbour,Boutique,Horlogerie,2025-03-28,18077.29,USD,16631.11
TXN005869,CUST03130,USA,Bal Harbour,Boutique,Horlogerie,2025-09-13,23812.58,USD,21907.57
TXN005870,CUST03130,USA,Bal Harbour,Boutique,Accessoires & Parfums,2026-02-10,633.73,USD,583.03
TXN005871,CUST03132,Chine,Hong Kong,En ligne,Mariage,2025-10-04,66168.06,CNY,8601.85
TXN005872,CUST03132,Chine,Hong Kong,Événement privé,Mariage,2026-03-08,81923.27,CNY,10650.03
TXN005873,CUST03132,Chine,Hong Kong,Boutique,Joaillerie,2026-07-31,169107.45,CNY,21983.97
TXN005874,CUST03133,Japon,Tokyo Ginza,En ligne,Horlogerie,2026-03-30,3998244.93,JPY,24789.12
TXN005875,CUST03134,France (siège),Paris Champs-Élysées,En ligne,Accessoires & Parfums,2025-09-13,969.6,EUR,969.6
TXN005876,CUST03134,France (siège),Paris Champs-Élysées,Boutique,Joaillerie,2026-02-12,8938.29,EUR,8938.29
TXN005877,CUST03134,France (siège),Paris Champs-Élysées,Boutique,Joaillerie,2026-07-24,12354.9,EUR,12354.9
TXN005878,CUST03135,Japon,Tokyo Ginza,Boutique,Mariage,2025-03-21,1343146.12,JPY,8327.51
TXN005879,CUST03135,Japon,Tokyo Ginza,Boutique,Accessoires & Parfums,2025-09-10,95259.48,JPY,590.61
TXN005880,CUST03135,Japon,Tokyo Ginza,Boutique,Mariage,2026-02-08,2236382.09,JPY,13865.57
TXN005881,CUST03137,France (siège),Paris Vendôme,Boutique,Mariage,2026-04-29,8674.18,EUR,8674.18
TXN005882,CUST03138,Japon,Tokyo Ginza,Boutique,Joaillerie,2026-06-08,1944578.3,JPY,12056.39
TXN005883,CUST03139,Chine,Hong Kong,Boutique,Accessoires & Parfums,2026-07-12,7620.37,CNY,990.65
TXN005884,CUST03140,USA,New York 5th Ave,En ligne,Joaillerie,2025-10-15,14579.12,USD,13412.79
TXN005885,CUST03140,USA,New York 5th Ave,Boutique,Horlogerie,2026-04-22,26539.59,USD,24416.42
TXN005886,CUST03141,Moyen-Orient,Abu Dhabi,Boutique,Accessoires & Parfums,2025-08-27,3280.0,AED,820.0
TXN005887,CUST03141,Moyen-Orient,Abu Dhabi,Boutique,Accessoires & Parfums,2026-01-30,3762.26,AED,940.56
TXN005888,CUST03141,Moyen-Orient,Abu Dhabi,Événement privé,Accessoires & Parfums,2026-05-29,3978.43,AED,994.61
TXN005889,CUST03142,France (siège),Paris Champs-Élysées,Boutique,Accessoires & Parfums,2025-04-09,1033.76,EUR,1033.76
TXN005890,CUST03142,France (siège),Paris Champs-Élysées,En ligne,Haute Joaillerie,2025-08-26,122461.49,EUR,122461.49
TXN005891,CUST03142,France (siège),Paris Champs-Élysées,Boutique,Accessoires & Parfums,2026-01-03,1175.78,EUR,1175.78
TXN005892,CUST03142,France (siège),Paris Champs-Élysées,Boutique,Horlogerie,2026-06-14,38490.68,EUR,38490.68
TXN005893,CUST03143,Moyen-Orient,Abu Dhabi,Boutique,Joaillerie,2025-07-25,92465.96,AED,23116.49
TXN005894,CUST03143,Moyen-Orient,Abu Dhabi,Boutique,Accessoires & Parfums,2025-12-10,3058.62,AED,764.66
TXN005895,CUST03143,Moyen-Orient,Abu Dhabi,Boutique,Mariage,2026-05-01,55934.39,AED,13983.6
TXN005896,CUST03144,Chine,Shanghai,Boutique,Horlogerie,2025-06-27,253133.07,CNY,32907.3
TXN005897,CUST03144,Chine,Shanghai,Boutique,Joaillerie,2025-12-06,196955.64,CNY,25604.23
TXN005898,CUST03144,Chine,Shanghai,Boutique,Joaillerie,2026-04-02,121020.75,CNY,15732.7
TXN005899,CUST03146,Moyen-Orient,Abu Dhabi,Boutique,Joaillerie,2025-08-27,35087.48,AED,8771.87
TXN005900,CUST03146,Moyen-Orient,Abu Dhabi,En ligne,Mariage,2026-02-05,57635.3,AED,14408.83
TXN005901,CUST03146,Moyen-Orient,Abu Dhabi,Boutique,Joaillerie,2026-07-27,48889.92,AED,12222.48
TXN005902,CUST03147,Chine,Pékin,Boutique,Mariage,2025-11-29,97311.64,CNY,12650.51
TXN005903,CUST03147,Chine,Pékin,Événement privé,Accessoires & Parfums,2026-04-16,3663.65,CNY,476.27
TXN005904,CUST03148,Moyen-Orient,Dubaï Mall,Boutique,Joaillerie,2025-12-07,60215.22,AED,15053.8
TXN005905,CUST03148,Moyen-Orient,Dubaï Mall,Boutique,Mariage,2026-06-05,64709.38,AED,16177.35
TXN005906,CUST03149,Chine,Hong Kong,Boutique,Mariage,2026-01-01,95303.66,CNY,12389.48
TXN005907,CUST03149,Chine,Hong Kong,En ligne,Joaillerie,2026-05-28,61035.77,CNY,7934.65
TXN005908,CUST03150,France (siège),Paris Vendôme,Boutique,Accessoires & Parfums,2025-05-08,558.04,EUR,558.04
TXN005909,CUST03150,France (siège),Paris Vendôme,Boutique,Accessoires & Parfums,2025-09-10,746.82,EUR,746.82
TXN005910,CUST03150,France (siège),Paris Vendôme,En ligne,Joaillerie,2026-02-20,21498.99,EUR,21498.99
TXN005911,CUST03150,France (siège),Paris Vendôme,Boutique,Joaillerie,2026-07-14,22287.86,EUR,22287.86
TXN005912,CUST03151,Chine,Shanghai,Boutique,Mariage,2026-03-18,86151.78,CNY,11199.73
TXN005913,CUST03152,Moyen-Orient,Abu Dhabi,Événement privé,Mariage,2025-09-27,27202.24,AED,6800.56
TXN005914,CUST03153,Chine,Pékin,Boutique,Horlogerie,2025-10-07,292684.13,CNY,38048.94
TXN005915,CUST03153,Chine,Pékin,Boutique,Joaillerie,2026-02-19,142792.22,CNY,18562.99
TXN005916,CUST03153,Chine,Pékin,Boutique,Accessoires & Parfums,2026-07-30,5437.15,CNY,706.83
TXN005917,CUST03154,USA,Bal Harbour,En ligne,Joaillerie,2026-07-27,13236.59,USD,12177.66
TXN005918,CUST03155,Chine,Pékin,En ligne,Horlogerie,2025-03-21,257552.2,CNY,33481.79
TXN005919,CUST03155,Chine,Pékin,En ligne,Mariage,2025-10-02,58744.82,CNY,7636.83
TXN005920,CUST03155,Chine,Pékin,Événement privé,Accessoires & Parfums,2026-04-11,6079.39,CNY,790.32
TXN005921,CUST03156,Moyen-Orient,Abu Dhabi,Boutique,Joaillerie,2026-03-22,55729.62,AED,13932.41
TXN005922,CUST03156,Moyen-Orient,Abu Dhabi,Événement privé,Mariage,2026-07-13,67519.38,AED,16879.84
TXN005923,CUST03157,Chine,Shanghai,Boutique,Accessoires & Parfums,2025-10-24,5803.3,CNY,754.43
TXN005924,CUST03157,Chine,Shanghai,En ligne,Accessoires & Parfums,2026-03-26,7749.55,CNY,1007.44
TXN005925,CUST03158,Moyen-Orient,Abu Dhabi,Boutique,Accessoires & Parfums,2025-08-12,3698.99,AED,924.75
TXN005926,CUST03158,Moyen-Orient,Abu Dhabi,En ligne,Horlogerie,2026-02-04,91144.01,AED,22786.0
TXN005927,CUST03158,Moyen-Orient,Abu Dhabi,Événement privé,Joaillerie,2026-07-09,45420.89,AED,11355.22
TXN005928,CUST03159,Chine,Pékin,Boutique,Joaillerie,2026-03-05,114985.16,CNY,14948.07
TXN005929,CUST03160,Chine,Shanghai,Boutique,Mariage,2025-04-13,88284.52,CNY,11476.99
TXN005930,CUST03160,Chine,Shanghai,Boutique,Joaillerie,2025-10-26,179305.71,CNY,23309.74
TXN005931,CUST03160,Chine,Shanghai,Boutique,Joaillerie,2026-04-02,91160.61,CNY,11850.88
TXN005932,CUST03161,Moyen-Orient,Dubaï Mall,Boutique,Joaillerie,2026-05-07,48633.43,AED,12158.36
TXN005933,CUST03162,France (siège),Paris Vendôme,Boutique,Joaillerie,2025-01-23,27719.3,EUR,27719.3
TXN005934,CUST03163,Moyen-Orient,Abu Dhabi,Boutique,Accessoires & Parfums,2026-05-05,2957.09,AED,739.27
TXN005935,CUST03164,France (siège),Cannes,Boutique,Accessoires & Parfums,2025-02-01,872.06,EUR,872.06
TXN005936,CUST03164,France (siège),Cannes,En ligne,Mariage,2025-05-24,18762.64,EUR,18762.64
TXN005937,CUST03164,France (siège),Cannes,Boutique,Horlogerie,2025-11-11,27502.32,EUR,27502.32
TXN005938,CUST03164,France (siège),Cannes,En ligne,Accessoires & Parfums,2026-04-05,776.49,EUR,776.49
TXN005939,CUST03165,USA,New York 5th Ave,Boutique,Joaillerie,2025-09-22,16792.35,USD,15448.96
TXN005940,CUST03165,USA,New York 5th Ave,Événement privé,Joaillerie,2026-02-07,17226.04,USD,15847.95
TXN005941,CUST03166,Chine,Hong Kong,Boutique,Accessoires & Parfums,2026-03-29,7526.03,CNY,978.38
TXN005942,CUST03167,Chine,Shanghai,Événement privé,Mariage,2026-04-05,177831.28,CNY,23118.07
TXN005943,CUST03167,Chine,Shanghai,Boutique,Accessoires & Parfums,2026-07-13,8373.15,CNY,1088.51
TXN005944,CUST03168,Chine,Hong Kong,Boutique,Joaillerie,2025-10-20,44584.52,CNY,5795.99
TXN005945,CUST03168,Chine,Hong Kong,Boutique,Joaillerie,2026-05-06,126825.71,CNY,16487.34
TXN005946,CUST03169,Japon,Tokyo Ginza,Boutique,Accessoires & Parfums,2026-01-13,150624.54,JPY,933.87
TXN005947,CUST03170,France (siège),Cannes,Boutique,Accessoires & Parfums,2026-05-23,907.39,EUR,907.39
TXN005948,CUST03171,France (siège),Paris Vendôme,Boutique,Accessoires & Parfums,2026-01-08,523.78,EUR,523.78
TXN005949,CUST03171,France (siège),Paris Vendôme,Boutique,Mariage,2026-06-30,10438.53,EUR,10438.53
TXN005950,CUST03172,France (siège),Cannes,En ligne,Horlogerie,2025-06-23,25931.72,EUR,25931.72
TXN005951,CUST03172,France (siège),Cannes,Boutique,Joaillerie,2025-11-23,26004.01,EUR,26004.01
TXN005952,CUST03172,France (siège),Cannes,Boutique,Mariage,2026-05-09,10462.08,EUR,10462.08
TXN005953,CUST03174,USA,Beverly Hills,Boutique,Joaillerie,2026-04-21,22190.33,USD,20415.11
TXN005954,CUST03175,USA,Bal Harbour,En ligne,Accessoires & Parfums,2026-02-24,530.03,USD,487.63
TXN005955,CUST03176,Japon,Osaka,Boutique,Accessoires & Parfums,2025-03-20,119297.85,JPY,739.65
TXN005956,CUST03176,Japon,Osaka,Boutique,Accessoires & Parfums,2025-08-16,168652.05,JPY,1045.64
TXN005957,CUST03176,Japon,Osaka,Boutique,Accessoires & Parfums,2025-12-12,98731.21,JPY,612.13
TXN005958,CUST03176,Japon,Osaka,En ligne,Accessoires & Parfums,2026-06-05,149215.8,JPY,925.14
TXN005959,CUST03177,Moyen-Orient,Abu Dhabi,Boutique,Accessoires & Parfums,2025-03-27,3873.32,AED,968.33
TXN005960,CUST03177,Moyen-Orient,Abu Dhabi,Boutique,Joaillerie,2025-09-14,54950.29,AED,13737.57
TXN005961,CUST03178,USA,New York 5th Ave,Boutique,Horlogerie,2025-01-17,18834.0,USD,17327.28
TXN005962,CUST03179,France (siège),Paris Vendôme,Boutique,Accessoires & Parfums,2025-01-07,787.46,EUR,787.46
TXN005963,CUST03179,France (siège),Paris Vendôme,Boutique,Accessoires & Parfums,2025-05-16,1003.82,EUR,1003.82
TXN005964,CUST03179,France (siège),Paris Vendôme,Boutique,Accessoires & Parfums,2025-09-18,1250.28,EUR,1250.28
TXN005965,CUST03179,France (siège),Paris Vendôme,En ligne,Joaillerie,2026-02-19,17868.65,EUR,17868.65
TXN005966,CUST03179,France (siège),Paris Vendôme,En ligne,Accessoires & Parfums,2026-07-08,1067.54,EUR,1067.54
TXN005967,CUST03180,France (siège),Paris Vendôme,Boutique,Joaillerie,2026-04-25,10771.09,EUR,10771.09
TXN005968,CUST03181,Chine,Shanghai,En ligne,Joaillerie,2025-11-21,172052.77,CNY,22366.86
TXN005969,CUST03181,Chine,Shanghai,En ligne,Mariage,2026-04-09,95741.5,CNY,12446.39
TXN005970,CUST03182,Chine,Shanghai,Boutique,Accessoires & Parfums,2025-05-23,6960.06,CNY,904.81
TXN005971,CUST03182,Chine,Shanghai,Boutique,Joaillerie,2025-11-03,109157.6,CNY,14190.49
TXN005972,CUST03183,USA,Bal Harbour,Boutique,Accessoires & Parfums,2025-08-24,1101.57,USD,1013.44
TXN005973,CUST03183,USA,Bal Harbour,Boutique,Accessoires & Parfums,2026-01-30,1453.5,USD,1337.22
TXN005974,CUST03183,USA,Bal Harbour,Boutique,Accessoires & Parfums,2026-06-01,761.27,USD,700.36
TXN005975,CUST03184,Chine,Hong Kong,En ligne,Joaillerie,2025-02-04,34274.55,CNY,4455.69
TXN005976,CUST03184,Chine,Hong Kong,Boutique,Accessoires & Parfums,2025-06-30,4358.42,CNY,566.59
TXN005977,CUST03184,Chine,Hong Kong,Boutique,Joaillerie,2025-11-04,117440.95,CNY,15267.32
TXN005978,CUST03184,Chine,Hong Kong,En ligne,Accessoires & Parfums,2026-03-28,9823.92,CNY,1277.11
TXN005979,CUST03185,USA,New York 5th Ave,En ligne,Joaillerie,2026-06-11,13775.58,USD,12673.54
TXN005980,CUST03186,Japon,Tokyo Ginza,En ligne,Mariage,2026-04-09,1476909.62,JPY,9156.84
TXN005981,CUST03187,USA,Bal Harbour,En ligne,Accessoires & Parfums,2026-04-03,1319.73,USD,1214.15
TXN005982,CUST03188,USA,Bal Harbour,Boutique,Horlogerie,2025-05-06,24584.64,USD,22617.87
TXN005983,CUST03188,USA,Bal Harbour,Boutique,Accessoires & Parfums,2025-10-21,959.91,USD,883.12
TXN005984,CUST03188,USA,Bal Harbour,En ligne,Accessoires & Parfums,2026-04-14,717.9,USD,660.47
TXN005985,CUST03189,Moyen-Orient,Abu Dhabi,Boutique,Joaillerie,2025-05-23,46895.35,AED,11723.84
TXN005986,CUST03189,Moyen-Orient,Abu Dhabi,Boutique,Joaillerie,2025-11-19,43794.72,AED,10948.68
TXN005987,CUST03189,Moyen-Orient,Abu Dhabi,Boutique,Joaillerie,2026-05-10,18999.9,AED,4749.98
TXN005988,CUST03190,France (siège),Paris Champs-Élysées,En ligne,Accessoires & Parfums,2025-11-23,401.88,EUR,401.88
TXN005989,CUST03190,France (siège),Paris Champs-Élysées,En ligne,Accessoires & Parfums,2026-04-12,811.11,EUR,811.11
TXN005990,CUST03191,USA,Beverly Hills,Boutique,Joaillerie,2025-08-07,3337.59,USD,3070.59
TXN005991,CUST03191,USA,Beverly Hills,Événement privé,Mariage,2025-12-16,15898.29,USD,14626.42
TXN005992,CUST03191,USA,Beverly Hills,Boutique,Joaillerie,2026-05-14,11096.54,USD,10208.82
TXN005993,CUST03192,Chine,Hong Kong,Boutique,Joaillerie,2025-09-19,75919.06,CNY,9869.48
TXN005994,CUST03192,Chine,Hong Kong,Boutique,Mariage,2026-02-24,71441.03,CNY,9287.33
TXN005995,CUST03193,USA,Beverly Hills,En ligne,Joaillerie,2026-06-28,17730.89,USD,16312.42
TXN005996,CUST03194,USA,Bal Harbour,En ligne,Haute Joaillerie,2026-02-04,84423.64,USD,77669.75
TXN005997,CUST03195,Chine,Pékin,En ligne,Accessoires & Parfums,2025-12-03,7465.68,CNY,970.54
TXN005998,CUST03195,Chine,Pékin,Boutique,Joaillerie,2026-04-26,152488.82,CNY,19823.55
TXN005999,CUST03197,Moyen-Orient,Abu Dhabi,En ligne,Accessoires & Parfums,2025-10-13,2639.08,AED,659.77
TXN006000,CUST03197,Moyen-Orient,Abu Dhabi,Boutique,Joaillerie,2026-03-13,45293.29,AED,11323.32
TXN006001,CUST03198,France (siège),Paris Champs-Élysées,Boutique,Accessoires & Parfums,2026-01-19,477.12,EUR,477.12
TXN006002,CUST03198,France (siège),Paris Champs-Élysées,En ligne,Joaillerie,2026-07-22,12716.92,EUR,12716.92
TXN006003,CUST03199,Moyen-Orient,Dubaï Mall,Événement privé,Accessoires & Parfums,2025-08-11,2290.32,AED,572.58
TXN006004,CUST03200,USA,Beverly Hills,Boutique,Horlogerie,2025-12-01,35836.98,USD,32970.02
TXN006005,CUST03201,Chine,Pékin,Boutique,Mariage,2025-10-31,79668.97,CNY,10356.97
TXN006006,CUST03201,Chine,Pékin,Boutique,Mariage,2026-04-10,72759.81,CNY,9458.78
TXN006007,CUST03202,Japon,Tokyo Ginza,Boutique,Horlogerie,2026-04-22,6352616.02,JPY,39386.22
TXN006008,CUST03203,USA,Bal Harbour,Boutique,Joaillerie,2025-04-25,16154.21,USD,14861.87
TXN006009,CUST03203,USA,Bal Harbour,Événement privé,Horlogerie,2025-10-10,31339.52,USD,28832.36
TXN006010,CUST03203,USA,Bal Harbour,Boutique,Accessoires & Parfums,2026-03-04,775.28,USD,713.26
TXN006011,CUST03205,USA,Bal Harbour,Boutique,Horlogerie,2025-08-20,22481.92,USD,20683.36
TXN006012,CUST03205,USA,Bal Harbour,Boutique,Haute Joaillerie,2025-12-19,197764.07,USD,181942.94
TXN006013,CUST03205,USA,Bal Harbour,Boutique,Mariage,2026-06-25,9600.08,USD,8832.08
TXN006014,CUST03206,Japon,Tokyo Ginza,Événement privé,Mariage,2025-03-30,1544985.34,JPY,9578.91
TXN006015,CUST03206,Japon,Tokyo Ginza,En ligne,Accessoires & Parfums,2025-08-22,120889.22,JPY,749.51
TXN006016,CUST03206,Japon,Tokyo Ginza,Boutique,Mariage,2026-01-30,1254748.55,JPY,7779.44
TXN006017,CUST03206,Japon,Tokyo Ginza,En ligne,Joaillerie,2026-07-13,1117182.28,JPY,6926.53
TXN006018,CUST03207,Japon,Tokyo Ginza,En ligne,Accessoires & Parfums,2025-06-24,171409.46,JPY,1062.74
TXN006019,CUST03207,Japon,Tokyo Ginza,En ligne,Accessoires & Parfums,2025-10-28,194800.33,JPY,1207.76
TXN006020,CUST03207,Japon,Tokyo Ginza,Boutique,Joaillerie,2026-03-30,2316178.08,JPY,14360.3
TXN006021,CUST03208,Moyen-Orient,Abu Dhabi,En ligne,Accessoires & Parfums,2025-12-08,5249.33,AED,1312.33
TXN006022,CUST03208,Moyen-Orient,Abu Dhabi,Événement privé,Mariage,2026-06-14,78134.47,AED,19533.62
TXN006023,CUST03209,Chine,Hong Kong,Boutique,Mariage,2025-06-05,73065.89,CNY,9498.57
TXN006024,CUST03209,Chine,Hong Kong,Événement privé,Joaillerie,2025-12-21,69726.56,CNY,9064.45
TXN006025,CUST03209,Chine,Hong Kong,Boutique,Accessoires & Parfums,2026-06-24,2477.59,CNY,322.09
TXN006026,CUST03211,USA,Beverly Hills,Événement privé,Accessoires & Parfums,2025-10-04,1057.57,USD,972.96
TXN006027,CUST03211,USA,Beverly Hills,Boutique,Horlogerie,2026-02-10,26301.23,USD,24197.13
TXN006028,CUST03211,USA,Beverly Hills,Boutique,Joaillerie,2026-07-14,13567.68,USD,12482.26
TXN006029,CUST03212,USA,Bal Harbour,Boutique,Accessoires & Parfums,2025-10-24,1508.65,USD,1387.96
TXN006030,CUST03212,USA,Bal Harbour,Événement privé,Joaillerie,2026-02-21,12403.54,USD,11411.25
TXN006031,CUST03212,USA,Bal Harbour,En ligne,Joaillerie,2026-06-10,24818.13,USD,22832.68
TXN006032,CUST03213,France (siège),Paris Champs-Élysées,Événement privé,Joaillerie,2026-01-08,21636.09,EUR,21636.09
TXN006033,CUST03213,France (siège),Paris Champs-Élysées,Boutique,Mariage,2026-04-20,19483.35,EUR,19483.35
TXN006034,CUST03214,Chine,Shanghai,Boutique,Accessoires & Parfums,2026-02-12,8751.15,CNY,1137.65
TXN006035,CUST03214,Chine,Shanghai,Événement privé,Joaillerie,2026-07-26,163848.18,CNY,21300.26
TXN006036,CUST03215,Chine,Shanghai,Boutique,Joaillerie,2026-05-21,78722.38,CNY,10233.91
TXN006037,CUST03216,Chine,Pékin,En ligne,Mariage,2025-04-17,101819.4,CNY,13236.52
TXN006038,CUST03216,Chine,Pékin,Boutique,Accessoires & Parfums,2025-10-02,7073.41,CNY,919.54
TXN006039,CUST03216,Chine,Pékin,Boutique,Mariage,2026-02-01,122738.88,CNY,15956.05
TXN006040,CUST03216,Chine,Pékin,En ligne,Joaillerie,2026-06-05,139122.14,CNY,18085.88
TXN006041,CUST03217,France (siège),Paris Vendôme,En ligne,Accessoires & Parfums,2026-07-09,1220.1,EUR,1220.1
TXN006042,CUST03218,USA,Bal Harbour,Boutique,Accessoires & Parfums,2025-04-06,569.71,USD,524.13
TXN006043,CUST03218,USA,Bal Harbour,En ligne,Joaillerie,2025-09-03,11830.14,USD,10883.73
TXN006044,CUST03218,USA,Bal Harbour,En ligne,Accessoires & Parfums,2026-02-01,1192.2,USD,1096.82
TXN006045,CUST03218,USA,Bal Harbour,En ligne,Horlogerie,2026-07-06,40785.47,USD,37522.63
TXN006046,CUST03220,Moyen-Orient,Abu Dhabi,En ligne,Mariage,2025-02-02,64229.92,AED,16057.48
TXN006047,CUST03220,Moyen-Orient,Abu Dhabi,En ligne,Accessoires & Parfums,2025-06-30,6094.13,AED,1523.53
TXN006048,CUST03220,Moyen-Orient,Abu Dhabi,Boutique,Accessoires & Parfums,2025-10-27,5979.54,AED,1494.88
TXN006049,CUST03220,Moyen-Orient,Abu Dhabi,Boutique,Accessoires & Parfums,2026-02-27,1898.9,AED,474.72
TXN006050,CUST03220,Moyen-Orient,Abu Dhabi,En ligne,Accessoires & Parfums,2026-06-29,5319.2,AED,1329.8
TXN006051,CUST03221,Chine,Pékin,En ligne,Accessoires & Parfums,2025-07-30,5847.48,CNY,760.17
TXN006052,CUST03221,Chine,Pékin,Boutique,Joaillerie,2025-12-08,119761.03,CNY,15568.93
TXN006053,CUST03221,Chine,Pékin,En ligne,Haute Joaillerie,2026-06-01,652185.81,CNY,84784.15
TXN006054,CUST03222,Chine,Pékin,En ligne,Accessoires & Parfums,2025-09-18,8825.21,CNY,1147.28
TXN006055,CUST03222,Chine,Pékin,Boutique,Joaillerie,2026-02-07,238399.22,CNY,30991.9
TXN006056,CUST03222,Chine,Pékin,Boutique,Mariage,2026-05-06,132795.06,CNY,17263.36
TXN006057,CUST03223,France (siège),Cannes,Boutique,Horlogerie,2026-02-20,28613.58,EUR,28613.58
TXN006058,CUST03223,France (siège),Cannes,En ligne,Joaillerie,2026-06-11,26152.88,EUR,26152.88
TXN006059,CUST03224,France (siège),Paris Vendôme,En ligne,Haute Joaillerie,2025-08-11,153326.74,EUR,153326.74
TXN006060,CUST03224,France (siège),Paris Vendôme,Boutique,Accessoires & Parfums,2025-12-10,1438.28,EUR,1438.28
TXN006061,CUST03224,France (siège),Paris Vendôme,Boutique,Horlogerie,2026-04-25,35355.75,EUR,35355.75
TXN006062,CUST03225,USA,New York 5th Ave,Boutique,Joaillerie,2026-07-31,17373.47,USD,15983.59
TXN006063,CUST03226,Moyen-Orient,Abu Dhabi,Boutique,Accessoires & Parfums,2025-06-30,2597.81,AED,649.45
TXN006064,CUST03226,Moyen-Orient,Abu Dhabi,Boutique,Joaillerie,2026-01-11,21146.05,AED,5286.51
TXN006065,CUST03226,Moyen-Orient,Abu Dhabi,Boutique,Accessoires & Parfums,2026-07-14,2690.88,AED,672.72
TXN006066,CUST03227,Japon,Osaka,Boutique,Horlogerie,2025-07-31,2016269.42,JPY,12500.87
TXN006067,CUST03227,Japon,Osaka,En ligne,Mariage,2026-01-12,1476422.66,JPY,9153.82
TXN006068,CUST03227,Japon,Osaka,Boutique,Accessoires & Parfums,2026-06-11,124660.53,JPY,772.9
TXN006069,CUST03228,USA,New York 5th Ave,Boutique,Accessoires & Parfums,2025-04-30,986.68,USD,907.75
TXN006070,CUST03228,USA,New York 5th Ave,Boutique,Accessoires & Parfums,2025-10-24,722.59,USD,664.78
TXN006071,CUST03228,USA,New York 5th Ave,En ligne,Accessoires & Parfums,2026-04-15,545.47,USD,501.83
TXN006072,CUST03229,Moyen-Orient,Abu Dhabi,Boutique,Haute Joaillerie,2026-02-16,271854.21,AED,67963.55
TXN006073,CUST03230,Japon,Osaka,En ligne,Mariage,2026-04-14,2148724.49,JPY,13322.09
TXN006074,CUST03231,France (siège),Cannes,En ligne,Joaillerie,2025-12-29,15752.97,EUR,15752.97
TXN006075,CUST03231,France (siège),Cannes,En ligne,Joaillerie,2026-06-17,19430.12,EUR,19430.12
TXN006076,CUST03233,France (siège),Cannes,Boutique,Joaillerie,2026-03-14,21283.39,EUR,21283.39
TXN006077,CUST03234,USA,New York 5th Ave,En ligne,Accessoires & Parfums,2026-03-27,887.17,USD,816.2
TXN006078,CUST03235,France (siège),Paris Champs-Élysées,Événement privé,Horlogerie,2026-05-08,40351.66,EUR,40351.66
TXN006079,CUST03236,Japon,Osaka,Événement privé,Haute Joaillerie,2026-07-09,25121114.67,JPY,155750.91
TXN006080,CUST03237,Chine,Pékin,Boutique,Horlogerie,2025-04-07,75676.35,CNY,9837.93
TXN006081,CUST03237,Chine,Pékin,Boutique,Horlogerie,2025-08-27,224387.01,CNY,29170.31
TXN006082,CUST03237,Chine,Pékin,Événement privé,Joaillerie,2026-01-19,161833.07,CNY,21038.3
TXN006083,CUST03237,Chine,Pékin,Boutique,Mariage,2026-07-05,104738.64,CNY,13616.02
TXN006084,CUST03238,Chine,Hong Kong,En ligne,Accessoires & Parfums,2025-06-25,5653.47,CNY,734.95
TXN006085,CUST03238,Chine,Hong Kong,Boutique,Accessoires & Parfums,2025-12-24,5561.68,CNY,723.02
TXN006086,CUST03239,France (siège),Cannes,Boutique,Joaillerie,2025-09-22,9845.97,EUR,9845.97
TXN006087,CUST03240,USA,Beverly Hills,En ligne,Horlogerie,2025-04-19,22088.51,USD,20321.43
TXN006088,CUST03240,USA,Beverly Hills,Boutique,Horlogerie,2025-11-20,20706.57,USD,19050.05
TXN006089,CUST03240,USA,Beverly Hills,En ligne,Haute Joaillerie,2026-05-04,107147.49,USD,98575.69
TXN006090,CUST03241,Chine,Shanghai,Boutique,Accessoires & Parfums,2026-01-27,7535.71,CNY,979.64
TXN006091,CUST03241,Chine,Shanghai,Boutique,Haute Joaillerie,2026-07-30,594727.3,CNY,77314.55
TXN006092,CUST03242,Moyen-Orient,Dubaï Mall,Boutique,Joaillerie,2026-02-27,75255.94,AED,18813.98
TXN006093,CUST03242,Moyen-Orient,Dubaï Mall,Boutique,Joaillerie,2026-05-17,92163.65,AED,23040.91
TXN006094,CUST03243,France (siège),Paris Champs-Élysées,Boutique,Accessoires & Parfums,2026-07-05,937.48,EUR,937.48
TXN006095,CUST03244,Chine,Pékin,Boutique,Accessoires & Parfums,2025-08-02,5551.3,CNY,721.67
TXN006096,CUST03244,Chine,Pékin,En ligne,Joaillerie,2026-02-23,71886.29,CNY,9345.22
TXN006097,CUST03245,France (siège),Paris Champs-Élysées,Boutique,Mariage,2025-02-22,14979.45,EUR,14979.45
TXN006098,CUST03245,France (siège),Paris Champs-Élysées,Boutique,Joaillerie,2025-06-05,23588.72,EUR,23588.72
TXN006099,CUST03245,France (siège),Paris Champs-Élysées,Événement privé,Accessoires & Parfums,2025-10-10,952.85,EUR,952.85
TXN006100,CUST03245,France (siège),Paris Champs-Élysées,Événement privé,Mariage,2026-02-23,21174.42,EUR,21174.42
TXN006101,CUST03245,France (siège),Paris Champs-Élysées,En ligne,Haute Joaillerie,2026-07-21,133297.91,EUR,133297.91
TXN006102,CUST03246,Chine,Hong Kong,En ligne,Mariage,2026-02-24,58094.28,CNY,7552.26
TXN006103,CUST03247,Chine,Pékin,Boutique,Accessoires & Parfums,2025-10-25,5862.27,CNY,762.1
TXN006104,CUST03247,Chine,Pékin,Boutique,Mariage,2026-04-10,64904.61,CNY,8437.6
TXN006105,CUST03248,France (siège),Cannes,Boutique,Mariage,2026-06-05,12624.72,EUR,12624.72
TXN006106,CUST03249,Moyen-Orient,Dubaï Mall,Boutique,Accessoires & Parfums,2026-03-17,4079.41,AED,1019.85
TXN006107,CUST03250,Japon,Tokyo Ginza,En ligne,Horlogerie,2025-07-25,2257705.22,JPY,13997.77
TXN006108,CUST03250,Japon,Tokyo Ginza,Boutique,Horlogerie,2025-12-18,7190834.71,JPY,44583.18
TXN006109,CUST03250,Japon,Tokyo Ginza,En ligne,Mariage,2026-06-01,1576264.23,JPY,9772.84
TXN006110,CUST03251,USA,Bal Harbour,Boutique,Accessoires & Parfums,2025-09-09,880.56,USD,810.11
TXN006111,CUST03251,USA,Bal Harbour,Boutique,Haute Joaillerie,2026-02-15,125738.35,USD,115679.28
TXN006112,CUST03252,USA,Bal Harbour,Boutique,Joaillerie,2025-08-30,12495.16,USD,11495.55
TXN006113,CUST03252,USA,Bal Harbour,Boutique,Mariage,2026-01-26,7385.94,USD,6795.07
TXN006114,CUST03252,USA,Bal Harbour,Boutique,Joaillerie,2026-07-09,13163.54,USD,12110.45
TXN006115,CUST03253,Chine,Pékin,Boutique,Accessoires & Parfums,2025-08-03,5450.93,CNY,708.62
TXN006116,CUST03253,Chine,Pékin,En ligne,Horlogerie,2026-01-25,331820.44,CNY,43136.66
TXN006117,CUST03253,Chine,Pékin,En ligne,Haute Joaillerie,2026-06-18,243205.42,CNY,31616.7
TXN006118,CUST03254,Chine,Shanghai,Boutique,Haute Joaillerie,2025-07-20,816550.8,CNY,106151.6
TXN006119,CUST03255,France (siège),Cannes,Boutique,Joaillerie,2026-06-23,17515.53,EUR,17515.53
TXN006120,CUST03256,Chine,Pékin,En ligne,Joaillerie,2026-05-27,104170.08,CNY,13542.11
TXN006121,CUST03257,France (siège),Paris Vendôme,Boutique,Mariage,2026-02-03,7177.2,EUR,7177.2
TXN006122,CUST03258,France (siège),Paris Vendôme,Événement privé,Accessoires & Parfums,2026-03-26,890.38,EUR,890.38
TXN006123,CUST03259,Japon,Osaka,Événement privé,Joaillerie,2025-06-07,2346610.47,JPY,14548.98
TXN006124,CUST03259,Japon,Osaka,Événement privé,Accessoires & Parfums,2025-11-06,153350.51,JPY,950.77
TXN006125,CUST03259,Japon,Osaka,Boutique,Accessoires & Parfums,2026-05-04,177821.12,JPY,1102.49
TXN006126,CUST03259,Japon,Osaka,Boutique,Joaillerie,2026-07-31,3336260.35,JPY,20684.81
TXN006127,CUST03260,Japon,Osaka,Boutique,Accessoires & Parfums,2026-03-28,151878.57,JPY,941.65
TXN006128,CUST03261,Japon,Osaka,En ligne,Mariage,2026-04-01,1508447.65,JPY,9352.38
TXN006129,CUST03262,Moyen-Orient,Abu Dhabi,Boutique,Joaillerie,2025-08-19,54854.58,AED,13713.64
TXN006130,CUST03262,Moyen-Orient,Abu Dhabi,Événement privé,Joaillerie,2026-01-15,59040.39,AED,14760.1
TXN006131,CUST03262,Moyen-Orient,Abu Dhabi,Boutique,Mariage,2026-06-18,61736.31,AED,15434.08
TXN006132,CUST03263,Moyen-Orient,Dubaï Mall,En ligne,Accessoires & Parfums,2025-08-23,3866.1,AED,966.52
TXN006133,CUST03263,Moyen-Orient,Dubaï Mall,Boutique,Joaillerie,2026-02-11,67986.06,AED,16996.52
TXN006134,CUST03263,Moyen-Orient,Dubaï Mall,En ligne,Haute Joaillerie,2026-07-24,329673.89,AED,82418.47
TXN006135,CUST03264,Chine,Pékin,En ligne,Joaillerie,2025-09-24,125044.82,CNY,16255.83
TXN006136,CUST03264,Chine,Pékin,Boutique,Joaillerie,2026-02-23,158725.21,CNY,20634.28
TXN006137,CUST03264,Chine,Pékin,Boutique,Accessoires & Parfums,2026-07-25,6631.21,CNY,862.06
TXN006138,CUST03265,France (siège),Paris Champs-Élysées,En ligne,Accessoires & Parfums,2026-06-06,982.83,EUR,982.83
TXN006139,CUST03266,Chine,Shanghai,En ligne,Joaillerie,2026-02-25,134346.77,CNY,17465.08
TXN006140,CUST03267,Moyen-Orient,Abu Dhabi,En ligne,Haute Joaillerie,2025-11-19,536564.3,AED,134141.07
TXN006141,CUST03267,Moyen-Orient,Abu Dhabi,Boutique,Joaillerie,2026-03-24,58861.84,AED,14715.46
TXN006142,CUST03268,Chine,Shanghai,En ligne,Horlogerie,2026-04-04,139703.18,CNY,18161.41
TXN006143,CUST03269,USA,Bal Harbour,Boutique,Joaillerie,2025-05-09,15631.25,USD,14380.75
TXN006144,CUST03269,USA,Bal Harbour,Boutique,Mariage,2025-09-01,15536.25,USD,14293.35
TXN006145,CUST03269,USA,Bal Harbour,Événement privé,Joaillerie,2025-12-31,28636.98,USD,26346.02
TXN006146,CUST03269,USA,Bal Harbour,Boutique,Mariage,2026-06-14,12154.41,USD,11182.06
TXN006147,CUST03270,Moyen-Orient,Dubaï Mall,Boutique,Mariage,2025-04-07,38807.61,AED,9701.9
TXN006148,CUST03270,Moyen-Orient,Dubaï Mall,Boutique,Horlogerie,2025-09-15,112128.53,AED,28032.13
TXN006149,CUST03270,Moyen-Orient,Dubaï Mall,Boutique,Accessoires & Parfums,2026-01-21,3627.43,AED,906.86
TXN006150,CUST03270,Moyen-Orient,Dubaï Mall,Boutique,Accessoires & Parfums,2026-07-09,3880.85,AED,970.21
TXN006151,CUST03271,Chine,Shanghai,Boutique,Joaillerie,2026-03-04,193015.71,CNY,25092.04
TXN006152,CUST03271,Chine,Shanghai,Boutique,Horlogerie,2026-06-08,202471.52,CNY,26321.3
TXN006153,CUST03272,Japon,Tokyo Ginza,Boutique,Joaillerie,2026-05-16,2103770.53,JPY,13043.38
TXN006154,CUST03273,Chine,Shanghai,Boutique,Mariage,2025-07-22,139492.59,CNY,18134.04
TXN006155,CUST03273,Chine,Shanghai,En ligne,Accessoires & Parfums,2026-01-08,7006.1,CNY,910.79
TXN006156,CUST03273,Chine,Shanghai,Boutique,Accessoires & Parfums,2026-07-14,4091.25,CNY,531.86
TXN006157,CUST03274,France (siège),Paris Champs-Élysées,Boutique,Joaillerie,2026-05-31,14572.67,EUR,14572.67
TXN006158,CUST03276,USA,Bal Harbour,Boutique,Accessoires & Parfums,2025-10-13,807.85,USD,743.22
TXN006159,CUST03276,USA,Bal Harbour,Boutique,Horlogerie,2026-03-12,19375.47,USD,17825.43
TXN006160,CUST03277,Japon,Osaka,Boutique,Horlogerie,2025-10-01,4031940.09,JPY,24998.03
TXN006161,CUST03277,Japon,Osaka,En ligne,Horlogerie,2026-02-17,3905679.82,JPY,24215.21
TXN006162,CUST03278,France (siège),Cannes,Boutique,Joaillerie,2026-05-11,13405.83,EUR,13405.83
TXN006163,CUST03279,USA,New York 5th Ave,En ligne,Joaillerie,2025-08-17,40467.87,USD,37230.44
TXN006164,CUST03279,USA,New York 5th Ave,Boutique,Accessoires & Parfums,2026-01-28,1172.3,USD,1078.52
TXN006165,CUST03279,USA,New York 5th Ave,Boutique,Joaillerie,2026-06-16,34235.08,USD,31496.28
TXN006166,CUST03280,Moyen-Orient,Abu Dhabi,Boutique,Accessoires & Parfums,2026-03-06,3387.8,AED,846.95
TXN006167,CUST03280,Moyen-Orient,Abu Dhabi,Boutique,Mariage,2026-07-24,65950.89,AED,16487.72
TXN006168,CUST03281,Moyen-Orient,Abu Dhabi,Boutique,Horlogerie,2026-06-17,118284.06,AED,29571.01
TXN006169,CUST03282,Japon,Tokyo Ginza,Boutique,Joaillerie,2025-03-10,2969614.07,JPY,18411.61
TXN006170,CUST03282,Japon,Tokyo Ginza,Boutique,Joaillerie,2025-07-22,3530714.28,JPY,21890.43
TXN006171,CUST03282,Japon,Tokyo Ginza,Événement privé,Haute Joaillerie,2025-10-08,29736050.5,JPY,184363.51
TXN006172,CUST03282,Japon,Tokyo Ginza,Événement privé,Haute Joaillerie,2026-02-26,23200662.07,JPY,143844.1
TXN006173,CUST03282,Japon,Tokyo Ginza,Boutique,Joaillerie,2026-06-21,3971203.99,JPY,24621.46
TXN006174,CUST03283,France (siège),Paris Champs-Élysées,En ligne,Haute Joaillerie,2025-06-07,123592.99,EUR,123592.99
TXN006175,CUST03283,France (siège),Paris Champs-Élysées,Boutique,Haute Joaillerie,2025-10-24,90463.53,EUR,90463.53
TXN006176,CUST03283,France (siège),Paris Champs-Élysées,Boutique,Horlogerie,2026-03-11,27127.85,EUR,27127.85
TXN006177,CUST03283,France (siège),Paris Champs-Élysées,Boutique,Joaillerie,2026-07-01,18658.55,EUR,18658.55
TXN006178,CUST03284,USA,Beverly Hills,Boutique,Joaillerie,2026-03-22,16144.71,USD,14853.13
TXN006179,CUST03285,Japon,Osaka,Boutique,Accessoires & Parfums,2025-08-08,76143.89,JPY,472.09
TXN006180,CUST03285,Japon,Osaka,En ligne,Joaillerie,2026-01-24,2643935.8,JPY,16392.4
TXN006181,CUST03285,Japon,Osaka,Boutique,Accessoires & Parfums,2026-06-25,110043.05,JPY,682.27
TXN006182,CUST03286,USA,Beverly Hills,Boutique,Accessoires & Parfums,2025-10-11,571.87,USD,526.12
TXN006183,CUST03286,USA,Beverly Hills,En ligne,Accessoires & Parfums,2026-04-24,1040.01,USD,956.81
TXN006184,CUST03287,Chine,Hong Kong,Boutique,Mariage,2025-07-23,76148.81,CNY,9899.35
TXN006185,CUST03287,Chine,Hong Kong,Événement privé,Accessoires & Parfums,2026-01-05,6143.09,CNY,798.6
TXN006186,CUST03287,Chine,Hong Kong,Boutique,Mariage,2026-05-02,58701.08,CNY,7631.14
TXN006187,CUST03288,Japon,Tokyo Ginza,Boutique,Accessoires & Parfums,2025-04-05,101374.35,JPY,628.52
TXN006188,CUST03288,Japon,Tokyo Ginza,Boutique,Accessoires & Parfums,2025-09-18,168216.07,JPY,1042.94
TXN006189,CUST03288,Japon,Tokyo Ginza,Boutique,Joaillerie,2026-02-22,1978710.24,JPY,12268.0
TXN006190,CUST03289,Chine,Hong Kong,Événement privé,Accessoires & Parfums,2025-10-10,3586.69,CNY,466.27
TXN006191,CUST03289,Chine,Hong Kong,Boutique,Accessoires & Parfums,2026-03-29,4539.27,CNY,590.1
TXN006192,CUST03290,France (siège),Cannes,En ligne,Mariage,2026-06-06,13293.07,EUR,13293.07
TXN006193,CUST03291,USA,New York 5th Ave,Boutique,Accessoires & Parfums,2026-03-12,728.56,USD,670.28
TXN006194,CUST03292,Chine,Hong Kong,Boutique,Joaillerie,2026-04-13,154866.96,CNY,20132.71
TXN006195,CUST03294,Japon,Osaka,En ligne,Accessoires & Parfums,2025-10-20,176960.36,JPY,1097.15
TXN006196,CUST03294,Japon,Osaka,Boutique,Horlogerie,2026-04-28,4075248.08,JPY,25266.54
TXN006197,CUST03295,Chine,Pékin,Boutique,Mariage,2026-03-27,52945.11,CNY,6882.86
TXN006198,CUST03296,Chine,Pékin,En ligne,Haute Joaillerie,2025-03-07,734488.13,CNY,95483.46
TXN006199,CUST03296,Chine,Pékin,Boutique,Haute Joaillerie,2025-08-20,845038.67,CNY,109855.03
TXN006200,CUST03296,Chine,Pékin,Boutique,Haute Joaillerie,2026-01-29,1067809.17,CNY,138815.19
TXN006201,CUST03297,USA,New York 5th Ave,Boutique,Horlogerie,2025-11-27,19799.72,USD,18215.74
TXN006202,CUST03297,USA,New York 5th Ave,Boutique,Haute Joaillerie,2026-06-12,105260.47,USD,96839.64
TXN006203,CUST03298,France (siège),Paris Vendôme,Boutique,Mariage,2025-09-07,10845.58,EUR,10845.58
TXN006204,CUST03298,France (siège),Paris Vendôme,En ligne,Horlogerie,2026-02-18,29215.44,EUR,29215.44
TXN006205,CUST03299,Japon,Tokyo Ginza,Boutique,Accessoires & Parfums,2025-07-20,171179.47,JPY,1061.31
TXN006206,CUST03299,Japon,Tokyo Ginza,En ligne,Joaillerie,2025-12-15,3293636.48,JPY,20420.55
TXN006207,CUST03299,Japon,Tokyo Ginza,Événement privé,Accessoires & Parfums,2026-06-09,248936.34,JPY,1543.41
TXN006208,CUST03300,Japon,Osaka,En ligne,Joaillerie,2025-10-16,1502554.06,JPY,9315.84
TXN006209,CUST03300,Japon,Osaka,En ligne,Joaillerie,2026-03-14,1595548.38,JPY,9892.4
TXN006210,CUST03301,Chine,Hong Kong,Boutique,Accessoires & Parfums,2026-04-02,8632.69,CNY,1122.25
TXN006211,CUST03302,Japon,Osaka,Événement privé,Joaillerie,2026-06-15,2781391.05,JPY,17244.62
TXN006212,CUST03303,USA,Bal Harbour,Boutique,Mariage,2026-05-12,8896.48,USD,8184.76
TXN006213,CUST03304,USA,Bal Harbour,Boutique,Accessoires & Parfums,2025-06-18,984.58,USD,905.82
TXN006214,CUST03304,USA,Bal Harbour,Boutique,Accessoires & Parfums,2025-12-06,812.07,USD,747.11
TXN006215,CUST03304,USA,Bal Harbour,En ligne,Accessoires & Parfums,2026-06-06,584.09,USD,537.36
TXN006216,CUST03305,Chine,Shanghai,Boutique,Haute Joaillerie,2025-11-01,385386.85,CNY,50100.29
TXN006217,CUST03305,Chine,Shanghai,En ligne,Accessoires & Parfums,2026-04-16,6664.96,CNY,866.44
TXN006218,CUST03306,France (siège),Paris Champs-Élysées,En ligne,Accessoires & Parfums,2026-07-22,501.66,EUR,501.66
TXN006219,CUST03307,France (siège),Paris Vendôme,Boutique,Accessoires & Parfums,2025-10-18,1078.11,EUR,1078.11
TXN006220,CUST03307,France (siège),Paris Vendôme,Boutique,Haute Joaillerie,2026-02-09,102793.94,EUR,102793.94
TXN006221,CUST03308,France (siège),Paris Vendôme,Boutique,Horlogerie,2025-06-21,18681.89,EUR,18681.89
TXN006222,CUST03308,France (siège),Paris Vendôme,En ligne,Joaillerie,2025-11-09,20916.33,EUR,20916.33
TXN006223,CUST03308,France (siège),Paris Vendôme,En ligne,Joaillerie,2026-04-14,18889.36,EUR,18889.36
TXN006224,CUST03309,Chine,Hong Kong,Boutique,Joaillerie,2025-03-27,135372.02,CNY,17598.36
TXN006225,CUST03309,Chine,Hong Kong,Boutique,Horlogerie,2025-10-02,160082.85,CNY,20810.77
TXN006226,CUST03309,Chine,Hong Kong,Boutique,Joaillerie,2026-02-18,109449.77,CNY,14228.47
TXN006227,CUST03310,France (siège),Paris Champs-Élysées,Boutique,Accessoires & Parfums,2025-08-12,925.69,EUR,925.69
TXN006228,CUST03310,France (siège),Paris Champs-Élysées,Boutique,Accessoires & Parfums,2025-11-30,885.75,EUR,885.75
TXN006229,CUST03310,France (siège),Paris Champs-Élysées,Boutique,Haute Joaillerie,2026-05-13,132235.2,EUR,132235.2
TXN006230,CUST03311,Chine,Hong Kong,Boutique,Haute Joaillerie,2026-05-02,935167.78,CNY,121571.81
TXN006231,CUST03312,Chine,Hong Kong,Boutique,Accessoires & Parfums,2025-08-29,5195.4,CNY,675.4
TXN006232,CUST03312,Chine,Hong Kong,En ligne,Accessoires & Parfums,2026-01-14,4785.56,CNY,622.12
TXN006233,CUST03312,Chine,Hong Kong,Événement privé,Joaillerie,2026-07-11,83659.31,CNY,10875.71
TXN006234,CUST03313,Chine,Shanghai,Boutique,Joaillerie,2025-02-01,130637.33,CNY,16982.85
TXN006235,CUST03313,Chine,Shanghai,Boutique,Accessoires & Parfums,2025-07-15,6887.3,CNY,895.35
TXN006236,CUST03313,Chine,Shanghai,Boutique,Horlogerie,2025-11-25,237717.47,CNY,30903.27
TXN006237,CUST03313,Chine,Shanghai,En ligne,Accessoires & Parfums,2026-05-11,5559.87,CNY,722.78
TXN006238,CUST03314,USA,New York 5th Ave,Boutique,Joaillerie,2025-12-29,12797.38,USD,11773.59
TXN006239,CUST03314,USA,New York 5th Ave,Boutique,Horlogerie,2026-05-11,22026.25,USD,20264.15
TXN006240,CUST03316,France (siège),Paris Vendôme,Événement privé,Mariage,2025-05-03,10310.15,EUR,10310.15
TXN006241,CUST03316,France (siège),Paris Vendôme,En ligne,Accessoires & Parfums,2025-10-23,870.33,EUR,870.33
TXN006242,CUST03317,Chine,Hong Kong,Boutique,Mariage,2025-10-18,99773.69,CNY,12970.58
TXN006243,CUST03317,Chine,Hong Kong,En ligne,Horlogerie,2026-02-03,292561.05,CNY,38032.94
TXN006244,CUST03317,Chine,Hong Kong,Boutique,Haute Joaillerie,2026-05-08,734513.27,CNY,95486.73
TXN006245,CUST03318,USA,New York 5th Ave,Boutique,Horlogerie,2025-04-05,44336.23,USD,40789.33
TXN006246,CUST03319,France (siège),Paris Vendôme,Boutique,Mariage,2025-10-02,18248.45,EUR,18248.45
TXN006247,CUST03319,France (siège),Paris Vendôme,Boutique,Accessoires & Parfums,2026-02-26,1175.92,EUR,1175.92
TXN006248,CUST03320,Moyen-Orient,Abu Dhabi,Boutique,Accessoires & Parfums,2025-06-26,3406.39,AED,851.6
TXN006249,CUST03320,Moyen-Orient,Abu Dhabi,Événement privé,Accessoires & Parfums,2025-11-20,2539.68,AED,634.92
TXN006250,CUST03320,Moyen-Orient,Abu Dhabi,Boutique,Joaillerie,2026-05-01,53811.26,AED,13452.82
TXN006251,CUST03321,Moyen-Orient,Abu Dhabi,Boutique,Joaillerie,2025-04-21,89362.35,AED,22340.59
TXN006252,CUST03321,Moyen-Orient,Abu Dhabi,Boutique,Haute Joaillerie,2025-11-04,281011.86,AED,70252.97
TXN006253,CUST03321,Moyen-Orient,Abu Dhabi,Boutique,Accessoires & Parfums,2026-04-22,2617.41,AED,654.35
TXN006254,CUST03322,USA,New York 5th Ave,Boutique,Accessoires & Parfums,2025-08-12,1151.66,USD,1059.53
TXN006255,CUST03322,USA,New York 5th Ave,Boutique,Accessoires & Parfums,2025-12-13,874.63,USD,804.66
TXN006256,CUST03322,USA,New York 5th Ave,Événement privé,Joaillerie,2026-05-28,15776.48,USD,14514.36
TXN006257,CUST03324,USA,Bal Harbour,Boutique,Horlogerie,2026-04-18,29018.77,USD,26697.27
TXN006258,CUST03325,France (siège),Cannes,En ligne,Accessoires & Parfums,2025-08-23,997.13,EUR,997.13
TXN006259,CUST03325,France (siège),Cannes,Boutique,Mariage,2026-01-25,18171.47,EUR,18171.47
TXN006260,CUST03325,France (siège),Cannes,En ligne,Horlogerie,2026-06-11,19070.49,EUR,19070.49
TXN006261,CUST03326,USA,New York 5th Ave,En ligne,Joaillerie,2025-08-10,21583.27,USD,19856.61
TXN006262,CUST03326,USA,New York 5th Ave,En ligne,Accessoires & Parfums,2026-01-28,976.38,USD,898.27
TXN006263,CUST03326,USA,New York 5th Ave,Boutique,Accessoires & Parfums,2026-05-29,1038.33,USD,955.27
TXN006264,CUST03327,France (siège),Paris Champs-Élysées,En ligne,Accessoires & Parfums,2025-11-10,785.55,EUR,785.55
TXN006265,CUST03327,France (siège),Paris Champs-Élysées,Boutique,Accessoires & Parfums,2026-04-15,700.32,EUR,700.32
TXN006266,CUST03328,Japon,Osaka,Événement privé,Mariage,2026-03-21,1457061.18,JPY,9033.78
TXN006267,CUST03329,France (siège),Cannes,Boutique,Mariage,2025-07-06,8775.95,EUR,8775.95
TXN006268,CUST03329,France (siège),Cannes,En ligne,Mariage,2025-12-22,14578.23,EUR,14578.23
TXN006269,CUST03329,France (siège),Cannes,Boutique,Mariage,2026-06-12,7315.52,EUR,7315.52
TXN006270,CUST03330,Moyen-Orient,Abu Dhabi,Boutique,Joaillerie,2025-09-21,52049.69,AED,13012.42
TXN006271,CUST03331,Chine,Shanghai,Boutique,Accessoires & Parfums,2026-04-03,7135.0,CNY,927.55
TXN006272,CUST03332,Chine,Shanghai,Événement privé,Horlogerie,2026-01-30,280760.46,CNY,36498.86
TXN006273,CUST03332,Chine,Shanghai,Boutique,Accessoires & Parfums,2026-07-21,6354.49,CNY,826.08
TXN006274,CUST03333,Chine,Pékin,Boutique,Accessoires & Parfums,2025-01-30,11186.67,CNY,1454.27
TXN006275,CUST03333,Chine,Pékin,En ligne,Mariage,2025-06-09,111104.65,CNY,14443.6
TXN006276,CUST03333,Chine,Pékin,Boutique,Joaillerie,2025-11-22,153221.94,CNY,19918.85
TXN006277,CUST03333,Chine,Pékin,Événement privé,Horlogerie,2026-04-13,228475.19,CNY,29701.77
TXN006278,CUST03334,Chine,Hong Kong,Boutique,Mariage,2025-04-28,73657.35,CNY,9575.46
TXN006279,CUST03334,Chine,Hong Kong,Boutique,Joaillerie,2025-10-01,127382.08,CNY,16559.67
TXN006280,CUST03334,Chine,Hong Kong,Événement privé,Joaillerie,2026-02-28,243177.58,CNY,31613.09
TXN006281,CUST03334,Chine,Hong Kong,Boutique,Horlogerie,2026-07-14,150957.76,CNY,19624.51
TXN006282,CUST03336,Japon,Tokyo Ginza,Boutique,Mariage,2026-05-25,2153762.94,JPY,13353.33
TXN006283,CUST03337,France (siège),Cannes,En ligne,Joaillerie,2025-11-30,13592.61,EUR,13592.61
TXN006284,CUST03338,Chine,Pékin,Boutique,Haute Joaillerie,2026-04-02,794831.35,CNY,103328.08
TXN006285,CUST03339,Japon,Osaka,Événement privé,Accessoires & Parfums,2025-07-22,84881.97,JPY,526.27
TXN006286,CUST03339,Japon,Osaka,En ligne,Mariage,2025-12-11,2480471.42,JPY,15378.92
TXN006287,CUST03339,Japon,Osaka,Événement privé,Joaillerie,2026-06-06,2103981.53,JPY,13044.69
TXN006288,CUST03340,USA,Beverly Hills,Boutique,Joaillerie,2026-06-28,32890.18,USD,30258.97
TXN006289,CUST03341,France (siège),Paris Vendôme,Boutique,Joaillerie,2025-10-28,25271.0,EUR,25271.0
TXN006290,CUST03341,France (siège),Paris Vendôme,Boutique,Joaillerie,2026-02-06,20766.22,EUR,20766.22
TXN006291,CUST03341,France (siège),Paris Vendôme,Boutique,Accessoires & Parfums,2026-05-05,1315.46,EUR,1315.46
TXN006292,CUST03344,USA,Beverly Hills,En ligne,Accessoires & Parfums,2026-06-29,1170.12,USD,1076.51
TXN006293,CUST03345,Moyen-Orient,Dubaï Mall,En ligne,Joaillerie,2026-01-01,41144.74,AED,10286.18
TXN006294,CUST03345,Moyen-Orient,Dubaï Mall,Boutique,Horlogerie,2026-07-11,85376.03,AED,21344.01
TXN006295,CUST03346,France (siège),Paris Champs-Élysées,Boutique,Horlogerie,2026-06-27,24252.51,EUR,24252.51
TXN006296,CUST03348,Chine,Hong Kong,Événement privé,Accessoires & Parfums,2025-08-08,6619.6,CNY,860.55
TXN006297,CUST03348,Chine,Hong Kong,Boutique,Joaillerie,2026-02-07,85739.8,CNY,11146.17
TXN006298,CUST03348,Chine,Hong Kong,Événement privé,Accessoires & Parfums,2026-07-14,3888.46,CNY,505.5
TXN006299,CUST03349,France (siège),Paris Vendôme,Boutique,Accessoires & Parfums,2025-03-11,899.96,EUR,899.96
TXN006300,CUST03349,France (siège),Paris Vendôme,Boutique,Horlogerie,2025-08-12,27603.71,EUR,27603.71
TXN006301,CUST03349,France (siège),Paris Vendôme,En ligne,Accessoires & Parfums,2025-12-27,1075.02,EUR,1075.02
TXN006302,CUST03349,France (siège),Paris Vendôme,En ligne,Accessoires & Parfums,2026-05-22,1160.25,EUR,1160.25
TXN006303,CUST03350,USA,Beverly Hills,Boutique,Accessoires & Parfums,2025-06-27,1151.36,USD,1059.25
TXN006304,CUST03350,USA,Beverly Hills,Boutique,Haute Joaillerie,2025-11-16,86089.19,USD,79202.06
TXN006305,CUST03351,Japon,Tokyo Ginza,Boutique,Accessoires & Parfums,2025-08-14,171056.18,JPY,1060.55
TXN006306,CUST03351,Japon,Tokyo Ginza,Événement privé,Mariage,2026-01-27,1636964.21,JPY,10149.18
TXN006307,CUST03351,Japon,Tokyo Ginza,En ligne,Joaillerie,2026-06-24,3213820.96,JPY,19925.69
TXN006308,CUST03352,Moyen-Orient,Abu Dhabi,Boutique,Accessoires & Parfums,2025-08-30,2173.07,AED,543.27
TXN006309,CUST03352,Moyen-Orient,Abu Dhabi,Boutique,Haute Joaillerie,2026-03-07,469602.71,AED,117400.68
TXN006310,CUST03353,Chine,Hong Kong,Boutique,Mariage,2025-06-29,108880.72,CNY,14154.49
TXN006311,CUST03353,Chine,Hong Kong,Boutique,Horlogerie,2025-11-01,172629.28,CNY,22441.81
TXN006312,CUST03353,Chine,Hong Kong,Boutique,Horlogerie,2026-02-22,263184.9,CNY,34214.04
TXN006313,CUST03353,Chine,Hong Kong,En ligne,Mariage,2026-07-18,16258.56,CNY,2113.61
TXN006314,CUST03354,Moyen-Orient,Abu Dhabi,Boutique,Joaillerie,2025-12-15,31173.2,AED,7793.3
TXN006315,CUST03354,Moyen-Orient,Abu Dhabi,En ligne,Haute Joaillerie,2026-05-04,385813.99,AED,96453.5
TXN006316,CUST03355,France (siège),Cannes,Boutique,Accessoires & Parfums,2026-04-18,938.67,EUR,938.67
TXN006317,CUST03355,France (siège),Cannes,En ligne,Mariage,2026-07-15,11871.34,EUR,11871.34
TXN006318,CUST03356,USA,Beverly Hills,Boutique,Joaillerie,2026-02-08,13192.23,USD,12136.86
TXN006319,CUST03357,USA,Bal Harbour,Événement privé,Joaillerie,2025-05-02,11867.25,USD,10917.87
TXN006320,CUST03357,USA,Bal Harbour,En ligne,Horlogerie,2025-11-09,21080.23,USD,19393.82
TXN006321,CUST03357,USA,Bal Harbour,Boutique,Accessoires & Parfums,2026-05-22,704.01,USD,647.69
TXN006322,CUST03358,USA,Bal Harbour,Événement privé,Horlogerie,2025-06-13,54104.46,USD,49776.1
TXN006323,CUST03358,USA,Bal Harbour,Événement privé,Horlogerie,2025-10-24,36496.39,USD,33576.68
TXN006324,CUST03358,USA,Bal Harbour,Boutique,Joaillerie,2026-02-03,31741.48,USD,29202.16
TXN006325,CUST03358,USA,Bal Harbour,Événement privé,Horlogerie,2026-05-09,38240.17,USD,35180.96
TXN006326,CUST03359,France (siège),Paris Champs-Élysées,En ligne,Accessoires & Parfums,2025-09-04,839.53,EUR,839.53
TXN006327,CUST03359,France (siège),Paris Champs-Élysées,Boutique,Accessoires & Parfums,2026-01-17,1260.91,EUR,1260.91
TXN006328,CUST03359,France (siège),Paris Champs-Élysées,Boutique,Joaillerie,2026-05-11,16090.64,EUR,16090.64
TXN006329,CUST03360,Chine,Pékin,Boutique,Horlogerie,2025-11-02,182789.57,CNY,23762.64
TXN006330,CUST03360,Chine,Pékin,Boutique,Mariage,2026-04-19,77246.06,CNY,10041.99
TXN006331,CUST03361,Moyen-Orient,Abu Dhabi,Boutique,Accessoires & Parfums,2025-05-14,3572.42,AED,893.11
TXN006332,CUST03361,Moyen-Orient,Abu Dhabi,Boutique,Mariage,2025-10-19,46033.19,AED,11508.3
TXN006333,CUST03361,Moyen-Orient,Abu Dhabi,Boutique,Accessoires & Parfums,2026-02-20,2967.4,AED,741.85
TXN006334,CUST03361,Moyen-Orient,Abu Dhabi,Boutique,Accessoires & Parfums,2026-07-26,2501.62,AED,625.4
TXN006335,CUST03362,USA,Bal Harbour,En ligne,Joaillerie,2025-12-25,11923.53,USD,10969.65
TXN006336,CUST03362,USA,Bal Harbour,En ligne,Horlogerie,2026-07-19,19581.73,USD,18015.19
TXN006337,CUST03363,France (siège),Cannes,En ligne,Joaillerie,2025-11-27,12989.65,EUR,12989.65
TXN006338,CUST03364,Moyen-Orient,Dubaï Mall,Boutique,Joaillerie,2025-04-11,43213.05,AED,10803.26
TXN006339,CUST03364,Moyen-Orient,Dubaï Mall,Boutique,Horlogerie,2025-09-20,122392.74,AED,30598.18
TXN006340,CUST03364,Moyen-Orient,Dubaï Mall,En ligne,Mariage,2026-03-31,35443.67,AED,8860.92
TXN006341,CUST03365,USA,Beverly Hills,Boutique,Accessoires & Parfums,2025-10-15,644.64,USD,593.07
TXN006342,CUST03365,USA,Beverly Hills,Boutique,Joaillerie,2026-04-08,19541.45,USD,17978.13
TXN006343,CUST03366,France (siège),Cannes,Boutique,Accessoires & Parfums,2025-04-15,1041.43,EUR,1041.43
TXN006344,CUST03366,France (siège),Cannes,Boutique,Horlogerie,2025-10-25,39731.33,EUR,39731.33
TXN006345,CUST03366,France (siège),Cannes,Boutique,Joaillerie,2026-03-29,17179.85,EUR,17179.85
TXN006346,CUST03368,Chine,Pékin,Boutique,Joaillerie,2026-02-26,135434.67,CNY,17606.51
TXN006347,CUST03369,Moyen-Orient,Dubaï Mall,Boutique,Accessoires & Parfums,2025-11-22,3508.61,AED,877.15
TXN006348,CUST03369,Moyen-Orient,Dubaï Mall,Boutique,Horlogerie,2026-04-12,179728.56,AED,44932.14
TXN006349,CUST03370,Chine,Shanghai,Boutique,Joaillerie,2025-11-12,68160.56,CNY,8860.87
TXN006350,CUST03370,Chine,Shanghai,Boutique,Accessoires & Parfums,2026-04-17,3353.35,CNY,435.94
TXN006351,CUST03371,Moyen-Orient,Abu Dhabi,Boutique,Accessoires & Parfums,2026-05-30,4113.71,AED,1028.43
TXN006352,CUST03372,USA,New York 5th Ave,En ligne,Accessoires & Parfums,2025-05-13,890.25,USD,819.03
TXN006353,CUST03372,USA,New York 5th Ave,Boutique,Haute Joaillerie,2025-09-27,108977.32,USD,100259.13
TXN006354,CUST03372,USA,New York 5th Ave,Événement privé,Joaillerie,2026-02-18,15976.57,USD,14698.44
TXN006355,CUST03372,USA,New York 5th Ave,En ligne,Accessoires & Parfums,2026-07-26,995.16,USD,915.55
TXN006356,CUST03373,USA,Beverly Hills,Boutique,Accessoires & Parfums,2025-12-12,2164.93,USD,1991.74
TXN006357,CUST03373,USA,Beverly Hills,Événement privé,Joaillerie,2026-02-27,30837.24,USD,28370.26
TXN006358,CUST03373,USA,Beverly Hills,Boutique,Accessoires & Parfums,2026-06-06,1776.56,USD,1634.44
TXN006359,CUST03374,Japon,Osaka,Boutique,Joaillerie,2026-06-05,3007284.45,JPY,18645.16
TXN006360,CUST03375,USA,New York 5th Ave,Boutique,Accessoires & Parfums,2026-06-21,1159.79,USD,1067.01
TXN006361,CUST03376,USA,Beverly Hills,Boutique,Accessoires & Parfums,2026-02-08,1260.14,USD,1159.33
TXN006362,CUST03376,USA,Beverly Hills,Boutique,Joaillerie,2026-06-08,18858.92,USD,17350.21
TXN006363,CUST03378,France (siège),Paris Vendôme,Boutique,Joaillerie,2026-01-03,6497.35,EUR,6497.35
TXN006364,CUST03378,France (siège),Paris Vendôme,Boutique,Joaillerie,2026-06-03,10228.93,EUR,10228.93
TXN006365,CUST03379,France (siège),Cannes,Boutique,Horlogerie,2025-07-13,17188.77,EUR,17188.77
TXN006366,CUST03379,France (siège),Cannes,Boutique,Accessoires & Parfums,2026-01-19,920.14,EUR,920.14
TXN006367,CUST03379,France (siège),Cannes,En ligne,Accessoires & Parfums,2026-06-25,442.81,EUR,442.81
TXN006368,CUST03380,USA,New York 5th Ave,En ligne,Mariage,2025-07-19,7128.34,USD,6558.07
TXN006369,CUST03380,USA,New York 5th Ave,En ligne,Joaillerie,2026-01-17,9164.49,USD,8431.34
TXN006370,CUST03380,USA,New York 5th Ave,En ligne,Accessoires & Parfums,2026-06-08,705.19,USD,648.77
TXN006371,CUST03381,Moyen-Orient,Dubaï Mall,Boutique,Mariage,2026-05-02,43933.88,AED,10983.47
TXN006372,CUST03382,Japon,Tokyo Ginza,En ligne,Accessoires & Parfums,2026-01-30,181240.45,JPY,1123.69
TXN006373,CUST03382,Japon,Tokyo Ginza,En ligne,Mariage,2026-06-23,1567063.44,JPY,9715.79
TXN006374,CUST03383,USA,Bal Harbour,En ligne,Joaillerie,2026-05-22,12112.09,USD,11143.12
TXN006375,CUST03384,Moyen-Orient,Dubaï Mall,En ligne,Mariage,2026-07-09,53425.25,AED,13356.31
TXN006376,CUST03385,Chine,Shanghai,Boutique,Mariage,2025-09-07,93590.75,CNY,12166.8
TXN006377,CUST03385,Chine,Shanghai,Boutique,Joaillerie,2026-04-02,115951.34,CNY,15073.67
TXN006378,CUST03386,Moyen-Orient,Abu Dhabi,Événement privé,Joaillerie,2025-04-09,88135.11,AED,22033.78
TXN006379,CUST03386,Moyen-Orient,Abu Dhabi,Boutique,Accessoires & Parfums,2025-09-13,2191.13,AED,547.78
TXN006380,CUST03386,Moyen-Orient,Abu Dhabi,Boutique,Mariage,2026-02-20,25747.13,AED,6436.78
TXN006381,CUST03388,Japon,Osaka,En ligne,Joaillerie,2025-02-09,2724944.1,JPY,16894.65
TXN006382,CUST03388,Japon,Osaka,Boutique,Accessoires & Parfums,2025-06-27,110644.7,JPY,686.0
TXN006383,CUST03388,Japon,Osaka,En ligne,Joaillerie,2025-11-15,2233415.22,JPY,13847.17
TXN006384,CUST03388,Japon,Osaka,Boutique,Joaillerie,2026-03-07,2724658.57,JPY,16892.88
TXN006385,CUST03389,Japon,Tokyo Ginza,Événement privé,Accessoires & Parfums,2026-05-10,130046.6,JPY,806.29
TXN006386,CUST03390,France (siège),Cannes,Boutique,Horlogerie,2025-09-10,22364.49,EUR,22364.49
TXN006387,CUST03390,France (siège),Cannes,Événement privé,Horlogerie,2026-01-17,43424.54,EUR,43424.54
TXN006388,CUST03390,France (siège),Cannes,Boutique,Horlogerie,2026-05-10,25747.01,EUR,25747.01
TXN006389,CUST03391,USA,Beverly Hills,Boutique,Horlogerie,2025-09-18,24619.96,USD,22650.37
TXN006390,CUST03391,USA,Beverly Hills,Boutique,Haute Joaillerie,2026-03-04,91924.54,USD,84570.58
TXN006391,CUST03392,Moyen-Orient,Abu Dhabi,Boutique,Joaillerie,2025-07-27,44206.29,AED,11051.57
TXN006392,CUST03392,Moyen-Orient,Abu Dhabi,Boutique,Mariage,2026-01-12,50932.04,AED,12733.01
TXN006393,CUST03392,Moyen-Orient,Abu Dhabi,Boutique,Horlogerie,2026-05-03,78696.37,AED,19674.09
TXN006394,CUST03394,France (siège),Cannes,Boutique,Accessoires & Parfums,2026-04-17,623.65,EUR,623.65
TXN006395,CUST03395,Moyen-Orient,Dubaï Mall,Boutique,Horlogerie,2026-06-24,170287.68,AED,42571.92
TXN006396,CUST03397,Moyen-Orient,Abu Dhabi,En ligne,Horlogerie,2026-04-09,133828.92,AED,33457.23
TXN006397,CUST03398,Moyen-Orient,Dubaï Mall,Boutique,Mariage,2025-01-18,32516.26,AED,8129.07
TXN006398,CUST03398,Moyen-Orient,Dubaï Mall,Boutique,Accessoires & Parfums,2025-06-22,3528.68,AED,882.17
TXN006399,CUST03398,Moyen-Orient,Dubaï Mall,En ligne,Horlogerie,2025-11-19,110164.36,AED,27541.09
TXN006400,CUST03399,Chine,Shanghai,Boutique,Joaillerie,2025-04-13,89756.72,CNY,11668.37
TXN006401,CUST03400,Moyen-Orient,Dubaï Mall,Boutique,Accessoires & Parfums,2026-06-15,4528.73,AED,1132.18
TXN006402,CUST03401,USA,New York 5th Ave,Boutique,Haute Joaillerie,2026-06-10,92204.17,USD,84827.84
TXN006403,CUST03402,USA,Beverly Hills,Boutique,Haute Joaillerie,2025-06-04,113848.53,USD,104740.65
TXN006404,CUST03402,USA,Beverly Hills,Boutique,Joaillerie,2025-10-01,22271.36,USD,20489.65
TXN006405,CUST03402,USA,Beverly Hills,Boutique,Accessoires & Parfums,2026-01-16,577.63,USD,531.42
TXN006406,CUST03402,USA,Beverly Hills,En ligne,Horlogerie,2026-06-16,41937.25,USD,38582.27
TXN006407,CUST03403,Moyen-Orient,Abu Dhabi,En ligne,Horlogerie,2025-09-22,90597.87,AED,22649.47
TXN006408,CUST03403,Moyen-Orient,Abu Dhabi,Boutique,Accessoires & Parfums,2026-03-22,2379.53,AED,594.88
TXN006409,CUST03404,France (siège),Paris Vendôme,Boutique,Accessoires & Parfums,2026-05-16,1070.78,EUR,1070.78
TXN006410,CUST03405,Chine,Pékin,Boutique,Haute Joaillerie,2025-11-22,927589.9,CNY,120586.69
TXN006411,CUST03406,Chine,Shanghai,En ligne,Horlogerie,2026-01-29,311864.12,CNY,40542.34
TXN006412,CUST03406,Chine,Shanghai,Boutique,Joaillerie,2026-05-04,150389.27,CNY,19550.6
TXN006413,CUST03406,Chine,Shanghai,Boutique,Joaillerie,2026-07-29,215885.94,CNY,28065.17
TXN006414,CUST03407,Chine,Shanghai,En ligne,Mariage,2025-12-31,106078.54,CNY,13790.21
TXN006415,CUST03407,Chine,Shanghai,Événement privé,Haute Joaillerie,2026-05-09,1131826.67,CNY,147137.47
TXN006416,CUST03408,USA,Beverly Hills,En ligne,Accessoires & Parfums,2026-02-12,903.72,USD,831.42
TXN006417,CUST03408,USA,Beverly Hills,Boutique,Joaillerie,2026-07-11,10267.73,USD,9446.31
TXN006418,CUST03409,France (siège),Paris Champs-Élysées,Boutique,Horlogerie,2025-08-10,33348.08,EUR,33348.08
TXN006419,CUST03409,France (siège),Paris Champs-Élysées,Boutique,Horlogerie,2025-12-19,61103.82,EUR,61103.82
TXN006420,CUST03409,France (siège),Paris Champs-Élysées,Boutique,Accessoires & Parfums,2026-04-14,1171.0,EUR,1171.0
TXN006421,CUST03410,Japon,Tokyo Ginza,Boutique,Joaillerie,2025-12-23,6744831.1,JPY,41817.95
TXN006422,CUST03410,Japon,Tokyo Ginza,Boutique,Horlogerie,2026-04-24,8774310.29,JPY,54400.72
TXN006423,CUST03411,USA,Bal Harbour,Boutique,Horlogerie,2025-07-15,37526.95,USD,34524.8
TXN006424,CUST03411,USA,Bal Harbour,En ligne,Joaillerie,2025-12-13,25486.54,USD,23447.62
TXN006425,CUST03411,USA,Bal Harbour,Événement privé,Accessoires & Parfums,2026-05-03,730.27,USD,671.85
TXN006426,CUST03412,France (siège),Paris Champs-Élysées,Événement privé,Horlogerie,2025-08-20,52029.13,EUR,52029.13
TXN006427,CUST03412,France (siège),Paris Champs-Élysées,Boutique,Mariage,2025-12-13,16103.89,EUR,16103.89
TXN006428,CUST03412,France (siège),Paris Champs-Élysées,Boutique,Horlogerie,2026-03-16,53833.56,EUR,53833.56
TXN006429,CUST03412,France (siège),Paris Champs-Élysées,Boutique,Haute Joaillerie,2026-06-26,181145.98,EUR,181145.98
TXN006430,CUST03413,France (siège),Paris Champs-Élysées,Boutique,Accessoires & Parfums,2025-07-24,782.9,EUR,782.9
TXN006431,CUST03414,Japon,Tokyo Ginza,Boutique,Accessoires & Parfums,2025-05-24,144529.87,JPY,896.09
TXN006432,CUST03414,Japon,Tokyo Ginza,Boutique,Horlogerie,2025-10-10,4263225.89,JPY,26432.0
TXN006433,CUST03414,Japon,Tokyo Ginza,Boutique,Mariage,2026-03-11,1665969.46,JPY,10329.01
TXN006434,CUST03414,Japon,Tokyo Ginza,Boutique,Joaillerie,2026-07-22,2838381.4,JPY,17597.96
TXN006435,CUST03415,Japon,Osaka,Boutique,Accessoires & Parfums,2025-06-29,127494.6,JPY,790.47
TXN006436,CUST03415,Japon,Osaka,En ligne,Accessoires & Parfums,2025-11-14,189274.26,JPY,1173.5
TXN006437,CUST03415,Japon,Osaka,Boutique,Accessoires & Parfums,2026-04-19,139134.29,JPY,862.63
TXN006438,CUST03416,France (siège),Paris Champs-Élysées,Boutique,Accessoires & Parfums,2025-03-09,1048.36,EUR,1048.36
TXN006439,CUST03416,France (siège),Paris Champs-Élysées,Boutique,Accessoires & Parfums,2025-09-04,392.98,EUR,392.98
TXN006440,CUST03416,France (siège),Paris Champs-Élysées,Événement privé,Accessoires & Parfums,2026-01-28,947.54,EUR,947.54
TXN006441,CUST03416,France (siège),Paris Champs-Élysées,Boutique,Accessoires & Parfums,2026-07-19,954.79,EUR,954.79
TXN006442,CUST03417,Moyen-Orient,Dubaï Mall,Boutique,Horlogerie,2025-03-13,49450.21,AED,12362.55
TXN006443,CUST03417,Moyen-Orient,Dubaï Mall,Boutique,Joaillerie,2025-09-03,73394.13,AED,18348.53
TXN006444,CUST03417,Moyen-Orient,Dubaï Mall,Boutique,Accessoires & Parfums,2026-03-26,3871.61,AED,967.9
TXN006445,CUST03418,USA,New York 5th Ave,En ligne,Horlogerie,2025-08-04,44824.93,USD,41238.93
TXN006446,CUST03418,USA,New York 5th Ave,Boutique,Joaillerie,2025-11-25,22603.63,USD,20795.34
TXN006447,CUST03418,USA,New York 5th Ave,Boutique,Mariage,2026-03-26,13554.95,USD,12470.56
TXN006448,CUST03419,France (siège),Cannes,En ligne,Horlogerie,2025-11-16,34773.93,EUR,34773.93
TXN006449,CUST03419,France (siège),Cannes,Boutique,Joaillerie,2026-04-28,22720.25,EUR,22720.25
TXN006450,CUST03420,Chine,Pékin,En ligne,Accessoires & Parfums,2025-11-05,9629.68,CNY,1251.86
TXN006451,CUST03421,Japon,Osaka,En ligne,Accessoires & Parfums,2026-06-30,149888.45,JPY,929.31
TXN006452,CUST03423,Chine,Pékin,Boutique,Accessoires & Parfums,2026-04-15,4286.84,CNY,557.29
TXN006453,CUST03425,France (siège),Paris Vendôme,Boutique,Horlogerie,2025-03-17,20047.43,EUR,20047.43
TXN006454,CUST03425,France (siège),Paris Vendôme,Boutique,Accessoires & Parfums,2025-08-25,944.05,EUR,944.05
TXN006455,CUST03426,USA,Bal Harbour,Boutique,Joaillerie,2025-11-10,27524.47,USD,25322.51
TXN006456,CUST03426,USA,Bal Harbour,Boutique,Joaillerie,2026-02-25,32584.22,USD,29977.48
TXN006457,CUST03426,USA,Bal Harbour,En ligne,Accessoires & Parfums,2026-07-23,1105.19,USD,1016.77
TXN006458,CUST03427,France (siège),Paris Champs-Élysées,Boutique,Accessoires & Parfums,2025-12-11,1019.37,EUR,1019.37
TXN006459,CUST03427,France (siège),Paris Champs-Élysées,Boutique,Joaillerie,2026-06-12,11146.26,EUR,11146.26
TXN006460,CUST03428,Japon,Tokyo Ginza,Boutique,Joaillerie,2026-04-24,2840423.37,JPY,17610.62
TXN006461,CUST03429,Chine,Hong Kong,Boutique,Accessoires & Parfums,2025-04-26,5966.74,CNY,775.68
TXN006462,CUST03429,Chine,Hong Kong,Boutique,Horlogerie,2025-08-15,295341.4,CNY,38394.38
TXN006463,CUST03429,Chine,Hong Kong,Boutique,Accessoires & Parfums,2026-01-03,7753.25,CNY,1007.92
TXN006464,CUST03429,Chine,Hong Kong,Boutique,Mariage,2026-06-24,71891.1,CNY,9345.84
TXN006465,CUST03430,Chine,Hong Kong,Boutique,Accessoires & Parfums,2025-05-26,8130.71,CNY,1056.99
TXN006466,CUST03430,Chine,Hong Kong,Boutique,Haute Joaillerie,2025-09-06,1769004.2,CNY,229970.55
TXN006467,CUST03430,Chine,Hong Kong,En ligne,Accessoires & Parfums,2025-12-16,10515.61,CNY,1367.03
TXN006468,CUST03430,Chine,Hong Kong,Boutique,Joaillerie,2026-04-06,149553.85,CNY,19442.0
TXN006469,CUST03430,Chine,Hong Kong,Boutique,Accessoires & Parfums,2026-07-24,13222.03,CNY,1718.86
TXN006470,CUST03431,USA,Beverly Hills,Boutique,Accessoires & Parfums,2025-03-18,904.0,USD,831.68
TXN006471,CUST03431,USA,Beverly Hills,Boutique,Haute Joaillerie,2025-08-22,88598.05,USD,81510.21
TXN006472,CUST03431,USA,Beverly Hills,Boutique,Mariage,2026-03-19,12238.9,USD,11259.78
TXN006473,CUST03432,Chine,Hong Kong,En ligne,Horlogerie,2025-04-05,272837.11,CNY,35468.82
TXN006474,CUST03432,Chine,Hong Kong,Boutique,Mariage,2025-08-20,92787.27,CNY,12062.34
TXN006475,CUST03432,Chine,Hong Kong,Boutique,Accessoires & Parfums,2026-01-21,6473.95,CNY,841.61
TXN006476,CUST03432,Chine,Hong Kong,En ligne,Joaillerie,2026-06-16,159297.38,CNY,20708.66
TXN006477,CUST03433,Chine,Pékin,Événement privé,Joaillerie,2025-09-02,56679.03,CNY,7368.27
TXN006478,CUST03433,Chine,Pékin,Boutique,Joaillerie,2026-04-07,135216.5,CNY,17578.15
TXN006479,CUST03434,Moyen-Orient,Abu Dhabi,Boutique,Accessoires & Parfums,2026-07-29,1946.15,AED,486.54
TXN006480,CUST03435,France (siège),Paris Vendôme,En ligne,Joaillerie,2026-02-06,15316.52,EUR,15316.52
TXN006481,CUST03435,France (siège),Paris Vendôme,Boutique,Haute Joaillerie,2026-06-22,122500.91,EUR,122500.91
TXN006482,CUST03436,Chine,Shanghai,Boutique,Accessoires & Parfums,2025-04-12,5187.21,CNY,674.34
TXN006483,CUST03436,Chine,Shanghai,Boutique,Accessoires & Parfums,2025-10-21,5113.03,CNY,664.69
TXN006484,CUST03436,Chine,Shanghai,Boutique,Joaillerie,2026-04-29,104694.39,CNY,13610.27
TXN006485,CUST03437,Moyen-Orient,Abu Dhabi,Boutique,Joaillerie,2025-07-17,30399.44,AED,7599.86
TXN006486,CUST03437,Moyen-Orient,Abu Dhabi,Boutique,Accessoires & Parfums,2025-11-24,3648.41,AED,912.1
TXN006487,CUST03437,Moyen-Orient,Abu Dhabi,En ligne,Accessoires & Parfums,2026-04-26,4955.53,AED,1238.88
TXN006488,CUST03438,Chine,Shanghai,Boutique,Joaillerie,2026-06-17,120115.66,CNY,15615.04
TXN006489,CUST03439,Moyen-Orient,Abu Dhabi,En ligne,Mariage,2025-04-07,67055.21,AED,16763.8
TXN006490,CUST03439,Moyen-Orient,Abu Dhabi,Boutique,Haute Joaillerie,2025-10-02,420598.95,AED,105149.74
TXN006491,CUST03440,Japon,Tokyo Ginza,Boutique,Joaillerie,2025-10-07,2226980.84,JPY,13807.28
TXN006492,CUST03440,Japon,Tokyo Ginza,En ligne,Joaillerie,2026-04-06,2958499.02,JPY,18342.69
TXN006493,CUST03441,France (siège),Cannes,En ligne,Mariage,2025-10-22,13145.39,EUR,13145.39
TXN006494,CUST03441,France (siège),Cannes,Boutique,Joaillerie,2026-03-10,18578.08,EUR,18578.08
TXN006495,CUST03441,France (siège),Cannes,Événement privé,Horlogerie,2026-07-27,31765.28,EUR,31765.28
TXN006496,CUST03443,Moyen-Orient,Dubaï Mall,Boutique,Haute Joaillerie,2026-06-04,484136.26,AED,121034.06
TXN006497,CUST03444,Chine,Hong Kong,Boutique,Accessoires & Parfums,2026-01-10,5141.93,CNY,668.45
TXN006498,CUST03444,Chine,Hong Kong,Boutique,Joaillerie,2026-06-10,74920.73,CNY,9739.7
TXN006499,CUST03445,Chine,Hong Kong,Boutique,Mariage,2026-04-30,71560.6,CNY,9302.88
TXN006500,CUST03447,Japon,Osaka,Boutique,Horlogerie,2025-04-12,5717915.36,JPY,35451.08
TXN006501,CUST03447,Japon,Osaka,En ligne,Haute Joaillerie,2025-08-14,25068620.42,JPY,155425.45
TXN006502,CUST03448,Chine,Pékin,Boutique,Accessoires & Parfums,2025-04-17,6264.78,CNY,814.42
TXN006503,CUST03449,France (siège),Cannes,Boutique,Accessoires & Parfums,2025-12-02,1185.73,EUR,1185.73
TXN006504,CUST03449,France (siège),Cannes,En ligne,Accessoires & Parfums,2026-05-14,706.43,EUR,706.43
TXN006505,CUST03450,Chine,Hong Kong,En ligne,Joaillerie,2025-11-05,110990.79,CNY,14428.8
TXN006506,CUST03450,Chine,Hong Kong,Boutique,Accessoires & Parfums,2026-03-22,6837.78,CNY,888.91
TXN006507,CUST03451,France (siège),Paris Champs-Élysées,Événement privé,Joaillerie,2026-03-12,7290.65,EUR,7290.65
TXN006508,CUST03453,France (siège),Cannes,En ligne,Horlogerie,2025-12-28,33964.57,EUR,33964.57
TXN006509,CUST03453,France (siège),Cannes,Boutique,Mariage,2026-05-11,10111.75,EUR,10111.75
TXN006510,CUST03454,Japon,Osaka,Événement privé,Joaillerie,2025-02-09,3348072.89,JPY,20758.05
TXN006511,CUST03454,Japon,Osaka,Boutique,Accessoires & Parfums,2025-07-01,114063.88,JPY,707.2
TXN006512,CUST03454,Japon,Osaka,Boutique,Joaillerie,2025-11-04,2298451.46,JPY,14250.4
TXN006513,CUST03454,Japon,Osaka,Événement privé,Horlogerie,2026-03-16,4556967.44,JPY,28253.2
TXN006514,CUST03455,Chine,Hong Kong,Boutique,Mariage,2026-07-09,81786.42,CNY,10632.23
TXN006515,CUST03456,Japon,Tokyo Ginza,En ligne,Accessoires & Parfums,2025-05-15,110425.07,JPY,684.64
TXN006516,CUST03456,Japon,Tokyo Ginza,Boutique,Accessoires & Parfums,2025-11-07,149381.82,JPY,926.17
TXN006517,CUST03456,Japon,Tokyo Ginza,Boutique,Joaillerie,2026-04-23,1459063.23,JPY,9046.19
TXN006518,CUST03457,France (siège),Paris Vendôme,En ligne,Accessoires & Parfums,2026-04-18,460.55,EUR,460.55
TXN006519,CUST03458,Chine,Shanghai,Boutique,Mariage,2025-04-28,121931.8,CNY,15851.13
TXN006520,CUST03458,Chine,Shanghai,Événement privé,Joaillerie,2025-09-09,160100.93,CNY,20813.12
TXN006521,CUST03458,Chine,Shanghai,Boutique,Joaillerie,2025-12-26,168461.63,CNY,21900.01
TXN006522,CUST03458,Chine,Shanghai,Boutique,Joaillerie,2026-05-22,90417.93,CNY,11754.33
TXN006523,CUST03459,Moyen-Orient,Abu Dhabi,Boutique,Mariage,2026-02-13,42471.03,AED,10617.76
TXN006524,CUST03459,Moyen-Orient,Abu Dhabi,En ligne,Accessoires & Parfums,2026-06-02,8041.26,AED,2010.31
TXN006525,CUST03460,USA,Bal Harbour,Boutique,Haute Joaillerie,2025-03-02,81650.28,USD,75118.26
TXN006526,CUST03460,USA,Bal Harbour,En ligne,Horlogerie,2025-07-14,32666.93,USD,30053.57
TXN006527,CUST03460,USA,Bal Harbour,Événement privé,Accessoires & Parfums,2026-01-31,1184.84,USD,1090.05
TXN006528,CUST03460,USA,Bal Harbour,Boutique,Mariage,2026-06-18,12586.39,USD,11579.48
TXN006529,CUST03462,Japon,Tokyo Ginza,Boutique,Horlogerie,2025-10-24,3573710.96,JPY,22157.01
TXN006530,CUST03462,Japon,Tokyo Ginza,Boutique,Accessoires & Parfums,2026-03-20,85254.99,JPY,528.58
TXN006531,CUST03463,France (siège),Paris Vendôme,Boutique,Accessoires & Parfums,2025-04-22,838.97,EUR,838.97
TXN006532,CUST03463,France (siège),Paris Vendôme,Boutique,Horlogerie,2025-09-16,35707.91,EUR,35707.91
TXN006533,CUST03463,France (siège),Paris Vendôme,Boutique,Joaillerie,2026-03-22,7422.51,EUR,7422.51
TXN006534,CUST03465,USA,Bal Harbour,En ligne,Accessoires & Parfums,2025-05-03,896.14,USD,824.45
TXN006535,CUST03465,USA,Bal Harbour,Boutique,Haute Joaillerie,2025-10-14,37764.97,USD,34743.77
TXN006536,CUST03465,USA,Bal Harbour,Boutique,Mariage,2026-04-08,13318.2,USD,12252.74
TXN006537,CUST03466,USA,New York 5th Ave,Boutique,Horlogerie,2026-04-17,38191.04,USD,35135.75
TXN006538,CUST03467,USA,Bal Harbour,Boutique,Joaillerie,2025-02-25,16089.68,USD,14802.5
TXN006539,CUST03467,USA,Bal Harbour,En ligne,Joaillerie,2025-08-01,11214.02,USD,10316.89
TXN006540,CUST03468,Japon,Tokyo Ginza,Boutique,Haute Joaillerie,2026-02-16,23579421.1,JPY,146192.41
TXN006541,CUST03468,Japon,Tokyo Ginza,Boutique,Accessoires & Parfums,2026-06-11,151531.35,JPY,939.49
TXN006542,CUST03469,Japon,Osaka,Boutique,Joaillerie,2025-10-27,2697406.92,JPY,16723.92
TXN006543,CUST03469,Japon,Osaka,En ligne,Horlogerie,2026-04-17,4842012.18,JPY,30020.48
TXN006544,CUST03470,USA,Bal Harbour,Boutique,Joaillerie,2025-07-20,29215.33,USD,26878.1
TXN006545,CUST03470,USA,Bal Harbour,En ligne,Joaillerie,2025-11-12,31920.71,USD,29367.06
TXN006546,CUST03470,USA,Bal Harbour,Boutique,Horlogerie,2026-04-10,40502.44,USD,37262.25
TXN006547,CUST03470,USA,Bal Harbour,Événement privé,Joaillerie,2026-07-21,19235.08,USD,17696.27
TXN006548,CUST03471,Japon,Tokyo Ginza,Boutique,Joaillerie,2025-09-15,665346.39,JPY,4125.15
TXN006549,CUST03471,Japon,Tokyo Ginza,Boutique,Accessoires & Parfums,2026-02-11,133368.23,JPY,826.88
TXN006550,CUST03471,Japon,Tokyo Ginza,Événement privé,Mariage,2026-06-17,1809836.43,JPY,11220.99
TXN006551,CUST03472,Moyen-Orient,Abu Dhabi,Boutique,Joaillerie,2025-04-11,88643.93,AED,22160.98
TXN006552,CUST03472,Moyen-Orient,Abu Dhabi,Boutique,Joaillerie,2025-09-03,52821.79,AED,13205.45
TXN006553,CUST03472,Moyen-Orient,Abu Dhabi,Boutique,Horlogerie,2026-01-04,131174.28,AED,32793.57
TXN006554,CUST03472,Moyen-Orient,Abu Dhabi,Boutique,Mariage,2026-06-19,55125.78,AED,13781.44
TXN006555,CUST03473,Japon,Osaka,Boutique,Joaillerie,2025-03-18,2604371.26,JPY,16147.1
TXN006556,CUST03473,Japon,Osaka,Boutique,Joaillerie,2025-09-12,2247620.16,JPY,13935.25
TXN006557,CUST03473,Japon,Osaka,Boutique,Horlogerie,2026-02-24,3841235.18,JPY,23815.66
TXN006558,CUST03473,Japon,Osaka,Boutique,Accessoires & Parfums,2026-06-20,128468.89,JPY,796.51
TXN006559,CUST03474,Chine,Hong Kong,Boutique,Accessoires & Parfums,2026-03-10,6290.36,CNY,817.75
TXN006560,CUST03475,France (siège),Paris Champs-Élysées,Boutique,Accessoires & Parfums,2026-03-06,1220.99,EUR,1220.99
TXN006561,CUST03477,Japon,Tokyo Ginza,Boutique,Mariage,2025-07-04,2282515.06,JPY,14151.59
TXN006562,CUST03477,Japon,Tokyo Ginza,Boutique,Horlogerie,2025-12-11,8196587.73,JPY,50818.84
TXN006563,CUST03477,Japon,Tokyo Ginza,Boutique,Joaillerie,2026-06-25,1892744.06,JPY,11735.01
TXN006564,CUST03478,France (siège),Paris Champs-Élysées,Boutique,Joaillerie,2026-06-18,13476.92,EUR,13476.92
TXN006565,CUST03479,USA,Beverly Hills,En ligne,Joaillerie,2025-09-15,8762.87,USD,8061.84
TXN006566,CUST03479,USA,Beverly Hills,En ligne,Accessoires & Parfums,2026-03-28,542.56,USD,499.15
TXN006567,CUST03480,USA,New York 5th Ave,Boutique,Joaillerie,2025-05-11,8429.68,USD,7755.31
TXN006568,CUST03480,USA,New York 5th Ave,Boutique,Accessoires & Parfums,2025-10-16,872.64,USD,802.83
TXN006569,CUST03480,USA,New York 5th Ave,En ligne,Joaillerie,2026-03-26,16492.2,USD,15172.82
TXN006570,CUST03481,USA,New York 5th Ave,En ligne,Accessoires & Parfums,2025-10-22,542.7,USD,499.28
TXN006571,CUST03481,USA,New York 5th Ave,En ligne,Accessoires & Parfums,2026-05-01,650.52,USD,598.48
TXN006572,CUST03482,USA,Beverly Hills,En ligne,Accessoires & Parfums,2025-09-10,1141.4,USD,1050.09
TXN006573,CUST03482,USA,Beverly Hills,Boutique,Mariage,2026-03-12,14175.73,USD,13041.68
TXN006574,CUST03483,Japon,Osaka,En ligne,Accessoires & Parfums,2025-09-16,144137.13,JPY,893.65
TXN006575,CUST03483,Japon,Osaka,Boutique,Joaillerie,2026-03-07,1140424.62,JPY,7070.63
TXN006576,CUST03483,Japon,Osaka,En ligne,Joaillerie,2026-07-20,1645374.41,JPY,10201.32
TXN006577,CUST03485,Chine,Pékin,Boutique,Haute Joaillerie,2025-11-30,700610.75,CNY,91079.4
TXN006578,CUST03485,Chine,Pékin,Boutique,Joaillerie,2026-04-01,130102.71,CNY,16913.35
TXN006579,CUST03486,France (siège),Paris Champs-Élysées,Boutique,Accessoires & Parfums,2025-08-21,452.02,EUR,452.02
TXN006580,CUST03486,France (siège),Paris Champs-Élysées,Boutique,Joaillerie,2026-02-19,11421.43,EUR,11421.43
TXN006581,CUST03486,France (siège),Paris Champs-Élysées,En ligne,Joaillerie,2026-07-30,12660.47,EUR,12660.47
TXN006582,CUST03487,Chine,Hong Kong,Boutique,Mariage,2025-10-10,74750.7,CNY,9717.59
TXN006583,CUST03487,Chine,Hong Kong,En ligne,Accessoires & Parfums,2026-04-16,4355.33,CNY,566.19
TXN006584,CUST03488,Chine,Hong Kong,Boutique,Mariage,2026-06-04,64447.63,CNY,8378.19
TXN006585,CUST03489,Moyen-Orient,Dubaï Mall,Boutique,Mariage,2025-11-28,44015.11,AED,11003.78
TXN006586,CUST03489,Moyen-Orient,Dubaï Mall,Boutique,Horlogerie,2026-05-20,107311.67,AED,26827.92
TXN006587,CUST03490,USA,Bal Harbour,Boutique,Joaillerie,2026-03-01,19881.44,USD,18290.92
TXN006588,CUST03490,USA,Bal Harbour,Événement privé,Accessoires & Parfums,2026-07-27,992.18,USD,912.8
TXN006589,CUST03492,USA,New York 5th Ave,Boutique,Horlogerie,2026-01-29,21400.93,USD,19688.86
TXN006590,CUST03492,USA,New York 5th Ave,Boutique,Accessoires & Parfums,2026-06-24,859.08,USD,790.35
TXN006591,CUST03493,Moyen-Orient,Dubaï Mall,En ligne,Haute Joaillerie,2026-03-24,379994.29,AED,94998.57
TXN006592,CUST03494,France (siège),Cannes,Boutique,Accessoires & Parfums,2025-08-11,806.65,EUR,806.65
TXN006593,CUST03494,France (siège),Cannes,Boutique,Mariage,2026-01-22,10687.25,EUR,10687.25
TXN006594,CUST03494,France (siège),Cannes,Boutique,Accessoires & Parfums,2026-07-22,700.91,EUR,700.91
TXN006595,CUST03495,USA,Beverly Hills,Événement privé,Accessoires & Parfums,2026-01-11,938.0,USD,862.96
TXN006596,CUST03495,USA,Beverly Hills,Boutique,Horlogerie,2026-05-19,44586.16,USD,41019.27
TXN006597,CUST03496,USA,New York 5th Ave,Boutique,Joaillerie,2025-04-26,11975.56,USD,11017.52
TXN006598,CUST03496,USA,New York 5th Ave,En ligne,Horlogerie,2025-10-05,41193.58,USD,37898.09
TXN006599,CUST03497,USA,Beverly Hills,Boutique,Horlogerie,2026-05-22,39485.63,USD,36326.78
TXN006600,CUST03498,Moyen-Orient,Dubaï Mall,Boutique,Joaillerie,2026-07-20,57255.71,AED,14313.93
TXN006601,CUST03499,France (siège),Paris Vendôme,En ligne,Accessoires & Parfums,2025-05-18,456.95,EUR,456.95
TXN006602,CUST03499,France (siège),Paris Vendôme,En ligne,Mariage,2025-11-09,15033.37,EUR,15033.37
TXN006603,CUST03499,France (siège),Paris Vendôme,En ligne,Mariage,2026-05-17,7681.48,EUR,7681.48
TXN006604,CUST03501,Chine,Pékin,Boutique,Accessoires & Parfums,2026-06-29,10783.99,CNY,1401.92
TXN006605,CUST03502,Chine,Shanghai,Boutique,Haute Joaillerie,2026-02-09,1042414.54,CNY,135513.89
TXN006606,CUST03502,Chine,Shanghai,Boutique,Haute Joaillerie,2026-07-30,1235315.91,CNY,160591.07
TXN006607,CUST03503,France (siège),Paris Champs-Élysées,Boutique,Accessoires & Parfums,2026-03-05,541.73,EUR,541.73
TXN006608,CUST03504,USA,Bal Harbour,Boutique,Mariage,2026-01-02,18995.58,USD,17475.93
TXN006609,CUST03504,USA,Bal Harbour,En ligne,Joaillerie,2026-06-07,27633.11,USD,25422.46
TXN006610,CUST03505,USA,New York 5th Ave,Boutique,Horlogerie,2025-04-14,21497.5,USD,19777.7
TXN006611,CUST03505,USA,New York 5th Ave,En ligne,Joaillerie,2025-09-27,23185.92,USD,21331.04
TXN006612,CUST03505,USA,New York 5th Ave,Boutique,Accessoires & Parfums,2026-02-10,731.8,USD,673.25
TXN006613,CUST03507,Chine,Shanghai,En ligne,Accessoires & Parfums,2026-02-02,10135.19,CNY,1317.57
TXN006614,CUST03507,Chine,Shanghai,Boutique,Mariage,2026-07-13,70336.88,CNY,9143.79
TXN006615,CUST03508,USA,New York 5th Ave,Boutique,Horlogerie,2025-04-28,24870.09,USD,22880.49
TXN006616,CUST03508,USA,New York 5th Ave,En ligne,Haute Joaillerie,2025-08-04,163485.9,USD,150407.02
TXN006617,CUST03508,USA,New York 5th Ave,Boutique,Joaillerie,2026-01-12,19065.55,USD,17540.31
TXN006618,CUST03508,USA,New York 5th Ave,Boutique,Mariage,2026-06-25,13924.53,USD,12810.57
TXN006619,CUST03509,France (siège),Paris Vendôme,Boutique,Accessoires & Parfums,2025-06-03,959.47,EUR,959.47
TXN006620,CUST03509,France (siège),Paris Vendôme,Événement privé,Mariage,2025-11-16,9807.61,EUR,9807.61
TXN006621,CUST03509,France (siège),Paris Vendôme,Événement privé,Accessoires & Parfums,2026-04-07,921.32,EUR,921.32
TXN006622,CUST03510,France (siège),Paris Champs-Élysées,En ligne,Joaillerie,2025-12-12,15477.01,EUR,15477.01
TXN006623,CUST03510,France (siège),Paris Champs-Élysées,Boutique,Mariage,2026-05-29,8253.17,EUR,8253.17
TXN006624,CUST03511,Japon,Tokyo Ginza,Boutique,Accessoires & Parfums,2025-11-01,126439.83,JPY,783.93
TXN006625,CUST03511,Japon,Tokyo Ginza,En ligne,Joaillerie,2026-02-19,2863891.35,JPY,17756.13
TXN006626,CUST03512,Moyen-Orient,Dubaï Mall,Boutique,Accessoires & Parfums,2025-10-10,4165.4,AED,1041.35
TXN006627,CUST03512,Moyen-Orient,Dubaï Mall,Boutique,Joaillerie,2026-02-18,51531.95,AED,12882.99
TXN006628,CUST03512,Moyen-Orient,Dubaï Mall,Boutique,Accessoires & Parfums,2026-07-31,3594.35,AED,898.59
TXN006629,CUST03514,Japon,Tokyo Ginza,Boutique,Horlogerie,2025-02-13,5617376.41,JPY,34827.73
TXN006630,CUST03514,Japon,Tokyo Ginza,Boutique,Accessoires & Parfums,2025-07-07,133348.19,JPY,826.76
TXN006631,CUST03514,Japon,Tokyo Ginza,Boutique,Accessoires & Parfums,2025-12-18,254898.49,JPY,1580.37
TXN006632,CUST03514,Japon,Tokyo Ginza,En ligne,Joaillerie,2026-06-04,2074758.68,JPY,12863.5
TXN006633,CUST03515,Chine,Shanghai,Boutique,Horlogerie,2025-08-18,301770.38,CNY,39230.15
TXN006634,CUST03515,Chine,Shanghai,Événement privé,Joaillerie,2025-12-17,184345.83,CNY,23964.96
TXN006635,CUST03515,Chine,Shanghai,En ligne,Joaillerie,2026-04-12,227760.78,CNY,29608.9
TXN006636,CUST03516,Moyen-Orient,Dubaï Mall,En ligne,Horlogerie,2025-08-09,79386.38,AED,19846.6
TXN006637,CUST03516,Moyen-Orient,Dubaï Mall,Boutique,Accessoires & Parfums,2025-12-21,3514.01,AED,878.5
TXN006638,CUST03516,Moyen-Orient,Dubaï Mall,Boutique,Joaillerie,2026-05-15,42678.32,AED,10669.58
TXN006639,CUST03517,Japon,Osaka,En ligne,Haute Joaillerie,2026-02-06,21175574.6,JPY,131288.56
TXN006640,CUST03517,Japon,Osaka,En ligne,Mariage,2026-07-18,1592171.36,JPY,9871.46
TXN006641,CUST03518,USA,New York 5th Ave,Événement privé,Accessoires & Parfums,2025-03-28,992.42,USD,913.03
TXN006642,CUST03518,USA,New York 5th Ave,Boutique,Horlogerie,2025-10-15,26992.81,USD,24833.39
TXN006643,CUST03518,USA,New York 5th Ave,En ligne,Accessoires & Parfums,2026-04-13,930.27,USD,855.85
TXN006644,CUST03519,Japon,Osaka,Boutique,Joaillerie,2025-12-20,2641065.59,JPY,16374.61
TXN006645,CUST03519,Japon,Osaka,Événement privé,Joaillerie,2026-05-23,3830180.9,JPY,23747.12
TXN006646,CUST03520,Chine,Hong Kong,Boutique,Accessoires & Parfums,2026-04-29,7142.78,CNY,928.56
TXN006647,CUST03521,France (siège),Cannes,En ligne,Accessoires & Parfums,2026-01-22,475.66,EUR,475.66
TXN006648,CUST03521,France (siège),Cannes,En ligne,Horlogerie,2026-07-06,31472.95,EUR,31472.95
TXN006649,CUST03522,Japon,Tokyo Ginza,Boutique,Accessoires & Parfums,2025-06-29,227054.21,JPY,1407.74
TXN006650,CUST03522,Japon,Tokyo Ginza,Boutique,Joaillerie,2025-11-15,3714360.17,JPY,23029.03
TXN006651,CUST03522,Japon,Tokyo Ginza,Boutique,Accessoires & Parfums,2026-04-03,137746.7,JPY,854.03
TXN006652,CUST03523,Moyen-Orient,Abu Dhabi,Boutique,Joaillerie,2025-02-12,73833.62,AED,18458.41
TXN006653,CUST03523,Moyen-Orient,Abu Dhabi,Événement privé,Accessoires & Parfums,2025-06-28,5946.14,AED,1486.53
TXN006654,CUST03523,Moyen-Orient,Abu Dhabi,Boutique,Horlogerie,2025-12-17,135147.58,AED,33786.89
TXN006655,CUST03523,Moyen-Orient,Abu Dhabi,Boutique,Mariage,2026-05-10,33881.78,AED,8470.44
TXN006656,CUST03524,France (siège),Cannes,Boutique,Horlogerie,2025-02-22,35375.35,EUR,35375.35
TXN006657,CUST03524,France (siège),Cannes,Événement privé,Accessoires & Parfums,2025-05-17,749.87,EUR,749.87
TXN006658,CUST03524,France (siège),Cannes,Événement privé,Joaillerie,2025-09-25,21690.38,EUR,21690.38
TXN006659,CUST03524,France (siège),Cannes,Boutique,Joaillerie,2025-12-05,38117.65,EUR,38117.65
TXN006660,CUST03524,France (siège),Cannes,Boutique,Accessoires & Parfums,2026-03-13,1337.1,EUR,1337.1
TXN006661,CUST03524,France (siège),Cannes,Boutique,Mariage,2026-06-20,18139.98,EUR,18139.98
TXN006662,CUST03525,USA,Bal Harbour,Boutique,Mariage,2025-08-08,11028.66,USD,10146.37
TXN006663,CUST03526,Chine,Hong Kong,Boutique,Accessoires & Parfums,2026-03-20,6321.37,CNY,821.78
TXN006664,CUST03527,Moyen-Orient,Abu Dhabi,Boutique,Accessoires & Parfums,2025-06-17,2472.42,AED,618.1
TXN006665,CUST03528,Moyen-Orient,Dubaï Mall,Boutique,Accessoires & Parfums,2025-12-19,3904.79,AED,976.2
TXN006666,CUST03528,Moyen-Orient,Dubaï Mall,Boutique,Accessoires & Parfums,2026-04-28,5740.28,AED,1435.07
TXN006667,CUST03530,USA,Beverly Hills,En ligne,Accessoires & Parfums,2025-10-26,1554.34,USD,1429.99
TXN006668,CUST03530,USA,Beverly Hills,Boutique,Joaillerie,2026-04-21,19656.96,USD,18084.41
TXN006669,CUST03531,USA,New York 5th Ave,Boutique,Joaillerie,2025-09-25,15423.12,USD,14189.27
TXN006670,CUST03531,USA,New York 5th Ave,Boutique,Accessoires & Parfums,2026-03-11,795.06,USD,731.46
TXN006671,CUST03532,France (siège),Paris Vendôme,En ligne,Accessoires & Parfums,2025-08-23,799.01,EUR,799.01
TXN006672,CUST03532,France (siège),Paris Vendôme,Boutique,Horlogerie,2026-03-03,20077.44,EUR,20077.44
TXN006673,CUST03533,France (siège),Paris Vendôme,Boutique,Accessoires & Parfums,2025-08-28,698.7,EUR,698.7
TXN006674,CUST03533,France (siège),Paris Vendôme,Boutique,Accessoires & Parfums,2026-02-18,694.74,EUR,694.74
TXN006675,CUST03534,USA,New York 5th Ave,En ligne,Accessoires & Parfums,2025-11-07,1268.78,USD,1167.28
TXN006676,CUST03534,USA,New York 5th Ave,Boutique,Mariage,2026-03-22,13056.66,USD,12012.12
TXN006677,CUST03535,France (siège),Paris Vendôme,Boutique,Joaillerie,2025-05-06,7162.27,EUR,7162.27
TXN006678,CUST03535,France (siège),Paris Vendôme,Boutique,Joaillerie,2025-12-02,16502.25,EUR,16502.25
TXN006679,CUST03535,France (siège),Paris Vendôme,Boutique,Joaillerie,2026-05-03,6692.05,EUR,6692.05
TXN006680,CUST03536,Chine,Pékin,En ligne,Mariage,2025-03-02,92769.73,CNY,12060.06
TXN006681,CUST03536,Chine,Pékin,Boutique,Horlogerie,2025-09-22,205148.38,CNY,26669.29
TXN006682,CUST03536,Chine,Pékin,Boutique,Joaillerie,2026-03-12,115976.04,CNY,15076.89
TXN006683,CUST03537,Chine,Hong Kong,Boutique,Horlogerie,2025-03-26,111243.57,CNY,14461.66
TXN006684,CUST03537,Chine,Hong Kong,Boutique,Mariage,2025-09-12,85790.31,CNY,11152.74
TXN006685,CUST03537,Chine,Hong Kong,En ligne,Horlogerie,2026-03-11,231812.46,CNY,30135.62
TXN006686,CUST03538,France (siège),Cannes,En ligne,Mariage,2025-07-17,13044.05,EUR,13044.05
TXN006687,CUST03539,Chine,Pékin,Boutique,Accessoires & Parfums,2026-01-22,4426.09,CNY,575.39
TXN006688,CUST03539,Chine,Pékin,Boutique,Joaillerie,2026-06-12,68757.97,CNY,8938.54
TXN006689,CUST03541,Chine,Shanghai,En ligne,Horlogerie,2025-09-21,457485.71,CNY,59473.14
TXN006690,CUST03541,Chine,Shanghai,Boutique,Horlogerie,2025-12-18,452818.17,CNY,58866.36
TXN006691,CUST03541,Chine,Shanghai,Événement privé,Joaillerie,2026-03-25,160103.8,CNY,20813.49
TXN006692,CUST03541,Chine,Shanghai,Boutique,Joaillerie,2026-06-13,199214.73,CNY,25897.91
TXN006693,CUST03542,Moyen-Orient,Dubaï Mall,Événement privé,Horlogerie,2025-09-08,227266.89,AED,56816.72
TXN006694,CUST03542,Moyen-Orient,Dubaï Mall,Boutique,Mariage,2025-12-25,50405.41,AED,12601.35
TXN006695,CUST03542,Moyen-Orient,Dubaï Mall,Boutique,Joaillerie,2026-05-12,77846.53,AED,19461.63
TXN006696,CUST03543,France (siège),Paris Vendôme,Boutique,Horlogerie,2026-06-10,28723.14,EUR,28723.14
TXN006697,CUST03544,USA,Bal Harbour,En ligne,Accessoires & Parfums,2025-04-25,411.01,USD,378.13
TXN006698,CUST03544,USA,Bal Harbour,En ligne,Joaillerie,2025-10-13,9918.45,USD,9124.98
TXN006699,CUST03544,USA,Bal Harbour,En ligne,Joaillerie,2026-03-20,11440.5,USD,10525.26
TXN006700,CUST03545,Chine,Shanghai,En ligne,Accessoires & Parfums,2025-02-17,9149.21,CNY,1189.4
TXN006701,CUST03545,Chine,Shanghai,Boutique,Accessoires & Parfums,2025-07-18,6819.49,CNY,886.53
TXN006702,CUST03545,Chine,Shanghai,Boutique,Joaillerie,2025-12-25,118336.24,CNY,15383.71
TXN006703,CUST03545,Chine,Shanghai,Boutique,Joaillerie,2026-06-08,79590.64,CNY,10346.78
TXN006704,CUST03546,Moyen-Orient,Abu Dhabi,Boutique,Joaillerie,2025-08-31,90218.3,AED,22554.57
TXN006705,CUST03546,Moyen-Orient,Abu Dhabi,Boutique,Accessoires & Parfums,2026-01-08,3852.84,AED,963.21
TXN006706,CUST03546,Moyen-Orient,Abu Dhabi,En ligne,Horlogerie,2026-06-02,136525.12,AED,34131.28
TXN006707,CUST03547,Moyen-Orient,Dubaï Mall,Boutique,Accessoires & Parfums,2025-07-27,4646.95,AED,1161.74
TXN006708,CUST03547,Moyen-Orient,Dubaï Mall,Boutique,Joaillerie,2025-12-29,62740.87,AED,15685.22
TXN006709,CUST03548,France (siège),Cannes,Événement privé,Horlogerie,2026-01-20,30972.32,EUR,30972.32
TXN006710,CUST03548,France (siège),Cannes,Boutique,Mariage,2026-07-15,10306.7,EUR,10306.7
TXN006711,CUST03549,Chine,Hong Kong,Boutique,Haute Joaillerie,2026-01-05,1737086.69,CNY,225821.27
TXN006712,CUST03550,Japon,Tokyo Ginza,Boutique,Joaillerie,2025-04-18,1625768.37,JPY,10079.76
TXN006713,CUST03550,Japon,Tokyo Ginza,En ligne,Accessoires & Parfums,2025-09-06,204869.45,JPY,1270.19
TXN006714,CUST03550,Japon,Tokyo Ginza,Boutique,Joaillerie,2026-02-17,2330358.92,JPY,14448.23
TXN006715,CUST03550,Japon,Tokyo Ginza,Boutique,Joaillerie,2026-06-30,2783643.14,JPY,17258.59
TXN006716,CUST03551,Chine,Shanghai,Événement privé,Joaillerie,2025-02-23,244765.13,CNY,31819.47
TXN006717,CUST03551,Chine,Shanghai,Boutique,Horlogerie,2025-05-03,374258.39,CNY,48653.59
TXN006718,CUST03551,Chine,Shanghai,Boutique,Joaillerie,2025-08-05,220817.79,CNY,28706.31
TXN006719,CUST03551,Chine,Shanghai,Événement privé,Horlogerie,2025-11-23,304875.87,CNY,39633.86
TXN006720,CUST03551,Chine,Shanghai,Boutique,Mariage,2026-03-05,124872.67,CNY,16233.45
TXN006721,CUST03551,Chine,Shanghai,Boutique,Joaillerie,2026-06-28,260842.54,CNY,33909.53
TXN006722,CUST03552,USA,Beverly Hills,Boutique,Accessoires & Parfums,2025-09-16,969.46,USD,891.91
TXN006723,CUST03552,USA,Beverly Hills,En ligne,Accessoires & Parfums,2025-12-30,1029.79,USD,947.41
TXN006724,CUST03552,USA,Beverly Hills,Boutique,Mariage,2026-05-01,9603.07,USD,8834.82
TXN006725,CUST03553,USA,Beverly Hills,En ligne,Joaillerie,2026-04-02,21998.56,USD,20238.67
TXN006726,CUST03554,USA,Beverly Hills,Boutique,Mariage,2026-02-12,11211.83,USD,10314.88
TXN006727,CUST03554,USA,Beverly Hills,En ligne,Horlogerie,2026-07-22,37327.38,USD,34341.19
TXN006728,CUST03555,USA,New York 5th Ave,En ligne,Accessoires & Parfums,2025-02-14,1008.45,USD,927.78
TXN006729,CUST03555,USA,New York 5th Ave,En ligne,Joaillerie,2025-07-15,19836.2,USD,18249.31
TXN006730,CUST03555,USA,New York 5th Ave,En ligne,Accessoires & Parfums,2026-01-02,894.43,USD,822.87
TXN006731,CUST03556,USA,New York 5th Ave,En ligne,Accessoires & Parfums,2025-12-29,1378.34,USD,1268.08
TXN006732,CUST03556,USA,New York 5th Ave,Événement privé,Accessoires & Parfums,2026-06-01,906.1,USD,833.62
TXN006733,CUST03557,Japon,Tokyo Ginza,Boutique,Joaillerie,2025-06-19,2882988.8,JPY,17874.53
TXN006734,CUST03557,Japon,Tokyo Ginza,Événement privé,Mariage,2025-10-12,1415081.77,JPY,8773.51
TXN006735,CUST03557,Japon,Tokyo Ginza,Boutique,Horlogerie,2026-04-01,7767945.74,JPY,48161.26
TXN006736,CUST03558,Moyen-Orient,Abu Dhabi,Boutique,Accessoires & Parfums,2025-06-04,5876.84,AED,1469.21
TXN006737,CUST03558,Moyen-Orient,Abu Dhabi,Boutique,Accessoires & Parfums,2025-11-24,4375.02,AED,1093.75
TXN006738,CUST03558,Moyen-Orient,Abu Dhabi,Boutique,Haute Joaillerie,2026-03-19,254029.76,AED,63507.44
TXN006739,CUST03559,Moyen-Orient,Abu Dhabi,Boutique,Joaillerie,2026-07-23,106544.52,AED,26636.13
TXN006740,CUST03560,Japon,Osaka,Boutique,Accessoires & Parfums,2026-05-13,131909.28,JPY,817.84
TXN006741,CUST03561,France (siège),Paris Champs-Élysées,En ligne,Joaillerie,2026-03-13,6707.91,EUR,6707.91
TXN006742,CUST03563,Chine,Pékin,En ligne,Joaillerie,2025-11-22,106287.66,CNY,13817.4
TXN006743,CUST03563,Chine,Pékin,En ligne,Mariage,2026-06-30,83926.73,CNY,10910.47
TXN006744,CUST03564,Moyen-Orient,Dubaï Mall,Boutique,Accessoires & Parfums,2025-06-18,4535.54,AED,1133.89
TXN006745,CUST03564,Moyen-Orient,Dubaï Mall,En ligne,Joaillerie,2025-12-11,77752.74,AED,19438.18
TXN006746,CUST03564,Moyen-Orient,Dubaï Mall,Boutique,Joaillerie,2026-06-14,99725.0,AED,24931.25
TXN006747,CUST03566,Japon,Osaka,Boutique,Horlogerie,2025-08-17,4653193.41,JPY,28849.8
TXN006748,CUST03566,Japon,Osaka,Boutique,Horlogerie,2026-01-30,6029694.97,JPY,37384.11
TXN006749,CUST03566,Japon,Osaka,Boutique,Accessoires & Parfums,2026-07-08,153019.16,JPY,948.72
TXN006750,CUST03567,Moyen-Orient,Abu Dhabi,Événement privé,Accessoires & Parfums,2025-05-26,3372.98,AED,843.24
TXN006751,CUST03568,Japon,Tokyo Ginza,Boutique,Accessoires & Parfums,2025-05-31,95236.36,JPY,590.47
TXN006752,CUST03568,Japon,Tokyo Ginza,Boutique,Haute Joaillerie,2025-11-25,19505533.98,JPY,120934.31
TXN006753,CUST03568,Japon,Tokyo Ginza,Événement privé,Joaillerie,2026-04-04,2947819.87,JPY,18276.48
TXN006754,CUST03569,USA,Beverly Hills,En ligne,Mariage,2025-04-18,14029.82,USD,12907.43
TXN006755,CUST03569,USA,Beverly Hills,Boutique,Horlogerie,2025-09-13,30276.52,USD,27854.4
TXN006756,CUST03569,USA,Beverly Hills,Boutique,Horlogerie,2026-02-26,17325.03,USD,15939.03
TXN006757,CUST03570,Chine,Shanghai,Boutique,Accessoires & Parfums,2025-04-27,9655.04,CNY,1255.16
TXN006758,CUST03570,Chine,Shanghai,Boutique,Haute Joaillerie,2025-08-29,795275.78,CNY,103385.85
TXN006759,CUST03570,Chine,Shanghai,Boutique,Mariage,2026-01-22,76142.61,CNY,9898.54
TXN006760,CUST03570,Chine,Shanghai,Boutique,Accessoires & Parfums,2026-07-01,6353.29,CNY,825.93
TXN006761,CUST03571,France (siège),Paris Vendôme,En ligne,Accessoires & Parfums,2026-02-11,736.3,EUR,736.3
TXN006762,CUST03571,France (siège),Paris Vendôme,Boutique,Accessoires & Parfums,2026-07-23,649.75,EUR,649.75
TXN006763,CUST03572,France (siège),Paris Champs-Élysées,En ligne,Accessoires & Parfums,2025-08-21,891.87,EUR,891.87
TXN006764,CUST03572,France (siège),Paris Champs-Élysées,Boutique,Joaillerie,2026-02-24,11415.35,EUR,11415.35
TXN006765,CUST03573,USA,Bal Harbour,Boutique,Horlogerie,2025-01-29,22874.37,USD,21044.42
TXN006766,CUST03573,USA,Bal Harbour,Boutique,Horlogerie,2025-07-07,31656.57,USD,29124.04
TXN006767,CUST03574,France (siège),Paris Vendôme,Événement privé,Joaillerie,2025-04-17,16408.68,EUR,16408.68
TXN006768,CUST03574,France (siège),Paris Vendôme,Boutique,Horlogerie,2025-09-04,26466.46,EUR,26466.46
TXN006769,CUST03574,France (siège),Paris Vendôme,En ligne,Horlogerie,2026-02-24,38881.58,EUR,38881.58
TXN006770,CUST03575,France (siège),Cannes,En ligne,Accessoires & Parfums,2025-05-05,959.63,EUR,959.63
TXN006771,CUST03575,France (siège),Cannes,Événement privé,Accessoires & Parfums,2025-08-29,902.73,EUR,902.73
TXN006772,CUST03575,France (siège),Cannes,Boutique,Accessoires & Parfums,2026-02-01,760.95,EUR,760.95
TXN006773,CUST03575,France (siège),Cannes,Boutique,Mariage,2026-06-15,8661.98,EUR,8661.98
TXN006774,CUST03576,France (siège),Cannes,Boutique,Accessoires & Parfums,2025-07-23,667.27,EUR,667.27
TXN006775,CUST03576,France (siège),Cannes,Boutique,Accessoires & Parfums,2025-12-09,815.25,EUR,815.25
TXN006776,CUST03576,France (siège),Cannes,Événement privé,Joaillerie,2026-05-22,17407.11,EUR,17407.11
TXN006777,CUST03577,France (siège),Paris Vendôme,Boutique,Accessoires & Parfums,2026-02-05,687.54,EUR,687.54
TXN006778,CUST03577,France (siège),Paris Vendôme,Boutique,Joaillerie,2026-06-08,17956.22,EUR,17956.22
TXN006779,CUST03578,France (siège),Paris Champs-Élysées,Boutique,Mariage,2025-02-13,14385.77,EUR,14385.77
TXN006780,CUST03578,France (siège),Paris Champs-Élysées,Boutique,Accessoires & Parfums,2025-07-16,1094.64,EUR,1094.64
TXN006781,CUST03578,France (siège),Paris Champs-Élysées,Boutique,Mariage,2025-12-05,16112.67,EUR,16112.67
TXN006782,CUST03578,France (siège),Paris Champs-Élysées,Boutique,Joaillerie,2026-05-01,14851.15,EUR,14851.15
TXN006783,CUST03579,France (siège),Cannes,Boutique,Accessoires & Parfums,2025-05-05,957.96,EUR,957.96
TXN006784,CUST03579,France (siège),Cannes,En ligne,Mariage,2025-09-29,18830.38,EUR,18830.38
TXN006785,CUST03579,France (siège),Cannes,Boutique,Horlogerie,2026-03-13,28049.47,EUR,28049.47
TXN006786,CUST03580,Chine,Hong Kong,En ligne,Mariage,2025-09-07,80603.05,CNY,10478.4
TXN006787,CUST03580,Chine,Hong Kong,En ligne,Mariage,2026-02-06,126802.44,CNY,16484.32
TXN006788,CUST03580,Chine,Hong Kong,Boutique,Accessoires & Parfums,2026-07-27,8377.92,CNY,1089.13
TXN006789,CUST03581,Chine,Hong Kong,En ligne,Accessoires & Parfums,2025-06-15,5250.1,CNY,682.51
TXN006790,CUST03581,Chine,Hong Kong,Boutique,Haute Joaillerie,2025-11-13,492432.79,CNY,64016.26
TXN006791,CUST03582,USA,Beverly Hills,Boutique,Accessoires & Parfums,2025-06-06,1059.88,USD,975.09
TXN006792,CUST03582,USA,Beverly Hills,Boutique,Accessoires & Parfums,2025-09-12,1413.0,USD,1299.96
TXN006793,CUST03582,USA,Beverly Hills,Boutique,Horlogerie,2026-01-16,40478.39,USD,37240.12
TXN006794,CUST03582,USA,Beverly Hills,Boutique,Joaillerie,2026-06-20,21396.19,USD,19684.49
TXN006795,CUST03583,USA,Beverly Hills,Événement privé,Horlogerie,2025-07-13,44942.46,USD,41347.06
TXN006796,CUST03583,USA,Beverly Hills,Événement privé,Accessoires & Parfums,2025-11-04,686.19,USD,631.29
TXN006797,CUST03583,USA,Beverly Hills,Boutique,Mariage,2026-03-02,15241.29,USD,14021.98
TXN006798,CUST03583,USA,Beverly Hills,Boutique,Accessoires & Parfums,2026-07-11,1198.17,USD,1102.32
TXN006799,CUST03584,Moyen-Orient,Dubaï Mall,Boutique,Joaillerie,2025-12-13,61042.65,AED,15260.66
TXN006800,CUST03584,Moyen-Orient,Dubaï Mall,En ligne,Horlogerie,2026-06-11,134847.15,AED,33711.79
TXN006801,CUST03585,Chine,Shanghai,Événement privé,Joaillerie,2025-09-26,88014.52,CNY,11441.89
TXN006802,CUST03585,Chine,Shanghai,Boutique,Mariage,2026-04-15,82527.79,CNY,10728.61
TXN006803,CUST03586,Japon,Osaka,Boutique,Horlogerie,2025-09-14,2991523.04,JPY,18547.44
TXN006804,CUST03586,Japon,Osaka,En ligne,Accessoires & Parfums,2026-02-17,136606.76,JPY,846.96
TXN006805,CUST03587,France (siège),Paris Vendôme,Boutique,Joaillerie,2026-03-27,13988.79,EUR,13988.79
TXN006806,CUST03588,France (siège),Cannes,Boutique,Accessoires & Parfums,2026-07-22,959.61,EUR,959.61
TXN006807,CUST03589,France (siège),Paris Vendôme,Boutique,Accessoires & Parfums,2025-08-24,951.95,EUR,951.95
TXN006808,CUST03589,France (siège),Paris Vendôme,Boutique,Joaillerie,2026-02-10,10693.43,EUR,10693.43
TXN006809,CUST03589,France (siège),Paris Vendôme,En ligne,Joaillerie,2026-07-07,16691.98,EUR,16691.98
TXN006810,CUST03590,Chine,Shanghai,En ligne,Accessoires & Parfums,2025-05-25,5663.83,CNY,736.3
TXN006811,CUST03590,Chine,Shanghai,Boutique,Accessoires & Parfums,2025-10-18,4614.07,CNY,599.83
TXN006812,CUST03590,Chine,Shanghai,Boutique,Accessoires & Parfums,2026-02-20,5434.57,CNY,706.49
TXN006813,CUST03591,Japon,Osaka,En ligne,Joaillerie,2025-10-03,2233392.97,JPY,13847.04
TXN006814,CUST03591,Japon,Osaka,En ligne,Joaillerie,2026-03-27,2216052.41,JPY,13739.52
TXN006815,CUST03592,Moyen-Orient,Abu Dhabi,En ligne,Accessoires & Parfums,2026-04-10,1281.43,AED,320.36
TXN006816,CUST03593,Chine,Hong Kong,Boutique,Haute Joaillerie,2026-01-31,1038791.08,CNY,135042.84
TXN006817,CUST03594,Moyen-Orient,Dubaï Mall,En ligne,Accessoires & Parfums,2025-06-06,4110.26,AED,1027.57
TXN006818,CUST03594,Moyen-Orient,Dubaï Mall,En ligne,Joaillerie,2025-12-03,46692.83,AED,11673.21
TXN006819,CUST03594,Moyen-Orient,Dubaï Mall,Boutique,Joaillerie,2026-05-26,45731.19,AED,11432.8
TXN006820,CUST03595,France (siège),Paris Vendôme,Boutique,Accessoires & Parfums,2025-12-03,945.3,EUR,945.3
TXN006821,CUST03595,France (siège),Paris Vendôme,Événement privé,Joaillerie,2026-05-14,10634.57,EUR,10634.57
TXN006822,CUST03596,USA,Bal Harbour,Boutique,Accessoires & Parfums,2025-05-03,695.65,USD,640.0
TXN006823,CUST03596,USA,Bal Harbour,Boutique,Haute Joaillerie,2025-10-28,209885.19,USD,193094.37
TXN006824,CUST03597,Japon,Osaka,Événement privé,Joaillerie,2026-02-25,2524543.95,JPY,15652.17
TXN006825,CUST03598,France (siège),Cannes,Boutique,Mariage,2025-01-06,9238.9,EUR,9238.9
TXN006826,CUST03598,France (siège),Cannes,Événement privé,Joaillerie,2025-05-06,24671.55,EUR,24671.55
TXN006827,CUST03598,France (siège),Cannes,En ligne,Horlogerie,2025-09-02,26239.68,EUR,26239.68
TXN006828,CUST03599,Moyen-Orient,Dubaï Mall,Boutique,Accessoires & Parfums,2025-05-07,1636.18,AED,409.04
TXN006829,CUST03599,Moyen-Orient,Dubaï Mall,En ligne,Joaillerie,2025-11-15,57012.73,AED,14253.18
TXN006830,CUST03599,Moyen-Orient,Dubaï Mall,Événement privé,Horlogerie,2026-05-07,120620.45,AED,30155.11
TXN006831,CUST03600,USA,Beverly Hills,Boutique,Joaillerie,2026-06-15,23385.14,USD,21514.33
TXN006832,CUST03601,Moyen-Orient,Abu Dhabi,Boutique,Accessoires & Parfums,2025-07-20,2849.01,AED,712.25
TXN006833,CUST03601,Moyen-Orient,Abu Dhabi,Boutique,Accessoires & Parfums,2026-01-11,3784.67,AED,946.17
TXN006834,CUST03601,Moyen-Orient,Abu Dhabi,Boutique,Horlogerie,2026-07-18,95198.56,AED,23799.64
TXN006835,CUST03602,France (siège),Cannes,Boutique,Accessoires & Parfums,2026-04-18,709.3,EUR,709.3
TXN006836,CUST03604,USA,Beverly Hills,En ligne,Joaillerie,2026-02-07,13551.79,USD,12467.64
TXN006837,CUST03604,USA,Beverly Hills,Boutique,Joaillerie,2026-07-31,12566.04,USD,11560.76
TXN006838,CUST03605,Japon,Osaka,Boutique,Accessoires & Parfums,2025-07-11,92295.01,JPY,572.23
TXN006839,CUST03605,Japon,Osaka,Boutique,Horlogerie,2026-01-07,4125894.04,JPY,25580.54
TXN006840,CUST03606,Chine,Pékin,Boutique,Mariage,2025-07-11,105929.2,CNY,13770.8
TXN006841,CUST03606,Chine,Pékin,Boutique,Haute Joaillerie,2026-01-12,832551.46,CNY,108231.69
TXN006842,CUST03606,Chine,Pékin,Boutique,Accessoires & Parfums,2026-06-09,6116.91,CNY,795.2
TXN006843,CUST03608,USA,New York 5th Ave,Boutique,Horlogerie,2025-02-18,41867.47,USD,38518.07
TXN006844,CUST03608,USA,New York 5th Ave,Boutique,Accessoires & Parfums,2025-06-03,1559.82,USD,1435.04
TXN006845,CUST03608,USA,New York 5th Ave,Boutique,Joaillerie,2025-09-25,25202.4,USD,23186.21
TXN006846,CUST03608,USA,New York 5th Ave,Événement privé,Horlogerie,2025-12-18,63874.29,USD,58764.35
TXN006847,CUST03608,USA,New York 5th Ave,Boutique,Mariage,2026-04-03,18574.81,USD,17088.83
TXN006848,CUST03608,USA,New York 5th Ave,Boutique,Joaillerie,2026-06-17,37270.07,USD,34288.46
TXN006849,CUST03609,Chine,Shanghai,Boutique,Accessoires & Parfums,2026-03-06,4894.66,CNY,636.31
TXN006850,CUST03610,France (siège),Paris Vendôme,Boutique,Joaillerie,2025-11-13,11972.85,EUR,11972.85
TXN006851,CUST03610,France (siège),Paris Vendôme,Boutique,Joaillerie,2026-04-27,7674.42,EUR,7674.42
TXN006852,CUST03611,USA,Bal Harbour,Événement privé,Haute Joaillerie,2025-12-07,116272.4,USD,106970.61
TXN006853,CUST03611,USA,Bal Harbour,Boutique,Horlogerie,2026-04-22,37445.02,USD,34449.42
TXN006854,CUST03612,Chine,Hong Kong,Boutique,Joaillerie,2024-12-06,142984.32,CNY,18587.96
TXN006855,CUST03612,Chine,Hong Kong,Boutique,Mariage,2025-06-03,88823.75,CNY,11547.09
TXN006856,CUST03612,Chine,Hong Kong,Événement privé,Joaillerie,2025-10-21,189037.66,CNY,24574.9
TXN006857,CUST03612,Chine,Hong Kong,Boutique,Accessoires & Parfums,2026-03-10,6214.17,CNY,807.84
TXN006858,CUST03613,France (siège),Cannes,Boutique,Joaillerie,2025-04-26,19635.77,EUR,19635.77
TXN006859,CUST03614,France (siège),Paris Champs-Élysées,Boutique,Accessoires & Parfums,2025-12-22,1521.06,EUR,1521.06
TXN006860,CUST03614,France (siège),Paris Champs-Élysées,Événement privé,Accessoires & Parfums,2026-05-02,503.78,EUR,503.78
TXN006861,CUST03615,France (siège),Cannes,Boutique,Accessoires & Parfums,2025-07-22,742.24,EUR,742.24
TXN006862,CUST03615,France (siège),Cannes,Événement privé,Joaillerie,2025-12-03,20344.35,EUR,20344.35
TXN006863,CUST03615,France (siège),Cannes,Boutique,Mariage,2026-05-04,15418.97,EUR,15418.97
TXN006864,CUST03616,France (siège),Cannes,Boutique,Joaillerie,2025-02-23,25653.11,EUR,25653.11
TXN006865,CUST03616,France (siège),Cannes,En ligne,Accessoires & Parfums,2025-07-23,654.73,EUR,654.73
TXN006866,CUST03616,France (siège),Cannes,Boutique,Accessoires & Parfums,2025-12-10,1367.24,EUR,1367.24
TXN006867,CUST03616,France (siège),Cannes,Boutique,Accessoires & Parfums,2026-05-01,994.07,EUR,994.07
TXN006868,CUST03617,France (siège),Paris Vendôme,Boutique,Joaillerie,2026-06-10,16129.86,EUR,16129.86
TXN006869,CUST03618,USA,New York 5th Ave,En ligne,Mariage,2025-04-10,13723.34,USD,12625.48
TXN006870,CUST03619,France (siège),Paris Champs-Élysées,En ligne,Accessoires & Parfums,2025-10-08,1184.07,EUR,1184.07
TXN006871,CUST03620,USA,New York 5th Ave,Boutique,Accessoires & Parfums,2025-11-24,939.27,USD,864.13
TXN006872,CUST03620,USA,New York 5th Ave,En ligne,Joaillerie,2026-05-18,13023.65,USD,11981.76
TXN006873,CUST03621,Japon,Tokyo Ginza,Boutique,Joaillerie,2025-10-21,1919010.1,JPY,11897.86
TXN006874,CUST03621,Japon,Tokyo Ginza,Boutique,Haute Joaillerie,2026-03-06,17161334.97,JPY,106400.28
TXN006875,CUST03622,Moyen-Orient,Abu Dhabi,Boutique,Joaillerie,2025-10-19,62457.78,AED,15614.44
TXN006876,CUST03622,Moyen-Orient,Abu Dhabi,Boutique,Joaillerie,2026-04-03,58578.49,AED,14644.62
TXN006877,CUST03623,Moyen-Orient,Dubaï Mall,Boutique,Haute Joaillerie,2026-06-22,605243.07,AED,151310.77
TXN006878,CUST03624,Chine,Hong Kong,En ligne,Joaillerie,2025-08-27,81968.29,CNY,10655.88
TXN006879,CUST03624,Chine,Hong Kong,Boutique,Accessoires & Parfums,2026-02-19,5326.43,CNY,692.44
TXN006880,CUST03626,Moyen-Orient,Abu Dhabi,En ligne,Accessoires & Parfums,2025-02-26,2224.74,AED,556.18
TXN006881,CUST03626,Moyen-Orient,Abu Dhabi,En ligne,Joaillerie,2025-08-29,58847.61,AED,14711.9
TXN006882,CUST03626,Moyen-Orient,Abu Dhabi,En ligne,Accessoires & Parfums,2026-03-03,2054.26,AED,513.56
TXN006883,CUST03626,Moyen-Orient,Abu Dhabi,Boutique,Joaillerie,2026-07-19,36579.63,AED,9144.91
TXN006884,CUST03627,France (siège),Paris Champs-Élysées,Boutique,Accessoires & Parfums,2026-01-13,786.77,EUR,786.77
TXN006885,CUST03628,Chine,Hong Kong,Événement privé,Mariage,2025-06-25,40312.6,CNY,5240.64
TXN006886,CUST03628,Chine,Hong Kong,Boutique,Accessoires & Parfums,2025-11-24,5904.33,CNY,767.56
TXN006887,CUST03628,Chine,Hong Kong,Boutique,Mariage,2026-05-08,76347.13,CNY,9925.13
TXN006888,CUST03629,Chine,Hong Kong,Boutique,Joaillerie,2025-06-10,104252.86,CNY,13552.87
TXN006889,CUST03629,Chine,Hong Kong,Boutique,Joaillerie,2025-11-03,123861.44,CNY,16101.99
TXN006890,CUST03629,Chine,Hong Kong,Boutique,Accessoires & Parfums,2026-03-16,9109.5,CNY,1184.24
TXN006891,CUST03629,Chine,Hong Kong,Boutique,Joaillerie,2026-07-29,46517.48,CNY,6047.27
TXN006892,CUST03630,France (siège),Paris Vendôme,Boutique,Accessoires & Parfums,2025-04-23,1231.0,EUR,1231.0
TXN006893,CUST03630,France (siège),Paris Vendôme,Boutique,Accessoires & Parfums,2025-11-22,615.7,EUR,615.7
TXN006894,CUST03630,France (siège),Paris Vendôme,Boutique,Horlogerie,2026-04-12,28218.87,EUR,28218.87
TXN006895,CUST03632,Japon,Osaka,Boutique,Accessoires & Parfums,2026-07-25,150834.88,JPY,935.18
TXN006896,CUST03633,USA,New York 5th Ave,Boutique,Haute Joaillerie,2025-05-07,84482.94,USD,77724.31
TXN006897,CUST03633,USA,New York 5th Ave,En ligne,Mariage,2025-10-22,9891.24,USD,9099.94
TXN006898,CUST03633,USA,New York 5th Ave,En ligne,Horlogerie,2026-02-23,38541.0,USD,35457.72
TXN006899,CUST03633,USA,New York 5th Ave,Boutique,Accessoires & Parfums,2026-07-26,461.24,USD,424.34
TXN006900,CUST03634,Chine,Pékin,Boutique,Haute Joaillerie,2025-08-11,976458.26,CNY,126939.57
TXN006901,CUST03634,Chine,Pékin,Boutique,Mariage,2025-12-17,85137.8,CNY,11067.91
TXN006902,CUST03635,Japon,Tokyo Ginza,Boutique,Accessoires & Parfums,2025-12-05,161308.87,JPY,1000.11
TXN006903,CUST03635,Japon,Tokyo Ginza,En ligne,Accessoires & Parfums,2026-05-28,93395.55,JPY,579.05
TXN006904,CUST03636,Japon,Tokyo Ginza,Boutique,Accessoires & Parfums,2025-03-17,130575.99,JPY,809.57
TXN006905,CUST03636,Japon,Tokyo Ginza,Boutique,Joaillerie,2025-08-06,3135161.87,JPY,19438.0
TXN006906,CUST03636,Japon,Tokyo Ginza,Boutique,Horlogerie,2026-01-03,4692500.71,JPY,29093.5
TXN006907,CUST03636,Japon,Tokyo Ginza,Événement privé,Joaillerie,2026-05-26,2485497.16,JPY,15410.08
TXN006908,CUST03637,Japon,Osaka,Boutique,Accessoires & Parfums,2025-06-22,214187.91,JPY,1327.97
TXN006909,CUST03637,Japon,Osaka,En ligne,Mariage,2025-11-12,2974543.38,JPY,18442.17
TXN006910,CUST03638,Moyen-Orient,Dubaï Mall,Boutique,Joaillerie,2026-03-10,87636.52,AED,21909.13
TXN006911,CUST03639,France (siège),Cannes,Boutique,Horlogerie,2025-06-07,19143.98,EUR,19143.98
TXN006912,CUST03639,France (siège),Cannes,Événement privé,Joaillerie,2025-11-08,15681.63,EUR,15681.63
TXN006913,CUST03639,France (siège),Cannes,En ligne,Accessoires & Parfums,2026-04-21,701.4,EUR,701.4
TXN006914,CUST03640,USA,Beverly Hills,Boutique,Joaillerie,2025-08-24,11517.18,USD,10595.81
TXN006915,CUST03640,USA,Beverly Hills,Boutique,Mariage,2026-01-18,17361.68,USD,15972.74
TXN006916,CUST03640,USA,Beverly Hills,Boutique,Joaillerie,2026-07-17,11899.94,USD,10947.94
TXN006917,CUST03641,France (siège),Cannes,Boutique,Mariage,2026-02-15,13845.36,EUR,13845.36
TXN006918,CUST03641,France (siège),Cannes,Boutique,Horlogerie,2026-06-22,24448.47,EUR,24448.47
TXN006919,CUST03642,Japon,Tokyo Ginza,Boutique,Horlogerie,2026-05-07,3882379.72,JPY,24070.75
TXN006920,CUST03643,USA,Bal Harbour,Boutique,Joaillerie,2025-05-22,7565.38,USD,6960.15
TXN006921,CUST03643,USA,Bal Harbour,En ligne,Horlogerie,2025-12-01,39728.86,USD,36550.55
TXN006922,CUST03643,USA,Bal Harbour,Événement privé,Haute Joaillerie,2026-05-07,61235.02,USD,56336.22
TXN006923,CUST03644,USA,Bal Harbour,Boutique,Accessoires & Parfums,2026-05-06,841.16,USD,773.87
TXN006924,CUST03645,Moyen-Orient,Dubaï Mall,Boutique,Joaillerie,2026-02-08,60610.81,AED,15152.7
TXN006925,CUST03645,Moyen-Orient,Dubaï Mall,Boutique,Joaillerie,2026-05-29,90099.41,AED,22524.85
TXN006926,CUST03646,USA,New York 5th Ave,Boutique,Joaillerie,2025-11-16,14896.13,USD,13704.44
TXN006927,CUST03646,USA,New York 5th Ave,Événement privé,Accessoires & Parfums,2026-04-27,829.08,USD,762.75
TXN006928,CUST03647,Moyen-Orient,Dubaï Mall,En ligne,Horlogerie,2026-02-02,103853.38,AED,25963.35
TXN006929,CUST03647,Moyen-Orient,Dubaï Mall,En ligne,Mariage,2026-06-24,54727.59,AED,13681.9
TXN006930,CUST03648,USA,New York 5th Ave,Boutique,Horlogerie,2025-12-17,46126.37,USD,42436.26
TXN006931,CUST03649,Japon,Tokyo Ginza,En ligne,Joaillerie,2026-03-08,2683492.32,JPY,16637.65
TXN006932,CUST03649,Japon,Tokyo Ginza,Boutique,Joaillerie,2026-07-08,1915247.0,JPY,11874.53
TXN006933,CUST03650,France (siège),Paris Vendôme,En ligne,Joaillerie,2026-05-21,12769.84,EUR,12769.84
TXN006934,CUST03651,France (siège),Paris Champs-Élysées,Événement privé,Joaillerie,2025-07-25,15032.27,EUR,15032.27
TXN006935,CUST03651,France (siège),Paris Champs-Élysées,Boutique,Horlogerie,2025-10-24,49071.76,EUR,49071.76
TXN006936,CUST03651,France (siège),Paris Champs-Élysées,Événement privé,Joaillerie,2026-01-26,20169.18,EUR,20169.18
TXN006937,CUST03651,France (siège),Paris Champs-Élysées,Événement privé,Haute Joaillerie,2026-04-28,224780.17,EUR,224780.17
TXN006938,CUST03652,Chine,Hong Kong,En ligne,Horlogerie,2026-05-11,158840.35,CNY,20649.25
TXN006939,CUST03653,Chine,Shanghai,Boutique,Mariage,2026-07-28,118748.03,CNY,15437.24
TXN006940,CUST03655,Moyen-Orient,Dubaï Mall,Boutique,Mariage,2026-02-14,34257.33,AED,8564.33
TXN006941,CUST03655,Moyen-Orient,Dubaï Mall,Boutique,Joaillerie,2026-07-18,56863.44,AED,14215.86
TXN006942,CUST03656,France (siège),Paris Vendôme,Événement privé,Horlogerie,2026-05-20,28336.52,EUR,28336.52
TXN006943,CUST03657,France (siège),Paris Champs-Élysées,Boutique,Mariage,2026-06-06,6641.25,EUR,6641.25
TXN006944,CUST03658,Moyen-Orient,Dubaï Mall,Boutique,Horlogerie,2026-03-24,98725.52,AED,24681.38
TXN006945,CUST03659,Chine,Hong Kong,Boutique,Horlogerie,2025-03-10,152814.66,CNY,19865.91
TXN006946,CUST03659,Chine,Hong Kong,Boutique,Joaillerie,2025-10-02,85386.92,CNY,11100.3
TXN006947,CUST03659,Chine,Hong Kong,Boutique,Joaillerie,2026-04-06,136657.09,CNY,17765.42
TXN006948,CUST03660,France (siège),Paris Vendôme,Boutique,Joaillerie,2026-03-15,13237.47,EUR,13237.47
TXN006949,CUST03661,Chine,Hong Kong,Boutique,Accessoires & Parfums,2026-03-24,4809.55,CNY,625.24
TXN006950,CUST03662,Japon,Tokyo Ginza,Boutique,Mariage,2025-06-02,1787200.05,JPY,11080.64
TXN006951,CUST03662,Japon,Tokyo Ginza,Événement privé,Mariage,2025-09-22,2404301.56,JPY,14906.67
TXN006952,CUST03662,Japon,Tokyo Ginza,En ligne,Haute Joaillerie,2026-04-19,12982652.15,JPY,80492.44
TXN006953,CUST03663,USA,New York 5th Ave,En ligne,Horlogerie,2025-03-25,32648.79,USD,30036.89
TXN006954,CUST03663,USA,New York 5th Ave,En ligne,Accessoires & Parfums,2025-09-06,1007.19,USD,926.61
TXN006955,CUST03664,Moyen-Orient,Dubaï Mall,Boutique,Accessoires & Parfums,2025-09-15,4594.92,AED,1148.73
TXN006956,CUST03664,Moyen-Orient,Dubaï Mall,Boutique,Horlogerie,2026-02-03,152318.2,AED,38079.55
TXN006957,CUST03664,Moyen-Orient,Dubaï Mall,Événement privé,Haute Joaillerie,2026-06-28,602607.72,AED,150651.93
TXN006958,CUST03665,USA,Beverly Hills,En ligne,Accessoires & Parfums,2025-11-05,794.4,USD,730.85
TXN006959,CUST03665,USA,Beverly Hills,Boutique,Horlogerie,2026-04-17,18808.92,USD,17304.2
TXN006960,CUST03666,USA,Beverly Hills,Boutique,Accessoires & Parfums,2025-08-15,420.89,USD,387.22
TXN006961,CUST03667,France (siège),Paris Vendôme,Boutique,Joaillerie,2025-04-09,14726.02,EUR,14726.02
TXN006962,CUST03667,France (siège),Paris Vendôme,Boutique,Accessoires & Parfums,2025-09-22,922.14,EUR,922.14
TXN006963,CUST03667,France (siège),Paris Vendôme,Boutique,Accessoires & Parfums,2026-03-12,680.17,EUR,680.17
TXN006964,CUST03668,Chine,Pékin,Événement privé,Haute Joaillerie,2025-09-23,598063.59,CNY,77748.27
TXN006965,CUST03668,Chine,Pékin,En ligne,Accessoires & Parfums,2026-01-21,10167.43,CNY,1321.77
TXN006966,CUST03669,Chine,Shanghai,Boutique,Accessoires & Parfums,2025-08-18,5929.66,CNY,770.86
TXN006967,CUST03669,Chine,Shanghai,En ligne,Joaillerie,2026-01-24,134008.48,CNY,17421.1
TXN006968,CUST03669,Chine,Shanghai,Boutique,Accessoires & Parfums,2026-06-02,8548.84,CNY,1111.35
TXN006969,CUST03670,Japon,Tokyo Ginza,En ligne,Joaillerie,2026-03-22,2031960.1,JPY,12598.15
TXN006970,CUST03671,USA,Bal Harbour,Boutique,Mariage,2025-10-24,13710.64,USD,12613.79
TXN006971,CUST03671,USA,Bal Harbour,Boutique,Haute Joaillerie,2026-03-15,109815.33,USD,101030.1
TXN006972,CUST03672,Chine,Hong Kong,Boutique,Mariage,2026-05-22,38324.47,CNY,4982.18
TXN006973,CUST03673,Chine,Hong Kong,Événement privé,Horlogerie,2025-09-14,350858.21,CNY,45611.57
TXN006974,CUST03673,Chine,Hong Kong,Boutique,Accessoires & Parfums,2026-01-14,12142.72,CNY,1578.55
TXN006975,CUST03673,Chine,Hong Kong,En ligne,Joaillerie,2026-04-07,172585.13,CNY,22436.07
TXN006976,CUST03673,Chine,Hong Kong,En ligne,Horlogerie,2026-06-12,310637.71,CNY,40382.9
TXN006977,CUST03675,France (siège),Cannes,En ligne,Accessoires & Parfums,2026-03-07,619.35,EUR,619.35
TXN006978,CUST03676,Chine,Shanghai,En ligne,Accessoires & Parfums,2025-07-05,6168.08,CNY,801.85
TXN006979,CUST03676,Chine,Shanghai,Boutique,Accessoires & Parfums,2026-01-10,7809.83,CNY,1015.28
TXN006980,CUST03677,Moyen-Orient,Abu Dhabi,Événement privé,Mariage,2025-02-24,55114.62,AED,13778.66
TXN006981,CUST03677,Moyen-Orient,Abu Dhabi,En ligne,Horlogerie,2025-05-30,288584.2,AED,72146.05
TXN006982,CUST03677,Moyen-Orient,Abu Dhabi,Boutique,Horlogerie,2025-08-15,153542.04,AED,38385.51
TXN006983,CUST03677,Moyen-Orient,Abu Dhabi,En ligne,Haute Joaillerie,2025-11-03,1029977.96,AED,257494.49
TXN006984,CUST03677,Moyen-Orient,Abu Dhabi,Événement privé,Joaillerie,2026-02-20,126265.03,AED,31566.26
TXN006985,CUST03677,Moyen-Orient,Abu Dhabi,Boutique,Accessoires & Parfums,2026-05-28,6654.28,AED,1663.57
TXN006986,CUST03678,USA,Beverly Hills,En ligne,Mariage,2026-04-21,11473.61,USD,10555.73
TXN006987,CUST03679,France (siège),Paris Champs-Élysées,Boutique,Horlogerie,2025-02-28,49897.69,EUR,49897.69
TXN006988,CUST03679,France (siège),Paris Champs-Élysées,Boutique,Accessoires & Parfums,2025-07-31,771.08,EUR,771.08
TXN006989,CUST03679,France (siège),Paris Champs-Élysées,Boutique,Mariage,2025-12-30,18209.41,EUR,18209.41
TXN006990,CUST03679,France (siège),Paris Champs-Élysées,Boutique,Joaillerie,2026-05-11,8445.7,EUR,8445.7
TXN006991,CUST03680,France (siège),Cannes,En ligne,Accessoires & Parfums,2025-09-17,1090.31,EUR,1090.31
TXN006992,CUST03680,France (siège),Cannes,En ligne,Joaillerie,2026-01-30,17561.53,EUR,17561.53
TXN006993,CUST03680,France (siège),Cannes,Boutique,Mariage,2026-06-13,15529.95,EUR,15529.95
TXN006994,CUST03681,USA,Beverly Hills,Boutique,Horlogerie,2026-04-07,22070.44,USD,20304.81
TXN006995,CUST03682,Japon,Tokyo Ginza,Boutique,Horlogerie,2026-02-19,5582802.92,JPY,34613.38
TXN006996,CUST03682,Japon,Tokyo Ginza,En ligne,Joaillerie,2026-07-27,2274989.79,JPY,14104.94
TXN006997,CUST03685,France (siège),Paris Vendôme,Boutique,Horlogerie,2025-04-12,26940.6,EUR,26940.6
TXN006998,CUST03685,France (siège),Paris Vendôme,Boutique,Horlogerie,2025-08-24,38208.08,EUR,38208.08
TXN006999,CUST03685,France (siège),Paris Vendôme,Boutique,Joaillerie,2025-11-15,13171.11,EUR,13171.11
TXN007000,CUST03685,France (siège),Paris Vendôme,Boutique,Horlogerie,2026-03-06,42272.72,EUR,42272.72
TXN007001,CUST03686,Japon,Osaka,Événement privé,Horlogerie,2026-05-21,6132468.42,JPY,38021.3
TXN007002,CUST03688,Moyen-Orient,Dubaï Mall,Boutique,Haute Joaillerie,2026-01-24,268096.2,AED,67024.05
TXN007003,CUST03688,Moyen-Orient,Dubaï Mall,Boutique,Joaillerie,2026-06-28,54468.65,AED,13617.16
TXN007004,CUST03689,France (siège),Paris Champs-Élysées,Boutique,Horlogerie,2025-03-21,22826.15,EUR,22826.15
TXN007005,CUST03689,France (siège),Paris Champs-Élysées,En ligne,Horlogerie,2025-09-04,28217.12,EUR,28217.12
TXN007006,CUST03689,France (siège),Paris Champs-Élysées,En ligne,Joaillerie,2026-03-15,17829.04,EUR,17829.04
TXN007007,CUST03690,Chine,Shanghai,Boutique,Horlogerie,2025-10-06,184975.06,CNY,24046.76
TXN007008,CUST03690,Chine,Shanghai,En ligne,Joaillerie,2026-04-03,59745.11,CNY,7766.86
TXN007009,CUST03691,France (siège),Paris Vendôme,Boutique,Horlogerie,2025-12-22,43512.2,EUR,43512.2
TXN007010,CUST03691,France (siège),Paris Vendôme,Boutique,Horlogerie,2026-06-01,39085.21,EUR,39085.21
TXN007011,CUST03692,Chine,Hong Kong,Boutique,Haute Joaillerie,2026-06-13,1391430.24,CNY,180885.93
TXN007012,CUST03693,USA,Bal Harbour,Boutique,Joaillerie,2025-10-07,13721.82,USD,12624.07
TXN007013,CUST03693,USA,Bal Harbour,Boutique,Horlogerie,2026-03-09,23733.1,USD,21834.45
TXN007014,CUST03694,France (siège),Paris Vendôme,Boutique,Haute Joaillerie,2025-12-13,168326.37,EUR,168326.37
TXN007015,CUST03694,France (siège),Paris Vendôme,En ligne,Accessoires & Parfums,2026-05-23,916.63,EUR,916.63
TXN007016,CUST03695,Moyen-Orient,Abu Dhabi,Boutique,Horlogerie,2025-11-10,105433.41,AED,26358.35
TXN007017,CUST03695,Moyen-Orient,Abu Dhabi,Événement privé,Mariage,2026-03-27,26205.02,AED,6551.25
TXN007018,CUST03696,France (siège),Paris Champs-Élysées,Boutique,Accessoires & Parfums,2026-03-01,795.73,EUR,795.73
TXN007019,CUST03697,Japon,Osaka,Boutique,Accessoires & Parfums,2026-03-17,127937.22,JPY,793.21
TXN007020,CUST03698,Chine,Shanghai,Boutique,Horlogerie,2025-12-07,241258.86,CNY,31363.65
TXN007021,CUST03698,Chine,Shanghai,Boutique,Mariage,2026-05-20,102881.73,CNY,13374.62
TXN007022,CUST03699,USA,Bal Harbour,En ligne,Mariage,2025-11-11,6649.27,USD,6117.33
TXN007023,CUST03699,USA,Bal Harbour,Boutique,Accessoires & Parfums,2026-05-02,761.2,USD,700.3
TXN007024,CUST03700,France (siège),Cannes,Boutique,Joaillerie,2025-09-07,13194.46,EUR,13194.46
TXN007025,CUST03700,France (siège),Cannes,En ligne,Joaillerie,2026-02-16,21256.66,EUR,21256.66
TXN007026,CUST03700,France (siège),Cannes,Boutique,Joaillerie,2026-06-05,25097.61,EUR,25097.61
TXN007027,CUST03701,Chine,Pékin,Boutique,Horlogerie,2025-04-11,275216.93,CNY,35778.2
TXN007028,CUST03701,Chine,Pékin,Boutique,Accessoires & Parfums,2025-09-30,5999.94,CNY,779.99
TXN007029,CUST03701,Chine,Pékin,En ligne,Accessoires & Parfums,2026-03-19,6320.02,CNY,821.6
TXN007030,CUST03701,Chine,Pékin,Boutique,Accessoires & Parfums,2026-07-30,7441.99,CNY,967.46
TXN007031,CUST03702,USA,Bal Harbour,En ligne,Accessoires & Parfums,2025-08-29,1327.11,USD,1220.94
TXN007032,CUST03702,USA,Bal Harbour,Événement privé,Mariage,2026-01-08,19028.0,USD,17505.76
TXN007033,CUST03702,USA,Bal Harbour,En ligne,Joaillerie,2026-06-09,5216.07,USD,4798.78
TXN007034,CUST03703,Chine,Shanghai,Boutique,Mariage,2025-05-24,113070.93,CNY,14699.22
TXN007035,CUST03703,Chine,Shanghai,Boutique,Accessoires & Parfums,2025-11-04,5045.11,CNY,655.86
TXN007036,CUST03703,Chine,Shanghai,En ligne,Mariage,2026-04-23,68362.02,CNY,8887.06
TXN007037,CUST03704,Japon,Osaka,Boutique,Mariage,2026-06-30,1935675.09,JPY,12001.19
TXN007038,CUST03706,Chine,Hong Kong,Boutique,Accessoires & Parfums,2025-07-31,6792.93,CNY,883.08
TXN007039,CUST03706,Chine,Hong Kong,Événement privé,Horlogerie,2025-12-15,271209.2,CNY,35257.2
TXN007040,CUST03706,Chine,Hong Kong,En ligne,Joaillerie,2026-05-20,105191.77,CNY,13674.93
TXN007041,CUST03707,USA,New York 5th Ave,Événement privé,Accessoires & Parfums,2026-03-08,450.56,USD,414.51
TXN007042,CUST03708,USA,Beverly Hills,En ligne,Accessoires & Parfums,2025-06-07,883.22,USD,812.57
TXN007043,CUST03708,USA,Beverly Hills,Boutique,Haute Joaillerie,2025-12-25,80395.24,USD,73963.63
TXN007044,CUST03708,USA,Beverly Hills,Événement privé,Joaillerie,2026-06-28,12494.65,USD,11495.07
TXN007045,CUST03709,Moyen-Orient,Abu Dhabi,Événement privé,Joaillerie,2026-05-17,89622.43,AED,22405.61
TXN007046,CUST03710,Japon,Osaka,Boutique,Accessoires & Parfums,2025-11-29,76687.71,JPY,475.46
TXN007047,CUST03711,USA,Beverly Hills,Boutique,Joaillerie,2025-04-16,18787.99,USD,17284.95
TXN007048,CUST03711,USA,Beverly Hills,Boutique,Mariage,2025-10-07,12407.01,USD,11414.45
TXN007049,CUST03712,Moyen-Orient,Abu Dhabi,Boutique,Joaillerie,2026-03-07,88280.66,AED,22070.16
TXN007050,CUST03712,Moyen-Orient,Abu Dhabi,Boutique,Joaillerie,2026-07-19,49182.36,AED,12295.59
TXN007051,CUST03713,USA,Bal Harbour,En ligne,Mariage,2026-05-12,7064.76,USD,6499.58
TXN007052,CUST03714,France (siège),Paris Champs-Élysées,Boutique,Horlogerie,2025-12-15,48549.28,EUR,48549.28
TXN007053,CUST03714,France (siège),Paris Champs-Élysées,Boutique,Mariage,2026-07-01,16324.06,EUR,16324.06
TXN007054,CUST03715,France (siège),Paris Champs-Élysées,Événement privé,Joaillerie,2025-12-17,27745.14,EUR,27745.14
TXN007055,CUST03715,France (siège),Paris Champs-Élysées,Boutique,Joaillerie,2026-05-13,16883.14,EUR,16883.14
TXN007056,CUST03716,France (siège),Paris Vendôme,Événement privé,Horlogerie,2025-03-07,14738.38,EUR,14738.38
TXN007057,CUST03716,France (siège),Paris Vendôme,Boutique,Joaillerie,2025-08-24,13527.18,EUR,13527.18
TXN007058,CUST03716,France (siège),Paris Vendôme,Boutique,Mariage,2026-02-06,11574.29,EUR,11574.29
TXN007059,CUST03716,France (siège),Paris Vendôme,Boutique,Horlogerie,2026-07-27,21619.06,EUR,21619.06
TXN007060,CUST03717,USA,Bal Harbour,Boutique,Accessoires & Parfums,2025-12-29,592.44,USD,545.04
TXN007061,CUST03717,USA,Bal Harbour,Boutique,Joaillerie,2026-05-26,21259.09,USD,19558.36
TXN007062,CUST03718,France (siège),Paris Vendôme,Événement privé,Joaillerie,2025-07-15,17802.57,EUR,17802.57
TXN007063,CUST03718,France (siège),Paris Vendôme,En ligne,Accessoires & Parfums,2025-12-16,757.32,EUR,757.32
TXN007064,CUST03718,France (siège),Paris Vendôme,Boutique,Accessoires & Parfums,2026-05-31,935.17,EUR,935.17
TXN007065,CUST03719,France (siège),Paris Vendôme,Boutique,Accessoires & Parfums,2026-04-26,531.07,EUR,531.07
TXN007066,CUST03720,Moyen-Orient,Abu Dhabi,En ligne,Joaillerie,2026-02-06,102299.19,AED,25574.8
TXN007067,CUST03720,Moyen-Orient,Abu Dhabi,Boutique,Haute Joaillerie,2026-06-18,694986.57,AED,173746.64
TXN007068,CUST03721,USA,New York 5th Ave,Boutique,Accessoires & Parfums,2025-12-07,598.91,USD,551.0
TXN007069,CUST03721,USA,New York 5th Ave,Boutique,Accessoires & Parfums,2026-05-25,558.78,USD,514.08
TXN007070,CUST03722,France (siège),Cannes,Événement privé,Accessoires & Parfums,2025-03-24,484.41,EUR,484.41
TXN007071,CUST03722,France (siège),Cannes,Boutique,Accessoires & Parfums,2025-10-08,606.09,EUR,606.09
TXN007072,CUST03722,France (siège),Cannes,Boutique,Mariage,2026-04-08,6601.88,EUR,6601.88
TXN007073,CUST03723,Japon,Osaka,Boutique,Accessoires & Parfums,2025-08-10,133082.55,JPY,825.11
TXN007074,CUST03724,Chine,Pékin,Boutique,Horlogerie,2026-05-09,273069.64,CNY,35499.05
TXN007075,CUST03725,France (siège),Paris Vendôme,Boutique,Accessoires & Parfums,2025-11-24,1058.98,EUR,1058.98
TXN007076,CUST03725,France (siège),Paris Vendôme,Événement privé,Joaillerie,2026-05-10,21330.47,EUR,21330.47
TXN007077,CUST03726,France (siège),Paris Vendôme,Boutique,Accessoires & Parfums,2025-06-20,634.0,EUR,634.0
TXN007078,CUST03726,France (siège),Paris Vendôme,Boutique,Joaillerie,2025-12-30,14083.42,EUR,14083.42
TXN007079,CUST03726,France (siège),Paris Vendôme,Boutique,Horlogerie,2026-06-16,29040.54,EUR,29040.54
TXN007080,CUST03727,France (siège),Cannes,Boutique,Mariage,2026-02-16,17745.88,EUR,17745.88
TXN007081,CUST03728,Moyen-Orient,Dubaï Mall,Boutique,Accessoires & Parfums,2026-06-21,4542.95,AED,1135.74
TXN007082,CUST03729,France (siège),Paris Vendôme,En ligne,Mariage,2025-09-10,13910.08,EUR,13910.08
TXN007083,CUST03729,France (siège),Paris Vendôme,En ligne,Accessoires & Parfums,2026-03-05,816.21,EUR,816.21
TXN007084,CUST03729,France (siège),Paris Vendôme,Boutique,Joaillerie,2026-07-30,17557.37,EUR,17557.37
TXN007085,CUST03730,France (siège),Paris Vendôme,Événement privé,Accessoires & Parfums,2026-02-19,1378.4,EUR,1378.4
TXN007086,CUST03730,France (siège),Paris Vendôme,Événement privé,Accessoires & Parfums,2026-05-25,2549.79,EUR,2549.79
TXN007087,CUST03732,Chine,Pékin,En ligne,Mariage,2025-05-18,29910.49,CNY,3888.36
TXN007088,CUST03733,USA,New York 5th Ave,Boutique,Accessoires & Parfums,2026-03-28,931.04,USD,856.56
TXN007089,CUST03733,USA,New York 5th Ave,Boutique,Accessoires & Parfums,2026-07-29,1054.47,USD,970.12
TXN007090,CUST03734,Chine,Pékin,En ligne,Accessoires & Parfums,2025-05-03,7773.16,CNY,1010.51
TXN007091,CUST03734,Chine,Pékin,Boutique,Mariage,2025-09-15,103318.58,CNY,13431.42
TXN007092,CUST03734,Chine,Pékin,En ligne,Horlogerie,2026-01-19,148641.82,CNY,19323.44
TXN007093,CUST03734,Chine,Pékin,En ligne,Accessoires & Parfums,2026-06-08,3366.76,CNY,437.68
TXN007094,CUST03735,Chine,Pékin,En ligne,Horlogerie,2026-05-20,250693.69,CNY,32590.18
TXN007095,CUST03736,Chine,Pékin,En ligne,Accessoires & Parfums,2025-05-19,5342.94,CNY,694.58
TXN007096,CUST03736,Chine,Pékin,Boutique,Accessoires & Parfums,2025-10-28,4269.34,CNY,555.01
TXN007097,CUST03736,Chine,Pékin,Boutique,Accessoires & Parfums,2026-04-12,9083.94,CNY,1180.91
TXN007098,CUST03737,France (siège),Cannes,En ligne,Accessoires & Parfums,2026-05-16,667.98,EUR,667.98
TXN007099,CUST03738,USA,New York 5th Ave,Boutique,Joaillerie,2025-11-06,11466.13,USD,10548.84
TXN007100,CUST03738,USA,New York 5th Ave,Boutique,Joaillerie,2026-05-17,15351.87,USD,14123.72
TXN007101,CUST03739,France (siège),Paris Champs-Élysées,En ligne,Haute Joaillerie,2025-10-19,92026.56,EUR,92026.56
TXN007102,CUST03739,France (siège),Paris Champs-Élysées,Boutique,Accessoires & Parfums,2026-04-29,973.17,EUR,973.17
TXN007103,CUST03741,Chine,Pékin,Événement privé,Haute Joaillerie,2025-08-04,1046348.83,CNY,136025.35
TXN007104,CUST03741,Chine,Pékin,Événement privé,Accessoires & Parfums,2026-01-06,8501.6,CNY,1105.21
TXN007105,CUST03741,Chine,Pékin,Boutique,Horlogerie,2026-05-02,393140.91,CNY,51108.32
TXN007106,CUST03742,USA,New York 5th Ave,En ligne,Accessoires & Parfums,2026-07-10,918.18,USD,844.73
TXN007107,CUST03743,France (siège),Cannes,Boutique,Accessoires & Parfums,2025-11-27,713.21,EUR,713.21
TXN007108,CUST03743,France (siège),Cannes,Événement privé,Joaillerie,2026-04-04,10919.89,EUR,10919.89
TXN007109,CUST03744,Japon,Tokyo Ginza,Boutique,Joaillerie,2025-03-07,4185826.94,JPY,25952.13
TXN007110,CUST03744,Japon,Tokyo Ginza,En ligne,Horlogerie,2025-07-31,9405808.14,JPY,58316.01
TXN007111,CUST03744,Japon,Tokyo Ginza,En ligne,Joaillerie,2025-12-11,2948768.66,JPY,18282.37
TXN007112,CUST03744,Japon,Tokyo Ginza,Boutique,Joaillerie,2026-05-23,3761557.52,JPY,23321.66
TXN007113,CUST03745,France (siège),Paris Vendôme,Boutique,Accessoires & Parfums,2025-02-26,824.65,EUR,824.65
TXN007114,CUST03745,France (siège),Paris Vendôme,Boutique,Accessoires & Parfums,2025-08-28,778.16,EUR,778.16
TXN007115,CUST03745,France (siège),Paris Vendôme,Événement privé,Joaillerie,2026-02-04,13467.66,EUR,13467.66
TXN007116,CUST03745,France (siège),Paris Vendôme,Boutique,Horlogerie,2026-06-28,28414.13,EUR,28414.13
TXN007117,CUST03746,Chine,Pékin,Boutique,Accessoires & Parfums,2026-04-08,7108.67,CNY,924.13
TXN007118,CUST03747,France (siège),Cannes,En ligne,Joaillerie,2026-06-03,13840.89,EUR,13840.89
TXN007119,CUST03748,Moyen-Orient,Dubaï Mall,Boutique,Joaillerie,2025-07-04,98442.72,AED,24610.68
TXN007120,CUST03748,Moyen-Orient,Dubaï Mall,Boutique,Joaillerie,2025-11-23,122588.92,AED,30647.23
TXN007121,CUST03748,Moyen-Orient,Dubaï Mall,Boutique,Joaillerie,2026-04-01,104108.68,AED,26027.17
TXN007122,CUST03749,Moyen-Orient,Abu Dhabi,Boutique,Accessoires & Parfums,2025-05-13,4584.54,AED,1146.13
TXN007123,CUST03749,Moyen-Orient,Abu Dhabi,Boutique,Mariage,2025-10-11,68315.14,AED,17078.78
TXN007124,CUST03749,Moyen-Orient,Abu Dhabi,Boutique,Accessoires & Parfums,2026-03-17,4058.2,AED,1014.55
TXN007125,CUST03750,Japon,Osaka,Boutique,Accessoires & Parfums,2026-01-03,105503.5,JPY,654.12
TXN007126,CUST03750,Japon,Osaka,Boutique,Joaillerie,2026-06-16,2019930.77,JPY,12523.57
TXN007127,CUST03751,France (siège),Paris Champs-Élysées,Boutique,Accessoires & Parfums,2026-01-02,609.28,EUR,609.28
TXN007128,CUST03752,USA,New York 5th Ave,En ligne,Horlogerie,2025-10-08,22598.11,USD,20790.26
TXN007129,CUST03752,USA,New York 5th Ave,Boutique,Accessoires & Parfums,2026-04-03,497.36,USD,457.57
TXN007130,CUST03753,France (siège),Cannes,Boutique,Joaillerie,2025-04-13,14314.8,EUR,14314.8
TXN007131,CUST03753,France (siège),Cannes,Boutique,Haute Joaillerie,2025-10-01,101888.71,EUR,101888.71
TXN007132,CUST03753,France (siège),Cannes,Événement privé,Mariage,2026-03-15,8237.7,EUR,8237.7
TXN007133,CUST03754,Japon,Tokyo Ginza,Événement privé,Accessoires & Parfums,2025-06-18,150422.58,JPY,932.62
TXN007134,CUST03754,Japon,Tokyo Ginza,Boutique,Joaillerie,2025-11-08,2212717.46,JPY,13718.85
TXN007135,CUST03754,Japon,Tokyo Ginza,Boutique,Mariage,2026-04-15,2114198.45,JPY,13108.03
TXN007136,CUST03755,Chine,Shanghai,Événement privé,Horlogerie,2026-01-18,388086.19,CNY,50451.2
TXN007137,CUST03755,Chine,Shanghai,Boutique,Joaillerie,2026-06-01,93870.24,CNY,12203.13
TXN007138,CUST03756,USA,Beverly Hills,Boutique,Accessoires & Parfums,2025-07-01,1176.25,USD,1082.15
TXN007139,CUST03756,USA,Beverly Hills,Boutique,Accessoires & Parfums,2026-01-05,549.46,USD,505.5
TXN007140,CUST03756,USA,Beverly Hills,Événement privé,Horlogerie,2026-06-23,17983.58,USD,16544.9
TXN007141,CUST03757,Japon,Osaka,En ligne,Accessoires & Parfums,2026-05-28,68534.35,JPY,424.91
TXN007142,CUST03758,Moyen-Orient,Dubaï Mall,Boutique,Accessoires & Parfums,2026-05-18,3882.11,AED,970.53
TXN007143,CUST03759,France (siège),Paris Champs-Élysées,Boutique,Accessoires & Parfums,2026-06-16,627.58,EUR,627.58
TXN007144,CUST03760,France (siège),Paris Vendôme,Boutique,Accessoires & Parfums,2025-07-21,805.44,EUR,805.44
TXN007145,CUST03760,France (siège),Paris Vendôme,En ligne,Horlogerie,2026-01-03,18468.92,EUR,18468.92
TXN007146,CUST03760,France (siège),Paris Vendôme,Boutique,Joaillerie,2026-06-10,14363.41,EUR,14363.41
TXN007147,CUST03761,USA,New York 5th Ave,Boutique,Horlogerie,2026-05-20,21813.22,USD,20068.16
TXN007148,CUST03762,France (siège),Paris Vendôme,Boutique,Accessoires & Parfums,2025-08-03,1079.43,EUR,1079.43
TXN007149,CUST03762,France (siège),Paris Vendôme,Boutique,Accessoires & Parfums,2025-12-10,1156.09,EUR,1156.09
TXN007150,CUST03762,France (siège),Paris Vendôme,En ligne,Joaillerie,2026-05-10,21314.8,EUR,21314.8
TXN007151,CUST03764,USA,Beverly Hills,Boutique,Haute Joaillerie,2025-07-24,127623.79,USD,117413.89
TXN007152,CUST03764,USA,Beverly Hills,Boutique,Accessoires & Parfums,2026-01-05,658.09,USD,605.44
TXN007153,CUST03764,USA,Beverly Hills,En ligne,Horlogerie,2026-05-14,38513.34,USD,35432.28
TXN007154,CUST03765,France (siège),Paris Champs-Élysées,Boutique,Accessoires & Parfums,2025-06-29,469.07,EUR,469.07
TXN007155,CUST03765,France (siège),Paris Champs-Élysées,Boutique,Accessoires & Parfums,2026-01-20,727.27,EUR,727.27
TXN007156,CUST03766,France (siège),Paris Vendôme,Événement privé,Joaillerie,2026-04-09,18718.76,EUR,18718.76
TXN007157,CUST03767,Japon,Osaka,Boutique,Haute Joaillerie,2025-08-15,10586168.03,JPY,65634.24
TXN007158,CUST03767,Japon,Osaka,En ligne,Mariage,2026-02-02,2085843.19,JPY,12932.23
TXN007159,CUST03767,Japon,Osaka,Boutique,Mariage,2026-07-08,2193146.77,JPY,13597.51
TXN007160,CUST03768,Moyen-Orient,Dubaï Mall,En ligne,Accessoires & Parfums,2025-08-21,4213.26,AED,1053.31
TXN007161,CUST03768,Moyen-Orient,Dubaï Mall,Boutique,Mariage,2025-12-22,71946.76,AED,17986.69
TXN007162,CUST03768,Moyen-Orient,Dubaï Mall,En ligne,Joaillerie,2026-05-26,103680.71,AED,25920.18
TXN007163,CUST03769,Chine,Pékin,Boutique,Horlogerie,2026-06-23,167122.24,CNY,21725.89
TXN007164,CUST03770,Japon,Tokyo Ginza,En ligne,Joaillerie,2025-04-05,3598494.44,JPY,22310.67
TXN007165,CUST03770,Japon,Tokyo Ginza,En ligne,Joaillerie,2025-07-29,3843353.85,JPY,23828.79
TXN007166,CUST03770,Japon,Tokyo Ginza,Boutique,Horlogerie,2025-12-26,9146485.27,JPY,56708.21
TXN007167,CUST03770,Japon,Tokyo Ginza,En ligne,Horlogerie,2026-05-08,5241689.96,JPY,32498.48
TXN007168,CUST03771,Chine,Pékin,Boutique,Accessoires & Parfums,2026-05-24,5772.48,CNY,750.42
TXN007169,CUST03772,France (siège),Paris Vendôme,En ligne,Joaillerie,2026-07-18,11713.65,EUR,11713.65
TXN007170,CUST03773,USA,New York 5th Ave,Boutique,Joaillerie,2026-05-21,22651.99,USD,20839.83
TXN007171,CUST03774,USA,New York 5th Ave,Événement privé,Joaillerie,2026-06-19,14714.13,USD,13537.0
TXN007172,CUST03775,Japon,Osaka,En ligne,Haute Joaillerie,2026-07-03,19538795.87,JPY,121140.53
TXN007173,CUST03776,France (siège),Paris Vendôme,Événement privé,Accessoires & Parfums,2025-04-20,763.46,EUR,763.46
TXN007174,CUST03776,France (siège),Paris Vendôme,Événement privé,Joaillerie,2025-09-14,11684.07,EUR,11684.07
TXN007175,CUST03776,France (siège),Paris Vendôme,En ligne,Joaillerie,2026-02-23,15474.35,EUR,15474.35
TXN007176,CUST03777,Chine,Hong Kong,Boutique,Joaillerie,2025-07-27,144762.11,CNY,18819.07
TXN007177,CUST03777,Chine,Hong Kong,Événement privé,Horlogerie,2026-01-05,322956.88,CNY,41984.39
TXN007178,CUST03778,Chine,Hong Kong,Boutique,Horlogerie,2025-09-19,218550.99,CNY,28411.63
TXN007179,CUST03780,USA,Beverly Hills,Boutique,Accessoires & Parfums,2025-05-13,678.4,USD,624.13
TXN007180,CUST03780,USA,Beverly Hills,Événement privé,Mariage,2025-11-23,9968.21,USD,9170.75
TXN007181,CUST03781,Chine,Pékin,Boutique,Horlogerie,2025-07-26,236210.92,CNY,30707.42
TXN007182,CUST03781,Chine,Pékin,Boutique,Haute Joaillerie,2025-12-27,409012.06,CNY,53171.57
TXN007183,CUST03781,Chine,Pékin,Boutique,Joaillerie,2026-06-03,117430.42,CNY,15265.95
TXN007184,CUST03783,Japon,Tokyo Ginza,Boutique,Mariage,2025-08-29,2035877.74,JPY,12622.44
TXN007185,CUST03783,Japon,Tokyo Ginza,Boutique,Mariage,2026-03-14,1887689.7,JPY,11703.68
TXN007186,CUST03784,Chine,Pékin,Boutique,Joaillerie,2025-11-06,108827.26,CNY,14147.54
TXN007187,CUST03784,Chine,Pékin,En ligne,Joaillerie,2026-04-17,105095.2,CNY,13662.38
TXN007188,CUST03785,France (siège),Cannes,En ligne,Joaillerie,2025-10-21,24671.93,EUR,24671.93
TXN007189,CUST03785,France (siège),Cannes,Boutique,Horlogerie,2026-02-28,29172.15,EUR,29172.15
TXN007190,CUST03785,France (siège),Cannes,Boutique,Accessoires & Parfums,2026-07-17,936.64,EUR,936.64
TXN007191,CUST03786,France (siège),Cannes,Boutique,Horlogerie,2026-06-29,35596.18,EUR,35596.18
TXN007192,CUST03787,France (siège),Paris Champs-Élysées,En ligne,Haute Joaillerie,2025-03-01,98829.34,EUR,98829.34
TXN007193,CUST03787,France (siège),Paris Champs-Élysées,Boutique,Accessoires & Parfums,2025-08-11,742.52,EUR,742.52
TXN007194,CUST03787,France (siège),Paris Champs-Élysées,Boutique,Mariage,2026-03-09,11192.66,EUR,11192.66
TXN007195,CUST03787,France (siège),Paris Champs-Élysées,En ligne,Accessoires & Parfums,2026-07-30,541.33,EUR,541.33
TXN007196,CUST03788,France (siège),Paris Champs-Élysées,Boutique,Accessoires & Parfums,2025-11-17,755.5,EUR,755.5
TXN007197,CUST03789,USA,New York 5th Ave,Événement privé,Accessoires & Parfums,2025-09-16,971.94,USD,894.19
TXN007198,CUST03790,Moyen-Orient,Dubaï Mall,Boutique,Accessoires & Parfums,2025-08-02,4069.3,AED,1017.33
TXN007199,CUST03790,Moyen-Orient,Dubaï Mall,Boutique,Joaillerie,2026-02-02,62490.98,AED,15622.75
TXN007200,CUST03790,Moyen-Orient,Dubaï Mall,Boutique,Joaillerie,2026-06-19,48387.89,AED,12096.97
TXN007201,CUST03791,Chine,Hong Kong,Boutique,Horlogerie,2026-02-06,417988.05,CNY,54338.45
TXN007202,CUST03792,USA,Bal Harbour,Boutique,Accessoires & Parfums,2025-02-11,676.37,USD,622.26
TXN007203,CUST03792,USA,Bal Harbour,Boutique,Accessoires & Parfums,2025-06-28,844.98,USD,777.39
TXN007204,CUST03792,USA,Bal Harbour,En ligne,Accessoires & Parfums,2025-12-01,1577.42,USD,1451.22
TXN007205,CUST03792,USA,Bal Harbour,Événement privé,Mariage,2026-05-02,8856.85,USD,8148.3
TXN007206,CUST03793,USA,Bal Harbour,Boutique,Horlogerie,2026-01-11,16836.17,USD,15489.28
TXN007207,CUST03793,USA,Bal Harbour,Boutique,Haute Joaillerie,2026-07-03,125395.27,USD,115363.64
TXN007208,CUST03794,USA,Beverly Hills,Boutique,Haute Joaillerie,2025-12-26,144104.02,USD,132575.7
TXN007209,CUST03795,USA,New York 5th Ave,Événement privé,Joaillerie,2026-04-01,11699.71,USD,10763.74
TXN007210,CUST03796,USA,Beverly Hills,Boutique,Horlogerie,2026-06-20,20096.27,USD,18488.57
TXN007211,CUST03797,Chine,Hong Kong,Boutique,Haute Joaillerie,2025-05-10,560807.12,CNY,72904.93
TXN007212,CUST03797,Chine,Hong Kong,Boutique,Mariage,2025-11-18,89093.55,CNY,11582.16
TXN007213,CUST03797,Chine,Hong Kong,Boutique,Accessoires & Parfums,2026-04-18,4819.03,CNY,626.47
TXN007214,CUST03798,Chine,Hong Kong,Boutique,Joaillerie,2026-04-05,103405.85,CNY,13442.76
TXN007215,CUST03799,Moyen-Orient,Abu Dhabi,En ligne,Accessoires & Parfums,2025-03-30,2623.11,AED,655.78
TXN007216,CUST03799,Moyen-Orient,Abu Dhabi,En ligne,Accessoires & Parfums,2025-08-30,2785.62,AED,696.4
TXN007217,CUST03800,Moyen-Orient,Dubaï Mall,En ligne,Horlogerie,2025-12-21,153665.66,AED,38416.42
TXN007218,CUST03800,Moyen-Orient,Dubaï Mall,Boutique,Joaillerie,2026-06-28,61097.33,AED,15274.33
TXN007219,CUST03801,Japon,Tokyo Ginza,En ligne,Accessoires & Parfums,2025-10-08,129912.99,JPY,805.46
TXN007220,CUST03801,Japon,Tokyo Ginza,Boutique,Haute Joaillerie,2026-04-06,15741343.32,JPY,97596.33
TXN007221,CUST03802,USA,New York 5th Ave,Événement privé,Haute Joaillerie,2026-07-14,86751.89,USD,79811.74
TXN007222,CUST03803,France (siège),Paris Champs-Élysées,Événement privé,Accessoires & Parfums,2026-05-30,586.68,EUR,586.68
TXN007223,CUST03805,USA,Beverly Hills,Événement privé,Horlogerie,2026-07-03,22120.9,USD,20351.23
TXN007224,CUST03806,USA,Bal Harbour,Boutique,Accessoires & Parfums,2025-08-26,649.32,USD,597.38
TXN007225,CUST03807,Moyen-Orient,Abu Dhabi,Boutique,Mariage,2025-10-24,45866.91,AED,11466.73
TXN007226,CUST03807,Moyen-Orient,Abu Dhabi,Boutique,Mariage,2026-04-12,43053.17,AED,10763.29
TXN007227,CUST03808,France (siège),Cannes,Boutique,Joaillerie,2025-04-15,12610.06,EUR,12610.06
TXN007228,CUST03808,France (siège),Cannes,En ligne,Joaillerie,2025-10-05,14120.54,EUR,14120.54
TXN007229,CUST03808,France (siège),Cannes,Boutique,Joaillerie,2026-03-24,12128.15,EUR,12128.15
TXN007230,CUST03809,USA,Beverly Hills,Boutique,Haute Joaillerie,2025-07-29,108897.08,USD,100185.31
TXN007231,CUST03809,USA,Beverly Hills,Boutique,Mariage,2026-02-12,8888.52,USD,8177.44
TXN007232,CUST03809,USA,Beverly Hills,Boutique,Accessoires & Parfums,2026-06-24,541.52,USD,498.2
TXN007233,CUST03810,France (siège),Paris Vendôme,En ligne,Mariage,2025-05-28,13141.14,EUR,13141.14
TXN007234,CUST03810,France (siège),Paris Vendôme,Boutique,Accessoires & Parfums,2025-11-23,1307.79,EUR,1307.79
TXN007235,CUST03810,France (siège),Paris Vendôme,Boutique,Haute Joaillerie,2026-04-04,150559.19,EUR,150559.19
TXN007236,CUST03811,USA,Beverly Hills,Boutique,Accessoires & Parfums,2025-08-01,1273.09,USD,1171.25
TXN007237,CUST03813,USA,Beverly Hills,Boutique,Accessoires & Parfums,2025-07-25,1156.5,USD,1063.98
TXN007238,CUST03813,USA,Beverly Hills,Boutique,Haute Joaillerie,2026-01-01,54365.96,USD,50016.68
TXN007239,CUST03813,USA,Beverly Hills,Boutique,Accessoires & Parfums,2026-06-02,1042.64,USD,959.23
TXN007240,CUST03814,France (siège),Paris Vendôme,Événement privé,Haute Joaillerie,2025-02-04,126046.39,EUR,126046.39
TXN007241,CUST03814,France (siège),Paris Vendôme,Boutique,Joaillerie,2025-07-19,16658.07,EUR,16658.07
TXN007242,CUST03814,France (siège),Paris Vendôme,Boutique,Accessoires & Parfums,2026-01-01,1031.95,EUR,1031.95
TXN007243,CUST03814,France (siège),Paris Vendôme,En ligne,Joaillerie,2026-04-24,26036.74,EUR,26036.74
TXN007244,CUST03815,Moyen-Orient,Dubaï Mall,En ligne,Horlogerie,2026-01-13,166645.96,AED,41661.49
TXN007245,CUST03815,Moyen-Orient,Dubaï Mall,En ligne,Horlogerie,2026-04-23,176274.72,AED,44068.68
TXN007246,CUST03816,Chine,Shanghai,Événement privé,Accessoires & Parfums,2025-03-01,6622.16,CNY,860.88
TXN007247,CUST03816,Chine,Shanghai,Boutique,Horlogerie,2025-07-06,176005.47,CNY,22880.71
TXN007248,CUST03816,Chine,Shanghai,Boutique,Joaillerie,2025-12-14,127832.65,CNY,16618.24
TXN007249,CUST03816,Chine,Shanghai,Boutique,Accessoires & Parfums,2026-04-27,5626.13,CNY,731.4
TXN007250,CUST03818,France (siège),Cannes,En ligne,Horlogerie,2026-06-25,35401.58,EUR,35401.58
TXN007251,CUST03819,Japon,Osaka,Boutique,Haute Joaillerie,2025-04-03,17321226.23,JPY,107391.6
TXN007252,CUST03819,Japon,Osaka,En ligne,Joaillerie,2025-09-10,2361336.88,JPY,14640.29
TXN007253,CUST03819,Japon,Osaka,Boutique,Accessoires & Parfums,2026-03-25,147429.48,JPY,914.06
TXN007254,CUST03820,USA,New York 5th Ave,Boutique,Accessoires & Parfums,2026-06-29,163.04,USD,150.0
TXN007255,CUST03821,USA,Beverly Hills,Événement privé,Accessoires & Parfums,2025-09-12,815.36,USD,750.13
TXN007256,CUST03821,USA,Beverly Hills,Boutique,Accessoires & Parfums,2026-03-27,1101.73,USD,1013.59
TXN007257,CUST03822,USA,Beverly Hills,Boutique,Horlogerie,2025-09-14,20414.29,USD,18781.15
TXN007258,CUST03822,USA,Beverly Hills,En ligne,Mariage,2026-04-03,10599.97,USD,9751.97
TXN007259,CUST03823,France (siège),Cannes,Boutique,Joaillerie,2026-06-05,15499.11,EUR,15499.11
TXN007260,CUST03824,France (siège),Paris Vendôme,Boutique,Accessoires & Parfums,2025-08-24,1072.26,EUR,1072.26
TXN007261,CUST03824,France (siège),Paris Vendôme,Boutique,Joaillerie,2025-11-06,30703.23,EUR,30703.23
TXN007262,CUST03824,France (siège),Paris Vendôme,En ligne,Joaillerie,2026-03-11,26499.99,EUR,26499.99
TXN007263,CUST03824,France (siège),Paris Vendôme,En ligne,Haute Joaillerie,2026-06-19,204467.88,EUR,204467.88
TXN007264,CUST03826,USA,Bal Harbour,Boutique,Joaillerie,2026-02-02,15892.2,USD,14620.82
TXN007265,CUST03827,Moyen-Orient,Dubaï Mall,Boutique,Horlogerie,2025-10-17,107313.16,AED,26828.29
TXN007266,CUST03827,Moyen-Orient,Dubaï Mall,En ligne,Accessoires & Parfums,2026-02-16,4688.82,AED,1172.2
TXN007267,CUST03827,Moyen-Orient,Dubaï Mall,Événement privé,Joaillerie,2026-07-25,78563.83,AED,19640.96
TXN007268,CUST03828,Moyen-Orient,Dubaï Mall,Boutique,Haute Joaillerie,2026-04-06,533233.33,AED,133308.33
TXN007269,CUST03829,Moyen-Orient,Abu Dhabi,Boutique,Horlogerie,2025-04-08,133680.78,AED,33420.19
TXN007270,CUST03829,Moyen-Orient,Abu Dhabi,Boutique,Haute Joaillerie,2025-09-05,407199.22,AED,101799.81
TXN007271,CUST03829,Moyen-Orient,Abu Dhabi,Boutique,Haute Joaillerie,2026-02-23,356135.99,AED,89034.0
TXN007272,CUST03830,Moyen-Orient,Dubaï Mall,Boutique,Accessoires & Parfums,2026-06-25,5588.09,AED,1397.02
TXN007273,CUST03831,Moyen-Orient,Abu Dhabi,Boutique,Joaillerie,2026-03-01,89427.86,AED,22356.97
TXN007274,CUST03832,Moyen-Orient,Abu Dhabi,Événement privé,Joaillerie,2025-09-29,76453.33,AED,19113.33
TXN007275,CUST03832,Moyen-Orient,Abu Dhabi,Événement privé,Haute Joaillerie,2026-03-14,568385.95,AED,142096.49
TXN007276,CUST03833,Chine,Pékin,Boutique,Haute Joaillerie,2025-07-07,913613.47,CNY,118769.75
TXN007277,CUST03834,Moyen-Orient,Dubaï Mall,Boutique,Horlogerie,2025-09-30,110470.42,AED,27617.61
TXN007278,CUST03834,Moyen-Orient,Dubaï Mall,Boutique,Joaillerie,2026-02-06,74373.51,AED,18593.38
TXN007279,CUST03834,Moyen-Orient,Dubaï Mall,Boutique,Mariage,2026-06-05,95922.41,AED,23980.6
TXN007280,CUST03835,Japon,Osaka,En ligne,Joaillerie,2026-04-29,3437037.95,JPY,21309.64
TXN007281,CUST03836,Moyen-Orient,Abu Dhabi,Boutique,Accessoires & Parfums,2025-08-11,3291.39,AED,822.85
TXN007282,CUST03836,Moyen-Orient,Abu Dhabi,Boutique,Joaillerie,2025-12-07,67402.2,AED,16850.55
TXN007283,CUST03836,Moyen-Orient,Abu Dhabi,Boutique,Accessoires & Parfums,2026-05-07,3540.55,AED,885.14
TXN007284,CUST03837,USA,Beverly Hills,Boutique,Accessoires & Parfums,2025-05-10,695.76,USD,640.1
TXN007285,CUST03837,USA,Beverly Hills,Événement privé,Joaillerie,2025-11-02,14969.9,USD,13772.31
TXN007286,CUST03837,USA,Beverly Hills,En ligne,Joaillerie,2026-04-14,9138.67,USD,8407.58
TXN007287,CUST03838,USA,New York 5th Ave,En ligne,Horlogerie,2025-10-03,31893.96,USD,29342.45
TXN007288,CUST03838,USA,New York 5th Ave,Boutique,Joaillerie,2026-03-14,14363.15,USD,13214.1
TXN007289,CUST03839,Moyen-Orient,Dubaï Mall,Événement privé,Joaillerie,2025-02-19,82805.94,AED,20701.49
TXN007290,CUST03839,Moyen-Orient,Dubaï Mall,En ligne,Accessoires & Parfums,2025-07-18,1438.65,AED,359.66
TXN007291,CUST03839,Moyen-Orient,Dubaï Mall,Boutique,Joaillerie,2025-12-20,40393.02,AED,10098.25
TXN007292,CUST03839,Moyen-Orient,Dubaï Mall,En ligne,Joaillerie,2026-07-06,55043.94,AED,13760.98
TXN007293,CUST03840,Japon,Osaka,Boutique,Joaillerie,2025-10-19,1856333.62,JPY,11509.27
TXN007294,CUST03840,Japon,Osaka,Boutique,Haute Joaillerie,2026-04-20,15729145.62,JPY,97520.7
TXN007295,CUST03841,France (siège),Paris Vendôme,Boutique,Joaillerie,2026-07-16,14516.52,EUR,14516.52
TXN007296,CUST03842,USA,Beverly Hills,Boutique,Haute Joaillerie,2026-04-26,106121.52,USD,97631.8
TXN007297,CUST03843,Japon,Tokyo Ginza,Boutique,Mariage,2026-01-13,1720261.06,JPY,10665.62
TXN007298,CUST03843,Japon,Tokyo Ginza,Boutique,Horlogerie,2026-06-28,5926397.85,JPY,36743.67
TXN007299,CUST03844,France (siège),Paris Champs-Élysées,Boutique,Horlogerie,2026-02-19,9476.21,EUR,9476.21
TXN007300,CUST03845,USA,Beverly Hills,Boutique,Accessoires & Parfums,2026-07-16,1017.85,USD,936.42
TXN007301,CUST03846,USA,New York 5th Ave,Boutique,Joaillerie,2026-02-07,18925.74,USD,17411.68
TXN007302,CUST03847,USA,Bal Harbour,Boutique,Joaillerie,2026-02-05,15784.65,USD,14521.87
TXN007303,CUST03848,Chine,Shanghai,Boutique,Accessoires & Parfums,2025-12-18,9143.89,CNY,1188.71
TXN007304,CUST03848,Chine,Shanghai,Événement privé,Accessoires & Parfums,2026-07-14,5960.23,CNY,774.83
TXN007305,CUST03849,Moyen-Orient,Abu Dhabi,En ligne,Mariage,2025-12-24,44756.93,AED,11189.23
TXN007306,CUST03849,Moyen-Orient,Abu Dhabi,Boutique,Accessoires & Parfums,2026-06-23,3017.03,AED,754.26
TXN007307,CUST03850,USA,Beverly Hills,Boutique,Accessoires & Parfums,2026-02-21,1234.29,USD,1135.54
TXN007308,CUST03850,USA,Beverly Hills,Boutique,Mariage,2026-07-26,17946.09,USD,16510.4
TXN007309,CUST03851,USA,Bal Harbour,Événement privé,Mariage,2026-05-20,12949.48,USD,11913.52
TXN007310,CUST03852,France (siège),Paris Champs-Élysées,Boutique,Horlogerie,2026-02-05,24309.5,EUR,24309.5
TXN007311,CUST03852,France (siège),Paris Champs-Élysées,Boutique,Joaillerie,2026-07-18,17150.9,EUR,17150.9
TXN007312,CUST03853,France (siège),Cannes,Boutique,Accessoires & Parfums,2026-02-08,665.08,EUR,665.08
TXN007313,CUST03854,Japon,Osaka,Boutique,Accessoires & Parfums,2025-10-09,182080.04,JPY,1128.9
TXN007314,CUST03854,Japon,Osaka,En ligne,Accessoires & Parfums,2026-02-09,159903.0,JPY,991.4
TXN007315,CUST03854,Japon,Osaka,Boutique,Accessoires & Parfums,2026-06-03,158592.36,JPY,983.27
TXN007316,CUST03855,Chine,Shanghai,En ligne,Mariage,2026-07-12,87744.64,CNY,11406.8
TXN007317,CUST03856,USA,Beverly Hills,En ligne,Mariage,2025-05-18,8766.2,USD,8064.91
TXN007318,CUST03856,USA,Beverly Hills,Événement privé,Joaillerie,2025-11-11,15012.35,USD,13811.37
TXN007319,CUST03856,USA,Beverly Hills,Événement privé,Joaillerie,2026-04-14,20030.19,USD,18427.77
TXN007320,CUST03857,Chine,Hong Kong,Boutique,Mariage,2026-03-05,62594.31,CNY,8137.26
TXN007321,CUST03858,USA,Beverly Hills,En ligne,Haute Joaillerie,2026-06-30,84774.43,USD,77992.47
TXN007322,CUST03859,Japon,Tokyo Ginza,Événement privé,Joaillerie,2025-05-02,3501561.08,JPY,21709.68
TXN007323,CUST03859,Japon,Tokyo Ginza,Boutique,Horlogerie,2025-08-29,4036766.38,JPY,25027.95
TXN007324,CUST03859,Japon,Tokyo Ginza,Boutique,Horlogerie,2026-01-01,5826355.29,JPY,36123.4
TXN007325,CUST03859,Japon,Tokyo Ginza,Boutique,Accessoires & Parfums,2026-05-24,253702.47,JPY,1572.96
TXN007326,CUST03860,USA,New York 5th Ave,Boutique,Joaillerie,2025-07-24,16063.41,USD,14778.34
TXN007327,CUST03860,USA,New York 5th Ave,Boutique,Horlogerie,2025-12-23,29896.1,USD,27504.41
TXN007328,CUST03860,USA,New York 5th Ave,Boutique,Accessoires & Parfums,2026-05-14,719.69,USD,662.11
TXN007329,CUST03861,Japon,Tokyo Ginza,Boutique,Accessoires & Parfums,2025-04-03,152249.3,JPY,943.95
TXN007330,CUST03861,Japon,Tokyo Ginza,Boutique,Accessoires & Parfums,2025-09-19,157430.95,JPY,976.07
TXN007331,CUST03861,Japon,Tokyo Ginza,Boutique,Accessoires & Parfums,2026-03-07,51231.69,JPY,317.64
TXN007332,CUST03862,Moyen-Orient,Dubaï Mall,Boutique,Joaillerie,2025-06-22,52662.77,AED,13165.69
TXN007333,CUST03862,Moyen-Orient,Dubaï Mall,Boutique,Joaillerie,2026-01-25,51179.98,AED,12795.0
TXN007334,CUST03862,Moyen-Orient,Dubaï Mall,Boutique,Joaillerie,2026-07-31,57418.79,AED,14354.7
TXN007335,CUST03863,France (siège),Cannes,Boutique,Joaillerie,2026-05-20,10470.18,EUR,10470.18
TXN007336,CUST03864,USA,New York 5th Ave,Boutique,Joaillerie,2026-05-12,18529.58,USD,17047.21
TXN007337,CUST03865,USA,Beverly Hills,Événement privé,Joaillerie,2026-03-08,20428.37,USD,18794.1
TXN007338,CUST03865,USA,Beverly Hills,En ligne,Accessoires & Parfums,2026-06-25,1455.96,USD,1339.48
TXN007339,CUST03866,Moyen-Orient,Dubaï Mall,Boutique,Horlogerie,2026-04-01,256696.0,AED,64174.0
TXN007340,CUST03867,Moyen-Orient,Dubaï Mall,Boutique,Accessoires & Parfums,2026-01-20,4024.35,AED,1006.09
TXN007341,CUST03867,Moyen-Orient,Dubaï Mall,Événement privé,Joaillerie,2026-07-06,64781.92,AED,16195.48
TXN007342,CUST03868,Moyen-Orient,Abu Dhabi,Boutique,Accessoires & Parfums,2026-07-19,2984.81,AED,746.2
TXN007343,CUST03869,USA,Beverly Hills,Boutique,Accessoires & Parfums,2025-05-16,1473.45,USD,1355.57
TXN007344,CUST03869,USA,Beverly Hills,En ligne,Mariage,2025-10-28,16932.37,USD,15577.78
TXN007345,CUST03869,USA,Beverly Hills,En ligne,Horlogerie,2026-03-10,19715.56,USD,18138.32
TXN007346,CUST03870,Moyen-Orient,Abu Dhabi,En ligne,Joaillerie,2025-09-19,77711.53,AED,19427.88
TXN007347,CUST03870,Moyen-Orient,Abu Dhabi,Boutique,Accessoires & Parfums,2026-02-24,3037.05,AED,759.26
TXN007348,CUST03870,Moyen-Orient,Abu Dhabi,En ligne,Horlogerie,2026-07-20,45057.05,AED,11264.26
TXN007349,CUST03871,USA,Bal Harbour,Boutique,Accessoires & Parfums,2025-10-08,1197.09,USD,1101.32
TXN007350,CUST03871,USA,Bal Harbour,En ligne,Horlogerie,2026-04-25,32192.34,USD,29616.96
TXN007351,CUST03872,Chine,Shanghai,Événement privé,Horlogerie,2026-06-25,289435.8,CNY,37626.65
TXN007352,CUST03873,Moyen-Orient,Abu Dhabi,Événement privé,Joaillerie,2025-05-19,53467.95,AED,13366.99
TXN007353,CUST03873,Moyen-Orient,Abu Dhabi,En ligne,Haute Joaillerie,2025-10-26,486599.16,AED,121649.79
TXN007354,CUST03873,Moyen-Orient,Abu Dhabi,Boutique,Accessoires & Parfums,2026-04-20,5288.7,AED,1322.18
TXN007355,CUST03874,Chine,Shanghai,En ligne,Accessoires & Parfums,2025-05-26,4902.46,CNY,637.32
TXN007356,CUST03874,Chine,Shanghai,Boutique,Joaillerie,2025-10-24,108643.08,CNY,14123.6
TXN007357,CUST03874,Chine,Shanghai,Boutique,Horlogerie,2026-04-18,230196.09,CNY,29925.49
TXN007358,CUST03875,USA,Bal Harbour,Boutique,Accessoires & Parfums,2025-08-24,501.08,USD,460.99
TXN007359,CUST03877,Chine,Hong Kong,Événement privé,Accessoires & Parfums,2025-06-19,7682.03,CNY,998.66
TXN007360,CUST03877,Chine,Hong Kong,En ligne,Mariage,2025-12-06,127165.9,CNY,16531.57
TXN007361,CUST03877,Chine,Hong Kong,En ligne,Joaillerie,2026-04-04,82858.05,CNY,10771.55
TXN007362,CUST03878,France (siège),Paris Vendôme,Boutique,Accessoires & Parfums,2026-01-12,1202.07,EUR,1202.07
TXN007363,CUST03878,France (siège),Paris Vendôme,Événement privé,Accessoires & Parfums,2026-07-03,1032.16,EUR,1032.16
TXN007364,CUST03879,Chine,Hong Kong,Boutique,Accessoires & Parfums,2025-09-14,6058.73,CNY,787.63
TXN007365,CUST03879,Chine,Hong Kong,Boutique,Mariage,2026-02-17,94614.46,CNY,12299.88
TXN007366,CUST03879,Chine,Hong Kong,En ligne,Joaillerie,2026-07-31,107787.25,CNY,14012.34
TXN007367,CUST03880,Japon,Osaka,Boutique,Joaillerie,2025-02-21,2064955.99,JPY,12802.73
TXN007368,CUST03880,Japon,Osaka,En ligne,Joaillerie,2025-07-20,3122639.14,JPY,19360.36
TXN007369,CUST03880,Japon,Osaka,Boutique,Accessoires & Parfums,2025-12-23,129652.99,JPY,803.85
TXN007370,CUST03880,Japon,Osaka,Boutique,Joaillerie,2026-05-21,2702167.37,JPY,16753.44
TXN007371,CUST03881,Chine,Pékin,Boutique,Accessoires & Parfums,2026-04-27,5576.21,CNY,724.91
TXN007372,CUST03883,Moyen-Orient,Dubaï Mall,En ligne,Accessoires & Parfums,2025-07-10,2875.25,AED,718.81
TXN007373,CUST03883,Moyen-Orient,Dubaï Mall,En ligne,Accessoires & Parfums,2026-01-20,2509.67,AED,627.42
TXN007374,CUST03883,Moyen-Orient,Dubaï Mall,En ligne,Joaillerie,2026-07-22,46019.02,AED,11504.76
TXN007375,CUST03885,USA,New York 5th Ave,Boutique,Horlogerie,2025-03-22,19044.37,USD,17520.82
TXN007376,CUST03885,USA,New York 5th Ave,Boutique,Horlogerie,2025-08-21,26490.9,USD,24371.63
TXN007377,CUST03885,USA,New York 5th Ave,Boutique,Accessoires & Parfums,2026-02-10,837.32,USD,770.33
TXN007378,CUST03885,USA,New York 5th Ave,Boutique,Mariage,2026-05-27,14958.78,USD,13762.07
TXN007379,CUST03886,USA,New York 5th Ave,En ligne,Joaillerie,2026-06-09,10639.53,USD,9788.37
TXN007380,CUST03887,Japon,Osaka,En ligne,Joaillerie,2025-06-04,2080147.16,JPY,12896.91
TXN007381,CUST03887,Japon,Osaka,Boutique,Joaillerie,2025-11-14,2705762.97,JPY,16775.73
TXN007382,CUST03887,Japon,Osaka,Boutique,Horlogerie,2026-03-10,4402211.8,JPY,27293.71
TXN007383,CUST03888,Moyen-Orient,Dubaï Mall,Boutique,Accessoires & Parfums,2025-10-01,3656.01,AED,914.0
TXN007384,CUST03888,Moyen-Orient,Dubaï Mall,Boutique,Accessoires & Parfums,2026-03-14,4888.51,AED,1222.13
TXN007385,CUST03889,Chine,Hong Kong,Événement privé,Joaillerie,2026-06-05,127828.43,CNY,16617.7
TXN007386,CUST03890,Moyen-Orient,Dubaï Mall,Boutique,Joaillerie,2025-06-14,81122.49,AED,20280.62
TXN007387,CUST03890,Moyen-Orient,Dubaï Mall,En ligne,Joaillerie,2025-11-14,55429.06,AED,13857.26
TXN007388,CUST03890,Moyen-Orient,Dubaï Mall,Boutique,Horlogerie,2026-04-04,151141.98,AED,37785.49
TXN007389,CUST03891,Chine,Shanghai,Boutique,Accessoires & Parfums,2026-02-24,6438.05,CNY,836.95
TXN007390,CUST03892,France (siège),Paris Champs-Élysées,Événement privé,Horlogerie,2025-11-10,43225.12,EUR,43225.12
TXN007391,CUST03892,France (siège),Paris Champs-Élysées,Boutique,Mariage,2026-03-16,14197.69,EUR,14197.69
TXN007392,CUST03892,France (siège),Paris Champs-Élysées,Boutique,Joaillerie,2026-07-01,19856.03,EUR,19856.03
TXN007393,CUST03893,USA,Bal Harbour,Boutique,Joaillerie,2025-12-09,13511.46,USD,12430.54
TXN007394,CUST03893,USA,Bal Harbour,En ligne,Accessoires & Parfums,2026-06-08,757.57,USD,696.97
TXN007395,CUST03894,Chine,Pékin,Boutique,Joaillerie,2026-02-08,62829.69,CNY,8167.86
TXN007396,CUST03894,Chine,Pékin,Boutique,Horlogerie,2026-06-03,179730.37,CNY,23364.95
TXN007397,CUST03895,USA,New York 5th Ave,En ligne,Accessoires & Parfums,2025-07-06,1201.16,USD,1105.06
TXN007398,CUST03895,USA,New York 5th Ave,En ligne,Joaillerie,2025-12-29,31410.16,USD,28897.34
TXN007399,CUST03895,USA,New York 5th Ave,Boutique,Joaillerie,2026-05-10,9340.54,USD,8593.3
TXN007400,CUST03897,Chine,Hong Kong,Boutique,Joaillerie,2026-01-21,112208.16,CNY,14587.06
TXN007401,CUST03897,Chine,Hong Kong,En ligne,Joaillerie,2026-06-19,157288.23,CNY,20447.47
TXN007402,CUST03898,Chine,Hong Kong,Boutique,Joaillerie,2025-05-01,202844.29,CNY,26369.76
TXN007403,CUST03898,Chine,Hong Kong,Boutique,Joaillerie,2025-09-04,185555.36,CNY,24122.2
TXN007404,CUST03898,Chine,Hong Kong,Boutique,Mariage,2026-02-28,79229.33,CNY,10299.81
TXN007405,CUST03899,USA,New York 5th Ave,Boutique,Accessoires & Parfums,2026-03-10,705.91,USD,649.44
TXN007406,CUST03900,France (siège),Paris Champs-Élysées,Événement privé,Haute Joaillerie,2026-01-13,120749.23,EUR,120749.23
TXN007407,CUST03900,France (siège),Paris Champs-Élysées,Boutique,Accessoires & Parfums,2026-06-04,816.07,EUR,816.07
TXN007408,CUST03901,France (siège),Cannes,Boutique,Accessoires & Parfums,2025-08-02,961.78,EUR,961.78
TXN007409,CUST03901,France (siège),Cannes,En ligne,Accessoires & Parfums,2026-01-03,1064.73,EUR,1064.73
TXN007410,CUST03901,France (siège),Cannes,En ligne,Joaillerie,2026-06-10,7217.02,EUR,7217.02
TXN007411,CUST03902,Moyen-Orient,Dubaï Mall,Boutique,Joaillerie,2026-02-20,84053.89,AED,21013.47
TXN007412,CUST03902,Moyen-Orient,Dubaï Mall,Boutique,Accessoires & Parfums,2026-07-30,2177.89,AED,544.47
TXN007413,CUST03903,Moyen-Orient,Dubaï Mall,Boutique,Accessoires & Parfums,2026-03-29,4630.04,AED,1157.51
TXN007414,CUST03905,Japon,Tokyo Ginza,En ligne,Joaillerie,2025-12-02,4276297.93,JPY,26513.05
TXN007415,CUST03906,Chine,Shanghai,Événement privé,Mariage,2026-05-23,92641.81,CNY,12043.44
TXN007416,CUST03907,USA,Beverly Hills,En ligne,Accessoires & Parfums,2025-12-24,1708.22,USD,1571.56
TXN007417,CUST03907,USA,Beverly Hills,En ligne,Joaillerie,2026-05-14,25490.36,USD,23451.13
TXN007418,CUST03908,Moyen-Orient,Dubaï Mall,En ligne,Haute Joaillerie,2025-07-09,223058.26,AED,55764.56
TXN007419,CUST03908,Moyen-Orient,Dubaï Mall,Boutique,Haute Joaillerie,2025-12-15,467114.37,AED,116778.59
TXN007420,CUST03908,Moyen-Orient,Dubaï Mall,En ligne,Accessoires & Parfums,2026-06-27,3214.51,AED,803.63
TXN007421,CUST03909,USA,Bal Harbour,Événement privé,Accessoires & Parfums,2026-04-02,681.52,USD,627.0
TXN007422,CUST03910,Moyen-Orient,Dubaï Mall,Boutique,Joaillerie,2025-02-16,50491.35,AED,12622.84
TXN007423,CUST03910,Moyen-Orient,Dubaï Mall,Boutique,Accessoires & Parfums,2025-07-09,4478.62,AED,1119.66
TXN007424,CUST03910,Moyen-Orient,Dubaï Mall,Événement privé,Joaillerie,2025-11-20,87886.43,AED,21971.61
TXN007425,CUST03910,Moyen-Orient,Dubaï Mall,Boutique,Horlogerie,2026-04-22,126390.61,AED,31597.65
TXN007426,CUST03911,France (siège),Paris Vendôme,En ligne,Accessoires & Parfums,2026-04-11,732.36,EUR,732.36
TXN007427,CUST03912,France (siège),Paris Vendôme,Boutique,Horlogerie,2025-09-16,17458.72,EUR,17458.72
TXN007428,CUST03912,France (siège),Paris Vendôme,Boutique,Joaillerie,2026-02-19,10405.41,EUR,10405.41
TXN007429,CUST03913,Moyen-Orient,Dubaï Mall,En ligne,Haute Joaillerie,2025-04-27,731861.43,AED,182965.36
TXN007430,CUST03913,Moyen-Orient,Dubaï Mall,Boutique,Accessoires & Parfums,2025-09-19,4425.49,AED,1106.37
TXN007431,CUST03913,Moyen-Orient,Dubaï Mall,Boutique,Accessoires & Parfums,2026-03-24,4931.98,AED,1232.99
TXN007432,CUST03915,USA,New York 5th Ave,En ligne,Accessoires & Parfums,2025-06-06,649.73,USD,597.75
TXN007433,CUST03915,USA,New York 5th Ave,Événement privé,Mariage,2025-10-10,7162.96,USD,6589.92
TXN007434,CUST03915,USA,New York 5th Ave,Événement privé,Haute Joaillerie,2026-03-22,113293.35,USD,104229.88
TXN007435,CUST03916,Moyen-Orient,Abu Dhabi,Événement privé,Joaillerie,2025-02-13,88487.12,AED,22121.78
TXN007436,CUST03916,Moyen-Orient,Abu Dhabi,Boutique,Mariage,2025-05-27,62391.25,AED,15597.81
TXN007437,CUST03916,Moyen-Orient,Abu Dhabi,En ligne,Joaillerie,2025-09-14,111350.04,AED,27837.51
TXN007438,CUST03916,Moyen-Orient,Abu Dhabi,Événement privé,Mariage,2026-01-11,82990.36,AED,20747.59
TXN007439,CUST03916,Moyen-Orient,Abu Dhabi,Boutique,Haute Joaillerie,2026-04-12,1127270.63,AED,281817.66
TXN007440,CUST03917,France (siège),Cannes,Événement privé,Joaillerie,2026-01-08,17843.92,EUR,17843.92
TXN007441,CUST03917,France (siège),Cannes,En ligne,Joaillerie,2026-06-20,12930.09,EUR,12930.09
TXN007442,CUST03918,Chine,Pékin,Boutique,Accessoires & Parfums,2025-06-09,6518.57,CNY,847.41
TXN007443,CUST03918,Chine,Pékin,Événement privé,Joaillerie,2025-12-11,115897.44,CNY,15066.67
TXN007444,CUST03918,Chine,Pékin,Boutique,Mariage,2026-06-05,88028.07,CNY,11443.65
TXN007445,CUST03919,Moyen-Orient,Dubaï Mall,En ligne,Mariage,2026-06-15,50009.97,AED,12502.49
TXN007446,CUST03920,Moyen-Orient,Abu Dhabi,Boutique,Joaillerie,2025-05-19,71364.53,AED,17841.13
TXN007447,CUST03920,Moyen-Orient,Abu Dhabi,Boutique,Accessoires & Parfums,2025-09-26,3767.81,AED,941.95
TXN007448,CUST03921,Moyen-Orient,Dubaï Mall,Boutique,Accessoires & Parfums,2026-02-10,2997.82,AED,749.45
TXN007449,CUST03921,Moyen-Orient,Dubaï Mall,Boutique,Haute Joaillerie,2026-05-19,371705.49,AED,92926.37
TXN007450,CUST03922,Chine,Hong Kong,En ligne,Joaillerie,2026-07-22,132055.93,CNY,17167.27
TXN007451,CUST03923,Moyen-Orient,Abu Dhabi,Boutique,Joaillerie,2025-10-26,77939.17,AED,19484.79
TXN007452,CUST03923,Moyen-Orient,Abu Dhabi,Boutique,Joaillerie,2026-03-06,85100.51,AED,21275.13
TXN007453,CUST03923,Moyen-Orient,Abu Dhabi,Boutique,Joaillerie,2026-06-24,40265.08,AED,10066.27
TXN007454,CUST03924,Japon,Tokyo Ginza,Boutique,Accessoires & Parfums,2026-05-29,96543.87,JPY,598.57
TXN007455,CUST03926,USA,Bal Harbour,Boutique,Horlogerie,2026-06-03,23877.36,USD,21967.17
TXN007456,CUST03927,USA,Beverly Hills,Boutique,Accessoires & Parfums,2026-05-03,779.88,USD,717.49
TXN007457,CUST03928,Moyen-Orient,Abu Dhabi,Boutique,Joaillerie,2025-02-28,57353.11,AED,14338.28
TXN007458,CUST03928,Moyen-Orient,Abu Dhabi,En ligne,Joaillerie,2025-07-20,65817.2,AED,16454.3
TXN007459,CUST03928,Moyen-Orient,Abu Dhabi,Boutique,Joaillerie,2025-10-24,65435.66,AED,16358.92
TXN007460,CUST03928,Moyen-Orient,Abu Dhabi,En ligne,Accessoires & Parfums,2026-02-15,3997.48,AED,999.37
TXN007461,CUST03929,USA,Bal Harbour,Boutique,Joaillerie,2026-01-27,21102.42,USD,19414.23
TXN007462,CUST03929,USA,Bal Harbour,Boutique,Mariage,2026-04-24,5296.2,USD,4872.51
TXN007463,CUST03930,France (siège),Paris Champs-Élysées,Boutique,Accessoires & Parfums,2026-02-08,832.04,EUR,832.04
TXN007464,CUST03930,France (siège),Paris Champs-Élysées,Boutique,Joaillerie,2026-07-30,14133.95,EUR,14133.95
TXN007465,CUST03931,USA,Bal Harbour,Boutique,Mariage,2025-12-07,17824.28,USD,16398.34
TXN007466,CUST03932,Moyen-Orient,Abu Dhabi,Boutique,Horlogerie,2026-07-17,149147.27,AED,37286.82
TXN007467,CUST03933,USA,Bal Harbour,En ligne,Accessoires & Parfums,2025-06-11,775.23,USD,713.21
TXN007468,CUST03933,USA,Bal Harbour,Boutique,Horlogerie,2025-12-03,22082.96,USD,20316.33
TXN007469,CUST03933,USA,Bal Harbour,Boutique,Mariage,2026-05-16,10198.31,USD,9382.45
TXN007470,CUST03934,USA,Bal Harbour,En ligne,Haute Joaillerie,2026-04-13,97699.23,USD,89883.29
TXN007471,CUST03935,Chine,Hong Kong,Boutique,Accessoires & Parfums,2026-05-24,4461.53,CNY,580.0
TXN007472,CUST03936,Japon,Osaka,Boutique,Mariage,2025-12-30,2398805.58,JPY,14872.59
TXN007473,CUST03936,Japon,Osaka,Boutique,Haute Joaillerie,2026-06-04,17919749.99,JPY,111102.45
TXN007474,CUST03937,USA,Beverly Hills,En ligne,Mariage,2025-03-05,9907.92,USD,9115.29
TXN007475,CUST03937,USA,Beverly Hills,En ligne,Joaillerie,2025-09-23,10741.22,USD,9881.92
TXN007476,CUST03937,USA,Beverly Hills,Événement privé,Joaillerie,2026-03-03,1349.41,USD,1241.45
TXN007477,CUST03938,France (siège),Cannes,Boutique,Accessoires & Parfums,2025-07-02,589.01,EUR,589.01
TXN007478,CUST03938,France (siège),Cannes,Boutique,Horlogerie,2025-11-27,14908.64,EUR,14908.64
TXN007479,CUST03940,USA,New York 5th Ave,Boutique,Joaillerie,2025-05-28,11301.95,USD,10397.79
TXN007480,CUST03941,Chine,Hong Kong,Boutique,Joaillerie,2026-03-09,93632.34,CNY,12172.2
TXN007481,CUST03941,Chine,Hong Kong,Boutique,Mariage,2026-07-24,94855.42,CNY,12331.2
TXN007482,CUST03942,Japon,Tokyo Ginza,Boutique,Accessoires & Parfums,2026-05-19,159706.72,JPY,990.18
TXN007483,CUST03943,France (siège),Paris Champs-Élysées,En ligne,Accessoires & Parfums,2025-10-01,1199.75,EUR,1199.75
TXN007484,CUST03943,France (siège),Paris Champs-Élysées,Boutique,Accessoires & Parfums,2026-02-18,1188.51,EUR,1188.51
TXN007485,CUST03943,France (siège),Paris Champs-Élysées,Boutique,Joaillerie,2026-07-05,3100.03,EUR,3100.03
TXN007486,CUST03944,Japon,Osaka,Boutique,Joaillerie,2026-05-31,3817524.15,JPY,23668.65
TXN007487,CUST03945,USA,Bal Harbour,Boutique,Horlogerie,2026-03-02,25096.72,USD,23088.99
TXN007488,CUST03946,France (siège),Paris Champs-Élysées,Boutique,Accessoires & Parfums,2026-02-27,762.87,EUR,762.87
TXN007489,CUST03947,Chine,Shanghai,Boutique,Accessoires & Parfums,2026-03-05,5509.29,CNY,716.21
TXN007490,CUST03947,Chine,Shanghai,Boutique,Haute Joaillerie,2026-07-27,915690.25,CNY,119039.73
TXN007491,CUST03948,Moyen-Orient,Abu Dhabi,En ligne,Haute Joaillerie,2025-01-08,785596.57,AED,196399.14
TXN007492,CUST03948,Moyen-Orient,Abu Dhabi,Boutique,Joaillerie,2025-05-26,45825.29,AED,11456.32
TXN007493,CUST03948,Moyen-Orient,Abu Dhabi,Événement privé,Joaillerie,2025-10-27,114512.3,AED,28628.07
TXN007494,CUST03948,Moyen-Orient,Abu Dhabi,En ligne,Joaillerie,2026-02-18,105818.8,AED,26454.7
TXN007495,CUST03948,Moyen-Orient,Abu Dhabi,Boutique,Joaillerie,2026-06-22,126048.5,AED,31512.13
TXN007496,CUST03949,Moyen-Orient,Dubaï Mall,En ligne,Mariage,2025-08-07,56630.19,AED,14157.55
TXN007497,CUST03949,Moyen-Orient,Dubaï Mall,Boutique,Joaillerie,2025-12-22,74531.67,AED,18632.92
TXN007498,CUST03949,Moyen-Orient,Dubaï Mall,Événement privé,Horlogerie,2026-04-23,168124.12,AED,42031.03
TXN007499,CUST03950,Japon,Osaka,Boutique,Mariage,2025-10-27,1424127.86,JPY,8829.59
TXN007500,CUST03951,France (siège),Paris Vendôme,Boutique,Accessoires & Parfums,2025-01-15,809.5,EUR,809.5
TXN007501,CUST03951,France (siège),Paris Vendôme,Boutique,Joaillerie,2025-05-27,16597.35,EUR,16597.35
TXN007502,CUST03951,France (siège),Paris Vendôme,Événement privé,Joaillerie,2025-10-20,22921.5,EUR,22921.5
TXN007503,CUST03951,France (siège),Paris Vendôme,En ligne,Accessoires & Parfums,2026-03-29,867.19,EUR,867.19
TXN007504,CUST03952,USA,New York 5th Ave,Boutique,Joaillerie,2026-05-05,17228.65,USD,15850.36
TXN007505,CUST03953,Japon,Osaka,Boutique,Joaillerie,2026-02-06,2786406.63,JPY,17275.72
TXN007506,CUST03953,Japon,Osaka,Boutique,Horlogerie,2026-07-25,6327292.08,JPY,39229.21
TXN007507,CUST03954,Moyen-Orient,Dubaï Mall,Boutique,Joaillerie,2025-10-06,58215.35,AED,14553.84
TXN007508,CUST03954,Moyen-Orient,Dubaï Mall,Boutique,Accessoires & Parfums,2026-03-09,2573.03,AED,643.26
TXN007509,CUST03955,Moyen-Orient,Abu Dhabi,Boutique,Accessoires & Parfums,2026-03-30,3597.07,AED,899.27
TXN007510,CUST03956,France (siège),Paris Champs-Élysées,En ligne,Accessoires & Parfums,2025-09-24,874.5,EUR,874.5
TXN007511,CUST03956,France (siège),Paris Champs-Élysées,Boutique,Accessoires & Parfums,2026-03-07,828.6,EUR,828.6
TXN007512,CUST03957,France (siège),Paris Champs-Élysées,En ligne,Joaillerie,2026-01-17,8471.03,EUR,8471.03
TXN007513,CUST03957,France (siège),Paris Champs-Élysées,Boutique,Horlogerie,2026-07-14,28014.78,EUR,28014.78
TXN007514,CUST03958,USA,Bal Harbour,Boutique,Accessoires & Parfums,2025-05-11,1538.82,USD,1415.71
TXN007515,CUST03958,USA,Bal Harbour,Boutique,Accessoires & Parfums,2025-11-01,1097.56,USD,1009.75
TXN007516,CUST03958,USA,Bal Harbour,Boutique,Accessoires & Parfums,2026-02-20,1101.09,USD,1013.0
TXN007517,CUST03958,USA,Bal Harbour,Événement privé,Mariage,2026-07-12,15412.29,USD,14179.3
TXN007518,CUST03959,Moyen-Orient,Dubaï Mall,Événement privé,Horlogerie,2025-11-08,149022.36,AED,37255.59
TXN007519,CUST03959,Moyen-Orient,Dubaï Mall,En ligne,Horlogerie,2026-03-14,179031.47,AED,44757.87
TXN007520,CUST03959,Moyen-Orient,Dubaï Mall,Boutique,Joaillerie,2026-06-12,142825.83,AED,35706.46
TXN007521,CUST03960,Japon,Tokyo Ginza,Boutique,Accessoires & Parfums,2025-03-24,136907.14,JPY,848.82
TXN007522,CUST03960,Japon,Tokyo Ginza,Boutique,Accessoires & Parfums,2025-07-09,89043.41,JPY,552.07
TXN007523,CUST03960,Japon,Tokyo Ginza,Boutique,Horlogerie,2025-11-21,2580357.87,JPY,15998.22
TXN007524,CUST03960,Japon,Tokyo Ginza,Boutique,Accessoires & Parfums,2026-04-13,71034.65,JPY,440.41
TXN007525,CUST03961,USA,Bal Harbour,Boutique,Joaillerie,2024-12-15,45588.53,USD,41941.45
TXN007526,CUST03961,USA,Bal Harbour,Boutique,Horlogerie,2025-03-24,45893.62,USD,42222.13
TXN007527,CUST03961,USA,Bal Harbour,Boutique,Joaillerie,2025-06-29,40221.08,USD,37003.4
TXN007528,CUST03961,USA,Bal Harbour,Boutique,Accessoires & Parfums,2025-10-17,593.51,USD,546.03
TXN007529,CUST03961,USA,Bal Harbour,Boutique,Horlogerie,2026-02-13,46751.6,USD,43011.47
TXN007530,CUST03961,USA,Bal Harbour,Boutique,Haute Joaillerie,2026-05-18,138701.55,USD,127605.42
TXN007531,CUST03962,USA,New York 5th Ave,Boutique,Accessoires & Parfums,2026-03-23,941.18,USD,865.88
TXN007532,CUST03962,USA,New York 5th Ave,Boutique,Accessoires & Parfums,2026-07-15,1005.53,USD,925.08
TXN007533,CUST03963,Moyen-Orient,Dubaï Mall,En ligne,Accessoires & Parfums,2025-04-04,4638.46,AED,1159.62
TXN007534,CUST03963,Moyen-Orient,Dubaï Mall,Événement privé,Mariage,2025-09-20,56242.77,AED,14060.69
TXN007535,CUST03963,Moyen-Orient,Dubaï Mall,Événement privé,Horlogerie,2026-03-07,146339.92,AED,36584.98
TXN007536,CUST03963,Moyen-Orient,Dubaï Mall,En ligne,Joaillerie,2026-07-06,93010.34,AED,23252.59
TXN007537,CUST03964,USA,New York 5th Ave,En ligne,Joaillerie,2025-07-20,10412.86,USD,9579.83
TXN007538,CUST03964,USA,New York 5th Ave,Boutique,Accessoires & Parfums,2026-01-11,511.51,USD,470.59
TXN007539,CUST03964,USA,New York 5th Ave,Boutique,Haute Joaillerie,2026-06-19,111879.91,USD,102929.52
TXN007540,CUST03965,Moyen-Orient,Abu Dhabi,Boutique,Haute Joaillerie,2026-07-19,537539.98,AED,134384.99
TXN007541,CUST03966,Chine,Shanghai,Boutique,Horlogerie,2026-02-01,283519.05,CNY,36857.48
TXN007542,CUST03966,Chine,Shanghai,Boutique,Accessoires & Parfums,2026-06-15,9479.64,CNY,1232.35
TXN007543,CUST03967,Japon,Tokyo Ginza,Boutique,Accessoires & Parfums,2026-04-14,82300.13,JPY,510.26
TXN007544,CUST03968,Chine,Pékin,Boutique,Accessoires & Parfums,2025-08-12,6229.2,CNY,809.8
TXN007545,CUST03968,Chine,Pékin,Événement privé,Accessoires & Parfums,2026-02-14,6903.05,CNY,897.4
TXN007546,CUST03968,Chine,Pékin,Boutique,Joaillerie,2026-07-19,77145.29,CNY,10028.89
TXN007547,CUST03970,USA,Beverly Hills,Boutique,Mariage,2026-04-06,7688.36,USD,7073.29
TXN007548,CUST03971,Chine,Pékin,Boutique,Mariage,2025-06-01,81698.52,CNY,10620.81
TXN007549,CUST03971,Chine,Pékin,Boutique,Horlogerie,2025-12-06,182181.93,CNY,23683.65
TXN007550,CUST03971,Chine,Pékin,Boutique,Accessoires & Parfums,2026-04-23,6891.4,CNY,895.88
TXN007551,CUST03972,Chine,Hong Kong,Boutique,Joaillerie,2026-06-01,41123.9,CNY,5346.11
TXN007552,CUST03973,France (siège),Paris Champs-Élysées,En ligne,Mariage,2025-11-09,17137.01,EUR,17137.01
TXN007553,CUST03973,France (siège),Paris Champs-Élysées,Boutique,Haute Joaillerie,2026-03-23,110540.34,EUR,110540.34
TXN007554,CUST03974,USA,New York 5th Ave,Boutique,Joaillerie,2026-05-10,15751.98,USD,14491.82
TXN007555,CUST03975,Chine,Shanghai,En ligne,Mariage,2025-05-25,71776.51,CNY,9330.95
TXN007556,CUST03975,Chine,Shanghai,Boutique,Horlogerie,2025-10-30,111577.25,CNY,14505.04
TXN007557,CUST03975,Chine,Shanghai,Boutique,Accessoires & Parfums,2026-04-25,4578.57,CNY,595.21
TXN007558,CUST03976,France (siège),Cannes,Boutique,Accessoires & Parfums,2026-06-13,764.13,EUR,764.13
TXN007559,CUST03977,USA,New York 5th Ave,Boutique,Haute Joaillerie,2026-05-17,122151.77,USD,112379.63
TXN007560,CUST03978,France (siège),Paris Champs-Élysées,Événement privé,Mariage,2025-04-04,4974.57,EUR,4974.57
TXN007561,CUST03978,France (siège),Paris Champs-Élysées,Événement privé,Mariage,2025-09-02,13790.33,EUR,13790.33
TXN007562,CUST03978,France (siège),Paris Champs-Élysées,En ligne,Joaillerie,2026-05-05,17465.04,EUR,17465.04
TXN007563,CUST03979,USA,Bal Harbour,Événement privé,Accessoires & Parfums,2025-08-06,859.22,USD,790.48
TXN007564,CUST03979,USA,Bal Harbour,Boutique,Mariage,2025-12-20,20491.67,USD,18852.34
TXN007565,CUST03979,USA,Bal Harbour,Boutique,Accessoires & Parfums,2026-06-02,992.7,USD,913.29
TXN007566,CUST03980,Chine,Shanghai,En ligne,Accessoires & Parfums,2026-04-01,5320.43,CNY,691.66
TXN007567,CUST03981,Japon,Tokyo Ginza,En ligne,Joaillerie,2026-05-26,2226730.42,JPY,13805.73
TXN007568,CUST03982,Japon,Osaka,En ligne,Mariage,2025-06-17,2167283.74,JPY,13437.16
TXN007569,CUST03982,Japon,Osaka,Événement privé,Joaillerie,2025-11-29,1111827.28,JPY,6893.33
TXN007570,CUST03982,Japon,Osaka,En ligne,Accessoires & Parfums,2026-05-27,193516.4,JPY,1199.8
TXN007571,CUST03983,USA,Bal Harbour,Boutique,Joaillerie,2025-10-11,12337.18,USD,11350.21
TXN007572,CUST03983,USA,Bal Harbour,Boutique,Joaillerie,2026-04-03,11514.74,USD,10593.57
TXN007573,CUST03984,Chine,Shanghai,Boutique,Mariage,2026-03-22,106003.3,CNY,13780.43
TXN007574,CUST03985,France (siège),Paris Champs-Élysées,Boutique,Joaillerie,2025-03-24,14145.15,EUR,14145.15
TXN007575,CUST03985,France (siège),Paris Champs-Élysées,Boutique,Joaillerie,2025-09-09,10869.38,EUR,10869.38
TXN007576,CUST03985,France (siège),Paris Champs-Élysées,Boutique,Joaillerie,2026-02-06,16974.35,EUR,16974.35
TXN007577,CUST03986,Japon,Tokyo Ginza,Événement privé,Joaillerie,2026-03-24,2082419.5,JPY,12911.0
TXN007578,CUST03988,Chine,Hong Kong,Boutique,Accessoires & Parfums,2026-01-17,7583.5,CNY,985.86
TXN007579,CUST03988,Chine,Hong Kong,Événement privé,Haute Joaillerie,2026-06-20,943981.24,CNY,122717.56
TXN007580,CUST03989,Chine,Shanghai,Boutique,Joaillerie,2026-02-19,55037.65,CNY,7154.89
TXN007581,CUST03989,Chine,Shanghai,Boutique,Horlogerie,2026-07-31,230008.6,CNY,29901.12
TXN007582,CUST03990,USA,Bal Harbour,Événement privé,Joaillerie,2026-06-22,16553.76,USD,15229.46
TXN007583,CUST03991,Chine,Pékin,Boutique,Mariage,2025-11-23,105069.05,CNY,13658.98
TXN007584,CUST03991,Chine,Pékin,Boutique,Accessoires & Parfums,2026-03-05,6497.03,CNY,844.61
TXN007585,CUST03991,Chine,Pékin,Événement privé,Horlogerie,2026-07-09,246985.58,CNY,32108.13
TXN007586,CUST03994,France (siège),Paris Vendôme,Boutique,Joaillerie,2026-05-17,29258.66,EUR,29258.66
TXN007587,CUST03995,USA,Beverly Hills,Boutique,Haute Joaillerie,2026-03-31,94384.4,USD,86833.65
TXN007588,CUST03996,France (siège),Paris Vendôme,Événement privé,Accessoires & Parfums,2025-06-11,351.07,EUR,351.07
TXN007589,CUST03996,France (siège),Paris Vendôme,Boutique,Accessoires & Parfums,2025-12-25,1262.18,EUR,1262.18
TXN007590,CUST03996,France (siège),Paris Vendôme,En ligne,Haute Joaillerie,2026-06-12,82321.29,EUR,82321.29
TXN007591,CUST03997,Chine,Pékin,En ligne,Accessoires & Parfums,2026-05-23,3191.66,CNY,414.92
TXN007592,CUST03998,France (siège),Cannes,Boutique,Accessoires & Parfums,2025-05-27,857.55,EUR,857.55
TXN007593,CUST03998,France (siège),Cannes,En ligne,Joaillerie,2025-10-26,10334.33,EUR,10334.33
TXN007594,CUST03998,France (siège),Cannes,Boutique,Mariage,2026-04-15,9978.02,EUR,9978.02
TXN007595,CUST03999,USA,Bal Harbour,Boutique,Mariage,2026-04-30,8877.02,USD,8166.86
TXN007596,CUST04000,France (siège),Cannes,En ligne,Joaillerie,2026-03-23,12394.99,EUR,12394.99
